package,import_metadata
/Game/Art/ArtClassroomSide/SM_AgedEasel,"{""AssetImportData"": ""[{ \""RelativeFilename\"" : \""../../../dev/ArtClassroomSide/Source/SM_AgedEasel.obj\"", \""Timestamp\"" : \""1789050796\"", \""FileMD5\"" : \""bc579a7218daf43da222898c0d9d881d\"", \""DisplayLabelName\"" : \""\"" }]""}"
/Game/Art/ArtClassroomSide/SM_ArtCaveBreach,"{""AssetImportData"": ""[{ \""RelativeFilename\"" : \""../../../dev/ArtClassroomSide/Source/SM_ArtCaveBreach.obj\"", \""Timestamp\"" : \""1789050796\"", \""FileMD5\"" : \""25ac0c7d56f5a9e4698c48484c7f661f\"", \""DisplayLabelName\"" : \""\"" }]""}"
/Game/Art/ArtClassroomSide/SM_ArtShelf,"{""AssetImportData"": ""[{ \""RelativeFilename\"" : \""../../../dev/ArtClassroomSide/Source/SM_ArtShelf.obj\"", \""Timestamp\"" : \""1789050796\"", \""FileMD5\"" : \""8935d0ccbb5b70ca69a22c8b043b6c9b\"", \""DisplayLabelName\"" : \""\"" }]""}"
/Game/Art/ArtClassroomSide/SM_DrawingBoard,"{""AssetImportData"": ""[{ \""RelativeFilename\"" : \""../../../dev/ArtClassroomSide/Source/SM_DrawingBoard.obj\"", \""Timestamp\"" : \""1789050796\"", \""FileMD5\"" : \""0bd4e2ee38ccdb9ee2b44d7dd808f782\"", \""DisplayLabelName\"" : \""\"" }]""}"
/Game/Art/ArtClassroomSide/SM_PaintingCanvas0,"{""AssetImportData"": ""[{ \""RelativeFilename\"" : \""../../../dev/ArtClassroomSide/Source/SM_PaintingCanvas0.obj\"", \""Timestamp\"" : \""1789050796\"", \""FileMD5\"" : \""11b6737d649209bdd7ebe24631f3597f\"", \""DisplayLabelName\"" : \""\"" }]""}"
/Game/Art/ArtClassroomSide/SM_PaintingCanvas1,"{""AssetImportData"": ""[{ \""RelativeFilename\"" : \""../../../dev/ArtClassroomSide/Source/SM_PaintingCanvas1.obj\"", \""Timestamp\"" : \""1789050796\"", \""FileMD5\"" : \""22ef21d084864b3198a44978601970af\"", \""DisplayLabelName\"" : \""\"" }]""}"
/Game/Art/ArtClassroomSide/SM_PaintingCanvas2,"{""AssetImportData"": ""[{ \""RelativeFilename\"" : \""../../../dev/ArtClassroomSide/Source/SM_PaintingCanvas2.obj\"", \""Timestamp\"" : \""1789050796\"", \""FileMD5\"" : \""9973feb50ed0a603c9205c1eefea6909\"", \""DisplayLabelName\"" : \""\"" }]""}"
/Game/Art/ArtClassroomSide/SM_PaintingFrame,"{""AssetImportData"": ""[{ \""RelativeFilename\"" : \""../../../dev/ArtClassroomSide/Source/SM_PaintingFrame.obj\"", \""Timestamp\"" : \""1789050796\"", \""FileMD5\"" : \""eaf7bd98c64473f42993db2747bb5986\"", \""DisplayLabelName\"" : \""\"" }]""}"
/Game/Art/ArtClassroomSide/SM_PlasterBustRefined,"{""AssetImportData"": ""[{ \""RelativeFilename\"" : \""../../../dev/ArtClassroomSide/Source/SM_PlasterBustRefined.obj\"", \""Timestamp\"" : \""1789052236\"", \""FileMD5\"" : \""45f3deb2ea9bd813ad8ed08efa94530e\"", \""DisplayLabelName\"" : \""\"" }]""}"
/Game/Art/ArtClassroomSide/SM_PlasterPlinth,"{""AssetImportData"": ""[{ \""RelativeFilename\"" : \""../../../dev/ArtClassroomSide/Source/SM_PlasterPlinth.obj\"", \""Timestamp\"" : \""1789050796\"", \""FileMD5\"" : \""3ebd0f01fb09dc60d17635ab1c7fdf32\"", \""DisplayLabelName\"" : \""\"" }]""}"
/Game/Art/ArtClassroomSide/T_ArtPaintings,"{""AssetImportData"": ""[{ \""RelativeFilename\"" : \""../../../dev/ArtClassroomSide/Source/T_ArtPaintings.png\"", \""Timestamp\"" : \""1789050648\"", \""FileMD5\"" : \""bb447e880202c6896bba02cfa7a1b30a\"", \""DisplayLabelName\"" : \""\"" }]""}"
/Game/Art/AVClassroomSide/SM_AudioBody,"{""AssetImportData"": ""[{ \""RelativeFilename\"" : \""../../../dev/AVClassroomSide/Source/SM_AudioBody.obj\"", \""Timestamp\"" : \""1789053610\"", \""FileMD5\"" : \""624e65f7c7e7f08304113d0e11e78862\"", \""DisplayLabelName\"" : \""\"" }]""}"
/Game/Art/AVClassroomSide/SM_AudioCable,"{""AssetImportData"": ""[{ \""RelativeFilename\"" : \""../../../dev/AVClassroomSide/Source/SM_AudioCable.obj\"", \""Timestamp\"" : \""1789053610\"", \""FileMD5\"" : \""dff78a016ded65e2fa03b91615ec5d4b\"", \""DisplayLabelName\"" : \""\"" }]""}"
/Game/Art/AVClassroomSide/SM_AudioControls,"{""AssetImportData"": ""[{ \""RelativeFilename\"" : \""../../../dev/AVClassroomSide/Source/SM_AudioControls.obj\"", \""Timestamp\"" : \""1789053610\"", \""FileMD5\"" : \""9957e630e374cb2c6e375238117fbf9b\"", \""DisplayLabelName\"" : \""\"" }]""}"
/Game/Art/AVClassroomSide/SM_AudioDisplay,"{""AssetImportData"": ""[{ \""RelativeFilename\"" : \""../../../dev/AVClassroomSide/Source/SM_AudioDisplay.obj\"", \""Timestamp\"" : \""1789053610\"", \""FileMD5\"" : \""8db1ae8787ec09ddfccb5d99aa64331e\"", \""DisplayLabelName\"" : \""\"" }]""}"
/Game/Art/AVClassroomSide/SM_AVCart,"{""AssetImportData"": ""[{ \""RelativeFilename\"" : \""../../../dev/AVClassroomSide/Source/SM_AVCart.obj\"", \""Timestamp\"" : \""1789053610\"", \""FileMD5\"" : \""24e8340c4b4fce687179c2f63a18411c\"", \""DisplayLabelName\"" : \""\"" }]""}"
/Game/Art/AVClassroomSide/SM_MusicStaff,"{""AssetImportData"": ""[{ \""RelativeFilename\"" : \""../../../dev/AVClassroomSide/Source/SM_MusicStaff.obj\"", \""Timestamp\"" : \""1789054497\"", \""FileMD5\"" : \""6d9a04b5b00511622179797211a037bf\"", \""DisplayLabelName\"" : \""\"" }]""}"
/Game/Art/AVClassroomSide/SM_ProjectorBody,"{""AssetImportData"": ""[{ \""RelativeFilename\"" : \""../../../dev/AVClassroomSide/Source/SM_ProjectorBody.obj\"", \""Timestamp\"" : \""1789053610\"", \""FileMD5\"" : \""932215295a5ff22f7aa0ed6208c1594d\"", \""DisplayLabelName\"" : \""\"" }]""}"
/Game/Art/AVClassroomSide/SM_ProjectorDetails,"{""AssetImportData"": ""[{ \""RelativeFilename\"" : \""../../../dev/AVClassroomSide/Source/SM_ProjectorDetails.obj\"", \""Timestamp\"" : \""1789053610\"", \""FileMD5\"" : \""effd1c90f5875b9afcda06beb6d27602\"", \""DisplayLabelName\"" : \""\"" }]""}"
/Game/Art/AVClassroomSide/SM_ProjectorLens,"{""AssetImportData"": ""[{ \""RelativeFilename\"" : \""../../../dev/AVClassroomSide/Source/SM_ProjectorLens.obj\"", \""Timestamp\"" : \""1789053610\"", \""FileMD5\"" : \""70700afa5dc5296ec1692f174a2581ac\"", \""DisplayLabelName\"" : \""\"" }]""}"
/Game/Art/AVClassroomSide/SM_RatRecess,"{""AssetImportData"": ""[{ \""RelativeFilename\"" : \""../../../dev/AVClassroomSide/Source/SM_RatRecess.obj\"", \""Timestamp\"" : \""1789053610\"", \""FileMD5\"" : \""0202521a49539fad7d34d515a27c98c4\"", \""DisplayLabelName\"" : \""\"" }]""}"
/Game/Art/AVClassroomSide/SM_RatRim,"{""AssetImportData"": ""[{ \""RelativeFilename\"" : \""../../../dev/AVClassroomSide/Source/SM_RatRim.obj\"", \""Timestamp\"" : \""1789053610\"", \""FileMD5\"" : \""60a3d0699d5621b73755431d442f05cc\"", \""DisplayLabelName\"" : \""\"" }]""}"
/Game/Art/AVClassroomSide/SM_ScreenFabric,"{""AssetImportData"": ""[{ \""RelativeFilename\"" : \""../../../dev/AVClassroomSide/Source/SM_ScreenFabric.obj\"", \""Timestamp\"" : \""1789053610\"", \""FileMD5\"" : \""51075e41cdc6f2c325ce40371d450926\"", \""DisplayLabelName\"" : \""\"" }]""}"
/Game/Art/AVClassroomSide/SM_ScreenFrame,"{""AssetImportData"": ""[{ \""RelativeFilename\"" : \""../../../dev/AVClassroomSide/Source/SM_ScreenFrame.obj\"", \""Timestamp\"" : \""1789053610\"", \""FileMD5\"" : \""790f369a77fcfc192f1ca540a6e03e55\"", \""DisplayLabelName\"" : \""\"" }]""}"
/Game/Art/AVClassroomSide/SM_SpeakerCabinets,"{""AssetImportData"": ""[{ \""RelativeFilename\"" : \""../../../dev/AVClassroomSide/Source/SM_SpeakerCabinets.obj\"", \""Timestamp\"" : \""1789053610\"", \""FileMD5\"" : \""464f28b094f2460958bbab06e8353685\"", \""DisplayLabelName\"" : \""\"" }]""}"
/Game/Art/AVClassroomSide/SM_SpeakerCones,"{""AssetImportData"": ""[{ \""RelativeFilename\"" : \""../../../dev/AVClassroomSide/Source/SM_SpeakerCones.obj\"", \""Timestamp\"" : \""1789053610\"", \""FileMD5\"" : \""cbf25138804199bb395adcd64a2f4ab5\"", \""DisplayLabelName\"" : \""\"" }]""}"
/Game/Art/AVClassroomSide/S_AVMusic,"{""AssetImportData"": ""[{ \""RelativeFilename\"" : \""../../../dev/AVClassroomSide/Source/S_AVMusic.wav\"", \""Timestamp\"" : \""1789053649\"", \""FileMD5\"" : \""638c64167a8379da1f4c7c81390ccfbf\"", \""DisplayLabelName\"" : \""\"" }]""}"
/Game/Art/BattleGate/T_WarningBarrier,"{""AssetImportData"": ""[{ \""RelativeFilename\"" : \""../../../../../../Users/User/AppData/Local/Temp/codex-clipboard-badf1132-fe19-4404-ae36-b4c982aeb5c6.png\"", \""Timestamp\"" : \""1789134554\"", \""FileMD5\"" : \""b09f6de0f82f10d0356f2a6ea8414c3f\"", \""DisplayLabelName\"" : \""\"" }]""}"
/Game/Art/CaveJumpBottom/SM_AlcoveUpperRock,"{""AssetImportData"": ""[{ \""RelativeFilename\"" : \""../../../dev/CaveJumpBottomArt/Source3/SM_AlcoveUpperRock.obj\"", \""Timestamp\"" : \""1789044433\"", \""FileMD5\"" : \""e260882d606915ca49e7875d543fe893\"", \""DisplayLabelName\"" : \""\"" }]""}"
/Game/Art/CaveJumpBottom/SM_ClassroomScreen,"{""AssetImportData"": ""[{ \""RelativeFilename\"" : \""../../../dev/CaveJumpBottomArt/Source2/SM_ClassroomScreen.obj\"", \""Timestamp\"" : \""1789043249\"", \""FileMD5\"" : \""b58a2216a8a9a326a47a3318906b0fab\"", \""DisplayLabelName\"" : \""\"" }]""}"
/Game/Art/CaveJumpBottom/SM_GlowwormColony,"{""AssetImportData"": ""[{ \""RelativeFilename\"" : \""../../../dev/CaveJumpBottomArt/Source3/SM_GlowwormColony.obj\"", \""Timestamp\"" : \""1789044433\"", \""FileMD5\"" : \""adbdc0e6403805619985ecebe6acc46b\"", \""DisplayLabelName\"" : \""\"" }]""}"
/Game/Art/CaveJumpBottom/SM_LeftCaveSkin,"{""AssetImportData"": ""[{ \""RelativeFilename\"" : \""../../../dev/CaveJumpBottomArt/Source2/SM_LeftCaveSkin.obj\"", \""Timestamp\"" : \""1789043249\"", \""FileMD5\"" : \""f2bd95ea85b83445da9aa34aa3b4b9fa\"", \""DisplayLabelName\"" : \""\"" }]""}"
/Game/Art/CaveJumpBottom/SM_RearCaveClosure,"{""AssetImportData"": ""[{ \""RelativeFilename\"" : \""../../../dev/CaveJumpBottomArt/Source2/SM_RearCaveClosure.obj\"", \""Timestamp\"" : \""1789043249\"", \""FileMD5\"" : \""6bfdd2f67c232150aa59d25b741bd619\"", \""DisplayLabelName\"" : \""\"" }]""}"
/Game/Art/CaveJumpBottom/SM_RearReturns,"{""AssetImportData"": ""[{ \""RelativeFilename\"" : \""../../../dev/CaveJumpBottomArt/Source3/SM_RearReturns.obj\"", \""Timestamp\"" : \""1789044433\"", \""FileMD5\"" : \""2bb84a2bab455d383098e36f07ea36b9\"", \""DisplayLabelName\"" : \""\"" }]""}"
/Game/Art/CaveJumpBottom/SM_RuinedClassWalls,"{""AssetImportData"": ""[{ \""RelativeFilename\"" : \""../../../dev/CaveJumpBottomArt/Source/SM_RuinedClassWalls.obj\"", \""Timestamp\"" : \""1789041578\"", \""FileMD5\"" : \""459b5207159ab33431ec4b503ed75db0\"", \""DisplayLabelName\"" : \""\"" }]""}"
/Game/Art/CaveJumpBottom/SM_RuinedRoofFragments,"{""AssetImportData"": ""[{ \""RelativeFilename\"" : \""../../../dev/CaveJumpBottomArt/Source/SM_RuinedRoofFragments.obj\"", \""Timestamp\"" : \""1789041578\"", \""FileMD5\"" : \""9c7e0e4aa375f59b267a233a557ddf99\"", \""DisplayLabelName\"" : \""\"" }]""}"
/Game/Art/CaveJumpTop/SM_ContinuousCeiling_P3,"{""AssetImportData"": ""[{ \""RelativeFilename\"" : \""../../../dev/CaveJumpTopArt/Source3/SM_ContinuousCeiling.obj\"", \""Timestamp\"" : \""1788981910\"", \""FileMD5\"" : \""d53d7a367863a90529bafda2e9cf28d9\"", \""DisplayLabelName\"" : \""\"" }]""}"
/Game/Art/CaveJumpTop/SM_Edge20_P3,"{""AssetImportData"": ""[{ \""RelativeFilename\"" : \""../../../dev/CaveJumpTopArt/Source3/SM_Edge20.obj\"", \""Timestamp\"" : \""1788981910\"", \""FileMD5\"" : \""7114bd48cefcf93853ae4dbd1894ed5b\"", \""DisplayLabelName\"" : \""\"" }]""}"
/Game/Art/CaveJumpTop/SM_Edge256_P3,"{""AssetImportData"": ""[{ \""RelativeFilename\"" : \""../../../dev/CaveJumpTopArt/Source3/SM_Edge256.obj\"", \""Timestamp\"" : \""1788981910\"", \""FileMD5\"" : \""09c7ccf57c7eddef71b3d6058ab3a0a8\"", \""DisplayLabelName\"" : \""\"" }]""}"
/Game/Art/CaveJumpTop/SM_Edge69_P3,"{""AssetImportData"": ""[{ \""RelativeFilename\"" : \""../../../dev/CaveJumpTopArt/Source3/SM_Edge69.obj\"", \""Timestamp\"" : \""1788981910\"", \""FileMD5\"" : \""b8165287a0f224fb039ebff4d5a44fc5\"", \""DisplayLabelName\"" : \""\"" }]""}"
/Game/Art/CaveJumpTop/SM_Edge70_P3,"{""AssetImportData"": ""[{ \""RelativeFilename\"" : \""../../../dev/CaveJumpTopArt/Source3/SM_Edge70.obj\"", \""Timestamp\"" : \""1788981910\"", \""FileMD5\"" : \""0c729a86a5412e7c697fa663f91aff44\"", \""DisplayLabelName\"" : \""\"" }]""}"
/Game/Art/CaveJumpTop/SM_Edge71_P3,"{""AssetImportData"": ""[{ \""RelativeFilename\"" : \""../../../dev/CaveJumpTopArt/Source3/SM_Edge71.obj\"", \""Timestamp\"" : \""1788981910\"", \""FileMD5\"" : \""ab66bb91164f69969f0e13957159d0ff\"", \""DisplayLabelName\"" : \""\"" }]""}"
/Game/Art/CaveJumpTop/SM_Edge72_P3,"{""AssetImportData"": ""[{ \""RelativeFilename\"" : \""../../../dev/CaveJumpTopArt/Source3/SM_Edge72.obj\"", \""Timestamp\"" : \""1788981910\"", \""FileMD5\"" : \""740cfadd45d6752e952314997a14093f\"", \""DisplayLabelName\"" : \""\"" }]""}"
/Game/Art/CaveJumpTop/SM_Edge73_P3,"{""AssetImportData"": ""[{ \""RelativeFilename\"" : \""../../../dev/CaveJumpTopArt/Source3/SM_Edge73.obj\"", \""Timestamp\"" : \""1788981910\"", \""FileMD5\"" : \""d927c6a61ab4545de9b170401db7fcd4\"", \""DisplayLabelName\"" : \""\"" }]""}"
/Game/Art/CaveJumpTop/SM_LeftIntrusions_P3,"{""AssetImportData"": ""[{ \""RelativeFilename\"" : \""../../../dev/CaveJumpTopArt/Source3/SM_LeftIntrusions.obj\"", \""Timestamp\"" : \""1788981910\"", \""FileMD5\"" : \""209bb2a33a9d219900e5ebcf2a80de5d\"", \""DisplayLabelName\"" : \""\"" }]""}"
/Game/Art/CaveJumpTop/SM_RecessGlow_P3,"{""AssetImportData"": ""[{ \""RelativeFilename\"" : \""../../../dev/CaveJumpTopArt/Source3/SM_RecessGlow.obj\"", \""Timestamp\"" : \""1788981910\"", \""FileMD5\"" : \""a7098bb07a49261e3ed1a67d9a85ed48\"", \""DisplayLabelName\"" : \""\"" }]""}"
/Game/Art/CaveStart/SM_CutRoof_348,"{""AssetImportData"": ""[{ \""RelativeFilename\"" : \""../../../dev/CaveStartArt/Source/SM_CutRoof_348.obj\"", \""Timestamp\"" : \""1788972605\"", \""FileMD5\"" : \""befc4b04f8af1ce2f213859fdc1d9546\"", \""DisplayLabelName\"" : \""\"" }]""}"
/Game/Art/CaveStart/SM_CutRoof_369,"{""AssetImportData"": ""[{ \""RelativeFilename\"" : \""../../../dev/CaveStartArt/Source/SM_CutRoof_369.obj\"", \""Timestamp\"" : \""1788972605\"", \""FileMD5\"" : \""07ea45d0f9039f0f61062c14e8909f5b\"", \""DisplayLabelName\"" : \""\"" }]""}"
/Game/Art/CaveStart/SM_CutRoof_388,"{""AssetImportData"": ""[{ \""RelativeFilename\"" : \""../../../dev/CaveStartArt/Source/SM_CutRoof_388.obj\"", \""Timestamp\"" : \""1788972605\"", \""FileMD5\"" : \""90c7cd33188758ff5d6d43419016b1c9\"", \""DisplayLabelName\"" : \""\"" }]""}"
/Game/Art/CaveStart/SM_CutRoof_394,"{""AssetImportData"": ""[{ \""RelativeFilename\"" : \""../../../dev/CaveStartArt/Source/SM_CutRoof_394.obj\"", \""Timestamp\"" : \""1788972605\"", \""FileMD5\"" : \""9e1aa1a5fd49823b1e99387125b8aac3\"", \""DisplayLabelName\"" : \""\"" }]""}"
/Game/Art/CaveStart/SM_CutRoof_401,"{""AssetImportData"": ""[{ \""RelativeFilename\"" : \""../../../dev/CaveStartArt/Source/SM_CutRoof_401.obj\"", \""Timestamp\"" : \""1788972605\"", \""FileMD5\"" : \""3e5aeaf99e136eeb87e59d3b43e79e51\"", \""DisplayLabelName\"" : \""\"" }]""}"
/Game/Art/CaveStart/SM_CutRoof_402,"{""AssetImportData"": ""[{ \""RelativeFilename\"" : \""../../../dev/CaveStartArt/Source/SM_CutRoof_402.obj\"", \""Timestamp\"" : \""1788972605\"", \""FileMD5\"" : \""3be640bb1f400977c88d83dd23d92f9b\"", \""DisplayLabelName\"" : \""\"" }]""}"
/Game/Art/CaveStart/SM_CutRoof_409,"{""AssetImportData"": ""[{ \""RelativeFilename\"" : \""../../../dev/CaveStartArt/Source/SM_CutRoof_409.obj\"", \""Timestamp\"" : \""1788972605\"", \""FileMD5\"" : \""a3643694685c185b8fcbc4f5cff40dc0\"", \""DisplayLabelName\"" : \""\"" }]""}"
/Game/Art/CaveStart/SM_GreatVine,"{""AssetImportData"": ""[{ \""RelativeFilename\"" : \""../../../dev/CaveStartArt/Source/SM_GreatVine.obj\"", \""Timestamp\"" : \""1788973209\"", \""FileMD5\"" : \""73d7777814d736279eab1763507bbd57\"", \""DisplayLabelName\"" : \""\"" }]""}"
/Game/Art/CaveStart/SM_GreatVineLeaves,"{""AssetImportData"": ""[{ \""RelativeFilename\"" : \""../../../dev/CaveStartArt/Source/SM_GreatVineLeaves.obj\"", \""Timestamp\"" : \""1788973209\"", \""FileMD5\"" : \""7a10919c0e158a687e893ed0467e775d\"", \""DisplayLabelName\"" : \""\"" }]""}"
/Game/Art/CaveStart/SM_PhysicsBook1,"{""AssetImportData"": ""[{ \""RelativeFilename\"" : \""H:/AbandonedJapaneseSchool/MeshExporter/SM.fbx\"", \""Timestamp\"" : \""1755944619\"", \""FileMD5\"" : \""5290ce16f83f63bc4e7522cac40ff420\"", \""DisplayLabelName\"" : \""\"" }]""}"
/Game/Art/CaveStart/SM_PhysicsBook2,"{""AssetImportData"": ""[{ \""RelativeFilename\"" : \""H:/AbandonedJapaneseSchool/MeshExporter/SM.fbx\"", \""Timestamp\"" : \""1755944619\"", \""FileMD5\"" : \""5290ce16f83f63bc4e7522cac40ff420\"", \""DisplayLabelName\"" : \""\"" }]""}"
/Game/Art/CaveStart/SM_PhysicsBook3,"{""AssetImportData"": ""[{ \""RelativeFilename\"" : \""H:/AbandonedJapaneseSchool/MeshExporter/SM.fbx\"", \""Timestamp\"" : \""1755944619\"", \""FileMD5\"" : \""5290ce16f83f63bc4e7522cac40ff420\"", \""DisplayLabelName\"" : \""\"" }]""}"
/Game/Art/CaveStart/SM_PhysicsBook4,"{""AssetImportData"": ""[{ \""RelativeFilename\"" : \""H:/AbandonedJapaneseSchool/MeshExporter/SM.fbx\"", \""Timestamp\"" : \""1755944619\"", \""FileMD5\"" : \""5290ce16f83f63bc4e7522cac40ff420\"", \""DisplayLabelName\"" : \""\"" }]""}"
/Game/Art/CaveStart/SM_Speleothem0,"{""AssetImportData"": ""[{ \""RelativeFilename\"" : \""../../../dev/CaveStartArt/Source/SM_Speleothem0.obj\"", \""Timestamp\"" : \""1788972605\"", \""FileMD5\"" : \""53da5491ea06f46a21f74747e2f1a127\"", \""DisplayLabelName\"" : \""\"" }]""}"
/Game/Art/CaveStart/SM_Speleothem1,"{""AssetImportData"": ""[{ \""RelativeFilename\"" : \""../../../dev/CaveStartArt/Source/SM_Speleothem1.obj\"", \""Timestamp\"" : \""1788972605\"", \""FileMD5\"" : \""046d813e726e640348373404763185e9\"", \""DisplayLabelName\"" : \""\"" }]""}"
/Game/Art/CaveStart/SM_Speleothem2,"{""AssetImportData"": ""[{ \""RelativeFilename\"" : \""../../../dev/CaveStartArt/Source/SM_Speleothem2.obj\"", \""Timestamp\"" : \""1788972605\"", \""FileMD5\"" : \""a989432593481dd9c4852aaaf37ee6cb\"", \""DisplayLabelName\"" : \""\"" }]""}"
/Game/Art/CaveStart/SM_VineRockShaft,"{""AssetImportData"": ""[{ \""RelativeFilename\"" : \""../../../dev/CaveStartArt/SourcePass3/SM_VineRockShaft.obj\"", \""Timestamp\"" : \""1788975713\"", \""FileMD5\"" : \""0da3d019255413840a3cfd19fe993d5b\"", \""DisplayLabelName\"" : \""\"" }]""}"
/Game/Art/CaveStart/SM_VineUpperContinuation,"{""AssetImportData"": ""[{ \""RelativeFilename\"" : \""../../../dev/CaveStartArt/SourcePass3/SM_VineUpperContinuation.obj\"", \""Timestamp\"" : \""1788975713\"", \""FileMD5\"" : \""1ef2d0717d45ffe6a823e58b7082a138\"", \""DisplayLabelName\"" : \""\"" }]""}"
/Game/Art/CheckpointCave/SM_CheckpointRoof,"{""AssetImportData"": ""[{ \""RelativeFilename\"" : \""../../../dev/SM_CheckpointRoof.fbx\"", \""Timestamp\"" : \""1789148890\"", \""FileMD5\"" : \""a17637a037e927419e6102131dce3d2e\"", \""DisplayLabelName\"" : \""\"" }]""}"
/Game/Art/ClassCheckpoint/SM_ClassCheckpointRoof,"{""AssetImportData"": ""[{ \""RelativeFilename\"" : \""../../../dev/SM_ClassCheckpointRoof.fbx\"", \""Timestamp\"" : \""1789152989\"", \""FileMD5\"" : \""de65f96e56d952c85229633bed776a69\"", \""DisplayLabelName\"" : \""\"" }]""}"
/Game/Art/ClassCheckpoint/SM_OrganicMoss0,"{""AssetImportData"": ""[{ \""RelativeFilename\"" : \""../../../dev/SM_OrganicMoss0.fbx\"", \""Timestamp\"" : \""1789155543\"", \""FileMD5\"" : \""911ca546c93ddd90c7dd801ed4be77c2\"", \""DisplayLabelName\"" : \""\"" }]""}"
/Game/Art/ClassCheckpoint/SM_OrganicMoss1,"{""AssetImportData"": ""[{ \""RelativeFilename\"" : \""../../../dev/SM_OrganicMoss1.fbx\"", \""Timestamp\"" : \""1789155543\"", \""FileMD5\"" : \""9e49855bd43989125000cf5b0cf1b64e\"", \""DisplayLabelName\"" : \""\"" }]""}"
/Game/Art/ClassCheckpoint/SM_OrganicMoss2,"{""AssetImportData"": ""[{ \""RelativeFilename\"" : \""../../../dev/SM_OrganicMoss2.fbx\"", \""Timestamp\"" : \""1789155543\"", \""FileMD5\"" : \""b92a3be366fb9208ac0996a145489cc6\"", \""DisplayLabelName\"" : \""\"" }]""}"
/Game/Art/ClassroomDiary/SM_DiaryOpenRoof,"{""AssetImportData"": ""[{ \""RelativeFilename\"" : \""../../../dev/SM_DiaryOpenRoof.fbx\"", \""Timestamp\"" : \""1789218800\"", \""FileMD5\"" : \""450bf799569fb87dae88f5c133345edc\"", \""DisplayLabelName\"" : \""\"" }]""}"
/Game/Art/ClassroomDiary/SM_DiarySkylightWell,"{""AssetImportData"": ""[{ \""RelativeFilename\"" : \""../../../dev/SM_DiarySkylightWell.fbx\"", \""Timestamp\"" : \""1789219019\"", \""FileMD5\"" : \""33f12af296bce9373cad4a745c253efe\"", \""DisplayLabelName\"" : \""\"" }]""}"
/Game/Art/ClassroomJumpBottom/SM_ClassroomPassageNatural,"{""AssetImportData"": ""[{ \""RelativeFilename\"" : \""../../../dev/ClassroomJumpBottomArt/PortalSource/SM_ClassroomPassageNatural.obj\"", \""Timestamp\"" : \""1789046978\"", \""FileMD5\"" : \""339b619677a6e00523bc713aea800796\"", \""DisplayLabelName\"" : \""\"" }]""}"
/Game/Art/ClassroomJumpBottom/SM_ClimbWallRelief,"{""AssetImportData"": ""[{ \""RelativeFilename\"" : \""../../../dev/ClassroomJumpBottomArt/Source/SM_ClimbWallRelief.obj\"", \""Timestamp\"" : \""1789045916\"", \""FileMD5\"" : \""0635476d67c0dba68dc9d148f336f7e7\"", \""DisplayLabelName\"" : \""\"" }]""}"
/Game/Art/ClassroomJumpBottom/SM_JumpEdge38,"{""AssetImportData"": ""[{ \""RelativeFilename\"" : \""../../../dev/ClassroomJumpBottomArt/Source/SM_JumpEdge38.obj\"", \""Timestamp\"" : \""1789045916\"", \""FileMD5\"" : \""479425f800dd6173db3f98c9a1de444b\"", \""DisplayLabelName\"" : \""\"" }]""}"
/Game/Art/ClassroomJumpBottom/SM_JumpEdge39,"{""AssetImportData"": ""[{ \""RelativeFilename\"" : \""../../../dev/ClassroomJumpBottomArt/Source/SM_JumpEdge39.obj\"", \""Timestamp\"" : \""1789045916\"", \""FileMD5\"" : \""8b91b3e658dc437a763af2f8a483b3ea\"", \""DisplayLabelName\"" : \""\"" }]""}"
/Game/Art/ClassroomJumpBottom/SM_JumpEdge41,"{""AssetImportData"": ""[{ \""RelativeFilename\"" : \""../../../dev/ClassroomJumpBottomArt/Source/SM_JumpEdge41.obj\"", \""Timestamp\"" : \""1789045916\"", \""FileMD5\"" : \""c4fecf6e70bdc24097cb6f71edfcca8d\"", \""DisplayLabelName\"" : \""\"" }]""}"
/Game/Art/ClassroomJumpBottom/SM_JumpEdge48,"{""AssetImportData"": ""[{ \""RelativeFilename\"" : \""../../../dev/ClassroomJumpBottomArt/Source/SM_JumpEdge48.obj\"", \""Timestamp\"" : \""1789045916\"", \""FileMD5\"" : \""2036f3f939fcf6e45f93d0af50bc960d\"", \""DisplayLabelName\"" : \""\"" }]""}"
/Game/Art/ClassroomJumpBottom/SM_JumpEdge59,"{""AssetImportData"": ""[{ \""RelativeFilename\"" : \""../../../dev/ClassroomJumpBottomArt/Source/SM_JumpEdge59.obj\"", \""Timestamp\"" : \""1789045916\"", \""FileMD5\"" : \""806ff9645218cbd7897491814103c752\"", \""DisplayLabelName\"" : \""\"" }]""}"
/Game/Art/ClassroomJumpTop/SM_TopRockEdge57,"{""AssetImportData"": ""[{ \""RelativeFilename\"" : \""../../../dev/ClassroomJumpTopArt/Source/SM_TopRockEdge57.obj\"", \""Timestamp\"" : \""1789047828\"", \""FileMD5\"" : \""dd8343a3c46d5c8417ee28364ddb40d7\"", \""DisplayLabelName\"" : \""\"" }]""}"
/Game/Art/ClassroomJumpTop/SM_TopRockEdge58,"{""AssetImportData"": ""[{ \""RelativeFilename\"" : \""../../../dev/ClassroomJumpTopArt/Source/SM_TopRockEdge58.obj\"", \""Timestamp\"" : \""1789047828\"", \""FileMD5\"" : \""6ff9cfcb77a7034a210cb3402e3adc25\"", \""DisplayLabelName\"" : \""\"" }]""}"
/Game/Art/ClassroomJumpTop/SM_TopRockEdge67,"{""AssetImportData"": ""[{ \""RelativeFilename\"" : \""../../../dev/ClassroomJumpTopArt/Source/SM_TopRockEdge67.obj\"", \""Timestamp\"" : \""1789047828\"", \""FileMD5\"" : \""75e8edd6b4b2a3a499090462675a2306\"", \""DisplayLabelName\"" : \""\"" }]""}"
/Game/Art/ClassroomTV/SM_BPBlackboard_NoArrow,"{""AssetImportData"": ""[{ \""RelativeFilename\"" : \""../../../dev/SM_BPBlackboard_NoArrow.fbx\"", \""Timestamp\"" : \""1789242758\"", \""FileMD5\"" : \""a13ad7f0adec439c4e91b042b44a843a\"", \""DisplayLabelName\"" : \""\"" }]""}"
/Game/Art/ClassroomTV/T_TVWarning,"{""AssetImportData"": ""[{ \""RelativeFilename\"" : \""../../../dev/T_TVWarning.png\"", \""Timestamp\"" : \""1789242165\"", \""FileMD5\"" : \""85779ae0758244e7d032eb06d2f6c0f0\"", \""DisplayLabelName\"" : \""\"" }]""}"
/Game/Art/ClockTowerExterior/SM_WhiteConcreteWallLine,"{""AssetImportData"": ""[]""}"
/Game/Art/ClockTowerInterior/SM_ClockBlueprintBoard,"{""AssetImportData"": ""[{ \""RelativeFilename\"" : \""../../../dev/SM_ClockBlueprintBoard.fbx\"", \""Timestamp\"" : \""1789229096\"", \""FileMD5\"" : \""4fefdd50a00ae675bcda0841b2b7f83f\"", \""DisplayLabelName\"" : \""\"" }]""}"
/Game/Art/ClockTowerInterior/T_RocketClockBlueprint,"{""AssetImportData"": ""[{ \""RelativeFilename\"" : \""../../../../../../Users/User/AppData/Local/Temp/codex-clipboard-1dd0f489-3ce9-4cc0-b802-5074cd2453ed.png\"", \""Timestamp\"" : \""1789228763\"", \""FileMD5\"" : \""751e4ba60859989c9c3930c92f5c6577\"", \""DisplayLabelName\"" : \""\"" }]""}"
/Game/Art/ClockTowerRoof/SM_CTR_CenteredSpiral,"{""AssetImportData"": ""[{ \""RelativeFilename\"" : \""../../../dev/SM_CTR_CenteredSpiral.fbx\"", \""Timestamp\"" : \""1789240999\"", \""FileMD5\"" : \""c61bc850dcd8d922991af58388b8d0ea\"", \""DisplayLabelName\"" : \""\"" }]""}"
/Game/Art/ClockTowerRoof/SM_CTR_ClosedCylinderMachineGear,"{""AssetImportData"": ""[{ \""RelativeFilename\"" : \""../../../dev/SM_CTR_ClosedCylinderMachineGear.fbx\"", \""Timestamp\"" : \""1789240999\"", \""FileMD5\"" : \""20ae33c95523b3e8cc96c2e2be9aae74\"", \""DisplayLabelName\"" : \""\"" }]""}"
/Game/Art/ClockTowerRoof/SM_CTR_ClosedCylinderWallGear,"{""AssetImportData"": ""[{ \""RelativeFilename\"" : \""../../../dev/SM_CTR_ClosedCylinderWallGear.fbx\"", \""Timestamp\"" : \""1789240999\"", \""FileMD5\"" : \""4d652c5f7e770675c2ad8bbb145ab394\"", \""DisplayLabelName\"" : \""\"" }]""}"
/Game/Art/ClockTowerRoof/SM_CTR_CopperSpire,"{""AssetImportData"": ""[{ \""RelativeFilename\"" : \""../../../dev/SM_CTR_CopperSpire.fbx\"", \""Timestamp\"" : \""1789234299\"", \""FileMD5\"" : \""6c948ceb3914b598b9981afb99f19ac9\"", \""DisplayLabelName\"" : \""\"" }]""}"
/Game/Art/ClockTowerRoof/SM_CTR_FinalShell,"{""AssetImportData"": ""[{ \""RelativeFilename\"" : \""../../../dev/SM_CTR_FinalShell.fbx\"", \""Timestamp\"" : \""1789232966\"", \""FileMD5\"" : \""707065157fc909acdd18fcd46b200956\"", \""DisplayLabelName\"" : \""\"" }]""}"
/Game/Art/ClockTowerRoof/SM_CTR_MachinePart1,"{""AssetImportData"": ""[{ \""RelativeFilename\"" : \""../../../dev/SM_CTR_MachinePart1.fbx\"", \""Timestamp\"" : \""1789232252\"", \""FileMD5\"" : \""6c2524968089011323141aed9ecb7942\"", \""DisplayLabelName\"" : \""\"" }]""}"
/Game/Art/ClockTowerRoof/SM_CTR_MachinePart2,"{""AssetImportData"": ""[{ \""RelativeFilename\"" : \""../../../dev/SM_CTR_MachinePart2.fbx\"", \""Timestamp\"" : \""1789232254\"", \""FileMD5\"" : \""41394e1f1ea4de5f5aa2c693548e1031\"", \""DisplayLabelName\"" : \""\"" }]""}"
/Game/Art/ClockTowerRoof/SM_CTR_MachinePart3,"{""AssetImportData"": ""[{ \""RelativeFilename\"" : \""../../../dev/SM_CTR_MachinePart3.fbx\"", \""Timestamp\"" : \""1789232257\"", \""FileMD5\"" : \""bb84eb7d3ae18ff525b13833254d42fc\"", \""DisplayLabelName\"" : \""\"" }]""}"
/Game/Art/ClockTowerRoof/SM_CTR_MachinePart4,"{""AssetImportData"": ""[{ \""RelativeFilename\"" : \""../../../dev/SM_CTR_MachinePart4.fbx\"", \""Timestamp\"" : \""1789232257\"", \""FileMD5\"" : \""0efe7eec7e72ecef89bd933061957c68\"", \""DisplayLabelName\"" : \""\"" }]""}"
/Game/Art/ClockTowerRoof/SM_CTR_MachinePart5,"{""AssetImportData"": ""[{ \""RelativeFilename\"" : \""../../../dev/SM_CTR_MachinePart5.fbx\"", \""Timestamp\"" : \""1789232259\"", \""FileMD5\"" : \""831ec6ae93dfd75a468a189037dfac5d\"", \""DisplayLabelName\"" : \""\"" }]""}"
/Game/Art/ClockTowerRoof/SM_CTR_MachinePart6,"{""AssetImportData"": ""[{ \""RelativeFilename\"" : \""../../../dev/SM_CTR_MachinePart6.fbx\"", \""Timestamp\"" : \""1789232259\"", \""FileMD5\"" : \""0ba5410ccfe81141eb56a96f0d2c8576\"", \""DisplayLabelName\"" : \""\"" }]""}"
/Game/Art/ClockTowerRoof/SM_CTR_SquareLanding,"{""AssetImportData"": ""[{ \""RelativeFilename\"" : \""../../../dev/SM_CTR_SquareLanding.fbx\"", \""Timestamp\"" : \""1789239596\"", \""FileMD5\"" : \""84e93e4a22ae9c15c328821f8c3ea093\"", \""DisplayLabelName\"" : \""\"" }]""}"
/Game/Art/Dump/SM_DumpBananaPeel,"{""AssetImportData"": ""[{ \""RelativeFilename\"" : \""../../../dev/SM_DumpBananaPeel.fbx\"", \""Timestamp\"" : \""1789199011\"", \""FileMD5\"" : \""9fcd4559db67d168f08d59a829f1bfef\"", \""DisplayLabelName\"" : \""\"" }]""}"
/Game/Art/Dump/SM_DumpCan,"{""AssetImportData"": ""[{ \""RelativeFilename\"" : \""../../../dev/SM_DumpCan.fbx\"", \""Timestamp\"" : \""1789199011\"", \""FileMD5\"" : \""bcefbf80e0cb74bfabfed588979d3886\"", \""DisplayLabelName\"" : \""\"" }]""}"
/Game/Art/Dump/SM_DumpCaveShell,"{""AssetImportData"": ""[{ \""RelativeFilename\"" : \""../../../dev/SM_DumpCaveShell.fbx\"", \""Timestamp\"" : \""1789199011\"", \""FileMD5\"" : \""0317bc9c01b7ad4473b515e7d0c17062\"", \""DisplayLabelName\"" : \""\"" }]""}"
/Game/Art/Dump/SM_DumpRaggedUniform,"{""AssetImportData"": ""[{ \""RelativeFilename\"" : \""../../../dev/SM_DumpRaggedUniform.fbx\"", \""Timestamp\"" : \""1789199011\"", \""FileMD5\"" : \""fc8ceb883f50e54c39034575de0bac76\"", \""DisplayLabelName\"" : \""\"" }]""}"
/Game/Art/Dump/SM_DumpRoofRim,"{""AssetImportData"": ""[{ \""RelativeFilename\"" : \""../../../dev/SM_DumpRoofRim.fbx\"", \""Timestamp\"" : \""1789199389\"", \""FileMD5\"" : \""5c582830092ac792f623e2f999c0d5c7\"", \""DisplayLabelName\"" : \""\"" }]""}"
/Game/Art/Dump/SM_DumpTire,"{""AssetImportData"": ""[{ \""RelativeFilename\"" : \""../../../dev/SM_DumpTire.fbx\"", \""Timestamp\"" : \""1789199011\"", \""FileMD5\"" : \""0253ac065d2843d30750df1b10b8d029\"", \""DisplayLabelName\"" : \""\"" }]""}"
/Game/Art/Dump/SM_DumpTornBook,"{""AssetImportData"": ""[{ \""RelativeFilename\"" : \""../../../dev/SM_DumpTornBook.fbx\"", \""Timestamp\"" : \""1789199011\"", \""FileMD5\"" : \""d30fe3e3f4e47f4bd433ef1381675edb\"", \""DisplayLabelName\"" : \""\"" }]""}"
/Game/Art/Dump/Feedback/SM_DumpBagSlope,"{""AssetImportData"": ""[{ \""RelativeFilename\"" : \""../../../../dev/SM_DumpBagSlope.fbx\"", \""Timestamp\"" : \""1789201080\"", \""FileMD5\"" : \""611fa3e2d66aec1d1a57ab161e713edb\"", \""DisplayLabelName\"" : \""\"" }]""}"
/Game/Art/Dump/Feedback/SM_DumpWrinkledBag,"{""AssetImportData"": ""[{ \""RelativeFilename\"" : \""../../../../dev/SM_DumpWrinkledBag.fbx\"", \""Timestamp\"" : \""1789203058\"", \""FileMD5\"" : \""74f3b6b64f0f21e4699abe99e95b09a8\"", \""DisplayLabelName\"" : \""\"" }]""}"
/Game/Art/Dump/Feedback/SM_DumpWrinkledHeap0,"{""AssetImportData"": ""[{ \""RelativeFilename\"" : \""../../../../dev/SM_DumpWrinkledHeap0.fbx\"", \""Timestamp\"" : \""1789203057\"", \""FileMD5\"" : \""ba2510a408c352a8e5ae2baf0e36c2cf\"", \""DisplayLabelName\"" : \""\"" }]""}"
/Game/Art/Dump/Feedback/SM_DumpWrinkledHeap1,"{""AssetImportData"": ""[{ \""RelativeFilename\"" : \""../../../../dev/SM_DumpWrinkledHeap1.fbx\"", \""Timestamp\"" : \""1789203058\"", \""FileMD5\"" : \""a8fdc51676d9e6dbc279e94b6f9f5d3e\"", \""DisplayLabelName\"" : \""\"" }]""}"
/Game/Art/Dump/Feedback/SM_DumpWrinkledHeap2,"{""AssetImportData"": ""[{ \""RelativeFilename\"" : \""../../../../dev/SM_DumpWrinkledHeap2.fbx\"", \""Timestamp\"" : \""1789203058\"", \""FileMD5\"" : \""91e87bc01b69d226fc61850947e0862c\"", \""DisplayLabelName\"" : \""\"" }]""}"
/Game/Art/Dump/Feedback/T_DumpBrokenTile,"{""AssetImportData"": ""[{ \""RelativeFilename\"" : \""../../../../dev/T_DumpBrokenTile.png\"", \""Timestamp\"" : \""1789202992\"", \""FileMD5\"" : \""d0a153ac5d6dc3bf3368d08d9be7d509\"", \""DisplayLabelName\"" : \""\"" }]""}"
/Game/Art/Dustchute/SM_DustchuteCave,"{""AssetImportData"": ""[]""}"
/Game/Art/ElevatorHubBasement/SM_EBP2_Pillar,"{""AssetImportData"": ""[{ \""RelativeFilename\"" : \""../../../dev/SM_EBP2_Pillar.fbx\"", \""Timestamp\"" : \""1789215849\"", \""FileMD5\"" : \""e56a4de6c6f932334d3594b8b0c60987\"", \""DisplayLabelName\"" : \""\"" }]""}"
/Game/Art/ElevatorHubBasement/SM_EB_ClassroomShell,"{""AssetImportData"": ""[{ \""RelativeFilename\"" : \""../../../dev/SM_EB_ClassroomShell.fbx\"", \""Timestamp\"" : \""1789214512\"", \""FileMD5\"" : \""d2814b32d28b983d8ba8ed3eb706db95\"", \""DisplayLabelName\"" : \""\"" }]""}"
/Game/Art/ElevatorHubBasement/SM_EB_LiftBlue,"{""AssetImportData"": ""[{ \""RelativeFilename\"" : \""../../../dev/SM_EB_LiftBlue.fbx\"", \""Timestamp\"" : \""1789214514\"", \""FileMD5\"" : \""79cf0c0adc7f11ee7784a929d9b36785\"", \""DisplayLabelName\"" : \""\"" }]""}"
/Game/Art/ElevatorHubBasement/SM_EB_LiftCable,"{""AssetImportData"": ""[{ \""RelativeFilename\"" : \""../../../dev/SM_EB_LiftCable.fbx\"", \""Timestamp\"" : \""1789214514\"", \""FileMD5\"" : \""5abf77b709b49234959709978ac85bad\"", \""DisplayLabelName\"" : \""\"" }]""}"
/Game/Art/ElevatorHubBasement/SM_EB_LiftSteel,"{""AssetImportData"": ""[{ \""RelativeFilename\"" : \""../../../dev/SM_EB_LiftSteel.fbx\"", \""Timestamp\"" : \""1789214514\"", \""FileMD5\"" : \""04d4c13f0bcef428c453f78ee5e3c8b8\"", \""DisplayLabelName\"" : \""\"" }]""}"
/Game/Art/ElevatorHubBasement/SM_EB_Outcrop0,"{""AssetImportData"": ""[{ \""RelativeFilename\"" : \""../../../dev/SM_EB_Outcrop0.fbx\"", \""Timestamp\"" : \""1789214819\"", \""FileMD5\"" : \""d95dd5f6e6f58dfe9fff3bdd143798ba\"", \""DisplayLabelName\"" : \""\"" }]""}"
/Game/Art/ElevatorHubBasement/SM_EB_Outcrop1,"{""AssetImportData"": ""[{ \""RelativeFilename\"" : \""../../../dev/SM_EB_Outcrop1.fbx\"", \""Timestamp\"" : \""1789214819\"", \""FileMD5\"" : \""05a8baae92a83ab0ff1d15e98545e587\"", \""DisplayLabelName\"" : \""\"" }]""}"
/Game/Art/ElevatorHubBasement/SM_EB_Outcrop2,"{""AssetImportData"": ""[{ \""RelativeFilename\"" : \""../../../dev/SM_EB_Outcrop2.fbx\"", \""Timestamp\"" : \""1789214819\"", \""FileMD5\"" : \""2f94e7905a3bbdf8b74b3e3bb831c1b4\"", \""DisplayLabelName\"" : \""\"" }]""}"
/Game/Art/ElevatorHubGround/HubSpeakerStatic,"{""AssetImportData"": ""[{ \""RelativeFilename\"" : \""../../../dev/HubSpeakerStatic.wav\"", \""Timestamp\"" : \""1789188866\"", \""FileMD5\"" : \""c40494c69cbfb9cc9ba595da6213dfa5\"", \""DisplayLabelName\"" : \""\"" }]""}"
/Game/Art/ElevatorHubGround/SM_HubElevatorFrame,"{""AssetImportData"": ""[{ \""RelativeFilename\"" : \""../../../dev/SM_HubElevatorFrame.fbx\"", \""Timestamp\"" : \""1789189938\"", \""FileMD5\"" : \""9cf367e0b01bf44dc5c9dc305661a1a4\"", \""DisplayLabelName\"" : \""\"" }]""}"
/Game/Art/ElevatorHubGround/SM_HubPool0,"{""AssetImportData"": ""[{ \""RelativeFilename\"" : \""../../../dev/SM_HubPool0.fbx\"", \""Timestamp\"" : \""1789190198\"", \""FileMD5\"" : \""1ca72564d72d88c22c42bd29449be94f\"", \""DisplayLabelName\"" : \""\"" }]""}"
/Game/Art/ElevatorHubGround/SM_HubPool1,"{""AssetImportData"": ""[{ \""RelativeFilename\"" : \""../../../dev/SM_HubPool1.fbx\"", \""Timestamp\"" : \""1789190198\"", \""FileMD5\"" : \""5aeb90eacd529159dd701b36bbeed929\"", \""DisplayLabelName\"" : \""\"" }]""}"
/Game/Art/ElevatorHubGround/SM_HubPool2,"{""AssetImportData"": ""[{ \""RelativeFilename\"" : \""../../../dev/SM_HubPool2.fbx\"", \""Timestamp\"" : \""1789190198\"", \""FileMD5\"" : \""a3b572fe85a815c35dfd15e53b4af3e3\"", \""DisplayLabelName\"" : \""\"" }]""}"
/Game/Art/ElevatorHubGround/SM_HubSpeakerBodyClean,"{""AssetImportData"": ""[{ \""RelativeFilename\"" : \""../../../dev/SM_HubSpeakerBodyClean.fbx\"", \""Timestamp\"" : \""1789189938\"", \""FileMD5\"" : \""84f946ef61e4f6e18df4524995ae89b5\"", \""DisplayLabelName\"" : \""\"" }]""}"
/Game/Art/ElevatorHubGround/Pass2/SM_HubDumpFixedCollar341,"{""AssetImportData"": ""[{ \""RelativeFilename\"" : \""../../../../dev/SM_HubDumpFixedCollar341.fbx\"", \""Timestamp\"" : \""1789194841\"", \""FileMD5\"" : \""6f425df7657e11f71acbad0c6fb1d5b6\"", \""DisplayLabelName\"" : \""\"" }]""}"
/Game/Art/ElevatorHubGround/Pass2/SM_HubP2ClosedStair278,"{""AssetImportData"": ""[{ \""RelativeFilename\"" : \""../../../../dev/SM_HubP2ClosedStair278.fbx\"", \""Timestamp\"" : \""1789193824\"", \""FileMD5\"" : \""147a5006bca98dbfd6ef2796f8a033a1\"", \""DisplayLabelName\"" : \""\"" }]""}"
/Game/Art/ElevatorHubGround/Pass2/SM_HubP2ClosedStair319,"{""AssetImportData"": ""[{ \""RelativeFilename\"" : \""../../../../dev/SM_HubP2ClosedStair319.fbx\"", \""Timestamp\"" : \""1789193824\"", \""FileMD5\"" : \""8add07be4bd2bc6f87b094eac55ef799\"", \""DisplayLabelName\"" : \""\"" }]""}"
/Game/Art/ElevatorHubGround/Pass2/SM_HubP2RockCollar321,"{""AssetImportData"": ""[{ \""RelativeFilename\"" : \""../../../../dev/SM_HubP2RockCollar321.fbx\"", \""Timestamp\"" : \""1789192885\"", \""FileMD5\"" : \""758fbb80ae249d71ff5646922f663330\"", \""DisplayLabelName\"" : \""\"" }]""}"
/Game/Art/ElevatorHubGround/Pass2/SM_HubP2Shell321,"{""AssetImportData"": ""[{ \""RelativeFilename\"" : \""../../../../dev/SM_HubP2Shell321.fbx\"", \""Timestamp\"" : \""1789192885\"", \""FileMD5\"" : \""dda601eced9a463217e927fbb8529a73\"", \""DisplayLabelName\"" : \""\"" }]""}"
/Game/Art/ElevatorHubGround/Pass2/SM_HubP2StairCracks278,"{""AssetImportData"": ""[{ \""RelativeFilename\"" : \""../../../../dev/SM_HubP2StairCracks278.fbx\"", \""Timestamp\"" : \""1789194069\"", \""FileMD5\"" : \""c4cfef3ad192bf722d832c1b2170f400\"", \""DisplayLabelName\"" : \""\"" }]""}"
/Game/Art/ElevatorHubGround/Pass2/SM_HubP2StairCracks319,"{""AssetImportData"": ""[{ \""RelativeFilename\"" : \""../../../../dev/SM_HubP2StairCracks319.fbx\"", \""Timestamp\"" : \""1789194069\"", \""FileMD5\"" : \""4b25a563933a5c906f8b9cb3e48e58f3\"", \""DisplayLabelName\"" : \""\"" }]""}"
/Game/Art/ElevatorHubUpper/SM_HU_OpenUpperShell,"{""AssetImportData"": ""[{ \""RelativeFilename\"" : \""../../../dev/SM_HU_OpenUpperShell.fbx\"", \""Timestamp\"" : \""1789205524\"", \""FileMD5\"" : \""4413e4a38a76dd5db217bfe008f0bbe6\"", \""DisplayLabelName\"" : \""\"" }]""}"
/Game/Art/ElevatorHubUpper/SM_HU_RockPlatform239,"{""AssetImportData"": ""[{ \""RelativeFilename\"" : \""../../../dev/SM_HU_RockPlatform239.fbx\"", \""Timestamp\"" : \""1789205225\"", \""FileMD5\"" : \""c4f031a5b2bcba6eb3abf6e3601b4a08\"", \""DisplayLabelName\"" : \""\"" }]""}"
/Game/Art/ElevatorHubUpper/SM_HU_RockPlatform249,"{""AssetImportData"": ""[{ \""RelativeFilename\"" : \""../../../dev/SM_HU_RockPlatform249.fbx\"", \""Timestamp\"" : \""1789205225\"", \""FileMD5\"" : \""2940cb4b2e5b12372b922a76c72dcc20\"", \""DisplayLabelName\"" : \""\"" }]""}"
/Game/Art/ElevatorHubUpper/SM_HU_RockPlatform250,"{""AssetImportData"": ""[{ \""RelativeFilename\"" : \""../../../dev/SM_HU_RockPlatform250.fbx\"", \""Timestamp\"" : \""1789205225\"", \""FileMD5\"" : \""07223b384be1d71b39a20a4f46d1fe49\"", \""DisplayLabelName\"" : \""\"" }]""}"
/Game/Art/ElevatorHubUpper/SM_HU_RockPlatform251,"{""AssetImportData"": ""[{ \""RelativeFilename\"" : \""../../../dev/SM_HU_RockPlatform251.fbx\"", \""Timestamp\"" : \""1789205225\"", \""FileMD5\"" : \""5eacec0f68a53f193c5a9e6f524ed324\"", \""DisplayLabelName\"" : \""\"" }]""}"
/Game/Art/ElevatorHubUpper/SM_HU_RockPlatform252,"{""AssetImportData"": ""[{ \""RelativeFilename\"" : \""../../../dev/SM_HU_RockPlatform252.fbx\"", \""Timestamp\"" : \""1789205225\"", \""FileMD5\"" : \""bd2642160d230bddfca68dd77e8acb8c\"", \""DisplayLabelName\"" : \""\"" }]""}"
/Game/Art/ElevatorHubUpper/SM_HU_RockPlatform253,"{""AssetImportData"": ""[{ \""RelativeFilename\"" : \""../../../dev/SM_HU_RockPlatform253.fbx\"", \""Timestamp\"" : \""1789205225\"", \""FileMD5\"" : \""eb25ef8116304d2b633fefb8ebf7b1ed\"", \""DisplayLabelName\"" : \""\"" }]""}"
/Game/Art/ElevatorHubUpper/SM_HU_RockPlatform254,"{""AssetImportData"": ""[{ \""RelativeFilename\"" : \""../../../dev/SM_HU_RockPlatform254.fbx\"", \""Timestamp\"" : \""1789205225\"", \""FileMD5\"" : \""9da7ccf225c05fc1d2906376282f07a9\"", \""DisplayLabelName\"" : \""\"" }]""}"
/Game/Art/ElevatorHubUpper/SM_HU_RockPlatform322,"{""AssetImportData"": ""[{ \""RelativeFilename\"" : \""../../../dev/SM_HU_RockPlatform322.fbx\"", \""Timestamp\"" : \""1789205225\"", \""FileMD5\"" : \""303ceea52b0c8fd93912b409cb69fc43\"", \""DisplayLabelName\"" : \""\"" }]""}"
/Game/Art/ElevatorHubUpper/SM_HU_RockPlatform323,"{""AssetImportData"": ""[{ \""RelativeFilename\"" : \""../../../dev/SM_HU_RockPlatform323.fbx\"", \""Timestamp\"" : \""1789205226\"", \""FileMD5\"" : \""bb127dea84003f8e066a5a3b9aff6683\"", \""DisplayLabelName\"" : \""\"" }]""}"
/Game/Art/ElevatorHubUpper/SM_HU_RockPlatform324,"{""AssetImportData"": ""[{ \""RelativeFilename\"" : \""../../../dev/SM_HU_RockPlatform324.fbx\"", \""Timestamp\"" : \""1789205226\"", \""FileMD5\"" : \""c08c4d1b0fa41dcf90917d98a3b5066d\"", \""DisplayLabelName\"" : \""\"" }]""}"
/Game/Art/ElevatorHubUpper/SM_HU_RockPlatform325,"{""AssetImportData"": ""[{ \""RelativeFilename\"" : \""../../../dev/SM_HU_RockPlatform325.fbx\"", \""Timestamp\"" : \""1789205226\"", \""FileMD5\"" : \""ed577571d4b2f58b1003e3830454e94a\"", \""DisplayLabelName\"" : \""\"" }]""}"
/Game/Art/ElevatorHubUpper/SM_HU_RockPlatform326,"{""AssetImportData"": ""[{ \""RelativeFilename\"" : \""../../../dev/SM_HU_RockPlatform326.fbx\"", \""Timestamp\"" : \""1789205226\"", \""FileMD5\"" : \""0cf7f4b4d33f432b4566ab77ff298c72\"", \""DisplayLabelName\"" : \""\"" }]""}"
/Game/Art/ElevatorHubUpper/SM_HU_RockPlatform327,"{""AssetImportData"": ""[{ \""RelativeFilename\"" : \""../../../dev/SM_HU_RockPlatform327.fbx\"", \""Timestamp\"" : \""1789205226\"", \""FileMD5\"" : \""aee478654124143d6b3f455efd781c62\"", \""DisplayLabelName\"" : \""\"" }]""}"
/Game/Art/ElevatorHubUpper/SM_HU_RockPlatform328,"{""AssetImportData"": ""[{ \""RelativeFilename\"" : \""../../../dev/SM_HU_RockPlatform328.fbx\"", \""Timestamp\"" : \""1789205226\"", \""FileMD5\"" : \""d2ea93002c2d2f98960e329196fdbd03\"", \""DisplayLabelName\"" : \""\"" }]""}"
/Game/Art/ElevatorHubUpper/SM_HU_RockPlatform329,"{""AssetImportData"": ""[{ \""RelativeFilename\"" : \""../../../dev/SM_HU_RockPlatform329.fbx\"", \""Timestamp\"" : \""1789205227\"", \""FileMD5\"" : \""23cb724fef7b55ee3daea504882d626d\"", \""DisplayLabelName\"" : \""\"" }]""}"
/Game/Art/ElevatorHubUpper/SM_HU_Sector5Collar,"{""AssetImportData"": ""[{ \""RelativeFilename\"" : \""../../../dev/SM_HU_Sector5Collar.fbx\"", \""Timestamp\"" : \""1789205838\"", \""FileMD5\"" : \""9c4d569e51854009fb736ad870f86f93\"", \""DisplayLabelName\"" : \""\"" }]""}"
/Game/Art/ElevatorHubUpper/Pass2/SM_HP2_CabinCollider,"{""AssetImportData"": ""[{ \""RelativeFilename\"" : \""../../../../dev/SM_HP2_CabinCollider.fbx\"", \""Timestamp\"" : \""1789211261\"", \""FileMD5\"" : \""bee0e1b620839bcddb1833d3409ca884\"", \""DisplayLabelName\"" : \""\"" }]""}"
/Game/Art/ElevatorHubUpper/Pass2/SM_HP2_CabinGlass,"{""AssetImportData"": ""[{ \""RelativeFilename\"" : \""../../../../dev/SM_HP2_CabinGlass.fbx\"", \""Timestamp\"" : \""1789211261\"", \""FileMD5\"" : \""50a049d9fa0cd52e438a8b850dc3494d\"", \""DisplayLabelName\"" : \""\"" }]""}"
/Game/Art/ElevatorHubUpper/Pass2/SM_HP2_CabinGlow,"{""AssetImportData"": ""[{ \""RelativeFilename\"" : \""../../../../dev/SM_HP2_CabinGlow.fbx\"", \""Timestamp\"" : \""1789211261\"", \""FileMD5\"" : \""a67d1039672c9b1ca0e2ee3951e372ae\"", \""DisplayLabelName\"" : \""\"" }]""}"
/Game/Art/ElevatorHubUpper/Pass2/SM_HP2_CabinMetal,"{""AssetImportData"": ""[{ \""RelativeFilename\"" : \""../../../../dev/SM_HP2_CabinMetal.fbx\"", \""Timestamp\"" : \""1789211261\"", \""FileMD5\"" : \""2db7b28cb79d740b2e43477ed305a3e9\"", \""DisplayLabelName\"" : \""\"" }]""}"
/Game/Art/ElevatorHubUpper/Pass2/SM_HP2_Crown,"{""AssetImportData"": ""[{ \""RelativeFilename\"" : \""../../../../dev/SM_HP2_Crown.fbx\"", \""Timestamp\"" : \""1789211261\"", \""FileMD5\"" : \""8cb949563b899cf119ca444c80b6811d\"", \""DisplayLabelName\"" : \""\"" }]""}"
/Game/Art/ElevatorHubUpper/Pass2/SM_HP2_MainFloor,"{""AssetImportData"": ""[{ \""RelativeFilename\"" : \""../../../../dev/SM_HP2_MainFloor.fbx\"", \""Timestamp\"" : \""1789211509\"", \""FileMD5\"" : \""c098128fb5ea9e177f8ee64f71bd7cf0\"", \""DisplayLabelName\"" : \""\"" }]""}"
/Game/Art/ElevatorHubUpper/Pass2/SM_HP2_MovingRock,"{""AssetImportData"": ""[{ \""RelativeFilename\"" : \""../../../../dev/SM_HP2_MovingRock.fbx\"", \""Timestamp\"" : \""1789211261\"", \""FileMD5\"" : \""95490fb31d4b44f653ede20d8bd69aa2\"", \""DisplayLabelName\"" : \""\"" }]""}"
/Game/Art/EntranceSlime/SM_EntranceGlass,"{""AssetImportData"": ""[{ \""RelativeFilename\"" : \""../../../dev/EntranceSlime/FeedbackSource/SM_EntranceGlass.obj\"", \""Timestamp\"" : \""1789067407\"", \""FileMD5\"" : \""292f163fd0173d47b69c3c7c41bd077f\"", \""DisplayLabelName\"" : \""\"" }]""}"
/Game/Art/EntranceSlime/SM_EntranceShoeLockers,"{""AssetImportData"": ""[{ \""RelativeFilename\"" : \""../../../dev/EntranceSlime/Source/SM_EntranceShoeLockers.obj\"", \""Timestamp\"" : \""1789066592\"", \""FileMD5\"" : \""efc6d814b33e74acf592b6908fc7e620\"", \""DisplayLabelName\"" : \""\"" }]""}"
/Game/Art/EntranceSlime/SM_EntranceWindowFrame,"{""AssetImportData"": ""[{ \""RelativeFilename\"" : \""../../../dev/EntranceSlime/FeedbackSource/SM_EntranceWindowFrame.obj\"", \""Timestamp\"" : \""1789067407\"", \""FileMD5\"" : \""91bb59e2d971599e6f017d05f5481c4f\"", \""DisplayLabelName\"" : \""\"" }]""}"
/Game/Art/EntranceSlime/SM_EntranceWindowWall,"{""AssetImportData"": ""[{ \""RelativeFilename\"" : \""../../../dev/EntranceSlime/FeedbackSource/SM_EntranceWindowWall.obj\"", \""Timestamp\"" : \""1789067407\"", \""FileMD5\"" : \""b41487b496c35ea7853163dd0f38b144\"", \""DisplayLabelName\"" : \""\"" }]""}"
/Game/Art/EntranceSlime/SM_FractureReturns,"{""AssetImportData"": ""[{ \""RelativeFilename\"" : \""../../../dev/EntranceSlime/FeedbackSource/SM_FractureReturns.obj\"", \""Timestamp\"" : \""1789137910\"", \""FileMD5\"" : \""63e67a70fc88ae3a3cb492d05e4e0354\"", \""DisplayLabelName\"" : \""\"" }]""}"
/Game/Art/EntranceSlime/SM_LockerDetails,"{""AssetImportData"": ""[{ \""RelativeFilename\"" : \""../../../dev/EntranceSlime/Source/SM_LockerDetails.obj\"", \""Timestamp\"" : \""1789066592\"", \""FileMD5\"" : \""59cc23413f35cd43a16d6091d3608663\"", \""DisplayLabelName\"" : \""\"" }]""}"
/Game/Art/EntranceSlime/SM_OldUmbrellas,"{""AssetImportData"": ""[{ \""RelativeFilename\"" : \""../../../dev/EntranceSlime/Source/SM_OldUmbrellas.obj\"", \""Timestamp\"" : \""1789066592\"", \""FileMD5\"" : \""f78bdff1cc3bcb741b30bcd810e33ab3\"", \""DisplayLabelName\"" : \""\"" }]""}"
/Game/Art/EntranceSlime/SM_UmbrellaRack,"{""AssetImportData"": ""[{ \""RelativeFilename\"" : \""../../../dev/EntranceSlime/Source/SM_UmbrellaRack.obj\"", \""Timestamp\"" : \""1789066592\"", \""FileMD5\"" : \""071cacb1536d0d075bc850714776d795\"", \""DisplayLabelName\"" : \""\"" }]""}"
/Game/Art/GymArena/SM_GymPitCliffs,"{""AssetImportData"": ""[{ \""RelativeFilename\"" : \""../../../dev/Gym/SM_GymPitCliffs.fbx\"", \""Timestamp\"" : \""1789243199\"", \""FileMD5\"" : \""5e7cf8b3e3549d4691dedd7574c5b221\"", \""DisplayLabelName\"" : \""\"" }]""}"
/Game/Art/GymArena/SM_GymUpliftRock,"{""AssetImportData"": ""[{ \""RelativeFilename\"" : \""../../../dev/Gym/SM_GymUpliftRock.fbx\"", \""Timestamp\"" : \""1789143071\"", \""FileMD5\"" : \""1a09bbd4e47e1e743b8ff77c717380eb\"", \""DisplayLabelName\"" : \""\"" }]""}"
/Game/Art/GymCorridor/SM_GymBlueShaft,"{""AssetImportData"": ""[{ \""RelativeFilename\"" : \""../../../dev/Gym/SM_GymBlueShaft.fbx\"", \""Timestamp\"" : \""1789142275\"", \""FileMD5\"" : \""1ab3d9a1269382d08786c466bf15fc24\"", \""DisplayLabelName\"" : \""\"" }]""}"
/Game/Art/GymCorridor/SM_GymDoorLeaf,"{""AssetImportData"": ""[{ \""RelativeFilename\"" : \""../../../dev/Gym/SM_GymDoorLeaf.fbx\"", \""Timestamp\"" : \""1789142179\"", \""FileMD5\"" : \""92b8b4211602825458a3b6e75c6fe986\"", \""DisplayLabelName\"" : \""\"" }]""}"
/Game/Art/GymCorridor/SM_GymRoofOpening,"{""AssetImportData"": ""[{ \""RelativeFilename\"" : \""../../../dev/Gym/SM_GymRoofOpening.fbx\"", \""Timestamp\"" : \""1789142179\"", \""FileMD5\"" : \""95f2c690bf3076230aade418cd805e53\"", \""DisplayLabelName\"" : \""\"" }]""}"
/Game/Art/Hollow/SM_CorridorBrokenRims,"{""AssetImportData"": ""[{ \""RelativeFilename\"" : \""../../../dev/Hollow/SM_CorridorBrokenRims.fbx\"", \""Timestamp\"" : \""1789140607\"", \""FileMD5\"" : \""33175a53c68e19bb9b2c102de0b7f96f\"", \""DisplayLabelName\"" : \""\"" }]""}"
/Game/Art/LargeCave/SM_LC_Rock279,"{""AssetImportData"": ""[{ \""RelativeFilename\"" : \""../../../dev/SM_LC_Rock279.fbx\"", \""Timestamp\"" : \""1789223900\"", \""FileMD5\"" : \""10a89c821c80f214ac3d10a5897bb8b4\"", \""DisplayLabelName\"" : \""\"" }]""}"
/Game/Art/LargeCave/SM_LC_Rock281,"{""AssetImportData"": ""[{ \""RelativeFilename\"" : \""../../../dev/SM_LC_Rock281.fbx\"", \""Timestamp\"" : \""1789223900\"", \""FileMD5\"" : \""3fe3f028a366b90a405eacef29ac6817\"", \""DisplayLabelName\"" : \""\"" }]""}"
/Game/Art/LargeCave/SM_LC_Rock282,"{""AssetImportData"": ""[{ \""RelativeFilename\"" : \""../../../dev/SM_LC_Rock282.fbx\"", \""Timestamp\"" : \""1789223900\"", \""FileMD5\"" : \""55d02cd4c817bf3a1b78d1391aa6aa92\"", \""DisplayLabelName\"" : \""\"" }]""}"
/Game/Art/LargeCave/SM_LC_Rock283,"{""AssetImportData"": ""[{ \""RelativeFilename\"" : \""../../../dev/SM_LC_Rock283.fbx\"", \""Timestamp\"" : \""1789223900\"", \""FileMD5\"" : \""de4c5fc9657bd14a40b5950a473f9490\"", \""DisplayLabelName\"" : \""\"" }]""}"
/Game/Art/LargeCave/SM_LC_Rock284,"{""AssetImportData"": ""[{ \""RelativeFilename\"" : \""../../../dev/SM_LC_Rock284.fbx\"", \""Timestamp\"" : \""1789223900\"", \""FileMD5\"" : \""2bcf0952e72492223309adce704690a2\"", \""DisplayLabelName\"" : \""\"" }]""}"
/Game/Art/LargeCave/SM_LC_Rock285,"{""AssetImportData"": ""[{ \""RelativeFilename\"" : \""../../../dev/SM_LC_Rock285.fbx\"", \""Timestamp\"" : \""1789223900\"", \""FileMD5\"" : \""614ac35acc2bf21cb484b984d7631281\"", \""DisplayLabelName\"" : \""\"" }]""}"
/Game/Art/LargeCave/SM_LC_Rock286,"{""AssetImportData"": ""[{ \""RelativeFilename\"" : \""../../../dev/SM_LC_Rock286.fbx\"", \""Timestamp\"" : \""1789223900\"", \""FileMD5\"" : \""9ca61ceb5ef50e66151efdf8e27275a7\"", \""DisplayLabelName\"" : \""\"" }]""}"
/Game/Art/LargeCave/SM_LC_Rock288,"{""AssetImportData"": ""[{ \""RelativeFilename\"" : \""../../../dev/SM_LC_Rock288.fbx\"", \""Timestamp\"" : \""1789223900\"", \""FileMD5\"" : \""654713c208d35c37804c7e1c5b886b3f\"", \""DisplayLabelName\"" : \""\"" }]""}"
/Game/Art/LargeCave/SM_LC_Rock289,"{""AssetImportData"": ""[{ \""RelativeFilename\"" : \""../../../dev/SM_LC_Rock289.fbx\"", \""Timestamp\"" : \""1789223901\"", \""FileMD5\"" : \""d4b8d60bdec5e6a4a0fed5a32cc63006\"", \""DisplayLabelName\"" : \""\"" }]""}"
/Game/Art/LargeCave/SM_LC_Rock290,"{""AssetImportData"": ""[{ \""RelativeFilename\"" : \""../../../dev/SM_LC_Rock290.fbx\"", \""Timestamp\"" : \""1789223901\"", \""FileMD5\"" : \""987c017951d81e8a78f58192567c08a2\"", \""DisplayLabelName\"" : \""\"" }]""}"
/Game/Art/LargeCave/SM_LC_Rock291,"{""AssetImportData"": ""[{ \""RelativeFilename\"" : \""../../../dev/SM_LC_Rock291.fbx\"", \""Timestamp\"" : \""1789223901\"", \""FileMD5\"" : \""1d5dd729d3fb4a5bb7bc62fa8ada2b7c\"", \""DisplayLabelName\"" : \""\"" }]""}"
/Game/Art/LargeCave/SM_LC_Rock292,"{""AssetImportData"": ""[{ \""RelativeFilename\"" : \""../../../dev/SM_LC_Rock292.fbx\"", \""Timestamp\"" : \""1789223901\"", \""FileMD5\"" : \""4e87cdfb7cc79290b91c6e074eb7273c\"", \""DisplayLabelName\"" : \""\"" }]""}"
/Game/Art/LargeCave/SM_LC_Rock294,"{""AssetImportData"": ""[{ \""RelativeFilename\"" : \""../../../dev/SM_LC_Rock294.fbx\"", \""Timestamp\"" : \""1789223901\"", \""FileMD5\"" : \""d3e7b7e40f2e26e2cd6421ba7e233bb4\"", \""DisplayLabelName\"" : \""\"" }]""}"
/Game/Art/LargeCave/SM_LC_Rock295,"{""AssetImportData"": ""[{ \""RelativeFilename\"" : \""../../../dev/SM_LC_Rock295.fbx\"", \""Timestamp\"" : \""1789223901\"", \""FileMD5\"" : \""4ee411de552a175543591db86a805767\"", \""DisplayLabelName\"" : \""\"" }]""}"
/Game/Art/LargeCave/SM_LC_Rock296,"{""AssetImportData"": ""[{ \""RelativeFilename\"" : \""../../../dev/SM_LC_Rock296.fbx\"", \""Timestamp\"" : \""1789223901\"", \""FileMD5\"" : \""ab3f65f86ef94ede849732c871ed5389\"", \""DisplayLabelName\"" : \""\"" }]""}"
/Game/Art/LargeCave/SM_LC_Rock298,"{""AssetImportData"": ""[{ \""RelativeFilename\"" : \""../../../dev/SM_LC_Rock298.fbx\"", \""Timestamp\"" : \""1789223901\"", \""FileMD5\"" : \""c4f403134b4a814b06db8fcea665c2e0\"", \""DisplayLabelName\"" : \""\"" }]""}"
/Game/Art/LargeCave/SM_LC_Rock299,"{""AssetImportData"": ""[{ \""RelativeFilename\"" : \""../../../dev/SM_LC_Rock299.fbx\"", \""Timestamp\"" : \""1789223901\"", \""FileMD5\"" : \""e20d689a04139472b2d77d9594359b46\"", \""DisplayLabelName\"" : \""\"" }]""}"
/Game/Art/LargeCave/SM_LC_Rock300,"{""AssetImportData"": ""[{ \""RelativeFilename\"" : \""../../../dev/SM_LC_Rock300.fbx\"", \""Timestamp\"" : \""1789223901\"", \""FileMD5\"" : \""5ef21dc6b8a2e5b44ccda3b854efe473\"", \""DisplayLabelName\"" : \""\"" }]""}"
/Game/Art/LargeCave/SM_LC_Rock301,"{""AssetImportData"": ""[{ \""RelativeFilename\"" : \""../../../dev/SM_LC_Rock301.fbx\"", \""Timestamp\"" : \""1789223901\"", \""FileMD5\"" : \""aeef99f717c5628bd339498e6c35e9bc\"", \""DisplayLabelName\"" : \""\"" }]""}"
/Game/Art/LargeCave/SM_LC_Rock302,"{""AssetImportData"": ""[{ \""RelativeFilename\"" : \""../../../dev/SM_LC_Rock302.fbx\"", \""Timestamp\"" : \""1789223901\"", \""FileMD5\"" : \""04d95eabd02f1cd7e97ebaeab23794b7\"", \""DisplayLabelName\"" : \""\"" }]""}"
/Game/Art/LargeCave/SM_LC_Rock336,"{""AssetImportData"": ""[{ \""RelativeFilename\"" : \""../../../dev/SM_LC_Rock336.fbx\"", \""Timestamp\"" : \""1789224095\"", \""FileMD5\"" : \""55fccd8113e79e78153b2f98eacdc8cb\"", \""DisplayLabelName\"" : \""\"" }]""}"
/Game/Art/LargeCave/SM_SidePassageCave,"{""AssetImportData"": ""[]""}"
/Game/Art/LargeCavePassage/SM_LargeCavePassage,"{""AssetImportData"": ""[{ \""RelativeFilename\"" : \""../../../dev/SM_LargeCavePassage.fbx\"", \""Timestamp\"" : \""1789223165\"", \""FileMD5\"" : \""9817ba84e3d151f66c05e38bf7f1daa1\"", \""DisplayLabelName\"" : \""\"" }]""}"
/Game/Art/MushroomJump/SM_CaveMineralSpire,"{""AssetImportData"": ""[{ \""RelativeFilename\"" : \""../../../dev/MushroomJump/SM_CaveMineralSpire.fbx\"", \""Timestamp\"" : \""1789146568\"", \""FileMD5\"" : \""5d3b19d1cbfd7858b6c4d9731f1fb076\"", \""DisplayLabelName\"" : \""\"" }]""}"
/Game/Art/MushroomJump/SM_CavePoolPatch,"{""AssetImportData"": ""[{ \""RelativeFilename\"" : \""../../../dev/MushroomJump/SM_CavePoolPatch.fbx\"", \""Timestamp\"" : \""1789146568\"", \""FileMD5\"" : \""532e05980cd85038aa0ebcb749198548\"", \""DisplayLabelName\"" : \""\"" }]""}"
/Game/Art/MushroomJump/SM_JumpCaveTrimmedShell,"{""AssetImportData"": ""[{ \""RelativeFilename\"" : \""../../../dev/SM_JumpCaveTrimmedShell.fbx\"", \""Timestamp\"" : \""1789147107\"", \""FileMD5\"" : \""2e9d3e80b5c2c6269b0281e7562a0597\"", \""DisplayLabelName\"" : \""\"" }]""}"
/Game/Art/MushroomJump/SM_MushroomRoofOpening,"{""AssetImportData"": ""[{ \""RelativeFilename\"" : \""../../../dev/MushroomJump/SM_MushroomRoofOpening.fbx\"", \""Timestamp\"" : \""1789146568\"", \""FileMD5\"" : \""a3ee69a7dc0f5cbd181766c9b935de55\"", \""DisplayLabelName\"" : \""\"" }]""}"
/Game/Art/MusicClassroom/SM_CelloDetails,"{""AssetImportData"": ""[{ \""RelativeFilename\"" : \""../../../dev/MusicClassroom/Source/SM_CelloDetails.obj\"", \""Timestamp\"" : \""1789056111\"", \""FileMD5\"" : \""10e39a45b339f3b4141099ae7ac827c4\"", \""DisplayLabelName\"" : \""\"" }]""}"
/Game/Art/MusicClassroom/SM_CelloWood,"{""AssetImportData"": ""[{ \""RelativeFilename\"" : \""../../../dev/MusicClassroom/Source/SM_CelloWood.obj\"", \""Timestamp\"" : \""1789056287\"", \""FileMD5\"" : \""98dfd52b3c5d12657def3e438542ab1a\"", \""DisplayLabelName\"" : \""\"" }]""}"
/Game/Art/MusicClassroom/SM_ChalkNotationV2,"{""AssetImportData"": ""[{ \""RelativeFilename\"" : \""../../../dev/MusicClassroom/Source/SM_ChalkNotationV2.obj\"", \""Timestamp\"" : \""1789056918\"", \""FileMD5\"" : \""9af819848a96ec32efef385da3e3f41f\"", \""DisplayLabelName\"" : \""\"" }]""}"
/Game/Art/MusicClassroom/SM_Curtain,"{""AssetImportData"": ""[{ \""RelativeFilename\"" : \""../../../dev/MusicClassroom/Source/SM_Curtain.obj\"", \""Timestamp\"" : \""1789056111\"", \""FileMD5\"" : \""7ce04fd8823650e222889265d672f1d8\"", \""DisplayLabelName\"" : \""\"" }]""}"
/Game/Art/MusicClassroom/SM_DrumMetal,"{""AssetImportData"": ""[{ \""RelativeFilename\"" : \""../../../dev/MusicClassroom/Source/SM_DrumMetal.obj\"", \""Timestamp\"" : \""1789056111\"", \""FileMD5\"" : \""20629ce36b41891655015263e226ff73\"", \""DisplayLabelName\"" : \""\"" }]""}"
/Game/Art/MusicClassroom/SM_DrumShells,"{""AssetImportData"": ""[{ \""RelativeFilename\"" : \""../../../dev/MusicClassroom/Source/SM_DrumShells.obj\"", \""Timestamp\"" : \""1789056111\"", \""FileMD5\"" : \""9f8d920f8c7fab578165cab660d555f6\"", \""DisplayLabelName\"" : \""\"" }]""}"
/Game/Art/MusicClassroom/SM_DrumSkins,"{""AssetImportData"": ""[{ \""RelativeFilename\"" : \""../../../dev/MusicClassroom/Source/SM_DrumSkins.obj\"", \""Timestamp\"" : \""1789056111\"", \""FileMD5\"" : \""5dcf60e6648ef95fcfae7f827b9abcdd\"", \""DisplayLabelName\"" : \""\"" }]""}"
/Game/Art/MusicClassroom/SM_FoldingFrame,"{""AssetImportData"": ""[{ \""RelativeFilename\"" : \""../../../dev/MusicClassroom/Source/SM_FoldingFrame.obj\"", \""Timestamp\"" : \""1789056111\"", \""FileMD5\"" : \""207b1f18e00980c735d1d0b7c0f26239\"", \""DisplayLabelName\"" : \""\"" }]""}"
/Game/Art/MusicClassroom/SM_FoldingSeat,"{""AssetImportData"": ""[{ \""RelativeFilename\"" : \""../../../dev/MusicClassroom/Source/SM_FoldingSeat.obj\"", \""Timestamp\"" : \""1789056111\"", \""FileMD5\"" : \""9d9170ced2b7c096ad36262757eaa31e\"", \""DisplayLabelName\"" : \""\"" }]""}"
/Game/Art/MusicClassroom/SM_InstrumentStand,"{""AssetImportData"": ""[{ \""RelativeFilename\"" : \""../../../dev/MusicClassroom/Source/SM_InstrumentStand.obj\"", \""Timestamp\"" : \""1789056479\"", \""FileMD5\"" : \""ea845263d851691597f17ea113ba6f91\"", \""DisplayLabelName\"" : \""\"" }]""}"
/Game/Art/MusicClassroom/SM_OffFluorescent,"{""AssetImportData"": ""[{ \""RelativeFilename\"" : \""../../../dev/MusicClassroom/Source/SM_OffFluorescent.obj\"", \""Timestamp\"" : \""1789056111\"", \""FileMD5\"" : \""313af914bd51eac9ce65c822f3ade599\"", \""DisplayLabelName\"" : \""\"" }]""}"
/Game/Art/MusicClassroom/SM_WindowFrames,"{""AssetImportData"": ""[{ \""RelativeFilename\"" : \""../../../dev/MusicClassroom/Source/SM_WindowFrames.obj\"", \""Timestamp\"" : \""1789056111\"", \""FileMD5\"" : \""c02f70c5ec82d883cd1a3ab464a47b9a\"", \""DisplayLabelName\"" : \""\"" }]""}"
/Game/Art/MusicClassroom/SM_WindowGlass,"{""AssetImportData"": ""[{ \""RelativeFilename\"" : \""../../../dev/MusicClassroom/Source/SM_WindowGlass.obj\"", \""Timestamp\"" : \""1789056111\"", \""FileMD5\"" : \""2e0b0c762ac9714ceff4426e83544b22\"", \""DisplayLabelName\"" : \""\"" }]""}"
/Game/Art/MusicClassroom/SM_WindowShaft,"{""AssetImportData"": ""[{ \""RelativeFilename\"" : \""../../../dev/MusicClassroom/Source/SM_WindowShaft.obj\"", \""Timestamp\"" : \""1789057088\"", \""FileMD5\"" : \""c3d65a49159daa7b6739d77dd0a7365b\"", \""DisplayLabelName\"" : \""\"" }]""}"
/Game/Art/MusicClassroom/SM_WindowWall,"{""AssetImportData"": ""[{ \""RelativeFilename\"" : \""../../../dev/MusicClassroom/Source/SM_WindowWall.obj\"", \""Timestamp\"" : \""1789056111\"", \""FileMD5\"" : \""ac6a41486ee6143d1aa1f5006564fabe\"", \""DisplayLabelName\"" : \""\"" }]""}"
/Game/Art/SchoolCave/Pass2/SM_BlockingMushroom,"{""AssetImportData"": ""[{ \""RelativeFilename\"" : \""H:/3dsmax files/LuosCavesFinal/Free/Mushrooms/SM_LProp_Free_LightMushroom_04.fbx\"", \""Timestamp\"" : \""1427417994\"", \""FileMD5\"" : \""\"", \""DisplayLabelName\"" : \""\"" }]""}"
/Game/Art/SchoolCave/Pass2/SM_SculptedCaveRib,"{""AssetImportData"": ""[{ \""RelativeFilename\"" : \""../../../../dev/SchoolCaveArt/SourcePass2/SM_SculptedCaveRib.obj\"", \""Timestamp\"" : \""1788968087\"", \""FileMD5\"" : \""0b286bd62720bf005d00359d7b49abdc\"", \""DisplayLabelName\"" : \""\"" }]""}"
/Game/Art/SchoolCave/Pass2/T_AgedPlaster,"{""AssetImportData"": ""[{ \""RelativeFilename\"" : \""../../../../dev/SchoolCaveArt/SourcePass2/T_AgedPlaster.png\"", \""Timestamp\"" : \""1788967593\"", \""FileMD5\"" : \""65fe0a2519d577bc9a9de27deb91ca0c\"", \""DisplayLabelName\"" : \""\"" }]""}"
/Game/Art/SchoolCave/Pass2/T_RootBark,"{""AssetImportData"": ""[{ \""RelativeFilename\"" : \""../../../../dev/SchoolCaveArt/SourcePass2/T_RootBark.png\"", \""Timestamp\"" : \""1788967594\"", \""FileMD5\"" : \""ab6ef30a9bed7983f96136a41546adad\"", \""DisplayLabelName\"" : \""\"" }]""}"
/Game/Art/SchoolCave/Pass2/T_WornFloor,"{""AssetImportData"": ""[{ \""RelativeFilename\"" : \""../../../../dev/SchoolCaveArt/SourcePass2/T_WornFloor.png\"", \""Timestamp\"" : \""1788967593\"", \""FileMD5\"" : \""5fb3d88fea4227ad29ec7ce5cdf66264\"", \""DisplayLabelName\"" : \""\"" }]""}"
/Game/Art/SchoolCave/Pass3/SM_CaveCeilingAperture,"{""AssetImportData"": ""[{ \""RelativeFilename\"" : \""../../../../dev/SchoolCaveArt/SourcePass3/SM_CaveCeilingAperture.obj\"", \""Timestamp\"" : \""1788969452\"", \""FileMD5\"" : \""978e137b21fe4a7d2851e27577a2fb8f\"", \""DisplayLabelName\"" : \""\"" }]""}"
/Game/Art/SchoolCave/Pass3/SM_MossDrape0,"{""AssetImportData"": ""[{ \""RelativeFilename\"" : \""../../../../dev/SchoolCaveArt/SourcePass3/SM_MossDrape0.obj\"", \""Timestamp\"" : \""1788969063\"", \""FileMD5\"" : \""88e81f08f3a0624ba42593b43f04e770\"", \""DisplayLabelName\"" : \""\"" }]""}"
/Game/Art/SchoolCave/Pass3/SM_MossDrape1,"{""AssetImportData"": ""[{ \""RelativeFilename\"" : \""../../../../dev/SchoolCaveArt/SourcePass3/SM_MossDrape1.obj\"", \""Timestamp\"" : \""1788969063\"", \""FileMD5\"" : \""193744881a7838e049469f99bc3b347f\"", \""DisplayLabelName\"" : \""\"" }]""}"
/Game/Art/SchoolCave/Pass3/SM_MossDrape2,"{""AssetImportData"": ""[{ \""RelativeFilename\"" : \""../../../../dev/SchoolCaveArt/SourcePass3/SM_MossDrape2.obj\"", \""Timestamp\"" : \""1788969063\"", \""FileMD5\"" : \""40825ec16d9fd5f32b8ef829804d4682\"", \""DisplayLabelName\"" : \""\"" }]""}"
/Game/Art/SchoolCave/Pass3/SM_RuinedWindowFrame,"{""AssetImportData"": ""[{ \""RelativeFilename\"" : \""../../../../dev/SchoolCaveArt/SourcePass3/SM_RuinedWindowFrame.obj\"", \""Timestamp\"" : \""1788969310\"", \""FileMD5\"" : \""f4efafcbf364cda7617bebf44c38c5e9\"", \""DisplayLabelName\"" : \""\"" }]""}"
/Game/Art/SchoolCave/Pass3/SM_RuinedWindowInfill,"{""AssetImportData"": ""[{ \""RelativeFilename\"" : \""../../../../dev/SchoolCaveArt/SourcePass3/SM_RuinedWindowInfill.obj\"", \""Timestamp\"" : \""1788969310\"", \""FileMD5\"" : \""51920395a73548a48fb337cb5a5c4358\"", \""DisplayLabelName\"" : \""\"" }]""}"
/Game/Art/SchoolCave/Pass4/SM_EmbeddedLedge0,"{""AssetImportData"": ""[{ \""RelativeFilename\"" : \""../../../../dev/SchoolCaveArt/SourcePass4/SM_EmbeddedLedge0.obj\"", \""Timestamp\"" : \""1788971558\"", \""FileMD5\"" : \""d7383bfdfa62f6f4a9c043d69dba6b89\"", \""DisplayLabelName\"" : \""\"" }]""}"
/Game/Art/SchoolCave/Pass4/SM_EmbeddedLedge1,"{""AssetImportData"": ""[{ \""RelativeFilename\"" : \""../../../../dev/SchoolCaveArt/SourcePass4/SM_EmbeddedLedge1.obj\"", \""Timestamp\"" : \""1788971558\"", \""FileMD5\"" : \""e98f2750fd5d5142152f25df1c92c7d1\"", \""DisplayLabelName\"" : \""\"" }]""}"
/Game/Art/SchoolCave/Pass4/SM_EmbeddedLedge2,"{""AssetImportData"": ""[{ \""RelativeFilename\"" : \""../../../../dev/SchoolCaveArt/SourcePass4/SM_EmbeddedLedge2.obj\"", \""Timestamp\"" : \""1788971558\"", \""FileMD5\"" : \""0cd1fd79d372a8221bdf39f512c446dc\"", \""DisplayLabelName\"" : \""\"" }]""}"
/Game/Art/SchoolCave/Pass4/SM_FeatheredWater,"{""AssetImportData"": ""[{ \""RelativeFilename\"" : \""../../../../dev/SchoolCaveArt/SourcePass4/SM_FeatheredWater.obj\"", \""Timestamp\"" : \""1788971558\"", \""FileMD5\"" : \""6a15b0a37a559fe5f1528864b1a352f0\"", \""DisplayLabelName\"" : \""\"" }]""}"
/Game/Art/SchoolCave/Pass4/SM_FittedLeaves0,"{""AssetImportData"": ""[{ \""RelativeFilename\"" : \""../../../../dev/SchoolCaveArt/SourcePass4/SM_FittedLeaves0.obj\"", \""Timestamp\"" : \""1788971558\"", \""FileMD5\"" : \""33ac29576b67214eb13b4c64bd4ed7a2\"", \""DisplayLabelName\"" : \""\"" }]""}"
/Game/Art/SchoolCave/Pass4/SM_FittedLeaves1,"{""AssetImportData"": ""[{ \""RelativeFilename\"" : \""../../../../dev/SchoolCaveArt/SourcePass4/SM_FittedLeaves1.obj\"", \""Timestamp\"" : \""1788971558\"", \""FileMD5\"" : \""4e1ba16454b162de56c0572da505a64d\"", \""DisplayLabelName\"" : \""\"" }]""}"
/Game/Art/SchoolCave/Pass4/SM_FittedLeaves2,"{""AssetImportData"": ""[{ \""RelativeFilename\"" : \""../../../../dev/SchoolCaveArt/SourcePass4/SM_FittedLeaves2.obj\"", \""Timestamp\"" : \""1788971558\"", \""FileMD5\"" : \""0f8b065a5b973a0824cda67d1b9f1833\"", \""DisplayLabelName\"" : \""\"" }]""}"
/Game/Art/SchoolCave/Pass4/SM_FittedRoots0,"{""AssetImportData"": ""[{ \""RelativeFilename\"" : \""../../../../dev/SchoolCaveArt/SourcePass4/SM_FittedRoots0.obj\"", \""Timestamp\"" : \""1788971558\"", \""FileMD5\"" : \""e670449f3a445b11edff739c8465ee53\"", \""DisplayLabelName\"" : \""\"" }]""}"
/Game/Art/SchoolCave/Pass4/SM_FittedRoots1,"{""AssetImportData"": ""[{ \""RelativeFilename\"" : \""../../../../dev/SchoolCaveArt/SourcePass4/SM_FittedRoots1.obj\"", \""Timestamp\"" : \""1788971558\"", \""FileMD5\"" : \""bd6f6e04bd547e3f2a5d6fd1252ebbae\"", \""DisplayLabelName\"" : \""\"" }]""}"
/Game/Art/SchoolCave/Pass4/SM_FittedRoots2,"{""AssetImportData"": ""[{ \""RelativeFilename\"" : \""../../../../dev/SchoolCaveArt/SourcePass4/SM_FittedRoots2.obj\"", \""Timestamp\"" : \""1788971558\"", \""FileMD5\"" : \""edd9c947088f91b2241afa6096476170\"", \""DisplayLabelName\"" : \""\"" }]""}"
/Game/Art/SchoolCave/Pass4/SM_FracturedStone0,"{""AssetImportData"": ""[{ \""RelativeFilename\"" : \""../../../../dev/SchoolCaveArt/SourcePass4/SM_FracturedStone0.obj\"", \""Timestamp\"" : \""1788971558\"", \""FileMD5\"" : \""15e2c74f8c4f3bc54ab4f2e2953dcd2f\"", \""DisplayLabelName\"" : \""\"" }]""}"
/Game/Art/SchoolCave/Pass4/SM_FracturedStone1,"{""AssetImportData"": ""[{ \""RelativeFilename\"" : \""../../../../dev/SchoolCaveArt/SourcePass4/SM_FracturedStone1.obj\"", \""Timestamp\"" : \""1788971558\"", \""FileMD5\"" : \""ac1fff676db054f65303b57fd249d868\"", \""DisplayLabelName\"" : \""\"" }]""}"
/Game/Art/SchoolCave/Pass4/SM_FracturedStone2,"{""AssetImportData"": ""[{ \""RelativeFilename\"" : \""../../../../dev/SchoolCaveArt/SourcePass4/SM_FracturedStone2.obj\"", \""Timestamp\"" : \""1788971558\"", \""FileMD5\"" : \""80b5cf23d8bc35768bb09d29b379a0d4\"", \""DisplayLabelName\"" : \""\"" }]""}"
/Game/Art/Sector4Slime/SM_S4SlimeRoof,"{""AssetImportData"": ""[{ \""RelativeFilename\"" : \""../../../dev/SM_S4SlimeRoof.fbx\"", \""Timestamp\"" : \""1789147727\"", \""FileMD5\"" : \""9108542a6e2d12eac1426a3fd0b6e55e\"", \""DisplayLabelName\"" : \""\"" }]""}"
/Game/Art/SlimeCorridor/SM_PerforatedRoof,"{""AssetImportData"": ""[{ \""RelativeFilename\"" : \""../../../dev/SlimeCorridor/Source/SM_PerforatedRoof.obj\"", \""Timestamp\"" : \""1789061569\"", \""FileMD5\"" : \""110ee223cdac2150a7336ca636603e40\"", \""DisplayLabelName\"" : \""\"" }]""}"
/Game/Art/SlimeCorridor/SM_SlimeDrop,"{""AssetImportData"": ""[{ \""RelativeFilename\"" : \""../../../dev/SlimeCorridor/Source/SM_SlimeDrop.obj\"", \""Timestamp\"" : \""1789061569\"", \""FileMD5\"" : \""40f1e49063d561875ce82b955a0f0cd5\"", \""DisplayLabelName\"" : \""\"" }]""}"
/Game/Art/SlimeCorridor/SM_SlimePendant,"{""AssetImportData"": ""[{ \""RelativeFilename\"" : \""../../../dev/SlimeCorridor/Source/SM_SlimePendant.obj\"", \""Timestamp\"" : \""1789061569\"", \""FileMD5\"" : \""8729d6dd188ee43004476e60965721cd\"", \""DisplayLabelName\"" : \""\"" }]""}"
/Game/Art/SlimeCorridor/SM_SlimePool0,"{""AssetImportData"": ""[{ \""RelativeFilename\"" : \""../../../dev/SlimeCorridor/Source/SM_SlimePool0.obj\"", \""Timestamp\"" : \""1789061569\"", \""FileMD5\"" : \""8b44371f6d591551fa2f3615ce55bdf3\"", \""DisplayLabelName\"" : \""\"" }]""}"
/Game/Art/SlimeCorridor/SM_SlimePool1,"{""AssetImportData"": ""[{ \""RelativeFilename\"" : \""../../../dev/SlimeCorridor/Source/SM_SlimePool1.obj\"", \""Timestamp\"" : \""1789061569\"", \""FileMD5\"" : \""fdaa6026c040118cd36fe1003fac18b3\"", \""DisplayLabelName\"" : \""\"" }]""}"
/Game/Art/SlimeCorridor/SM_SlimePool2,"{""AssetImportData"": ""[{ \""RelativeFilename\"" : \""../../../dev/SlimeCorridor/Source/SM_SlimePool2.obj\"", \""Timestamp\"" : \""1789061569\"", \""FileMD5\"" : \""400beb59bac9603308a645b8e2ab8d06\"", \""DisplayLabelName\"" : \""\"" }]""}"
/Game/Art/SlimeCorridor/SM_VinePerforatedRoof,"{""AssetImportData"": ""[{ \""RelativeFilename\"" : \""../../../dev/SlimeCorridor/VineSource/SM_VinePerforatedRoof.obj\"", \""Timestamp\"" : \""1789064624\"", \""FileMD5\"" : \""f2e3d16accc35dfc489db5dbc6074a91\"", \""DisplayLabelName\"" : \""\"" }]""}"
/Game/Data/DT_RegionStringData,"{""AssetImportData"": ""[]""}"
/Game/Data/DT_RichTextStyles,"{""AssetImportData"": ""[]""}"
/Game/Data/DT_SequenceStringData,"{""AssetImportData"": ""[]""}"
/Game/Environment/OldKoreanBuildingA/Meshes/Deco_Awning_200,"{""AssetImportData"": ""[{ \""RelativeFilename\"" : \""../../../../ArtSource/OldKoreanBuildingA/fbx/Deco_Awning_200.fbx\"", \""Timestamp\"" : \""1788958532\"", \""FileMD5\"" : \""437db6dc73a6a6cb5b448a564475728b\"", \""DisplayLabelName\"" : \""\"" }]""}"
/Game/Environment/OldKoreanBuildingA/Meshes/Deco_Barber_Pole,"{""AssetImportData"": ""[{ \""RelativeFilename\"" : \""../../../../ArtSource/OldKoreanBuildingA/fbx/Deco_Barber_Pole.fbx\"", \""Timestamp\"" : \""1788958534\"", \""FileMD5\"" : \""cc5ada8e6e38a2f6baff2a2c9b56bacc\"", \""DisplayLabelName\"" : \""\"" }]""}"
/Game/Environment/OldKoreanBuildingA/Meshes/Deco_Curtain_100,"{""AssetImportData"": ""[{ \""RelativeFilename\"" : \""../../../../ArtSource/OldKoreanBuildingA/fbx/Deco_Curtain_100.fbx\"", \""Timestamp\"" : \""1788958531\"", \""FileMD5\"" : \""d9fc6b4dba96403f977ffc02fe288101\"", \""DisplayLabelName\"" : \""\"" }]""}"
/Game/Environment/OldKoreanBuildingA/Meshes/Deco_Floor_Tile_100,"{""AssetImportData"": ""[{ \""RelativeFilename\"" : \""../../../../ArtSource/OldKoreanBuildingA/fbx/Deco_Floor_Tile_100.fbx\"", \""Timestamp\"" : \""1788958531\"", \""FileMD5\"" : \""a89d7a5b0a4f441506bf9051096c3265\"", \""DisplayLabelName\"" : \""\"" }]""}"
/Game/Environment/OldKoreanBuildingA/Meshes/Deco_GasPipe_200,"{""AssetImportData"": ""[{ \""RelativeFilename\"" : \""../../../../ArtSource/OldKoreanBuildingA/fbx/Deco_GasPipe_200.fbx\"", \""Timestamp\"" : \""1788958533\"", \""FileMD5\"" : \""4c9233ff18956d1954343e7d6fcc3066\"", \""DisplayLabelName\"" : \""\"" }]""}"
/Game/Environment/OldKoreanBuildingA/Meshes/Deco_Gutter_200,"{""AssetImportData"": ""[{ \""RelativeFilename\"" : \""../../../../ArtSource/OldKoreanBuildingA/fbx/Deco_Gutter_200.fbx\"", \""Timestamp\"" : \""1788958532\"", \""FileMD5\"" : \""278e5799ae64f6bfd70bb82506c1d745\"", \""DisplayLabelName\"" : \""\"" }]""}"
/Game/Environment/OldKoreanBuildingA/Meshes/Furn_Pergola_200,"{""AssetImportData"": ""[{ \""RelativeFilename\"" : \""../../../../ArtSource/OldKoreanBuildingA/fbx/Furn_Pergola_200.fbx\"", \""Timestamp\"" : \""1788958529\"", \""FileMD5\"" : \""9e6c1dba8a2a5a3361349cf1600593dd\"", \""DisplayLabelName\"" : \""\"" }]""}"
/Game/Environment/OldKoreanBuildingA/Meshes/Furn_Railing_200,"{""AssetImportData"": ""[{ \""RelativeFilename\"" : \""../../../../ArtSource/OldKoreanBuildingA/fbx/Furn_Railing_200.fbx\"", \""Timestamp\"" : \""1788958529\"", \""FileMD5\"" : \""81ce4c7d02785a6abe5784b7dd5275b2\"", \""DisplayLabelName\"" : \""\"" }]""}"
/Game/Environment/OldKoreanBuildingA/Meshes/Furn_Sandbox_Planter,"{""AssetImportData"": ""[{ \""RelativeFilename\"" : \""../../../../ArtSource/OldKoreanBuildingA/fbx/Furn_Sandbox_Planter.fbx\"", \""Timestamp\"" : \""1788958530\"", \""FileMD5\"" : \""191b21d95005fe7ba19a69c477485ffd\"", \""DisplayLabelName\"" : \""\"" }]""}"
/Game/Environment/OldKoreanBuildingA/Meshes/Furn_Stair_Steel_600,"{""AssetImportData"": ""[{ \""RelativeFilename\"" : \""../../../../ArtSource/OldKoreanBuildingA/fbx/Furn_Stair_Steel_600.fbx\"", \""Timestamp\"" : \""1788958527\"", \""FileMD5\"" : \""a20a45a36a4f559de053ba5948b0aae6\"", \""DisplayLabelName\"" : \""\"" }]""}"
/Game/Environment/OldKoreanBuildingA/Meshes/Prop_AC_Unit,"{""AssetImportData"": ""[{ \""RelativeFilename\"" : \""../../../../ArtSource/OldKoreanBuildingA/fbx/Prop_AC_Unit.fbx\"", \""Timestamp\"" : \""1788958534\"", \""FileMD5\"" : \""89d869ca9514d56108cbf21b0395302f\"", \""DisplayLabelName\"" : \""\"" }]""}"
/Game/Environment/OldKoreanBuildingA/Meshes/Prop_Bucket,"{""AssetImportData"": ""[{ \""RelativeFilename\"" : \""../../../../ArtSource/OldKoreanBuildingA/fbx/Prop_Bucket.fbx\"", \""Timestamp\"" : \""1788958536\"", \""FileMD5\"" : \""8e3373bf0f8ad2be0f72ab44b9e09291\"", \""DisplayLabelName\"" : \""\"" }]""}"
/Game/Environment/OldKoreanBuildingA/Meshes/Prop_Drum_Barrel,"{""AssetImportData"": ""[{ \""RelativeFilename\"" : \""../../../../ArtSource/OldKoreanBuildingA/fbx/Prop_Drum_Barrel.fbx\"", \""Timestamp\"" : \""1788958535\"", \""FileMD5\"" : \""a1fbb2c8569c1a719b111bbe73196f13\"", \""DisplayLabelName\"" : \""\"" }]""}"
/Game/Environment/OldKoreanBuildingA/Meshes/Prop_HandTruck,"{""AssetImportData"": ""[{ \""RelativeFilename\"" : \""../../../../ArtSource/OldKoreanBuildingA/fbx/Prop_HandTruck.fbx\"", \""Timestamp\"" : \""1788958536\"", \""FileMD5\"" : \""c00f99c5591f1bbf8ebaab71ee9aa9c3\"", \""DisplayLabelName\"" : \""\"" }]""}"
/Game/Environment/OldKoreanBuildingA/Meshes/Prop_MeterBox,"{""AssetImportData"": ""[{ \""RelativeFilename\"" : \""../../../../ArtSource/OldKoreanBuildingA/fbx/Prop_MeterBox.fbx\"", \""Timestamp\"" : \""1788958535\"", \""FileMD5\"" : \""950f29497158a1a315736f8b62b46631\"", \""DisplayLabelName\"" : \""\"" }]""}"
/Game/Environment/OldKoreanBuildingA/Meshes/SM_Door_Leaf_100,"{""AssetImportData"": ""[{ \""RelativeFilename\"" : \""../../../../ArtSource/OldKoreanBuildingA/fbx/SM_Door_Leaf_100.fbx\"", \""Timestamp\"" : \""1788958528\"", \""FileMD5\"" : \""e9ddb5877d84d3230120192924f22802\"", \""DisplayLabelName\"" : \""\"" }]""}"
/Game/Environment/OldKoreanBuildingA/Meshes/SM_Shopfront_Door_200,"{""AssetImportData"": ""[{ \""RelativeFilename\"" : \""../../../../ArtSource/OldKoreanBuildingA/fbx/SM_Shopfront_Door_200.fbx\"", \""Timestamp\"" : \""1788958524\"", \""FileMD5\"" : \""0d92079289b4f336dc0597cfd8b5845e\"", \""DisplayLabelName\"" : \""\"" }]""}"
/Game/Environment/OldKoreanBuildingA/Meshes/SM_Slab_Corner_200,"{""AssetImportData"": ""[{ \""RelativeFilename\"" : \""../../../../ArtSource/OldKoreanBuildingA/fbx/SM_Slab_Corner_200.fbx\"", \""Timestamp\"" : \""1788958526\"", \""FileMD5\"" : \""6293cf31bcb2b5fbda1c850a05a8a3e4\"", \""DisplayLabelName\"" : \""\"" }]""}"
/Game/Environment/OldKoreanBuildingA/Meshes/SM_Slab_Straight_200,"{""AssetImportData"": ""[{ \""RelativeFilename\"" : \""../../../../ArtSource/OldKoreanBuildingA/fbx/SM_Slab_Straight_200.fbx\"", \""Timestamp\"" : \""1788958525\"", \""FileMD5\"" : \""2a98512409fdf52fe8f2ffbb0bb6038c\"", \""DisplayLabelName\"" : \""\"" }]""}"
/Game/Environment/OldKoreanBuildingA/Meshes/SM_Stair_Interior_300,"{""AssetImportData"": ""[{ \""RelativeFilename\"" : \""../../../../ArtSource/OldKoreanBuildingA/fbx/SM_Stair_Interior_300.fbx\"", \""Timestamp\"" : \""1788958526\"", \""FileMD5\"" : \""a866c11b9bba16ad11ce3a2f86c9f490\"", \""DisplayLabelName\"" : \""\"" }]""}"
/Game/Environment/OldKoreanBuildingA/Meshes/SM_Wall_Corner_200,"{""AssetImportData"": ""[{ \""RelativeFilename\"" : \""../../../../ArtSource/OldKoreanBuildingA/fbx/SM_Wall_Corner_200.fbx\"", \""Timestamp\"" : \""1788958522\"", \""FileMD5\"" : \""eeaefbaf2cbe247f2bb0ffe7367f94a0\"", \""DisplayLabelName\"" : \""\"" }]""}"
/Game/Environment/OldKoreanBuildingA/Meshes/SM_Wall_Door_200,"{""AssetImportData"": ""[{ \""RelativeFilename\"" : \""../../../../ArtSource/OldKoreanBuildingA/fbx/SM_Wall_Door_200.fbx\"", \""Timestamp\"" : \""1788958523\"", \""FileMD5\"" : \""cefb93bbb207d4e4bd8b73eb4481ead7\"", \""DisplayLabelName\"" : \""\"" }]""}"
/Game/Environment/OldKoreanBuildingA/Meshes/SM_Wall_Partition_200,"{""AssetImportData"": ""[{ \""RelativeFilename\"" : \""../../../../ArtSource/OldKoreanBuildingA/fbx/SM_Wall_Partition_200.fbx\"", \""Timestamp\"" : \""1788958524\"", \""FileMD5\"" : \""42ec8c9c0ee5ae2ff00753a5272b468b\"", \""DisplayLabelName\"" : \""\"" }]""}"
/Game/Environment/OldKoreanBuildingA/Meshes/SM_Wall_Partition_Door_200,"{""AssetImportData"": ""[{ \""RelativeFilename\"" : \""../../../../ArtSource/OldKoreanBuildingA/fbx/SM_Wall_Partition_Door_200.fbx\"", \""Timestamp\"" : \""1788958525\"", \""FileMD5\"" : \""129d449f8c61ed084b5605f5bbafae67\"", \""DisplayLabelName\"" : \""\"" }]""}"
/Game/Environment/OldKoreanBuildingA/Meshes/SM_Wall_Straight_200,"{""AssetImportData"": ""[{ \""RelativeFilename\"" : \""../../../../ArtSource/OldKoreanBuildingA/fbx/SM_Wall_Straight_200.fbx\"", \""Timestamp\"" : \""1788958522\"", \""FileMD5\"" : \""f6582a87280dc3643f3bcb0e4547b467\"", \""DisplayLabelName\"" : \""\"" }]""}"
/Game/Environment/OldKoreanBuildingA/Meshes/SM_Wall_Window_200,"{""AssetImportData"": ""[{ \""RelativeFilename\"" : \""../../../../ArtSource/OldKoreanBuildingA/fbx/SM_Wall_Window_200.fbx\"", \""Timestamp\"" : \""1788958523\"", \""FileMD5\"" : \""27772fadccc30a31fa7fcdcd802f3844\"", \""DisplayLabelName\"" : \""\"" }]""}"
/Game/Environment/OldKoreanBuildingA/Meshes/Veg_Potted_Plant_Round,"{""AssetImportData"": ""[{ \""RelativeFilename\"" : \""../../../../ArtSource/OldKoreanBuildingA/fbx/Veg_Potted_Plant_Round.fbx\"", \""Timestamp\"" : \""1788958530\"", \""FileMD5\"" : \""5d5bf6db39e1b5b6b20d332c1ed32de5\"", \""DisplayLabelName\"" : \""\"" }]""}"
/Game/Environment/OldKoreanBuildingA/Textures/T_Brick_BaseColor,"{""AssetImportData"": ""[{ \""RelativeFilename\"" : \""../../../../ArtSource/OldKoreanBuildingA/textures/T_Brick_BaseColor.png\"", \""Timestamp\"" : \""1788894986\"", \""FileMD5\"" : \""fcd90baacf5d7aa2c7dba9f574e81894\"", \""DisplayLabelName\"" : \""\"" }]""}"
/Game/Environment/OldKoreanBuildingA/Textures/T_Brick_Normal,"{""AssetImportData"": ""[{ \""RelativeFilename\"" : \""../../../../ArtSource/OldKoreanBuildingA/textures/T_Brick_Normal.png\"", \""Timestamp\"" : \""1788894986\"", \""FileMD5\"" : \""1bb1551833ae0e02c05078b5452713ba\"", \""DisplayLabelName\"" : \""\"" }]""}"
/Game/Environment/OldKoreanBuildingA/Textures/T_Brick_Roughness,"{""AssetImportData"": ""[{ \""RelativeFilename\"" : \""../../../../ArtSource/OldKoreanBuildingA/textures/T_Brick_Roughness.png\"", \""Timestamp\"" : \""1788894987\"", \""FileMD5\"" : \""1220a4f8c103bd7d9dbdbeedf6f9d45c\"", \""DisplayLabelName\"" : \""\"" }]""}"
/Game/Environment/OldKoreanBuildingA/Textures/T_Concrete_BaseColor,"{""AssetImportData"": ""[{ \""RelativeFilename\"" : \""../../../../ArtSource/OldKoreanBuildingA/textures/T_Concrete_BaseColor.png\"", \""Timestamp\"" : \""1788894987\"", \""FileMD5\"" : \""4f77a2eed9e6b046caa9953d2dfe50ff\"", \""DisplayLabelName\"" : \""\"" }]""}"
/Game/Environment/OldKoreanBuildingA/Textures/T_Concrete_Normal,"{""AssetImportData"": ""[{ \""RelativeFilename\"" : \""../../../../ArtSource/OldKoreanBuildingA/textures/T_Concrete_Normal.png\"", \""Timestamp\"" : \""1788894988\"", \""FileMD5\"" : \""5fe18c591f9ba3a3d46eafc0d7ccf742\"", \""DisplayLabelName\"" : \""\"" }]""}"
/Game/Environment/OldKoreanBuildingA/Textures/T_Concrete_Roughness,"{""AssetImportData"": ""[{ \""RelativeFilename\"" : \""../../../../ArtSource/OldKoreanBuildingA/textures/T_Concrete_Roughness.png\"", \""Timestamp\"" : \""1788894988\"", \""FileMD5\"" : \""8c7deeee76a7127688966140e389e0fb\"", \""DisplayLabelName\"" : \""\"" }]""}"
/Game/Environment/OldKoreanBuildingA/Textures/T_Metal_BaseColor,"{""AssetImportData"": ""[{ \""RelativeFilename\"" : \""../../../../ArtSource/OldKoreanBuildingA/textures/T_Metal_BaseColor.png\"", \""Timestamp\"" : \""1788894989\"", \""FileMD5\"" : \""55a24072a1782144dd9cf0fffa177a86\"", \""DisplayLabelName\"" : \""\"" }]""}"
/Game/Environment/OldKoreanBuildingA/Textures/T_Metal_Normal,"{""AssetImportData"": ""[{ \""RelativeFilename\"" : \""../../../../ArtSource/OldKoreanBuildingA/textures/T_Metal_Normal.png\"", \""Timestamp\"" : \""1788894989\"", \""FileMD5\"" : \""63b532d92a7b60d468a4a9cf374a69c3\"", \""DisplayLabelName\"" : \""\"" }]""}"
/Game/Environment/OldKoreanBuildingA/Textures/T_Metal_Roughness,"{""AssetImportData"": ""[{ \""RelativeFilename\"" : \""../../../../ArtSource/OldKoreanBuildingA/textures/T_Metal_Roughness.png\"", \""Timestamp\"" : \""1788894990\"", \""FileMD5\"" : \""80bf54357b3d9bbd9305e82fb5b7a8f8\"", \""DisplayLabelName\"" : \""\"" }]""}"
/Game/Environment/OldKoreanBuildingA/Textures/T_Plaster_BaseColor,"{""AssetImportData"": ""[{ \""RelativeFilename\"" : \""../../../../ArtSource/OldKoreanBuildingA/textures/T_Plaster_BaseColor.png\"", \""Timestamp\"" : \""1788894990\"", \""FileMD5\"" : \""65d3c94937f7bebf48fe8896ca7bd1b4\"", \""DisplayLabelName\"" : \""\"" }]""}"
/Game/Environment/OldKoreanBuildingA/Textures/T_Plaster_Normal,"{""AssetImportData"": ""[{ \""RelativeFilename\"" : \""../../../../ArtSource/OldKoreanBuildingA/textures/T_Plaster_Normal.png\"", \""Timestamp\"" : \""1788894991\"", \""FileMD5\"" : \""a8c8bbf9b6b72cb8b541e928c72bcad1\"", \""DisplayLabelName\"" : \""\"" }]""}"
/Game/Environment/OldKoreanBuildingA/Textures/T_Plaster_Roughness,"{""AssetImportData"": ""[{ \""RelativeFilename\"" : \""../../../../ArtSource/OldKoreanBuildingA/textures/T_Plaster_Roughness.png\"", \""Timestamp\"" : \""1788894991\"", \""FileMD5\"" : \""4487b6d96988665dcfeb5c9e44e3f5df\"", \""DisplayLabelName\"" : \""\"" }]""}"
/Game/Environment/OldKoreanBuildingA/Textures/T_Tile_BaseColor,"{""AssetImportData"": ""[{ \""RelativeFilename\"" : \""../../../../ArtSource/OldKoreanBuildingA/textures/T_Tile_BaseColor.png\"", \""Timestamp\"" : \""1788894992\"", \""FileMD5\"" : \""7ab318febc26f5a15142194f3c9475c0\"", \""DisplayLabelName\"" : \""\"" }]""}"
/Game/Environment/OldKoreanBuildingA/Textures/T_Tile_Normal,"{""AssetImportData"": ""[{ \""RelativeFilename\"" : \""../../../../ArtSource/OldKoreanBuildingA/textures/T_Tile_Normal.png\"", \""Timestamp\"" : \""1788894992\"", \""FileMD5\"" : \""3f5ccd4dae95703676275bc19f4f85f0\"", \""DisplayLabelName\"" : \""\"" }]""}"
/Game/Environment/OldKoreanBuildingA/Textures/T_Tile_Roughness,"{""AssetImportData"": ""[{ \""RelativeFilename\"" : \""../../../../ArtSource/OldKoreanBuildingA/textures/T_Tile_Roughness.png\"", \""Timestamp\"" : \""1788894993\"", \""FileMD5\"" : \""9d1b4807f6ec5ee57e59ee90974818a3\"", \""DisplayLabelName\"" : \""\"" }]""}"
/Game/Environment/OldKoreanBuildingA/Textures/T_Wood_BaseColor,"{""AssetImportData"": ""[{ \""RelativeFilename\"" : \""../../../../ArtSource/OldKoreanBuildingA/textures/T_Wood_BaseColor.png\"", \""Timestamp\"" : \""1788894993\"", \""FileMD5\"" : \""ccc8fa23327680156308ff8821975c9a\"", \""DisplayLabelName\"" : \""\"" }]""}"
/Game/Environment/OldKoreanBuildingA/Textures/T_Wood_Normal,"{""AssetImportData"": ""[{ \""RelativeFilename\"" : \""../../../../ArtSource/OldKoreanBuildingA/textures/T_Wood_Normal.png\"", \""Timestamp\"" : \""1788894994\"", \""FileMD5\"" : \""40ca05857910493e050de610c15d9ffc\"", \""DisplayLabelName\"" : \""\"" }]""}"
/Game/Environment/OldKoreanBuildingA/Textures/T_Wood_Roughness,"{""AssetImportData"": ""[{ \""RelativeFilename\"" : \""../../../../ArtSource/OldKoreanBuildingA/textures/T_Wood_Roughness.png\"", \""Timestamp\"" : \""1788894994\"", \""FileMD5\"" : \""dbbad252ac1120732669d365bba5e7bd\"", \""DisplayLabelName\"" : \""\"" }]""}"
/Game/Environment/OldKoreanBuildingB/Blockout/Meshes/SM_KB_Awning_360,"{""AssetImportData"": ""[{ \""RelativeFilename\"" : \""../../../../../ArtSource/OldKoreanBuildingB/Modules/SM_KB_Awning_360.fbx\"", \""Timestamp\"" : \""1788873983\"", \""FileMD5\"" : \""b21b07ff9571415611aac49fb412d249\"", \""DisplayLabelName\"" : \""\"" }]""}"
/Game/Environment/OldKoreanBuildingB/Blockout/Meshes/SM_KB_Door_Frame_140,"{""AssetImportData"": ""[{ \""RelativeFilename\"" : \""../../../../../ArtSource/OldKoreanBuildingB/Modules/SM_KB_Door_Frame_140.fbx\"", \""Timestamp\"" : \""1788873982\"", \""FileMD5\"" : \""177beecaedd9154ad6a803d2b5b7e9e2\"", \""DisplayLabelName\"" : \""\"" }]""}"
/Game/Environment/OldKoreanBuildingB/Blockout/Meshes/SM_KB_Fascia_300,"{""AssetImportData"": ""[{ \""RelativeFilename\"" : \""../../../../../ArtSource/OldKoreanBuildingB/Modules/SM_KB_Fascia_300.fbx\"", \""Timestamp\"" : \""1788873982\"", \""FileMD5\"" : \""d98946c60d0e11ae75c0042fd67a3099\"", \""DisplayLabelName\"" : \""\"" }]""}"
/Game/Environment/OldKoreanBuildingB/Blockout/Meshes/SM_KB_Fascia_360,"{""AssetImportData"": ""[{ \""RelativeFilename\"" : \""../../../../../ArtSource/OldKoreanBuildingB/Modules/SM_KB_Fascia_360.fbx\"", \""Timestamp\"" : \""1788873982\"", \""FileMD5\"" : \""5cc2672f122606e89d8d7fdd74523d70\"", \""DisplayLabelName\"" : \""\"" }]""}"
/Game/Environment/OldKoreanBuildingB/Blockout/Meshes/SM_KB_Floor_1000x300,"{""AssetImportData"": ""[{ \""RelativeFilename\"" : \""../../../../../ArtSource/OldKoreanBuildingB/Modules/SM_KB_Floor_1000x300.fbx\"", \""Timestamp\"" : \""1788873982\"", \""FileMD5\"" : \""f38d9b360db235720994940f5198da86\"", \""DisplayLabelName\"" : \""\"" }]""}"
/Game/Environment/OldKoreanBuildingB/Blockout/Meshes/SM_KB_Floor_360x300,"{""AssetImportData"": ""[{ \""RelativeFilename\"" : \""../../../../../ArtSource/OldKoreanBuildingB/Modules/SM_KB_Floor_360x300.fbx\"", \""Timestamp\"" : \""1788873982\"", \""FileMD5\"" : \""570d247f89655aaf6ec077f6c91284c0\"", \""DisplayLabelName\"" : \""\"" }]""}"
/Game/Environment/OldKoreanBuildingB/Blockout/Meshes/SM_KB_Floor_440x040,"{""AssetImportData"": ""[{ \""RelativeFilename\"" : \""../../../../../ArtSource/OldKoreanBuildingB/Modules/SM_KB_Floor_440x040.fbx\"", \""Timestamp\"" : \""1788873982\"", \""FileMD5\"" : \""2f2cce1f1439af93c0f93cb137fc05d7\"", \""DisplayLabelName\"" : \""\"" }]""}"
/Game/Environment/OldKoreanBuildingB/Blockout/Meshes/SM_KB_Guardrail_180,"{""AssetImportData"": ""[{ \""RelativeFilename\"" : \""../../../../../ArtSource/OldKoreanBuildingB/Modules/SM_KB_Guardrail_180.fbx\"", \""Timestamp\"" : \""1788873982\"", \""FileMD5\"" : \""ad75b7b484f83bfbf1ed67f1a0d5270e\"", \""DisplayLabelName\"" : \""\"" }]""}"
/Game/Environment/OldKoreanBuildingB/Blockout/Meshes/SM_KB_Landing_410x236,"{""AssetImportData"": ""[{ \""RelativeFilename\"" : \""../../../../../ArtSource/OldKoreanBuildingB/Modules/SM_KB_Landing_410x236.fbx\"", \""Timestamp\"" : \""1788873982\"", \""FileMD5\"" : \""1c84e75f613584f2f1f20818bf3a2b04\"", \""DisplayLabelName\"" : \""\"" }]""}"
/Game/Environment/OldKoreanBuildingB/Blockout/Meshes/SM_KB_Parapet_300,"{""AssetImportData"": ""[{ \""RelativeFilename\"" : \""../../../../../ArtSource/OldKoreanBuildingB/Modules/SM_KB_Parapet_300.fbx\"", \""Timestamp\"" : \""1788873982\"", \""FileMD5\"" : \""8e64153b67f4effb31550bb361589789\"", \""DisplayLabelName\"" : \""\"" }]""}"
/Game/Environment/OldKoreanBuildingB/Blockout/Meshes/SM_KB_Parapet_360,"{""AssetImportData"": ""[{ \""RelativeFilename\"" : \""../../../../../ArtSource/OldKoreanBuildingB/Modules/SM_KB_Parapet_360.fbx\"", \""Timestamp\"" : \""1788873982\"", \""FileMD5\"" : \""ab1f6ac9968db74430327b2a7f5f0aa5\"", \""DisplayLabelName\"" : \""\"" }]""}"
/Game/Environment/OldKoreanBuildingB/Blockout/Meshes/SM_KB_Partition_Door_1000,"{""AssetImportData"": ""[{ \""RelativeFilename\"" : \""../../../../../ArtSource/OldKoreanBuildingB/Modules/SM_KB_Partition_Door_1000.fbx\"", \""Timestamp\"" : \""1788873982\"", \""FileMD5\"" : \""1e1a32dd72fcdde532d89d447ecbf545\"", \""DisplayLabelName\"" : \""\"" }]""}"
/Game/Environment/OldKoreanBuildingB/Blockout/Meshes/SM_KB_Partition_Door_720,"{""AssetImportData"": ""[{ \""RelativeFilename\"" : \""../../../../../ArtSource/OldKoreanBuildingB/Modules/SM_KB_Partition_Door_720.fbx\"", \""Timestamp\"" : \""1788873982\"", \""FileMD5\"" : \""46c9580c4d1611023048882a907ed1f1\"", \""DisplayLabelName\"" : \""\"" }]""}"
/Game/Environment/OldKoreanBuildingB/Blockout/Meshes/SM_KB_Partition_Solid_380,"{""AssetImportData"": ""[{ \""RelativeFilename\"" : \""../../../../../ArtSource/OldKoreanBuildingB/Modules/SM_KB_Partition_Solid_380.fbx\"", \""Timestamp\"" : \""1788873982\"", \""FileMD5\"" : \""92276bf6f9087882715652b0b2bbf6f1\"", \""DisplayLabelName\"" : \""\"" }]""}"
/Game/Environment/OldKoreanBuildingB/Blockout/Meshes/SM_KB_Roofhouse_Back_440,"{""AssetImportData"": ""[{ \""RelativeFilename\"" : \""../../../../../ArtSource/OldKoreanBuildingB/Modules/SM_KB_Roofhouse_Back_440.fbx\"", \""Timestamp\"" : \""1788873983\"", \""FileMD5\"" : \""288a940f92d489a8d811257a7d94f455\"", \""DisplayLabelName\"" : \""\"" }]""}"
/Game/Environment/OldKoreanBuildingB/Blockout/Meshes/SM_KB_Roofhouse_Cap_480x800,"{""AssetImportData"": ""[{ \""RelativeFilename\"" : \""../../../../../ArtSource/OldKoreanBuildingB/Modules/SM_KB_Roofhouse_Cap_480x800.fbx\"", \""Timestamp\"" : \""1788873983\"", \""FileMD5\"" : \""1399b600af3d77a2a5bc6a26229805cb\"", \""DisplayLabelName\"" : \""\"" }]""}"
/Game/Environment/OldKoreanBuildingB/Blockout/Meshes/SM_KB_Roofhouse_Door_440,"{""AssetImportData"": ""[{ \""RelativeFilename\"" : \""../../../../../ArtSource/OldKoreanBuildingB/Modules/SM_KB_Roofhouse_Door_440.fbx\"", \""Timestamp\"" : \""1788873983\"", \""FileMD5\"" : \""790a0236b15990a41f4a4a853e614f4e\"", \""DisplayLabelName\"" : \""\"" }]""}"
/Game/Environment/OldKoreanBuildingB/Blockout/Meshes/SM_KB_Roofhouse_Side_760,"{""AssetImportData"": ""[{ \""RelativeFilename\"" : \""../../../../../ArtSource/OldKoreanBuildingB/Modules/SM_KB_Roofhouse_Side_760.fbx\"", \""Timestamp\"" : \""1788873983\"", \""FileMD5\"" : \""2dc9d82e8e447f3b28118948368a6ff0\"", \""DisplayLabelName\"" : \""\"" }]""}"
/Game/Environment/OldKoreanBuildingB/Blockout/Meshes/SM_KB_Sign_Blank_360,"{""AssetImportData"": ""[{ \""RelativeFilename\"" : \""../../../../../ArtSource/OldKoreanBuildingB/Modules/SM_KB_Sign_Blank_360.fbx\"", \""Timestamp\"" : \""1788873983\"", \""FileMD5\"" : \""fafeb23037e17bc11938e9cd075d6d4b\"", \""DisplayLabelName\"" : \""\"" }]""}"
/Game/Environment/OldKoreanBuildingB/Blockout/Meshes/SM_KB_Stairwell_Side_560,"{""AssetImportData"": ""[{ \""RelativeFilename\"" : \""../../../../../ArtSource/OldKoreanBuildingB/Modules/SM_KB_Stairwell_Side_560.fbx\"", \""Timestamp\"" : \""1788873982\"", \""FileMD5\"" : \""daa5a418e5da2a84d9318dae0e53c61e\"", \""DisplayLabelName\"" : \""\"" }]""}"
/Game/Environment/OldKoreanBuildingB/Blockout/Meshes/SM_KB_Stair_Flight_180_170,"{""AssetImportData"": ""[{ \""RelativeFilename\"" : \""../../../../../ArtSource/OldKoreanBuildingB/Modules/SM_KB_Stair_Flight_180_170.fbx\"", \""Timestamp\"" : \""1788873982\"", \""FileMD5\"" : \""46194d0cc45959ce962745573183aeeb\"", \""DisplayLabelName\"" : \""\"" }]""}"
/Game/Environment/OldKoreanBuildingB/Blockout/Meshes/SM_KB_Stair_Rail_300,"{""AssetImportData"": ""[{ \""RelativeFilename\"" : \""../../../../../ArtSource/OldKoreanBuildingB/Modules/SM_KB_Stair_Rail_300.fbx\"", \""Timestamp\"" : \""1788873982\"", \""FileMD5\"" : \""27d967cedd3bab1982c896c9d1a57ec9\"", \""DisplayLabelName\"" : \""\"" }]""}"
/Game/Environment/OldKoreanBuildingB/Blockout/Meshes/SM_KB_Wall_Entrance_300,"{""AssetImportData"": ""[{ \""RelativeFilename\"" : \""../../../../../ArtSource/OldKoreanBuildingB/Modules/SM_KB_Wall_Entrance_300.fbx\"", \""Timestamp\"" : \""1788873982\"", \""FileMD5\"" : \""66c33da2d0379ae94209e83d9e516864\"", \""DisplayLabelName\"" : \""\"" }]""}"
/Game/Environment/OldKoreanBuildingB/Blockout/Meshes/SM_KB_Wall_Entrance_360,"{""AssetImportData"": ""[{ \""RelativeFilename\"" : \""../../../../../ArtSource/OldKoreanBuildingB/Modules/SM_KB_Wall_Entrance_360.fbx\"", \""Timestamp\"" : \""1788873982\"", \""FileMD5\"" : \""1893d2b506fcecae48d4cdc2fa6eee17\"", \""DisplayLabelName\"" : \""\"" }]""}"
/Game/Environment/OldKoreanBuildingB/Blockout/Meshes/SM_KB_Wall_Window_300,"{""AssetImportData"": ""[{ \""RelativeFilename\"" : \""../../../../../ArtSource/OldKoreanBuildingB/Modules/SM_KB_Wall_Window_300.fbx\"", \""Timestamp\"" : \""1788873982\"", \""FileMD5\"" : \""5c7ede18878326b4dad587b61b0b47db\"", \""DisplayLabelName\"" : \""\"" }]""}"
/Game/Environment/OldKoreanBuildingB/Blockout/Meshes/SM_KB_Wall_Window_360,"{""AssetImportData"": ""[{ \""RelativeFilename\"" : \""../../../../../ArtSource/OldKoreanBuildingB/Modules/SM_KB_Wall_Window_360.fbx\"", \""Timestamp\"" : \""1788873982\"", \""FileMD5\"" : \""78b6b1f73882143d52769d5d30a343ae\"", \""DisplayLabelName\"" : \""\"" }]""}"
/Game/Environment/OldKoreanBuildingB/Blockout/Meshes/SM_KB_Window_Frame_270,"{""AssetImportData"": ""[{ \""RelativeFilename\"" : \""../../../../../ArtSource/OldKoreanBuildingB/Modules/SM_KB_Window_Frame_270.fbx\"", \""Timestamp\"" : \""1788873982\"", \""FileMD5\"" : \""8e5096eba8c79052c2a1fd3aefa45985\"", \""DisplayLabelName\"" : \""\"" }]""}"
/Game/Environment/OldKoreanBuildingB/Blockout/Meshes/SM_KB_Window_Panel_140,"{""AssetImportData"": ""[{ \""RelativeFilename\"" : \""../../../../../ArtSource/OldKoreanBuildingB/Modules/SM_KB_Window_Panel_140.fbx\"", \""Timestamp\"" : \""1788873982\"", \""FileMD5\"" : \""4efb19eb8244561ac5da4caf51fe1a4a\"", \""DisplayLabelName\"" : \""\"" }]""}"
/Game/Environment/OldKoreanBuildingB/Blockout/Meshes/SM_KB_Window_Panel_270,"{""AssetImportData"": ""[{ \""RelativeFilename\"" : \""../../../../../ArtSource/OldKoreanBuildingB/Modules/SM_KB_Window_Panel_270.fbx\"", \""Timestamp\"" : \""1788873982\"", \""FileMD5\"" : \""d1d017e5a44da9d340e7a21c93b81072\"", \""DisplayLabelName\"" : \""\"" }]""}"
/Game/Environment/OvergrownHall/Bird/Tripo/Clips/A_OH_Pigeon_Fly,"{""AssetImportData"": ""[{ \""RelativeFilename\"" : \""../../../../../../ArtSource/OvergrownHall/Bird/Tripo_Rig_v001/A_OH_Pigeon_Fly.fbx\"", \""Timestamp\"" : \""1790259458\"", \""FileMD5\"" : \""c1711bcad9247e961f53304bc108ffd3\"", \""DisplayLabelName\"" : \""\"" }]""}"
/Game/Environment/OvergrownHall/Bird/Tripo/Clips/A_OH_Pigeon_FlyToGlide,"{""AssetImportData"": ""[{ \""RelativeFilename\"" : \""../../../../../../ArtSource/OvergrownHall/Bird/Tripo_Rig_v001/A_OH_Pigeon_FlyToGlide.fbx\"", \""Timestamp\"" : \""1790259458\"", \""FileMD5\"" : \""89c4a761832d95d895c0c9e8dd587417\"", \""DisplayLabelName\"" : \""\"" }]""}"
/Game/Environment/OvergrownHall/Bird/Tripo/Clips/A_OH_Pigeon_Glide,"{""AssetImportData"": ""[{ \""RelativeFilename\"" : \""../../../../../../ArtSource/OvergrownHall/Bird/Tripo_Rig_v001/A_OH_Pigeon_Glide.fbx\"", \""Timestamp\"" : \""1790259458\"", \""FileMD5\"" : \""2cdaa53c895145d2282255b1e4a248bb\"", \""DisplayLabelName\"" : \""\"" }]""}"
/Game/Environment/OvergrownHall/Bird/Tripo/Clips/A_OH_Pigeon_GlideToFly,"{""AssetImportData"": ""[{ \""RelativeFilename\"" : \""../../../../../../ArtSource/OvergrownHall/Bird/Tripo_Rig_v001/A_OH_Pigeon_GlideToFly.fbx\"", \""Timestamp\"" : \""1790259458\"", \""FileMD5\"" : \""519fe172cc5febffe8a9c1b6ef3ba9d0\"", \""DisplayLabelName\"" : \""\"" }]""}"
/Game/Environment/OvergrownHall/Bird/Tripo/Meshes/SK_OH_Pigeon,"{""AssetImportData"": ""[{ \""RelativeFilename\"" : \""../../../../../../ArtSource/OvergrownHall/Bird/Tripo_Rig_v001/SK_OH_Pigeon.fbx\"", \""Timestamp\"" : \""1790259458\"", \""FileMD5\"" : \""3fda5d95d894bc0c2cba39c21b818b7b\"", \""DisplayLabelName\"" : \""\"" }]""}"
/Game/Environment/OvergrownHall/Bird/Tripo/Textures/OH_Pigeon_Tripo_v001_basecolor,"{""AssetImportData"": ""[{ \""RelativeFilename\"" : \""../../../../../../ArtSource/OvergrownHall/Bird/Tripo_Rig_v001/OH_Pigeon_Tripo_v001_basecolor.png\"", \""Timestamp\"" : \""1790259457\"", \""FileMD5\"" : \""11d57d5dfd23367eccd3f1651d55c85c\"", \""DisplayLabelName\"" : \""\"" }]""}"
/Game/Environment/OvergrownHall/Bird/Tripo/Textures/OH_Pigeon_Tripo_v001_normal,"{""AssetImportData"": ""[{ \""RelativeFilename\"" : \""../../../../../../ArtSource/OvergrownHall/Bird/Tripo_Rig_v001/OH_Pigeon_Tripo_v001_normal.png\"", \""Timestamp\"" : \""1790259457\"", \""FileMD5\"" : \""b886d1a2c597b8515fbfe1d4035f32f3\"", \""DisplayLabelName\"" : \""\"" }]""}"
/Game/Environment/OvergrownHall/Bird/Tripo/Textures/OH_Pigeon_Tripo_v001_rm,"{""AssetImportData"": ""[{ \""RelativeFilename\"" : \""../../../../../../ArtSource/OvergrownHall/Bird/Tripo_Rig_v001/OH_Pigeon_Tripo_v001_rm.png\"", \""Timestamp\"" : \""1790259457\"", \""FileMD5\"" : \""f7b81ebda50a6b8f24a0d2f7b5d1b757\"", \""DisplayLabelName\"" : \""\"" }]""}"
/Game/Environment/OvergrownHall/TripoFull/CleanTextures/T_OH_Clean_01,"{""AssetImportData"": ""[{ \""RelativeFilename\"" : \""../../../../../ArtSource/OvergrownHall/TripoReplacement/v005/01_ColumnBase/basecolor.png\"", \""Timestamp\"" : \""1790331680\"", \""FileMD5\"" : \""ef981eae6df57d167043a903d85d10e4\"", \""DisplayLabelName\"" : \""\"" }]""}"
/Game/Environment/OvergrownHall/TripoFull/CleanTextures/T_OH_Clean_02,"{""AssetImportData"": ""[{ \""RelativeFilename\"" : \""../../../../../ArtSource/OvergrownHall/TripoReplacement/v005/02_Pillar/basecolor.png\"", \""Timestamp\"" : \""1790331700\"", \""FileMD5\"" : \""d512f96ba25644abc6649ac260e69b5a\"", \""DisplayLabelName\"" : \""\"" }]""}"
/Game/Environment/OvergrownHall/TripoFull/CleanTextures/T_OH_Clean_03,"{""AssetImportData"": ""[{ \""RelativeFilename\"" : \""../../../../../ArtSource/OvergrownHall/TripoReplacement/v005/03_ColumnCapital/basecolor.png\"", \""Timestamp\"" : \""1790331681\"", \""FileMD5\"" : \""feb91ec2c43a867203b4c38abf0304b5\"", \""DisplayLabelName\"" : \""\"" }]""}"
/Game/Environment/OvergrownHall/TripoFull/CleanTextures/T_OH_Clean_04,"{""AssetImportData"": ""[{ \""RelativeFilename\"" : \""../../../../../ArtSource/OvergrownHall/TripoReplacement/v005/04_SideArch/basecolor.png\"", \""Timestamp\"" : \""1790331682\"", \""FileMD5\"" : \""fe5302cbe7cb55f5df57bb43466c584a\"", \""DisplayLabelName\"" : \""\"" }]""}"
/Game/Environment/OvergrownHall/TripoFull/CleanTextures/T_OH_Clean_05,"{""AssetImportData"": ""[{ \""RelativeFilename\"" : \""../../../../../ArtSource/OvergrownHall/TripoReplacement/v005/05_Wall/basecolor.png\"", \""Timestamp\"" : \""1790331683\"", \""FileMD5\"" : \""244dcc3f53767495dae34a2a0dbe3c19\"", \""DisplayLabelName\"" : \""\"" }]""}"
/Game/Environment/OvergrownHall/TripoFull/CleanTextures/T_OH_Clean_06,"{""AssetImportData"": ""[{ \""RelativeFilename\"" : \""../../../../../ArtSource/OvergrownHall/TripoReplacement/v005/06_WindowLower/basecolor.png\"", \""Timestamp\"" : \""1790331684\"", \""FileMD5\"" : \""023c59e92a352ce44a49b39f28ddeaa0\"", \""DisplayLabelName\"" : \""\"" }]""}"
/Game/Environment/OvergrownHall/TripoFull/CleanTextures/T_OH_Clean_07,"{""AssetImportData"": ""[{ \""RelativeFilename\"" : \""../../../../../ArtSource/OvergrownHall/TripoReplacement/v005/07_WindowArch/basecolor.png\"", \""Timestamp\"" : \""1790331685\"", \""FileMD5\"" : \""02b5d624eae2bef3f86cdbf9308cd4b2\"", \""DisplayLabelName\"" : \""\"" }]""}"
/Game/Environment/OvergrownHall/TripoFull/CleanTextures/T_OH_Clean_08,"{""AssetImportData"": ""[{ \""RelativeFilename\"" : \""../../../../../ArtSource/OvergrownHall/TripoReplacement/v005/08_Mullion/basecolor.png\"", \""Timestamp\"" : \""1790331686\"", \""FileMD5\"" : \""b9ad87abc62cb9433d10fa72f37c47bd\"", \""DisplayLabelName\"" : \""\"" }]""}"
/Game/Environment/OvergrownHall/TripoFull/CleanTextures/T_OH_Clean_09,"{""AssetImportData"": ""[{ \""RelativeFilename\"" : \""../../../../../ArtSource/OvergrownHall/TripoReplacement/v005/09_Beam/basecolor.png\"", \""Timestamp\"" : \""1790331688\"", \""FileMD5\"" : \""d1fc804b53444a13220249b5fd732389\"", \""DisplayLabelName\"" : \""\"" }]""}"
/Game/Environment/OvergrownHall/TripoFull/CleanTextures/T_OH_Clean_10,"{""AssetImportData"": ""[{ \""RelativeFilename\"" : \""../../../../../ArtSource/OvergrownHall/TripoReplacement/v005/10_RoofTruss/basecolor.png\"", \""Timestamp\"" : \""1790331689\"", \""FileMD5\"" : \""190b44d7cc9599487b9d3a55db384dad\"", \""DisplayLabelName\"" : \""\"" }]""}"
/Game/Environment/OvergrownHall/TripoFull/CleanTextures/T_OH_Clean_11,"{""AssetImportData"": ""[{ \""RelativeFilename\"" : \""../../../../../ArtSource/OvergrownHall/TripoReplacement/v005/11_BrokenBeam/basecolor.png\"", \""Timestamp\"" : \""1790331690\"", \""FileMD5\"" : \""1f917cab1b7f51871f21398e206f8ab3\"", \""DisplayLabelName\"" : \""\"" }]""}"
/Game/Environment/OvergrownHall/TripoFull/CleanTextures/T_OH_Clean_12,"{""AssetImportData"": ""[{ \""RelativeFilename\"" : \""../../../../../ArtSource/OvergrownHall/TripoReplacement/v005/12_SmallArch/basecolor.png\"", \""Timestamp\"" : \""1790331691\"", \""FileMD5\"" : \""1280f8f548d107bd952d808d4cd7f766\"", \""DisplayLabelName\"" : \""\"" }]""}"
/Game/Environment/OvergrownHall/TripoFull/CleanTextures/T_OH_Clean_13,"{""AssetImportData"": ""[{ \""RelativeFilename\"" : \""../../../../../ArtSource/OvergrownHall/TripoReplacement/v005/13_Floor/basecolor.png\"", \""Timestamp\"" : \""1790331692\"", \""FileMD5\"" : \""46cff366797ea41fe1edfb2df7fd0b3e\"", \""DisplayLabelName\"" : \""\"" }]""}"
/Game/Environment/OvergrownHall/TripoFull/CleanTextures/T_OH_Clean_14,"{""AssetImportData"": ""[{ \""RelativeFilename\"" : \""../../../../../ArtSource/OvergrownHall/TripoReplacement/v005/14_Bench/basecolor.png\"", \""Timestamp\"" : \""1790331694\"", \""FileMD5\"" : \""aa32f2291612aa14af4fdf74b536d9f0\"", \""DisplayLabelName\"" : \""\"" }]""}"
/Game/Environment/OvergrownHall/TripoFull/CleanTextures/T_OH_Clean_25,"{""AssetImportData"": ""[{ \""RelativeFilename\"" : \""../../../../../ArtSource/OvergrownHall/TripoReplacement/v005/25_Railing/basecolor.png\"", \""Timestamp\"" : \""1790331697\"", \""FileMD5\"" : \""9592bc3048ae4bd1d8a0f54320936177\"", \""DisplayLabelName\"" : \""\"" }]""}"
/Game/Environment/OvergrownHall/TripoFull/CleanTextures/T_OH_Clean_26,"{""AssetImportData"": ""[{ \""RelativeFilename\"" : \""../../../../../ArtSource/OvergrownHall/TripoReplacement/v005/26_RoofPanel/basecolor.png\"", \""Timestamp\"" : \""1790331699\"", \""FileMD5\"" : \""4683e875fd85570a51c51369631f7d45\"", \""DisplayLabelName\"" : \""\"" }]""}"
/Game/Environment/OvergrownHall/TripoFull/FoliagePaint/T_OH_PaintedLeaves,"{""AssetImportData"": ""[{ \""RelativeFilename\"" : \""../../../../../ArtSource/OvergrownHall/TripoReplacement/v010/painted_leaves.png\"", \""Timestamp\"" : \""1790603398\"", \""FileMD5\"" : \""875e129cebe1f56a9b5189e7947b0225\"", \""DisplayLabelName\"" : \""\"" }]""}"
/Game/Environment/OvergrownHall/TripoFull/FoliageRuntime/SM_OH_PaintedCrown_Runtime,"{""AssetImportData"": ""[{ \""RelativeFilename\"" : \""../../../../../ArtSource/OvergrownHall/TripoReplacement/v010/SM_OH_PaintedCrown.fbx\"", \""Timestamp\"" : \""1790603555\"", \""FileMD5\"" : \""d2c8e7331c1782c7cf24f6acd0b456e7\"", \""DisplayLabelName\"" : \""\"" }]""}"
/Game/Environment/OvergrownHall/TripoFull/FoliageRuntime/SM_OH_PaintedShrub_Runtime,"{""AssetImportData"": ""[{ \""RelativeFilename\"" : \""../../../../../ArtSource/OvergrownHall/TripoReplacement/v010/SM_OH_PaintedShrub.fbx\"", \""Timestamp\"" : \""1790603559\"", \""FileMD5\"" : \""c5e6f59c6b900b3e22f68a2516edd08e\"", \""DisplayLabelName\"" : \""\"" }]""}"
/Game/Environment/OvergrownHall/TripoFull/FoliageRuntime/SM_OH_PaintedTree_Runtime,"{""AssetImportData"": ""[{ \""RelativeFilename\"" : \""../../../../../ArtSource/OvergrownHall/TripoReplacement/v010/SM_OH_PaintedTree.fbx\"", \""Timestamp\"" : \""1790603555\"", \""FileMD5\"" : \""6d29e62dc30401c5b9bef253ca059db4\"", \""DisplayLabelName\"" : \""\"" }]""}"
/Game/Environment/OvergrownHall/TripoFull/IllustratedTextures/T_OH_PaintedMineral,"{""AssetImportData"": ""[{ \""RelativeFilename\"" : \""../../../../../ArtSource/OvergrownHall/TripoReplacement/v007/Textures/painted_mineral.png\"", \""Timestamp\"" : \""1790591250\"", \""FileMD5\"" : \""cee638aacb236fec233c3b002d2f96b1\"", \""DisplayLabelName\"" : \""\"" }]""}"
/Game/Environment/OvergrownHall/TripoFull/Meshes/SM_OH_BenchShoreFinish,"{""AssetImportData"": ""[{ \""RelativeFilename\"" : \""../../../../../ArtSource/OvergrownHall/TripoReplacement/v017/SM_OH_BenchShoreFinish.fbx\"", \""Timestamp\"" : \""1790618152\"", \""FileMD5\"" : \""a72a0b39c06f8bc311a9f4e606edad4e\"", \""DisplayLabelName\"" : \""\"" }]""}"
/Game/Environment/OvergrownHall/TripoFull/Meshes/SM_OH_BrokenArchA,"{""AssetImportData"": ""[{ \""RelativeFilename\"" : \""../../../../../ArtSource/OvergrownHall/TripoReplacement/v011/SM_OH_BrokenArchA.fbx\"", \""Timestamp\"" : \""1790607311\"", \""FileMD5\"" : \""6f7e7549b89a9e791d23e1e61fde7162\"", \""DisplayLabelName\"" : \""\"" }]""}"
/Game/Environment/OvergrownHall/TripoFull/Meshes/SM_OH_BrokenArchB,"{""AssetImportData"": ""[{ \""RelativeFilename\"" : \""../../../../../ArtSource/OvergrownHall/TripoReplacement/v011/SM_OH_BrokenArchB.fbx\"", \""Timestamp\"" : \""1790607312\"", \""FileMD5\"" : \""1263cd65ea056fa337efb5a566377847\"", \""DisplayLabelName\"" : \""\"" }]""}"
/Game/Environment/OvergrownHall/TripoFull/Meshes/SM_OH_Chipped_04,"{""AssetImportData"": ""[{ \""RelativeFilename\"" : \""../../../../../ArtSource/OvergrownHall/TripoReplacement/v009/SM_OH_Chipped_04.fbx\"", \""Timestamp\"" : \""1790592996\"", \""FileMD5\"" : \""87ed1d34645f05f1925a3991ae2eb170\"", \""DisplayLabelName\"" : \""\"" }]""}"
/Game/Environment/OvergrownHall/TripoFull/Meshes/SM_OH_Chipped_05,"{""AssetImportData"": ""[{ \""RelativeFilename\"" : \""../../../../../ArtSource/OvergrownHall/TripoReplacement/v009/SM_OH_Chipped_05.fbx\"", \""Timestamp\"" : \""1790592996\"", \""FileMD5\"" : \""82ae2d46c350647c1fc479740c58596f\"", \""DisplayLabelName\"" : \""\"" }]""}"
/Game/Environment/OvergrownHall/TripoFull/Meshes/SM_OH_Clean_01_ColumnBase,"{""AssetImportData"": ""[{ \""RelativeFilename\"" : \""../../../../../ArtSource/OvergrownHall/TripoReplacement/v005/01_ColumnBase/SM_OH_Clean_01_ColumnBase.fbx\"", \""Timestamp\"" : \""1790331680\"", \""FileMD5\"" : \""65f72e6b0e0765caac814932375b44ff\"", \""DisplayLabelName\"" : \""\"" }]""}"
/Game/Environment/OvergrownHall/TripoFull/Meshes/SM_OH_Clean_02_Pillar,"{""AssetImportData"": ""[{ \""RelativeFilename\"" : \""../../../../../ArtSource/OvergrownHall/TripoReplacement/v005/02_Pillar/SM_OH_Clean_02_Pillar.fbx\"", \""Timestamp\"" : \""1790331700\"", \""FileMD5\"" : \""2403920c3363c933b9bc9e8df22dfa7e\"", \""DisplayLabelName\"" : \""\"" }]""}"
/Game/Environment/OvergrownHall/TripoFull/Meshes/SM_OH_Clean_03_ColumnCapital,"{""AssetImportData"": ""[{ \""RelativeFilename\"" : \""../../../../../ArtSource/OvergrownHall/TripoReplacement/v005/03_ColumnCapital/SM_OH_Clean_03_ColumnCapital.fbx\"", \""Timestamp\"" : \""1790331681\"", \""FileMD5\"" : \""4a9e8c128f5e4274e85bd50d5d0d9e89\"", \""DisplayLabelName\"" : \""\"" }]""}"
/Game/Environment/OvergrownHall/TripoFull/Meshes/SM_OH_Clean_04_SideArch,"{""AssetImportData"": ""[{ \""RelativeFilename\"" : \""../../../../../ArtSource/OvergrownHall/TripoReplacement/v005/04_SideArch/SM_OH_Clean_04_SideArch.fbx\"", \""Timestamp\"" : \""1790331682\"", \""FileMD5\"" : \""87cd766652c142c1be576b83304046f6\"", \""DisplayLabelName\"" : \""\"" }]""}"
/Game/Environment/OvergrownHall/TripoFull/Meshes/SM_OH_Clean_05_Wall,"{""AssetImportData"": ""[{ \""RelativeFilename\"" : \""../../../../../ArtSource/OvergrownHall/TripoReplacement/v005/05_Wall/SM_OH_Clean_05_Wall.fbx\"", \""Timestamp\"" : \""1790331683\"", \""FileMD5\"" : \""ef217374d71f962ded401e13626732b0\"", \""DisplayLabelName\"" : \""\"" }]""}"
/Game/Environment/OvergrownHall/TripoFull/Meshes/SM_OH_Clean_06_WindowLower,"{""AssetImportData"": ""[{ \""RelativeFilename\"" : \""../../../../../ArtSource/OvergrownHall/TripoReplacement/v005/06_WindowLower/SM_OH_Clean_06_WindowLower.fbx\"", \""Timestamp\"" : \""1790331684\"", \""FileMD5\"" : \""fda49f0f312ca30636e590e3b085758d\"", \""DisplayLabelName\"" : \""\"" }]""}"
/Game/Environment/OvergrownHall/TripoFull/Meshes/SM_OH_Clean_07_WindowArch,"{""AssetImportData"": ""[{ \""RelativeFilename\"" : \""../../../../../ArtSource/OvergrownHall/TripoReplacement/v005/07_WindowArch/SM_OH_Clean_07_WindowArch.fbx\"", \""Timestamp\"" : \""1790331685\"", \""FileMD5\"" : \""548e8cae5f17a1709c32390f85935512\"", \""DisplayLabelName\"" : \""\"" }]""}"
/Game/Environment/OvergrownHall/TripoFull/Meshes/SM_OH_Clean_08_Mullion,"{""AssetImportData"": ""[{ \""RelativeFilename\"" : \""../../../../../ArtSource/OvergrownHall/TripoReplacement/v005/08_Mullion/SM_OH_Clean_08_Mullion.fbx\"", \""Timestamp\"" : \""1790331686\"", \""FileMD5\"" : \""73552fae674ab82e04945e6e4d5c839f\"", \""DisplayLabelName\"" : \""\"" }]""}"
/Game/Environment/OvergrownHall/TripoFull/Meshes/SM_OH_Clean_09_Beam,"{""AssetImportData"": ""[{ \""RelativeFilename\"" : \""../../../../../ArtSource/OvergrownHall/TripoReplacement/v005/09_Beam/SM_OH_Clean_09_Beam.fbx\"", \""Timestamp\"" : \""1790331688\"", \""FileMD5\"" : \""69365bfef71fe9ad696d22c7c83b4aab\"", \""DisplayLabelName\"" : \""\"" }]""}"
/Game/Environment/OvergrownHall/TripoFull/Meshes/SM_OH_Clean_10_RoofTruss,"{""AssetImportData"": ""[{ \""RelativeFilename\"" : \""../../../../../ArtSource/OvergrownHall/TripoReplacement/v005/10_RoofTruss/SM_OH_Clean_10_RoofTruss.fbx\"", \""Timestamp\"" : \""1790331689\"", \""FileMD5\"" : \""e9e1194a3269999d9714eb8ca5e1f2d9\"", \""DisplayLabelName\"" : \""\"" }]""}"
/Game/Environment/OvergrownHall/TripoFull/Meshes/SM_OH_Clean_11_BrokenBeam,"{""AssetImportData"": ""[{ \""RelativeFilename\"" : \""../../../../../ArtSource/OvergrownHall/TripoReplacement/v005/11_BrokenBeam/SM_OH_Clean_11_BrokenBeam.fbx\"", \""Timestamp\"" : \""1790331690\"", \""FileMD5\"" : \""7167403bcfeec7d8b5829460a1f5cde4\"", \""DisplayLabelName\"" : \""\"" }]""}"
/Game/Environment/OvergrownHall/TripoFull/Meshes/SM_OH_Clean_12_SmallArch,"{""AssetImportData"": ""[{ \""RelativeFilename\"" : \""../../../../../ArtSource/OvergrownHall/TripoReplacement/v005/12_SmallArch/SM_OH_Clean_12_SmallArch.fbx\"", \""Timestamp\"" : \""1790331691\"", \""FileMD5\"" : \""8d9884c85ce1b18e6d2f9bb6303da1e0\"", \""DisplayLabelName\"" : \""\"" }]""}"
/Game/Environment/OvergrownHall/TripoFull/Meshes/SM_OH_Clean_13_Floor,"{""AssetImportData"": ""[{ \""RelativeFilename\"" : \""../../../../../ArtSource/OvergrownHall/TripoReplacement/v005/13_Floor/SM_OH_Clean_13_Floor.fbx\"", \""Timestamp\"" : \""1790331692\"", \""FileMD5\"" : \""bdf16debeb417cf21488e350949d5067\"", \""DisplayLabelName\"" : \""\"" }]""}"
/Game/Environment/OvergrownHall/TripoFull/Meshes/SM_OH_Clean_14_Bench,"{""AssetImportData"": ""[{ \""RelativeFilename\"" : \""../../../../../ArtSource/OvergrownHall/TripoReplacement/v005/14_Bench/SM_OH_Clean_14_Bench.fbx\"", \""Timestamp\"" : \""1790331694\"", \""FileMD5\"" : \""774cfa115da39240343d22deda386f8b\"", \""DisplayLabelName\"" : \""\"" }]""}"
/Game/Environment/OvergrownHall/TripoFull/Meshes/SM_OH_Clean_15_Rubble,"{""AssetImportData"": ""[{ \""RelativeFilename\"" : \""../../../../../ArtSource/OvergrownHall/TripoReplacement/v005/15_Rubble/SM_OH_Clean_15_Rubble.fbx\"", \""Timestamp\"" : \""1790331694\"", \""FileMD5\"" : \""d2937f92a9cc4310b3038d34a19ae408\"", \""DisplayLabelName\"" : \""\"" }]""}"
/Game/Environment/OvergrownHall/TripoFull/Meshes/SM_OH_Clean_16_Grass,"{""AssetImportData"": ""[{ \""RelativeFilename\"" : \""../../../../../ArtSource/OvergrownHall/TripoReplacement/v005/16_Grass/SM_OH_Clean_16_Grass.fbx\"", \""Timestamp\"" : \""1790331695\"", \""FileMD5\"" : \""ded7552814fecd2ec6566c1bf2a19466\"", \""DisplayLabelName\"" : \""\"" }]""}"
/Game/Environment/OvergrownHall/TripoFull/Meshes/SM_OH_Clean_17_Shrub,"{""AssetImportData"": ""[{ \""RelativeFilename\"" : \""../../../../../ArtSource/OvergrownHall/TripoReplacement/v005/17_Shrub/SM_OH_Clean_17_Shrub.fbx\"", \""Timestamp\"" : \""1790331696\"", \""FileMD5\"" : \""a62766c8d0f5bcd691ca2ccc13aff033\"", \""DisplayLabelName\"" : \""\"" }]""}"
/Game/Environment/OvergrownHall/TripoFull/Meshes/SM_OH_Clean_18_Vine,"{""AssetImportData"": ""[{ \""RelativeFilename\"" : \""../../../../../ArtSource/OvergrownHall/TripoReplacement/v005/18_Vine/SM_OH_Clean_18_Vine.fbx\"", \""Timestamp\"" : \""1790331696\"", \""FileMD5\"" : \""a30c231458969838aceb4e5693e90600\"", \""DisplayLabelName\"" : \""\"" }]""}"
/Game/Environment/OvergrownHall/TripoFull/Meshes/SM_OH_Clean_19_Tree,"{""AssetImportData"": ""[{ \""RelativeFilename\"" : \""../../../../../ArtSource/OvergrownHall/TripoReplacement/v005/19_Tree/SM_OH_Clean_19_Tree.fbx\"", \""Timestamp\"" : \""1790331701\"", \""FileMD5\"" : \""00f86943cad5ef610afe775c99b08ff6\"", \""DisplayLabelName\"" : \""\"" }]""}"
/Game/Environment/OvergrownHall/TripoFull/Meshes/SM_OH_Clean_25_Railing,"{""AssetImportData"": ""[{ \""RelativeFilename\"" : \""../../../../../ArtSource/OvergrownHall/TripoReplacement/v005/25_Railing/SM_OH_Clean_25_Railing.fbx\"", \""Timestamp\"" : \""1790331698\"", \""FileMD5\"" : \""10b12149de9014be0e79eeefa22e4498\"", \""DisplayLabelName\"" : \""\"" }]""}"
/Game/Environment/OvergrownHall/TripoFull/Meshes/SM_OH_Clean_26_RoofPanel,"{""AssetImportData"": ""[{ \""RelativeFilename\"" : \""../../../../../ArtSource/OvergrownHall/TripoReplacement/v005/26_RoofPanel/SM_OH_Clean_26_RoofPanel.fbx\"", \""Timestamp\"" : \""1790331699\"", \""FileMD5\"" : \""491227e0bac440bb4bb8f67e70e4999a\"", \""DisplayLabelName\"" : \""\"" }]""}"
/Game/Environment/OvergrownHall/TripoFull/Meshes/SM_OH_FracturedRoofTruss,"{""AssetImportData"": ""[{ \""RelativeFilename\"" : \""../../../../../ArtSource/OvergrownHall/TripoReplacement/v021/SM_OH_FracturedRoofTruss.fbx\"", \""Timestamp\"" : \""1790622741\"", \""FileMD5\"" : \""6b2151304e88c331e38490c60fbb9539\"", \""DisplayLabelName\"" : \""\"" }]""}"
/Game/Environment/OvergrownHall/TripoFull/Meshes/SM_OH_FracturedSideArchA,"{""AssetImportData"": ""[{ \""RelativeFilename\"" : \""../../../../../ArtSource/OvergrownHall/TripoReplacement/v021/SM_OH_FracturedSideArchA.fbx\"", \""Timestamp\"" : \""1790622740\"", \""FileMD5\"" : \""b0905141b8cbe013862202cc7b295a6e\"", \""DisplayLabelName\"" : \""\"" }]""}"
/Game/Environment/OvergrownHall/TripoFull/Meshes/SM_OH_FracturedSideArchB,"{""AssetImportData"": ""[{ \""RelativeFilename\"" : \""../../../../../ArtSource/OvergrownHall/TripoReplacement/v021/SM_OH_FracturedSideArchB.fbx\"", \""Timestamp\"" : \""1790622741\"", \""FileMD5\"" : \""2c2283b15c4dc0227457fc91abb7388a\"", \""DisplayLabelName\"" : \""\"" }]""}"
/Game/Environment/OvergrownHall/TripoFull/Meshes/SM_OH_FracturedSideArchC,"{""AssetImportData"": ""[{ \""RelativeFilename\"" : \""../../../../../ArtSource/OvergrownHall/TripoReplacement/v021/SM_OH_FracturedSideArchC.fbx\"", \""Timestamp\"" : \""1790622741\"", \""FileMD5\"" : \""53710c19247bf36a32a9d0a1a008c8a0\"", \""DisplayLabelName\"" : \""\"" }]""}"
/Game/Environment/OvergrownHall/TripoFull/Meshes/SM_OH_PaintedCrown,"{""AssetImportData"": ""[{ \""RelativeFilename\"" : \""../../../../../ArtSource/OvergrownHall/TripoReplacement/v010/SM_OH_PaintedCrown.fbx\"", \""Timestamp\"" : \""1790603555\"", \""FileMD5\"" : \""d2c8e7331c1782c7cf24f6acd0b456e7\"", \""DisplayLabelName\"" : \""\"" }]""}"
/Game/Environment/OvergrownHall/TripoFull/Meshes/SM_OH_PaintedShrub,"{""AssetImportData"": ""[{ \""RelativeFilename\"" : \""../../../../../ArtSource/OvergrownHall/TripoReplacement/v010/SM_OH_PaintedShrub.fbx\"", \""Timestamp\"" : \""1790603559\"", \""FileMD5\"" : \""c5e6f59c6b900b3e22f68a2516edd08e\"", \""DisplayLabelName\"" : \""\"" }]""}"
/Game/Environment/OvergrownHall/TripoFull/Meshes/SM_OH_PaintedTree,"{""AssetImportData"": ""[{ \""RelativeFilename\"" : \""../../../../../ArtSource/OvergrownHall/TripoReplacement/v010/SM_OH_PaintedTree.fbx\"", \""Timestamp\"" : \""1790603555\"", \""FileMD5\"" : \""6d29e62dc30401c5b9bef253ca059db4\"", \""DisplayLabelName\"" : \""\"" }]""}"
/Game/Environment/OvergrownHall/TripoFull/Meshes/SM_OH_RearBroken_05,"{""AssetImportData"": ""[{ \""RelativeFilename\"" : \""../../../../../ArtSource/OvergrownHall/TripoReplacement/v013/SM_OH_RearBroken_05.fbx\"", \""Timestamp\"" : \""1790609900\"", \""FileMD5\"" : \""fd9bc347b7a876719a02c93366bae9f3\"", \""DisplayLabelName\"" : \""\"" }]""}"
/Game/Environment/OvergrownHall/TripoFull/Meshes/SM_OH_RearBroken_06,"{""AssetImportData"": ""[{ \""RelativeFilename\"" : \""../../../../../ArtSource/OvergrownHall/TripoReplacement/v013/SM_OH_RearBroken_06.fbx\"", \""Timestamp\"" : \""1790609900\"", \""FileMD5\"" : \""d856e8a1cacbacde358e5364385b8235\"", \""DisplayLabelName\"" : \""\"" }]""}"
/Game/Environment/OvergrownHall/TripoFull/Meshes/SM_OH_RearBroken_07,"{""AssetImportData"": ""[{ \""RelativeFilename\"" : \""../../../../../ArtSource/OvergrownHall/TripoReplacement/v013/SM_OH_RearBroken_07.fbx\"", \""Timestamp\"" : \""1790609900\"", \""FileMD5\"" : \""28f0b7851bf507182f3677d4b5cf6215\"", \""DisplayLabelName\"" : \""\"" }]""}"
/Game/Environment/OvergrownHall/TripoFull/Meshes/SM_OH_RearBroken_09,"{""AssetImportData"": ""[{ \""RelativeFilename\"" : \""../../../../../ArtSource/OvergrownHall/TripoReplacement/v013/SM_OH_RearBroken_09.fbx\"", \""Timestamp\"" : \""1790609900\"", \""FileMD5\"" : \""b4a1466e431e8ec6674567006b60b06f\"", \""DisplayLabelName\"" : \""\"" }]""}"
/Game/Environment/OvergrownHall/TripoFull/Meshes/SM_OH_Refined_SideArch,"{""AssetImportData"": ""[{ \""RelativeFilename\"" : \""../../../../../ArtSource/OvergrownHall/TripoReplacement/v003/SM_OH_Refined_SideArch.fbx\"", \""Timestamp\"" : \""1790330249\"", \""FileMD5\"" : \""1ce5051e1ea0b85ad5393a8f140f9203\"", \""DisplayLabelName\"" : \""\"" }]""}"
/Game/Environment/OvergrownHall/TripoFull/Meshes/SM_OH_Refined_WindowLower,"{""AssetImportData"": ""[{ \""RelativeFilename\"" : \""../../../../../ArtSource/OvergrownHall/TripoReplacement/v003/SM_OH_Refined_WindowLower.fbx\"", \""Timestamp\"" : \""1790330249\"", \""FileMD5\"" : \""09396fb88e50e1cf86731cc356ed4b0a\"", \""DisplayLabelName\"" : \""\"" }]""}"
/Game/Environment/OvergrownHall/TripoFull/Meshes/SM_OH_RippleSheet,"{""AssetImportData"": ""[{ \""RelativeFilename\"" : \""../../../../../ArtSource/OvergrownHall/TripoReplacement/v011/SM_OH_RippleSheet.fbx\"", \""Timestamp\"" : \""1790607312\"", \""FileMD5\"" : \""7c70a819533305838a9d1fccc8a98e69\"", \""DisplayLabelName\"" : \""\"" }]""}"
/Game/Environment/OvergrownHall/TripoFull/Meshes/SM_OH_ShallowOutline,"{""AssetImportData"": ""[{ \""RelativeFilename\"" : \""../../../../../ArtSource/OvergrownHall/TripoReplacement/v009/SM_OH_ShallowOutline.fbx\"", \""Timestamp\"" : \""1790593577\"", \""FileMD5\"" : \""937c901ee9c38f4aaee43f04645f155e\"", \""DisplayLabelName\"" : \""\"" }]""}"
/Game/Environment/OvergrownHall/TripoFull/Meshes/SM_OH_ShoreSlab,"{""AssetImportData"": ""[{ \""RelativeFilename\"" : \""../../../../../ArtSource/OvergrownHall/TripoReplacement/v012/SM_OH_ShoreSlab.fbx\"", \""Timestamp\"" : \""1790609131\"", \""FileMD5\"" : \""cb136f4db20fdecec36d4264a3012a2d\"", \""DisplayLabelName\"" : \""\"" }]""}"
/Game/Environment/OvergrownHall/TripoFull/Meshes/SM_OH_Soft_17_Shrub,"{""AssetImportData"": ""[{ \""RelativeFilename\"" : \""../../../../../ArtSource/OvergrownHall/TripoReplacement/v008/17_Shrub/SM_OH_Soft_17_Shrub.fbx\"", \""Timestamp\"" : \""1790592102\"", \""FileMD5\"" : \""48fd1d410b2c2604dc74e7579d3dce7c\"", \""DisplayLabelName\"" : \""\"" }]""}"
/Game/Environment/OvergrownHall/TripoFull/Meshes/SM_OH_Soft_18_Vine,"{""AssetImportData"": ""[{ \""RelativeFilename\"" : \""../../../../../ArtSource/OvergrownHall/TripoReplacement/v008/18_Vine/SM_OH_Soft_18_Vine.fbx\"", \""Timestamp\"" : \""1790592103\"", \""FileMD5\"" : \""8d2644fe3d7273a566924e120252a971\"", \""DisplayLabelName\"" : \""\"" }]""}"
/Game/Environment/OvergrownHall/TripoFull/Meshes/SM_OH_Soft_19_Tree,"{""AssetImportData"": ""[{ \""RelativeFilename\"" : \""../../../../../ArtSource/OvergrownHall/TripoReplacement/v008/19_Tree/SM_OH_Soft_19_Tree.fbx\"", \""Timestamp\"" : \""1790592104\"", \""FileMD5\"" : \""740ff9f4c5164cfc297c6064a9b618c3\"", \""DisplayLabelName\"" : \""\"" }]""}"
/Game/Environment/OvergrownHall/TripoFull/Meshes/SM_OH_SpalledPillarA,"{""AssetImportData"": ""[{ \""RelativeFilename\"" : \""../../../../../ArtSource/OvergrownHall/TripoReplacement/v019/SM_OH_SpalledPillarA.fbx\"", \""Timestamp\"" : \""1790619911\"", \""FileMD5\"" : \""893772c1ef711ce05121081ad1fd4518\"", \""DisplayLabelName\"" : \""\"" }]""}"
/Game/Environment/OvergrownHall/TripoFull/Meshes/SM_OH_SpalledPillarB,"{""AssetImportData"": ""[{ \""RelativeFilename\"" : \""../../../../../ArtSource/OvergrownHall/TripoReplacement/v019/SM_OH_SpalledPillarB.fbx\"", \""Timestamp\"" : \""1790619911\"", \""FileMD5\"" : \""b80c8c6fa7708e373355d855f7e0f154\"", \""DisplayLabelName\"" : \""\"" }]""}"
/Game/Environment/OvergrownHall/TripoFull/Meshes/SM_OH_TripoCrown,"{""AssetImportData"": ""[{ \""RelativeFilename\"" : \""../../../../../ArtSource/OvergrownHall/TripoReplacement/v009/SM_OH_TripoCrown.fbx\"", \""Timestamp\"" : \""1790592996\"", \""FileMD5\"" : \""d14f42040575241617dcf245e6f29852\"", \""DisplayLabelName\"" : \""\"" }]""}"
/Game/Environment/OvergrownHall/TripoFull/Meshes/SM_OH_T_01_ColumnBase,"{""AssetImportData"": ""[{ \""RelativeFilename\"" : \""../../../../../ArtSource/OvergrownHall/TripoReplacement/v002/01_ColumnBase/SM_OH_T_01_ColumnBase.fbx\"", \""Timestamp\"" : \""1790328782\"", \""FileMD5\"" : \""a920354011f0d499d6516c13aa8dc3be\"", \""DisplayLabelName\"" : \""\"" }]""}"
/Game/Environment/OvergrownHall/TripoFull/Meshes/SM_OH_T_03_ColumnCapital,"{""AssetImportData"": ""[{ \""RelativeFilename\"" : \""../../../../../ArtSource/OvergrownHall/TripoReplacement/v002/03_ColumnCapital/SM_OH_T_03_ColumnCapital.fbx\"", \""Timestamp\"" : \""1790328784\"", \""FileMD5\"" : \""bcdcaee8aa27f3745cad92c7ab74104e\"", \""DisplayLabelName\"" : \""\"" }]""}"
/Game/Environment/OvergrownHall/TripoFull/Meshes/SM_OH_T_04_SideArch,"{""AssetImportData"": ""[{ \""RelativeFilename\"" : \""../../../../../ArtSource/OvergrownHall/TripoReplacement/v002/04_SideArch/SM_OH_T_04_SideArch.fbx\"", \""Timestamp\"" : \""1790328786\"", \""FileMD5\"" : \""012eb9d6f4f1f4e97ad2685ad42492f6\"", \""DisplayLabelName\"" : \""\"" }]""}"
/Game/Environment/OvergrownHall/TripoFull/Meshes/SM_OH_T_05_Wall,"{""AssetImportData"": ""[{ \""RelativeFilename\"" : \""../../../../../ArtSource/OvergrownHall/TripoReplacement/v002/05_Wall/SM_OH_T_05_Wall.fbx\"", \""Timestamp\"" : \""1790328787\"", \""FileMD5\"" : \""ae0af4cfad2c2af173e181f35f79df9c\"", \""DisplayLabelName\"" : \""\"" }]""}"
/Game/Environment/OvergrownHall/TripoFull/Meshes/SM_OH_T_06_WindowLower,"{""AssetImportData"": ""[{ \""RelativeFilename\"" : \""../../../../../ArtSource/OvergrownHall/TripoReplacement/v002/06_WindowLower/SM_OH_T_06_WindowLower.fbx\"", \""Timestamp\"" : \""1790328788\"", \""FileMD5\"" : \""d2d4f3620b4f7012ec4ba05c07813e84\"", \""DisplayLabelName\"" : \""\"" }]""}"
/Game/Environment/OvergrownHall/TripoFull/Meshes/SM_OH_T_07_WindowArch,"{""AssetImportData"": ""[{ \""RelativeFilename\"" : \""../../../../../ArtSource/OvergrownHall/TripoReplacement/v002/07_WindowArch/SM_OH_T_07_WindowArch.fbx\"", \""Timestamp\"" : \""1790328790\"", \""FileMD5\"" : \""69b9859deb160162b7418901add304ba\"", \""DisplayLabelName\"" : \""\"" }]""}"
/Game/Environment/OvergrownHall/TripoFull/Meshes/SM_OH_T_08_Mullion,"{""AssetImportData"": ""[{ \""RelativeFilename\"" : \""../../../../../ArtSource/OvergrownHall/TripoReplacement/v002/08_Mullion/SM_OH_T_08_Mullion.fbx\"", \""Timestamp\"" : \""1790328794\"", \""FileMD5\"" : \""54c269b8e23727c9efdd8d6526282f2d\"", \""DisplayLabelName\"" : \""\"" }]""}"
/Game/Environment/OvergrownHall/TripoFull/Meshes/SM_OH_T_09_Beam,"{""AssetImportData"": ""[{ \""RelativeFilename\"" : \""../../../../../ArtSource/OvergrownHall/TripoReplacement/v002/09_Beam/SM_OH_T_09_Beam.fbx\"", \""Timestamp\"" : \""1790328797\"", \""FileMD5\"" : \""f574983e453a536976d1275b6c5ba6c8\"", \""DisplayLabelName\"" : \""\"" }]""}"
/Game/Environment/OvergrownHall/TripoFull/Meshes/SM_OH_T_10_RoofTruss,"{""AssetImportData"": ""[{ \""RelativeFilename\"" : \""../../../../../ArtSource/OvergrownHall/TripoReplacement/v002/10_RoofTruss/SM_OH_T_10_RoofTruss.fbx\"", \""Timestamp\"" : \""1790328801\"", \""FileMD5\"" : \""cd6aa8ac4efccc4d573ec97b877a36d0\"", \""DisplayLabelName\"" : \""\"" }]""}"
/Game/Environment/OvergrownHall/TripoFull/Meshes/SM_OH_T_11_BrokenBeam,"{""AssetImportData"": ""[{ \""RelativeFilename\"" : \""../../../../../ArtSource/OvergrownHall/TripoReplacement/v002/11_BrokenBeam/SM_OH_T_11_BrokenBeam.fbx\"", \""Timestamp\"" : \""1790328965\"", \""FileMD5\"" : \""4c13ff6318aab5777c2239630c149bbf\"", \""DisplayLabelName\"" : \""\"" }]""}"
/Game/Environment/OvergrownHall/TripoFull/Meshes/SM_OH_T_12_SmallArch,"{""AssetImportData"": ""[{ \""RelativeFilename\"" : \""../../../../../ArtSource/OvergrownHall/TripoReplacement/v002/12_SmallArch/SM_OH_T_12_SmallArch.fbx\"", \""Timestamp\"" : \""1790328966\"", \""FileMD5\"" : \""d596c885da3d22ee7ce7e30497fc28eb\"", \""DisplayLabelName\"" : \""\"" }]""}"
/Game/Environment/OvergrownHall/TripoFull/Meshes/SM_OH_T_13_Floor,"{""AssetImportData"": ""[{ \""RelativeFilename\"" : \""../../../../../ArtSource/OvergrownHall/TripoReplacement/v002/13_Floor/SM_OH_T_13_Floor.fbx\"", \""Timestamp\"" : \""1790329215\"", \""FileMD5\"" : \""9772cf2c89cbe0850632a74d3c56ed76\"", \""DisplayLabelName\"" : \""\"" }]""}"
/Game/Environment/OvergrownHall/TripoFull/Meshes/SM_OH_T_14_Bench,"{""AssetImportData"": ""[{ \""RelativeFilename\"" : \""../../../../../ArtSource/OvergrownHall/TripoReplacement/v002/14_Bench/SM_OH_T_14_Bench.fbx\"", \""Timestamp\"" : \""1790328969\"", \""FileMD5\"" : \""b3444d9859f4666f5a532d37fbf65969\"", \""DisplayLabelName\"" : \""\"" }]""}"
/Game/Environment/OvergrownHall/TripoFull/Meshes/SM_OH_T_15_Rubble,"{""AssetImportData"": ""[{ \""RelativeFilename\"" : \""../../../../../ArtSource/OvergrownHall/TripoReplacement/v002/15_Rubble/SM_OH_T_15_Rubble.fbx\"", \""Timestamp\"" : \""1790328970\"", \""FileMD5\"" : \""456b602d59c8c449bbed084fb79c364a\"", \""DisplayLabelName\"" : \""\"" }]""}"
/Game/Environment/OvergrownHall/TripoFull/Meshes/SM_OH_T_16_Grass,"{""AssetImportData"": ""[{ \""RelativeFilename\"" : \""../../../../../ArtSource/OvergrownHall/TripoReplacement/v002/16_Grass/SM_OH_T_16_Grass.fbx\"", \""Timestamp\"" : \""1790328971\"", \""FileMD5\"" : \""1eda2398da404b8782d06c298249f071\"", \""DisplayLabelName\"" : \""\"" }]""}"
/Game/Environment/OvergrownHall/TripoFull/Meshes/SM_OH_T_17_Shrub,"{""AssetImportData"": ""[{ \""RelativeFilename\"" : \""../../../../../ArtSource/OvergrownHall/TripoReplacement/v002/17_Shrub/SM_OH_T_17_Shrub.fbx\"", \""Timestamp\"" : \""1790328975\"", \""FileMD5\"" : \""0f0aef65b60d42fa276f645f8c010f28\"", \""DisplayLabelName\"" : \""\"" }]""}"
/Game/Environment/OvergrownHall/TripoFull/Meshes/SM_OH_T_18_Vine,"{""AssetImportData"": ""[{ \""RelativeFilename\"" : \""../../../../../ArtSource/OvergrownHall/TripoReplacement/v002/18_Vine/SM_OH_T_18_Vine.fbx\"", \""Timestamp\"" : \""1790328979\"", \""FileMD5\"" : \""adf9622714e6cf2ffb977ca8baebc7cc\"", \""DisplayLabelName\"" : \""\"" }]""}"
/Game/Environment/OvergrownHall/TripoFull/Meshes/SM_OH_T_25_Railing,"{""AssetImportData"": ""[{ \""RelativeFilename\"" : \""../../../../../ArtSource/OvergrownHall/TripoReplacement/v002/25_Railing/SM_OH_T_25_Railing.fbx\"", \""Timestamp\"" : \""1790328982\"", \""FileMD5\"" : \""a3c6b0c7ca10ed53edda01bf984f4026\"", \""DisplayLabelName\"" : \""\"" }]""}"
/Game/Environment/OvergrownHall/TripoFull/Meshes/SM_OH_T_26_RoofPanel,"{""AssetImportData"": ""[{ \""RelativeFilename\"" : \""../../../../../ArtSource/OvergrownHall/TripoReplacement/v002/26_RoofPanel/SM_OH_T_26_RoofPanel.fbx\"", \""Timestamp\"" : \""1790328985\"", \""FileMD5\"" : \""cf1983118b4f55530628b1fd997f48ab\"", \""DisplayLabelName\"" : \""\"" }]""}"
/Game/Environment/OvergrownHall/TripoFull/Meshes/SM_OH_UpperWallInfillA,"{""AssetImportData"": ""[{ \""RelativeFilename\"" : \""../../../../../ArtSource/OvergrownHall/TripoReplacement/v024/SM_OH_UpperWallInfillA.fbx\"", \""Timestamp\"" : \""1790687237\"", \""FileMD5\"" : \""63afc84b7588ace35bad1376c76df0dc\"", \""DisplayLabelName\"" : \""\"" }]""}"
/Game/Environment/OvergrownHall/TripoFull/Meshes/SM_OH_UpperWallInfillB,"{""AssetImportData"": ""[{ \""RelativeFilename\"" : \""../../../../../ArtSource/OvergrownHall/TripoReplacement/v024/SM_OH_UpperWallInfillB.fbx\"", \""Timestamp\"" : \""1790687238\"", \""FileMD5\"" : \""0f584168353acb563858d3d210d4cfc9\"", \""DisplayLabelName\"" : \""\"" }]""}"
/Game/Environment/OvergrownHall/TripoFull/Textures/T_OH_01_basecolor,"{""AssetImportData"": ""[{ \""RelativeFilename\"" : \""../../../../../ArtSource/OvergrownHall/TripoReplacement/v002/01_ColumnBase/basecolor.png\"", \""Timestamp\"" : \""1790328765\"", \""FileMD5\"" : \""4ac6b5b29cafe53d6a8f8944bb48d392\"", \""DisplayLabelName\"" : \""\"" }]""}"
/Game/Environment/OvergrownHall/TripoFull/Textures/T_OH_01_normal,"{""AssetImportData"": ""[{ \""RelativeFilename\"" : \""../../../../../ArtSource/OvergrownHall/TripoReplacement/v002/01_ColumnBase/normal.png\"", \""Timestamp\"" : \""1790328766\"", \""FileMD5\"" : \""9821d88ea5f50d161dbd7ad49aef7d9b\"", \""DisplayLabelName\"" : \""\"" }]""}"
/Game/Environment/OvergrownHall/TripoFull/Textures/T_OH_01_rm,"{""AssetImportData"": ""[{ \""RelativeFilename\"" : \""../../../../../ArtSource/OvergrownHall/TripoReplacement/v002/01_ColumnBase/rm.png\"", \""Timestamp\"" : \""1790328767\"", \""FileMD5\"" : \""c9157644a9db9f6a1d684fb5ebe2e9b1\"", \""DisplayLabelName\"" : \""\"" }]""}"
/Game/Environment/OvergrownHall/TripoFull/Textures/T_OH_03_basecolor,"{""AssetImportData"": ""[{ \""RelativeFilename\"" : \""../../../../../ArtSource/OvergrownHall/TripoReplacement/v002/03_ColumnCapital/basecolor.png\"", \""Timestamp\"" : \""1790328767\"", \""FileMD5\"" : \""ec1ab2627207545bd96daeb1eed66688\"", \""DisplayLabelName\"" : \""\"" }]""}"
/Game/Environment/OvergrownHall/TripoFull/Textures/T_OH_03_normal,"{""AssetImportData"": ""[{ \""RelativeFilename\"" : \""../../../../../ArtSource/OvergrownHall/TripoReplacement/v002/03_ColumnCapital/normal.png\"", \""Timestamp\"" : \""1790328768\"", \""FileMD5\"" : \""db062c3188208711d532a8519a64602b\"", \""DisplayLabelName\"" : \""\"" }]""}"
/Game/Environment/OvergrownHall/TripoFull/Textures/T_OH_03_rm,"{""AssetImportData"": ""[{ \""RelativeFilename\"" : \""../../../../../ArtSource/OvergrownHall/TripoReplacement/v002/03_ColumnCapital/rm.png\"", \""Timestamp\"" : \""1790328769\"", \""FileMD5\"" : \""63494ee04a3533d650b4ab0fc470d5d2\"", \""DisplayLabelName\"" : \""\"" }]""}"
/Game/Environment/OvergrownHall/TripoFull/Textures/T_OH_04_basecolor,"{""AssetImportData"": ""[{ \""RelativeFilename\"" : \""../../../../../ArtSource/OvergrownHall/TripoReplacement/v002/04_SideArch/basecolor.png\"", \""Timestamp\"" : \""1790328770\"", \""FileMD5\"" : \""61d7e6d7847d0e17b6bee35b42b636ab\"", \""DisplayLabelName\"" : \""\"" }]""}"
/Game/Environment/OvergrownHall/TripoFull/Textures/T_OH_04_normal,"{""AssetImportData"": ""[{ \""RelativeFilename\"" : \""../../../../../ArtSource/OvergrownHall/TripoReplacement/v002/04_SideArch/normal.png\"", \""Timestamp\"" : \""1790328770\"", \""FileMD5\"" : \""60d0aeaabb1a8a4e7c4c072897c3c782\"", \""DisplayLabelName\"" : \""\"" }]""}"
/Game/Environment/OvergrownHall/TripoFull/Textures/T_OH_04_rm,"{""AssetImportData"": ""[{ \""RelativeFilename\"" : \""../../../../../ArtSource/OvergrownHall/TripoReplacement/v002/04_SideArch/rm.png\"", \""Timestamp\"" : \""1790328772\"", \""FileMD5\"" : \""291e6cd51ed694f44379a740ccb71311\"", \""DisplayLabelName\"" : \""\"" }]""}"
/Game/Environment/OvergrownHall/TripoFull/Textures/T_OH_05_basecolor,"{""AssetImportData"": ""[{ \""RelativeFilename\"" : \""../../../../../ArtSource/OvergrownHall/TripoReplacement/v002/05_Wall/basecolor.png\"", \""Timestamp\"" : \""1790328773\"", \""FileMD5\"" : \""4eaa933b3c4b001f711b38ef06151693\"", \""DisplayLabelName\"" : \""\"" }]""}"
/Game/Environment/OvergrownHall/TripoFull/Textures/T_OH_05_normal,"{""AssetImportData"": ""[{ \""RelativeFilename\"" : \""../../../../../ArtSource/OvergrownHall/TripoReplacement/v002/05_Wall/normal.png\"", \""Timestamp\"" : \""1790328774\"", \""FileMD5\"" : \""7b51b0fbbc0369faf186d576804f8a15\"", \""DisplayLabelName\"" : \""\"" }]""}"
/Game/Environment/OvergrownHall/TripoFull/Textures/T_OH_05_rm,"{""AssetImportData"": ""[{ \""RelativeFilename\"" : \""../../../../../ArtSource/OvergrownHall/TripoReplacement/v002/05_Wall/rm.png\"", \""Timestamp\"" : \""1790328776\"", \""FileMD5\"" : \""4f41e7bc5d6185ced30010f2ab4d2e10\"", \""DisplayLabelName\"" : \""\"" }]""}"
/Game/Environment/OvergrownHall/TripoFull/Textures/T_OH_06_basecolor,"{""AssetImportData"": ""[{ \""RelativeFilename\"" : \""../../../../../ArtSource/OvergrownHall/TripoReplacement/v002/06_WindowLower/basecolor.png\"", \""Timestamp\"" : \""1790328778\"", \""FileMD5\"" : \""1e23161ff12120210669b7c777d313e7\"", \""DisplayLabelName\"" : \""\"" }]""}"
/Game/Environment/OvergrownHall/TripoFull/Textures/T_OH_06_normal,"{""AssetImportData"": ""[{ \""RelativeFilename\"" : \""../../../../../ArtSource/OvergrownHall/TripoReplacement/v002/06_WindowLower/normal.png\"", \""Timestamp\"" : \""1790328778\"", \""FileMD5\"" : \""c0679f7f2cc8b1b2f5a41b7cc233beb1\"", \""DisplayLabelName\"" : \""\"" }]""}"
/Game/Environment/OvergrownHall/TripoFull/Textures/T_OH_06_rm,"{""AssetImportData"": ""[{ \""RelativeFilename\"" : \""../../../../../ArtSource/OvergrownHall/TripoReplacement/v002/06_WindowLower/rm.png\"", \""Timestamp\"" : \""1790328781\"", \""FileMD5\"" : \""a2303fdb5e1f242c0c7f3fca15260608\"", \""DisplayLabelName\"" : \""\"" }]""}"
/Game/Environment/OvergrownHall/TripoFull/Textures/T_OH_07_basecolor,"{""AssetImportData"": ""[{ \""RelativeFilename\"" : \""../../../../../ArtSource/OvergrownHall/TripoReplacement/v002/07_WindowArch/basecolor.png\"", \""Timestamp\"" : \""1790328782\"", \""FileMD5\"" : \""669eb9a63c09d0b29f9b6fb3514b7fda\"", \""DisplayLabelName\"" : \""\"" }]""}"
/Game/Environment/OvergrownHall/TripoFull/Textures/T_OH_07_normal,"{""AssetImportData"": ""[{ \""RelativeFilename\"" : \""../../../../../ArtSource/OvergrownHall/TripoReplacement/v002/07_WindowArch/normal.png\"", \""Timestamp\"" : \""1790328783\"", \""FileMD5\"" : \""7e17bb862da1937974e382aefb5fb701\"", \""DisplayLabelName\"" : \""\"" }]""}"
/Game/Environment/OvergrownHall/TripoFull/Textures/T_OH_07_rm,"{""AssetImportData"": ""[{ \""RelativeFilename\"" : \""../../../../../ArtSource/OvergrownHall/TripoReplacement/v002/07_WindowArch/rm.png\"", \""Timestamp\"" : \""1790328785\"", \""FileMD5\"" : \""d7e32921c1e07b054cb98fe4685a7e00\"", \""DisplayLabelName\"" : \""\"" }]""}"
/Game/Environment/OvergrownHall/TripoFull/Textures/T_OH_08_basecolor,"{""AssetImportData"": ""[{ \""RelativeFilename\"" : \""../../../../../ArtSource/OvergrownHall/TripoReplacement/v002/08_Mullion/basecolor.png\"", \""Timestamp\"" : \""1790328787\"", \""FileMD5\"" : \""b990d07bd7e0f9e8d58a749367af66ac\"", \""DisplayLabelName\"" : \""\"" }]""}"
/Game/Environment/OvergrownHall/TripoFull/Textures/T_OH_08_normal,"{""AssetImportData"": ""[{ \""RelativeFilename\"" : \""../../../../../ArtSource/OvergrownHall/TripoReplacement/v002/08_Mullion/normal.png\"", \""Timestamp\"" : \""1790328788\"", \""FileMD5\"" : \""c42b66373e6c90cca03c9bbd8f6baef6\"", \""DisplayLabelName\"" : \""\"" }]""}"
/Game/Environment/OvergrownHall/TripoFull/Textures/T_OH_08_rm,"{""AssetImportData"": ""[{ \""RelativeFilename\"" : \""../../../../../ArtSource/OvergrownHall/TripoReplacement/v002/08_Mullion/rm.png\"", \""Timestamp\"" : \""1790328790\"", \""FileMD5\"" : \""39a1ba14cea3e6ad107be1903ab276e8\"", \""DisplayLabelName\"" : \""\"" }]""}"
/Game/Environment/OvergrownHall/TripoFull/Textures/T_OH_09_basecolor,"{""AssetImportData"": ""[{ \""RelativeFilename\"" : \""../../../../../ArtSource/OvergrownHall/TripoReplacement/v002/09_Beam/basecolor.png\"", \""Timestamp\"" : \""1790328792\"", \""FileMD5\"" : \""a622d270d68c7a4ee2c49742792d9940\"", \""DisplayLabelName\"" : \""\"" }]""}"
/Game/Environment/OvergrownHall/TripoFull/Textures/T_OH_09_normal,"{""AssetImportData"": ""[{ \""RelativeFilename\"" : \""../../../../../ArtSource/OvergrownHall/TripoReplacement/v002/09_Beam/normal.png\"", \""Timestamp\"" : \""1790328794\"", \""FileMD5\"" : \""011ac549c5e683559064300caa4bff1f\"", \""DisplayLabelName\"" : \""\"" }]""}"
/Game/Environment/OvergrownHall/TripoFull/Textures/T_OH_09_rm,"{""AssetImportData"": ""[{ \""RelativeFilename\"" : \""../../../../../ArtSource/OvergrownHall/TripoReplacement/v002/09_Beam/rm.png\"", \""Timestamp\"" : \""1790328796\"", \""FileMD5\"" : \""42b7faffd773afcc8040ca6a14f96e3e\"", \""DisplayLabelName\"" : \""\"" }]""}"
/Game/Environment/OvergrownHall/TripoFull/Textures/T_OH_10_basecolor,"{""AssetImportData"": ""[{ \""RelativeFilename\"" : \""../../../../../ArtSource/OvergrownHall/TripoReplacement/v002/10_RoofTruss/basecolor.png\"", \""Timestamp\"" : \""1790328799\"", \""FileMD5\"" : \""cd3acdd57bc1491f17f2693a62b494c4\"", \""DisplayLabelName\"" : \""\"" }]""}"
/Game/Environment/OvergrownHall/TripoFull/Textures/T_OH_10_normal,"{""AssetImportData"": ""[{ \""RelativeFilename\"" : \""../../../../../ArtSource/OvergrownHall/TripoReplacement/v002/10_RoofTruss/normal.png\"", \""Timestamp\"" : \""1790328800\"", \""FileMD5\"" : \""f74a3523eed69e542b7f81254f1ef1c9\"", \""DisplayLabelName\"" : \""\"" }]""}"
/Game/Environment/OvergrownHall/TripoFull/Textures/T_OH_10_rm,"{""AssetImportData"": ""[{ \""RelativeFilename\"" : \""../../../../../ArtSource/OvergrownHall/TripoReplacement/v002/10_RoofTruss/rm.png\"", \""Timestamp\"" : \""1790328804\"", \""FileMD5\"" : \""861b232f4504cfafbcb97f54ad54619c\"", \""DisplayLabelName\"" : \""\"" }]""}"
/Game/Environment/OvergrownHall/TripoFull/Textures/T_OH_11_basecolor,"{""AssetImportData"": ""[{ \""RelativeFilename\"" : \""../../../../../ArtSource/OvergrownHall/TripoReplacement/v002/11_BrokenBeam/basecolor.png\"", \""Timestamp\"" : \""1790328805\"", \""FileMD5\"" : \""05685d83c7364879f2cab1f8ffe67196\"", \""DisplayLabelName\"" : \""\"" }]""}"
/Game/Environment/OvergrownHall/TripoFull/Textures/T_OH_11_normal,"{""AssetImportData"": ""[{ \""RelativeFilename\"" : \""../../../../../ArtSource/OvergrownHall/TripoReplacement/v002/11_BrokenBeam/normal.png\"", \""Timestamp\"" : \""1790328806\"", \""FileMD5\"" : \""6b62facf15cecd20921bc23e7620866a\"", \""DisplayLabelName\"" : \""\"" }]""}"
/Game/Environment/OvergrownHall/TripoFull/Textures/T_OH_11_rm,"{""AssetImportData"": ""[{ \""RelativeFilename\"" : \""../../../../../ArtSource/OvergrownHall/TripoReplacement/v002/11_BrokenBeam/rm.png\"", \""Timestamp\"" : \""1790328807\"", \""FileMD5\"" : \""50644b48554183b5a06f5ecee8f0cbc1\"", \""DisplayLabelName\"" : \""\"" }]""}"
/Game/Environment/OvergrownHall/TripoFull/Textures/T_OH_12_basecolor,"{""AssetImportData"": ""[{ \""RelativeFilename\"" : \""../../../../../ArtSource/OvergrownHall/TripoReplacement/v002/12_SmallArch/basecolor.png\"", \""Timestamp\"" : \""1790328808\"", \""FileMD5\"" : \""544789e236b1b3f0c786d0a0ad7fece7\"", \""DisplayLabelName\"" : \""\"" }]""}"
/Game/Environment/OvergrownHall/TripoFull/Textures/T_OH_12_normal,"{""AssetImportData"": ""[{ \""RelativeFilename\"" : \""../../../../../ArtSource/OvergrownHall/TripoReplacement/v002/12_SmallArch/normal.png\"", \""Timestamp\"" : \""1790328809\"", \""FileMD5\"" : \""bf3003d26003dfa92eb3f3f109f62349\"", \""DisplayLabelName\"" : \""\"" }]""}"
/Game/Environment/OvergrownHall/TripoFull/Textures/T_OH_12_rm,"{""AssetImportData"": ""[{ \""RelativeFilename\"" : \""../../../../../ArtSource/OvergrownHall/TripoReplacement/v002/12_SmallArch/rm.png\"", \""Timestamp\"" : \""1790328812\"", \""FileMD5\"" : \""ec9c0750d603d43d185313ce5ce688f2\"", \""DisplayLabelName\"" : \""\"" }]""}"
/Game/Environment/OvergrownHall/TripoFull/Textures/T_OH_13_basecolor,"{""AssetImportData"": ""[{ \""RelativeFilename\"" : \""../../../../../ArtSource/OvergrownHall/TripoReplacement/v002/13_Floor/basecolor.png\"", \""Timestamp\"" : \""1790328813\"", \""FileMD5\"" : \""6b2ea75c33323cebefabdd2876a7eb61\"", \""DisplayLabelName\"" : \""\"" }]""}"
/Game/Environment/OvergrownHall/TripoFull/Textures/T_OH_13_normal,"{""AssetImportData"": ""[{ \""RelativeFilename\"" : \""../../../../../ArtSource/OvergrownHall/TripoReplacement/v002/13_Floor/normal.png\"", \""Timestamp\"" : \""1790328814\"", \""FileMD5\"" : \""d418ca9491c5cc181e91433ab23bebd3\"", \""DisplayLabelName\"" : \""\"" }]""}"
/Game/Environment/OvergrownHall/TripoFull/Textures/T_OH_13_rm,"{""AssetImportData"": ""[{ \""RelativeFilename\"" : \""../../../../../ArtSource/OvergrownHall/TripoReplacement/v002/13_Floor/rm.png\"", \""Timestamp\"" : \""1790328816\"", \""FileMD5\"" : \""82d27c889dbfae4b07c30ec25b39662b\"", \""DisplayLabelName\"" : \""\"" }]""}"
/Game/Environment/OvergrownHall/TripoFull/Textures/T_OH_14_basecolor,"{""AssetImportData"": ""[{ \""RelativeFilename\"" : \""../../../../../ArtSource/OvergrownHall/TripoReplacement/v002/14_Bench/basecolor.png\"", \""Timestamp\"" : \""1790328817\"", \""FileMD5\"" : \""27668f4a65d567c67f041d3fa9564a82\"", \""DisplayLabelName\"" : \""\"" }]""}"
/Game/Environment/OvergrownHall/TripoFull/Textures/T_OH_14_normal,"{""AssetImportData"": ""[{ \""RelativeFilename\"" : \""../../../../../ArtSource/OvergrownHall/TripoReplacement/v002/14_Bench/normal.png\"", \""Timestamp\"" : \""1790328818\"", \""FileMD5\"" : \""fb5e6d6d263207c3da371b832bc01d1b\"", \""DisplayLabelName\"" : \""\"" }]""}"
/Game/Environment/OvergrownHall/TripoFull/Textures/T_OH_14_rm,"{""AssetImportData"": ""[{ \""RelativeFilename\"" : \""../../../../../ArtSource/OvergrownHall/TripoReplacement/v002/14_Bench/rm.png\"", \""Timestamp\"" : \""1790328821\"", \""FileMD5\"" : \""36f4dfb5dcb02819ec61dfa0c804aed4\"", \""DisplayLabelName\"" : \""\"" }]""}"
/Game/Environment/OvergrownHall/TripoFull/Textures/T_OH_15_basecolor,"{""AssetImportData"": ""[{ \""RelativeFilename\"" : \""../../../../../ArtSource/OvergrownHall/TripoReplacement/v002/15_Rubble/basecolor.png\"", \""Timestamp\"" : \""1790328822\"", \""FileMD5\"" : \""77eb198546939ea1227e2fd55669985d\"", \""DisplayLabelName\"" : \""\"" }]""}"
/Game/Environment/OvergrownHall/TripoFull/Textures/T_OH_15_normal,"{""AssetImportData"": ""[{ \""RelativeFilename\"" : \""../../../../../ArtSource/OvergrownHall/TripoReplacement/v002/15_Rubble/normal.png\"", \""Timestamp\"" : \""1790328823\"", \""FileMD5\"" : \""c4a917496390f654b23e4a560b351f63\"", \""DisplayLabelName\"" : \""\"" }]""}"
/Game/Environment/OvergrownHall/TripoFull/Textures/T_OH_15_rm,"{""AssetImportData"": ""[{ \""RelativeFilename\"" : \""../../../../../ArtSource/OvergrownHall/TripoReplacement/v002/15_Rubble/rm.png\"", \""Timestamp\"" : \""1790328825\"", \""FileMD5\"" : \""30a076e2200033304f93a7a4d8d729e7\"", \""DisplayLabelName\"" : \""\"" }]""}"
/Game/Environment/OvergrownHall/TripoFull/Textures/T_OH_16_basecolor,"{""AssetImportData"": ""[{ \""RelativeFilename\"" : \""../../../../../ArtSource/OvergrownHall/TripoReplacement/v002/16_Grass/basecolor.png\"", \""Timestamp\"" : \""1790328826\"", \""FileMD5\"" : \""71393249028fea26e31a8c71b928912a\"", \""DisplayLabelName\"" : \""\"" }]""}"
/Game/Environment/OvergrownHall/TripoFull/Textures/T_OH_16_normal,"{""AssetImportData"": ""[{ \""RelativeFilename\"" : \""../../../../../ArtSource/OvergrownHall/TripoReplacement/v002/16_Grass/normal.png\"", \""Timestamp\"" : \""1790328827\"", \""FileMD5\"" : \""f911b388bd4cc1892b8a0dfc8e658366\"", \""DisplayLabelName\"" : \""\"" }]""}"
/Game/Environment/OvergrownHall/TripoFull/Textures/T_OH_16_rm,"{""AssetImportData"": ""[{ \""RelativeFilename\"" : \""../../../../../ArtSource/OvergrownHall/TripoReplacement/v002/16_Grass/rm.png\"", \""Timestamp\"" : \""1790328829\"", \""FileMD5\"" : \""ac722e7bcbdd5e8a84ef63119ca24e87\"", \""DisplayLabelName\"" : \""\"" }]""}"
/Game/Environment/OvergrownHall/TripoFull/Textures/T_OH_17_basecolor,"{""AssetImportData"": ""[{ \""RelativeFilename\"" : \""../../../../../ArtSource/OvergrownHall/TripoReplacement/v002/17_Shrub/basecolor.png\"", \""Timestamp\"" : \""1790328831\"", \""FileMD5\"" : \""5f1b60bfe6941a5575a2dc619e397675\"", \""DisplayLabelName\"" : \""\"" }]""}"
/Game/Environment/OvergrownHall/TripoFull/Textures/T_OH_17_normal,"{""AssetImportData"": ""[{ \""RelativeFilename\"" : \""../../../../../ArtSource/OvergrownHall/TripoReplacement/v002/17_Shrub/normal.png\"", \""Timestamp\"" : \""1790328831\"", \""FileMD5\"" : \""93594f0f33734173db5594e40b596470\"", \""DisplayLabelName\"" : \""\"" }]""}"
/Game/Environment/OvergrownHall/TripoFull/Textures/T_OH_17_rm,"{""AssetImportData"": ""[{ \""RelativeFilename\"" : \""../../../../../ArtSource/OvergrownHall/TripoReplacement/v002/17_Shrub/rm.png\"", \""Timestamp\"" : \""1790328834\"", \""FileMD5\"" : \""e07f2ddcba80290cf82b419b5b37982d\"", \""DisplayLabelName\"" : \""\"" }]""}"
/Game/Environment/OvergrownHall/TripoFull/Textures/T_OH_18_basecolor,"{""AssetImportData"": ""[{ \""RelativeFilename\"" : \""../../../../../ArtSource/OvergrownHall/TripoReplacement/v002/18_Vine/basecolor.png\"", \""Timestamp\"" : \""1790328836\"", \""FileMD5\"" : \""b3e1e86b2fda30038c01d39fa7dc70f5\"", \""DisplayLabelName\"" : \""\"" }]""}"
/Game/Environment/OvergrownHall/TripoFull/Textures/T_OH_18_normal,"{""AssetImportData"": ""[{ \""RelativeFilename\"" : \""../../../../../ArtSource/OvergrownHall/TripoReplacement/v002/18_Vine/normal.png\"", \""Timestamp\"" : \""1790328836\"", \""FileMD5\"" : \""2b3c89ee474058659969c912fe9a5ee3\"", \""DisplayLabelName\"" : \""\"" }]""}"
/Game/Environment/OvergrownHall/TripoFull/Textures/T_OH_18_rm,"{""AssetImportData"": ""[{ \""RelativeFilename\"" : \""../../../../../ArtSource/OvergrownHall/TripoReplacement/v002/18_Vine/rm.png\"", \""Timestamp\"" : \""1790328839\"", \""FileMD5\"" : \""fbe3f7dd19db39666424b77db03790da\"", \""DisplayLabelName\"" : \""\"" }]""}"
/Game/Environment/OvergrownHall/TripoFull/Textures/T_OH_25_basecolor,"{""AssetImportData"": ""[{ \""RelativeFilename\"" : \""../../../../../ArtSource/OvergrownHall/TripoReplacement/v002/25_Railing/basecolor.png\"", \""Timestamp\"" : \""1790328840\"", \""FileMD5\"" : \""476439347f16af8c991e25c09a920098\"", \""DisplayLabelName\"" : \""\"" }]""}"
/Game/Environment/OvergrownHall/TripoFull/Textures/T_OH_25_normal,"{""AssetImportData"": ""[{ \""RelativeFilename\"" : \""../../../../../ArtSource/OvergrownHall/TripoReplacement/v002/25_Railing/normal.png\"", \""Timestamp\"" : \""1790328841\"", \""FileMD5\"" : \""266fc5eb6f2b090f957181bd61379d00\"", \""DisplayLabelName\"" : \""\"" }]""}"
/Game/Environment/OvergrownHall/TripoFull/Textures/T_OH_25_rm,"{""AssetImportData"": ""[{ \""RelativeFilename\"" : \""../../../../../ArtSource/OvergrownHall/TripoReplacement/v002/25_Railing/rm.png\"", \""Timestamp\"" : \""1790328844\"", \""FileMD5\"" : \""7416f1ce13449fe9377f112cdec9b6a3\"", \""DisplayLabelName\"" : \""\"" }]""}"
/Game/Environment/OvergrownHall/TripoFull/Textures/T_OH_26_basecolor,"{""AssetImportData"": ""[{ \""RelativeFilename\"" : \""../../../../../ArtSource/OvergrownHall/TripoReplacement/v002/26_RoofPanel/basecolor.png\"", \""Timestamp\"" : \""1790328845\"", \""FileMD5\"" : \""331563f1607d95a6e3cd614287b7f88a\"", \""DisplayLabelName\"" : \""\"" }]""}"
/Game/Environment/OvergrownHall/TripoFull/Textures/T_OH_26_normal,"{""AssetImportData"": ""[{ \""RelativeFilename\"" : \""../../../../../ArtSource/OvergrownHall/TripoReplacement/v002/26_RoofPanel/normal.png\"", \""Timestamp\"" : \""1790328845\"", \""FileMD5\"" : \""396313c0660651d3ba0826de9940453e\"", \""DisplayLabelName\"" : \""\"" }]""}"
/Game/Environment/OvergrownHall/TripoFull/Textures/T_OH_26_rm,"{""AssetImportData"": ""[{ \""RelativeFilename\"" : \""../../../../../ArtSource/OvergrownHall/TripoReplacement/v002/26_RoofPanel/rm.png\"", \""Timestamp\"" : \""1790328847\"", \""FileMD5\"" : \""24a000c27a3c61f28fb6d2d0b19d0560\"", \""DisplayLabelName\"" : \""\"" }]""}"
/Game/Environment/OvergrownHall/TripoReplacement/Meshes/SM_OH_RemainingPiers,"{""AssetImportData"": ""[{ \""RelativeFilename\"" : \""../../../../../ArtSource/OvergrownHall/TripoReplacement/v001/SM_OH_RemainingPiers.fbx\"", \""Timestamp\"" : \""1790325621\"", \""FileMD5\"" : \""6ef9a2971caa0243e55a248e68ac727d\"", \""DisplayLabelName\"" : \""\"" }]""}"
/Game/Environment/OvergrownHall/TripoReplacement/Meshes/SM_OH_Tripo_Pillar,"{""AssetImportData"": ""[{ \""RelativeFilename\"" : \""../../../../../ArtSource/OvergrownHall/TripoReplacement/v001/Pillar/SM_OH_Tripo_Pillar.fbx\"", \""Timestamp\"" : \""1790326328\"", \""FileMD5\"" : \""5d643f88662a4c9cb821f6b0940182ff\"", \""DisplayLabelName\"" : \""\"" }]""}"
/Game/Environment/OvergrownHall/TripoReplacement/Meshes/SM_OH_Tripo_Tree,"{""AssetImportData"": ""[{ \""RelativeFilename\"" : \""../../../../../ArtSource/OvergrownHall/TripoReplacement/v001/Tree/SM_OH_Tripo_Tree.fbx\"", \""Timestamp\"" : \""1790326335\"", \""FileMD5\"" : \""980ac030765448ccb92cfad0223d1931\"", \""DisplayLabelName\"" : \""\"" }]""}"
/Game/Environment/OvergrownHall/TripoReplacement/Textures/T_Pillar_basecolor,"{""AssetImportData"": ""[{ \""RelativeFilename\"" : \""../../../../../ArtSource/OvergrownHall/TripoReplacement/v001/Pillar/basecolor.png\"", \""Timestamp\"" : \""1790326327\"", \""FileMD5\"" : \""c854d8209ceb3d2036989557844da5c0\"", \""DisplayLabelName\"" : \""\"" }]""}"
/Game/Environment/OvergrownHall/TripoReplacement/Textures/T_Pillar_normal,"{""AssetImportData"": ""[{ \""RelativeFilename\"" : \""../../../../../ArtSource/OvergrownHall/TripoReplacement/v001/Pillar/normal.png\"", \""Timestamp\"" : \""1790326327\"", \""FileMD5\"" : \""86dd03583cbcab8b9c0fb12d09b833fe\"", \""DisplayLabelName\"" : \""\"" }]""}"
/Game/Environment/OvergrownHall/TripoReplacement/Textures/T_Pillar_rm,"{""AssetImportData"": ""[{ \""RelativeFilename\"" : \""../../../../../ArtSource/OvergrownHall/TripoReplacement/v001/Pillar/rm.png\"", \""Timestamp\"" : \""1790326328\"", \""FileMD5\"" : \""092d1b3c9479541f7d7a04239ef2a740\"", \""DisplayLabelName\"" : \""\"" }]""}"
/Game/Environment/OvergrownHall/TripoReplacement/Textures/T_Tree_basecolor,"{""AssetImportData"": ""[{ \""RelativeFilename\"" : \""../../../../../ArtSource/OvergrownHall/TripoReplacement/v001/Tree/basecolor.png\"", \""Timestamp\"" : \""1790326333\"", \""FileMD5\"" : \""1cce5942523eb033d710cb94fd2db8f4\"", \""DisplayLabelName\"" : \""\"" }]""}"
/Game/Environment/OvergrownHall/TripoReplacement/Textures/T_Tree_normal,"{""AssetImportData"": ""[{ \""RelativeFilename\"" : \""../../../../../ArtSource/OvergrownHall/TripoReplacement/v001/Tree/normal.png\"", \""Timestamp\"" : \""1790326334\"", \""FileMD5\"" : \""94ccb93aef187be20ef15aec1454d641\"", \""DisplayLabelName\"" : \""\"" }]""}"
/Game/Environment/OvergrownHall/TripoReplacement/Textures/T_Tree_rm,"{""AssetImportData"": ""[{ \""RelativeFilename\"" : \""../../../../../ArtSource/OvergrownHall/TripoReplacement/v001/Tree/rm.png\"", \""Timestamp\"" : \""1790326334\"", \""FileMD5\"" : \""a782133481c8e1005750e1dcaf205c6d\"", \""DisplayLabelName\"" : \""\"" }]""}"
/Game/Environment/StairwellModular/Meshes/SM_Stairwell_DoorFrame13,"{""AssetImportData"": ""[{ \""RelativeFilename\"" : \""../../../../ArtSource/Stairwell_Modular/Export/DoorPair/SM_Stairwell_DoorFrame13.fbx\"", \""Timestamp\"" : \""1790188364\"", \""FileMD5\"" : \""170bac6eb36674947840e4ea00dfab33\"", \""DisplayLabelName\"" : \""\"" }]""}"
/Game/Environment/StairwellModular/Meshes/SM_Stairwell_DoorLeaf14,"{""AssetImportData"": ""[{ \""RelativeFilename\"" : \""../../../../ArtSource/Stairwell_Modular/Export/DoorPair/SM_Stairwell_DoorLeaf14.fbx\"", \""Timestamp\"" : \""1790188364\"", \""FileMD5\"" : \""b9ce90de349f5e4a5c30efb2b214bd73\"", \""DisplayLabelName\"" : \""\"" }]""}"
/Game/Environment/StairwellModular/ReviewKit/Meshes/SM_SW_01_Stair1,"{""AssetImportData"": ""[{ \""RelativeFilename\"" : \""../../../../../ArtSource/Stairwell_Modular/Production/v001/FBX/SM_SW_01_Stair1.fbx\"", \""Timestamp\"" : \""1790190285\"", \""FileMD5\"" : \""cd4d999971e0eae932ff8a2bf2a1b7bd\"", \""DisplayLabelName\"" : \""\"" }]""}"
/Game/Environment/StairwellModular/ReviewKit/Meshes/SM_SW_01_Stair6,"{""AssetImportData"": ""[{ \""RelativeFilename\"" : \""../../../../../ArtSource/Stairwell_Modular/Production/v001/FBX/SM_SW_01_Stair6.fbx\"", \""Timestamp\"" : \""1790190285\"", \""FileMD5\"" : \""c96ba9eaa6670562b63427cb16747f6a\"", \""DisplayLabelName\"" : \""\"" }]""}"
/Game/Environment/StairwellModular/ReviewKit/Meshes/SM_SW_02_Landing140,"{""AssetImportData"": ""[{ \""RelativeFilename\"" : \""../../../../../ArtSource/Stairwell_Modular/Production/v001/FBX/SM_SW_02_Landing140.fbx\"", \""Timestamp\"" : \""1790190285\"", \""FileMD5\"" : \""90d052191c941511596bce510c7ca17b\"", \""DisplayLabelName\"" : \""\"" }]""}"
/Game/Environment/StairwellModular/ReviewKit/Meshes/SM_SW_02_Landing180,"{""AssetImportData"": ""[{ \""RelativeFilename\"" : \""../../../../../ArtSource/Stairwell_Modular/Production/v001/FBX/SM_SW_02_Landing180.fbx\"", \""Timestamp\"" : \""1790190285\"", \""FileMD5\"" : \""299537ac8fe7f40282f05f1a185ff309\"", \""DisplayLabelName\"" : \""\"" }]""}"
/Game/Environment/StairwellModular/ReviewKit/Meshes/SM_SW_03_Floor60,"{""AssetImportData"": ""[{ \""RelativeFilename\"" : \""../../../../../ArtSource/Stairwell_Modular/Production/v001/FBX/SM_SW_03_Floor60.fbx\"", \""Timestamp\"" : \""1790190285\"", \""FileMD5\"" : \""b64345f62b381f0b92d71ea56739c419\"", \""DisplayLabelName\"" : \""\"" }]""}"
/Game/Environment/StairwellModular/ReviewKit/Meshes/SM_SW_04_Tactile60,"{""AssetImportData"": ""[{ \""RelativeFilename\"" : \""../../../../../ArtSource/Stairwell_Modular/Production/v001/FBX/SM_SW_04_Tactile60.fbx\"", \""Timestamp\"" : \""1790190285\"", \""FileMD5\"" : \""8f8c34ae319ff43c5f63bc71e5cb5380\"", \""DisplayLabelName\"" : \""\"" }]""}"
/Game/Environment/StairwellModular/ReviewKit/Meshes/SM_SW_05_Wall120,"{""AssetImportData"": ""[{ \""RelativeFilename\"" : \""../../../../../ArtSource/Stairwell_Modular/Production/v001/FBX/SM_SW_05_Wall120.fbx\"", \""Timestamp\"" : \""1790190285\"", \""FileMD5\"" : \""5fec18941b4d5242c8970a1bd9cfc636\"", \""DisplayLabelName\"" : \""\"" }]""}"
/Game/Environment/StairwellModular/ReviewKit/Meshes/SM_SW_06_WallInnerCorner,"{""AssetImportData"": ""[{ \""RelativeFilename\"" : \""../../../../../ArtSource/Stairwell_Modular/Production/v001/FBX/SM_SW_06_WallInnerCorner.fbx\"", \""Timestamp\"" : \""1790190285\"", \""FileMD5\"" : \""29972e0b6b1440bc8342c40e8a743252\"", \""DisplayLabelName\"" : \""\"" }]""}"
/Game/Environment/StairwellModular/ReviewKit/Meshes/SM_SW_07_Ceiling120,"{""AssetImportData"": ""[{ \""RelativeFilename\"" : \""../../../../../ArtSource/Stairwell_Modular/Production/v001/FBX/SM_SW_07_Ceiling120.fbx\"", \""Timestamp\"" : \""1790190286\"", \""FileMD5\"" : \""3993c520b956afc53b840f1b86919515\"", \""DisplayLabelName\"" : \""\"" }]""}"
/Game/Environment/StairwellModular/ReviewKit/Meshes/SM_SW_08_Beam140,"{""AssetImportData"": ""[{ \""RelativeFilename\"" : \""../../../../../ArtSource/Stairwell_Modular/Production/v001/FBX/SM_SW_08_Beam140.fbx\"", \""Timestamp\"" : \""1790190286\"", \""FileMD5\"" : \""7ee3bca45bd4ee74e889fc55ed5b84af\"", \""DisplayLabelName\"" : \""\"" }]""}"
/Game/Environment/StairwellModular/ReviewKit/Meshes/SM_SW_09_RailHorizontal,"{""AssetImportData"": ""[{ \""RelativeFilename\"" : \""../../../../../ArtSource/Stairwell_Modular/Production/v001/FBX/SM_SW_09_RailHorizontal.fbx\"", \""Timestamp\"" : \""1790190286\"", \""FileMD5\"" : \""14e6a9962906a417c5c4c1b08361d755\"", \""DisplayLabelName\"" : \""\"" }]""}"
/Game/Environment/StairwellModular/ReviewKit/Meshes/SM_SW_09_RailHorizontal60,"{""AssetImportData"": ""[{ \""RelativeFilename\"" : \""../../../../../ArtSource/Stairwell_Modular/Production/v001/FBX/SM_SW_09_RailHorizontal60.fbx\"", \""Timestamp\"" : \""1790190286\"", \""FileMD5\"" : \""94cb9bfcc6a7ff774f15529c11c9e34f\"", \""DisplayLabelName\"" : \""\"" }]""}"
/Game/Environment/StairwellModular/ReviewKit/Meshes/SM_SW_10_RailSlope,"{""AssetImportData"": ""[{ \""RelativeFilename\"" : \""../../../../../ArtSource/Stairwell_Modular/Production/v001/FBX/SM_SW_10_RailSlope.fbx\"", \""Timestamp\"" : \""1790190286\"", \""FileMD5\"" : \""93b3402105792f9c234c6167482d6b5b\"", \""DisplayLabelName\"" : \""\"" }]""}"
/Game/Environment/StairwellModular/ReviewKit/Meshes/SM_SW_10_RailSlope60,"{""AssetImportData"": ""[{ \""RelativeFilename\"" : \""../../../../../ArtSource/Stairwell_Modular/Production/v001/FBX/SM_SW_10_RailSlope60.fbx\"", \""Timestamp\"" : \""1790190286\"", \""FileMD5\"" : \""53ccfd54a1b94566bf7946bdfc15d8c2\"", \""DisplayLabelName\"" : \""\"" }]""}"
/Game/Environment/StairwellModular/ReviewKit/Meshes/SM_SW_11_RailCornerLeft,"{""AssetImportData"": ""[{ \""RelativeFilename\"" : \""../../../../../ArtSource/Stairwell_Modular/Production/v001/FBX/SM_SW_11_RailCornerLeft.fbx\"", \""Timestamp\"" : \""1790190286\"", \""FileMD5\"" : \""c6cfdd5f799463c6e3b19d2c7d7a42b5\"", \""DisplayLabelName\"" : \""\"" }]""}"
/Game/Environment/StairwellModular/ReviewKit/Meshes/SM_SW_11_RailCornerRight,"{""AssetImportData"": ""[{ \""RelativeFilename\"" : \""../../../../../ArtSource/Stairwell_Modular/Production/v001/FBX/SM_SW_11_RailCornerRight.fbx\"", \""Timestamp\"" : \""1790190286\"", \""FileMD5\"" : \""d6e8e6f1ea95fec69afb079b925ab7a1\"", \""DisplayLabelName\"" : \""\"" }]""}"
/Game/Environment/StairwellModular/ReviewKit/Meshes/SM_SW_12_RailReturnHorizontalLeft,"{""AssetImportData"": ""[{ \""RelativeFilename\"" : \""../../../../../ArtSource/Stairwell_Modular/Production/v001/FBX/SM_SW_12_RailReturnHorizontalLeft.fbx\"", \""Timestamp\"" : \""1790190286\"", \""FileMD5\"" : \""e8cedf95e744ff84c72e734b2b1c5b5f\"", \""DisplayLabelName\"" : \""\"" }]""}"
/Game/Environment/StairwellModular/ReviewKit/Meshes/SM_SW_12_RailReturnHorizontalRight,"{""AssetImportData"": ""[{ \""RelativeFilename\"" : \""../../../../../ArtSource/Stairwell_Modular/Production/v001/FBX/SM_SW_12_RailReturnHorizontalRight.fbx\"", \""Timestamp\"" : \""1790190286\"", \""FileMD5\"" : \""0a9f81004c03d8d2d48ef56efa522247\"", \""DisplayLabelName\"" : \""\"" }]""}"
/Game/Environment/StairwellModular/ReviewKit/Meshes/SM_SW_15_LightFixture,"{""AssetImportData"": ""[{ \""RelativeFilename\"" : \""../../../../../ArtSource/Stairwell_Modular/Production/v001/FBX/SM_SW_15_LightFixture.fbx\"", \""Timestamp\"" : \""1790190286\"", \""FileMD5\"" : \""1a0303c0e0276083c7cf035aaef01155\"", \""DisplayLabelName\"" : \""\"" }]""}"
/Game/Environment/StairwellModular/ReviewKit/Meshes/SM_SW_16_Nosing140,"{""AssetImportData"": ""[{ \""RelativeFilename\"" : \""../../../../../ArtSource/Stairwell_Modular/Production/v001/FBX/SM_SW_16_Nosing140.fbx\"", \""Timestamp\"" : \""1790190286\"", \""FileMD5\"" : \""189b68d5bc768b3207f914c34b32934c\"", \""DisplayLabelName\"" : \""\"" }]""}"
/Game/Environment/StairwellModular/ReviewKit/Meshes/SM_SW_17_SlopeToLevel,"{""AssetImportData"": ""[{ \""RelativeFilename\"" : \""../../../../../ArtSource/Stairwell_Modular/Production/v001/FBX/SM_SW_17_SlopeToLevel.fbx\"", \""Timestamp\"" : \""1790190286\"", \""FileMD5\"" : \""80d26bbf90a6e75767544cf9155a10aa\"", \""DisplayLabelName\"" : \""\"" }]""}"
/Game/Environment/StairwellModular/ReviewKit/Meshes/SM_SW_18_LevelToDown,"{""AssetImportData"": ""[{ \""RelativeFilename\"" : \""../../../../../ArtSource/Stairwell_Modular/Production/v001/FBX/SM_SW_18_LevelToDown.fbx\"", \""Timestamp\"" : \""1790190286\"", \""FileMD5\"" : \""a4591aaa6f0321a8f32c5b3fa9701c8f\"", \""DisplayLabelName\"" : \""\"" }]""}"
/Game/Environment/StairwellModular/ReviewKit/Meshes/SM_SW_19_RailReturnSlopeLeft,"{""AssetImportData"": ""[{ \""RelativeFilename\"" : \""../../../../../ArtSource/Stairwell_Modular/Production/v001/FBX/SM_SW_19_RailReturnSlopeLeft.fbx\"", \""Timestamp\"" : \""1790190286\"", \""FileMD5\"" : \""897690e491363337db21dc1e6ce80dd7\"", \""DisplayLabelName\"" : \""\"" }]""}"
/Game/Environment/StairwellModular/ReviewKit/Meshes/SM_SW_19_RailReturnSlopeRight,"{""AssetImportData"": ""[{ \""RelativeFilename\"" : \""../../../../../ArtSource/Stairwell_Modular/Production/v001/FBX/SM_SW_19_RailReturnSlopeRight.fbx\"", \""Timestamp\"" : \""1790190286\"", \""FileMD5\"" : \""23d8569ec6c82023cc95f240acbb3c94\"", \""DisplayLabelName\"" : \""\"" }]""}"
/Game/Environment/StairwellModular/ReviewKit/Meshes/SM_SW_20_WallOuterCorner,"{""AssetImportData"": ""[{ \""RelativeFilename\"" : \""../../../../../ArtSource/Stairwell_Modular/Production/v001/FBX/SM_SW_20_WallOuterCorner.fbx\"", \""Timestamp\"" : \""1790190285\"", \""FileMD5\"" : \""bc2a220a87aa7fa123ddc0cfe545430b\"", \""DisplayLabelName\"" : \""\"" }]""}"
/Game/Environment/StairwellModular/ReviewKit/Meshes/SM_SW_21_WallEndCap,"{""AssetImportData"": ""[{ \""RelativeFilename\"" : \""../../../../../ArtSource/Stairwell_Modular/Production/v001/FBX/SM_SW_21_WallEndCap.fbx\"", \""Timestamp\"" : \""1790190286\"", \""FileMD5\"" : \""54ce5a1506901b60a2026f597de14c5c\"", \""DisplayLabelName\"" : \""\"" }]""}"
/Game/Environment/StairwellModular/ReviewKit/Meshes/SM_SW_22_Skirting120,"{""AssetImportData"": ""[{ \""RelativeFilename\"" : \""../../../../../ArtSource/Stairwell_Modular/Production/v001/FBX/SM_SW_22_Skirting120.fbx\"", \""Timestamp\"" : \""1790190286\"", \""FileMD5\"" : \""bd00630f97e7ce5ea05776f6356f074a\"", \""DisplayLabelName\"" : \""\"" }]""}"
/Game/Environment/StairwellModular/ReviewKit/Meshes/SM_SW_22_SkirtingInner,"{""AssetImportData"": ""[{ \""RelativeFilename\"" : \""../../../../../ArtSource/Stairwell_Modular/Production/v001/FBX/SM_SW_22_SkirtingInner.fbx\"", \""Timestamp\"" : \""1790190286\"", \""FileMD5\"" : \""a34d64faf03897da3d65d229bd0fa71e\"", \""DisplayLabelName\"" : \""\"" }]""}"
/Game/Environment/StairwellModular/ReviewKit/Meshes/SM_SW_22_SkirtingOuter,"{""AssetImportData"": ""[{ \""RelativeFilename\"" : \""../../../../../ArtSource/Stairwell_Modular/Production/v001/FBX/SM_SW_22_SkirtingOuter.fbx\"", \""Timestamp\"" : \""1790190286\"", \""FileMD5\"" : \""4023dace64eae00102b32b8d49748ae2\"", \""DisplayLabelName\"" : \""\"" }]""}"
/Game/Environment/StairwellModular/ReviewKit/Textures/Color_4aa20774-e697-4117-a168-527ce0f5a17f,"{""AssetImportData"": ""[{ \""RelativeFilename\"" : \""../../../../../ArtSource/Stairwell_Modular/Production/v001/textures/Color_4aa20774-e697-4117-a168-527ce0f5a17f.png\"", \""Timestamp\"" : \""1790190287\"", \""FileMD5\"" : \""9e6ed70383f30354dbd5fcdeda57a13a\"", \""DisplayLabelName\"" : \""\"" }]""}"
/Game/Environment/StairwellModular/ReviewKit/Textures/NormalGL_4aa20774-e697-4117-a168-527ce0f5a17f,"{""AssetImportData"": ""[{ \""RelativeFilename\"" : \""../../../../../ArtSource/Stairwell_Modular/Production/v001/textures/NormalGL_4aa20774-e697-4117-a168-527ce0f5a17f.png\"", \""Timestamp\"" : \""1790190287\"", \""FileMD5\"" : \""43f414a4a520d5f7ca122e7ab7562fe5\"", \""DisplayLabelName\"" : \""\"" }]""}"
/Game/Environment/StairwellModular/ReviewKit/Textures/ORM_4aa20774-e697-4117-a168-527ce0f5a17f,"{""AssetImportData"": ""[{ \""RelativeFilename\"" : \""../../../../../ArtSource/Stairwell_Modular/Production/v001/textures/ORM_4aa20774-e697-4117-a168-527ce0f5a17f.png\"", \""Timestamp\"" : \""1790190287\"", \""FileMD5\"" : \""bf8de657ae0c9d1a50b6dfa4609e2d21\"", \""DisplayLabelName\"" : \""\"" }]""}"
/Game/Environment/StairwellModular/ReviewKit/Textures/weathered_metal_door_3d_model_basecolor,"{""AssetImportData"": ""[{ \""RelativeFilename\"" : \""../../../../../ArtSource/Stairwell_Modular/Production/v001/textures/weathered_metal_door_3d_model_basecolor.png\"", \""Timestamp\"" : \""1790190287\"", \""FileMD5\"" : \""c26c7803fa56d672ab29b28617df4dcd\"", \""DisplayLabelName\"" : \""\"" }]""}"
/Game/Environment/StairwellModular/Textures/T_Stairwell_Door14_BaseColor,"{""AssetImportData"": ""[{ \""RelativeFilename\"" : \""../../../../ArtSource/Stairwell_Modular/Export/DoorPair/T_Stairwell_Door14_BaseColor.png\"", \""Timestamp\"" : \""1790188364\"", \""FileMD5\"" : \""759e65bff5a35c8a883fb6c30ec3f2e1\"", \""DisplayLabelName\"" : \""\"" }]""}"
/Game/Environment/SubwayEntrance/Meshes/SM_SE_E01,"{""AssetImportData"": ""[{ \""RelativeFilename\"" : \""../../../../ArtSource/SubwayEntrance/Production/v001/FBX/SM_SE_E01.fbx\"", \""Timestamp\"" : \""1790708256\"", \""FileMD5\"" : \""28f3f94cdcd3c6d7391ba9f90a2e95b3\"", \""DisplayLabelName\"" : \""\"" }]""}"
/Game/Environment/SubwayEntrance/Meshes/SM_SE_E02,"{""AssetImportData"": ""[{ \""RelativeFilename\"" : \""../../../../ArtSource/SubwayEntrance/Production/v001/FBX/SM_SE_E02.fbx\"", \""Timestamp\"" : \""1790708256\"", \""FileMD5\"" : \""067c744e1a5132fad4498b32c810c6b5\"", \""DisplayLabelName\"" : \""\"" }]""}"
/Game/Environment/SubwayEntrance/Meshes/SM_SE_E03,"{""AssetImportData"": ""[{ \""RelativeFilename\"" : \""../../../../ArtSource/SubwayEntrance/Production/v001/FBX/SM_SE_E03.fbx\"", \""Timestamp\"" : \""1790708256\"", \""FileMD5\"" : \""440972f919ea74f7e6aae493530f71de\"", \""DisplayLabelName\"" : \""\"" }]""}"
/Game/Environment/SubwayEntrance/Meshes/SM_SE_E04,"{""AssetImportData"": ""[{ \""RelativeFilename\"" : \""../../../../ArtSource/SubwayEntrance/Production/v001/FBX/SM_SE_E04.fbx\"", \""Timestamp\"" : \""1790708256\"", \""FileMD5\"" : \""b766d408bfbe1dab7c6a577403d11ae9\"", \""DisplayLabelName\"" : \""\"" }]""}"
/Game/Environment/SubwayEntrance/Meshes/SM_SE_E05,"{""AssetImportData"": ""[{ \""RelativeFilename\"" : \""../../../../ArtSource/SubwayEntrance/Production/v001/FBX/SM_SE_E05.fbx\"", \""Timestamp\"" : \""1790708256\"", \""FileMD5\"" : \""0aadc7178bd7eb8d53d30ab92da7211b\"", \""DisplayLabelName\"" : \""\"" }]""}"
/Game/Environment/SubwayEntrance/Meshes/SM_SE_E06,"{""AssetImportData"": ""[{ \""RelativeFilename\"" : \""../../../../ArtSource/SubwayEntrance/Production/v001/FBX/SM_SE_E06.fbx\"", \""Timestamp\"" : \""1790708256\"", \""FileMD5\"" : \""473b0521427fbe5beac798d6b7317a1a\"", \""DisplayLabelName\"" : \""\"" }]""}"
/Game/Environment/SubwayEntrance/Meshes/SM_SE_E07,"{""AssetImportData"": ""[{ \""RelativeFilename\"" : \""../../../../ArtSource/SubwayEntrance/Production/v001/FBX/SM_SE_E07.fbx\"", \""Timestamp\"" : \""1790708256\"", \""FileMD5\"" : \""a396af2301b1909ab50bcf96d56bcf86\"", \""DisplayLabelName\"" : \""\"" }]""}"
/Game/Environment/SubwayEntrance/Meshes/SM_SE_E08,"{""AssetImportData"": ""[{ \""RelativeFilename\"" : \""../../../../ArtSource/SubwayEntrance/Production/v001/FBX/SM_SE_E08.fbx\"", \""Timestamp\"" : \""1790708256\"", \""FileMD5\"" : \""f1655d302a6f943d2151d53d489cc7ed\"", \""DisplayLabelName\"" : \""\"" }]""}"
/Game/Environment/SubwayEntrance/Meshes/SM_SE_E09,"{""AssetImportData"": ""[{ \""RelativeFilename\"" : \""../../../../ArtSource/SubwayEntrance/Production/v001/FBX/SM_SE_E09.fbx\"", \""Timestamp\"" : \""1790708256\"", \""FileMD5\"" : \""8f0bd26a7347fc58cc512db5e18df289\"", \""DisplayLabelName\"" : \""\"" }]""}"
/Game/Environment/SubwayEntrance/Meshes/SM_SE_E10,"{""AssetImportData"": ""[{ \""RelativeFilename\"" : \""../../../../ArtSource/SubwayEntrance/Production/v001/FBX/SM_SE_E10.fbx\"", \""Timestamp\"" : \""1790708257\"", \""FileMD5\"" : \""10240f6708fab811d91099b4d83b8e12\"", \""DisplayLabelName\"" : \""\"" }]""}"
/Game/Environment/SubwayEntrance/Meshes/SM_SE_E11,"{""AssetImportData"": ""[{ \""RelativeFilename\"" : \""../../../../ArtSource/SubwayEntrance/Production/v001/FBX/SM_SE_E11.fbx\"", \""Timestamp\"" : \""1790708257\"", \""FileMD5\"" : \""60497663846130a3eacf8e77cfea481a\"", \""DisplayLabelName\"" : \""\"" }]""}"
/Game/Environment/SubwayEntrance/Meshes/SM_SE_E12,"{""AssetImportData"": ""[{ \""RelativeFilename\"" : \""../../../../ArtSource/SubwayEntrance/Production/v001/FBX/SM_SE_E12.fbx\"", \""Timestamp\"" : \""1790708257\"", \""FileMD5\"" : \""38d62af45540d39ca9ac33ad0b86c598\"", \""DisplayLabelName\"" : \""\"" }]""}"
/Game/Environment/SubwayEntrance/Meshes/SM_SE_E13,"{""AssetImportData"": ""[{ \""RelativeFilename\"" : \""../../../../ArtSource/SubwayEntrance/Production/v001/FBX/SM_SE_E13.fbx\"", \""Timestamp\"" : \""1790708257\"", \""FileMD5\"" : \""fd08893287d73d8cb2e750a21d921dfe\"", \""DisplayLabelName\"" : \""\"" }]""}"
/Game/Environment/SubwayEntrance/Meshes/SM_SE_IslandWithStairwell,"{""AssetImportData"": ""[{ \""RelativeFilename\"" : \""../../../../ArtSource/SubwayEntrance/Production/v001/FBX/SM_SE_IslandWithStairwell.fbx\"", \""Timestamp\"" : \""1790708257\"", \""FileMD5\"" : \""010443b7fa136b704f7fda3ab0fe0f70\"", \""DisplayLabelName\"" : \""\"" }]""}"
/Game/Environment/SubwayEntrance/Textures/T_SE_StationSign,"{""AssetImportData"": ""[{ \""RelativeFilename\"" : \""../../../../ArtSource/SubwayEntrance/Production/v001/textures/T_SE_StationSign.png\"", \""Timestamp\"" : \""1790707452\"", \""FileMD5\"" : \""7c93f88318b8d388f126e42cad48c9e0\"", \""DisplayLabelName\"" : \""\"" }]""}"
/Game/Landscape/Cliff/MI_Cliff_A,"{""AssetImportData"": ""[{ \""RelativeFilename\"" : \""../../../../../../Users/User/Downloads/cliff/cliff_a.fbx\"", \""Timestamp\"" : \""1788615834\"", \""FileMD5\"" : \""46f7ebd07ce7b18d8dca5be775b8c1a6\"", \""DisplayLabelName\"" : \""\"" }]""}"
/Game/Landscape/Cliff/MI_Cliff_B,"{""AssetImportData"": ""[{ \""RelativeFilename\"" : \""../../../../../../Users/User/Downloads/cliff/tripo_convert_318438a0-70e9-4da2-ab89-3336fd0fd414.fbx\"", \""Timestamp\"" : \""1788609916\"", \""FileMD5\"" : \""650134cd6a47bc1ce6b48829b14d1889\"", \""DisplayLabelName\"" : \""\"" }]""}"
/Game/Landscape/Cliff/MI_Cliff_C,"{""AssetImportData"": ""[{ \""RelativeFilename\"" : \""../../../../../../Users/User/Downloads/cliff/cliff_c.fbx\"", \""Timestamp\"" : \""1788611466\"", \""FileMD5\"" : \""b7d62a29c4166b4fa3843ec75cf0d706\"", \""DisplayLabelName\"" : \""\"" }]""}"
/Game/Landscape/Cliff/T_Cliff_A_Basecolor,"{""AssetImportData"": ""[{ \""RelativeFilename\"" : \""../../../../../../Users/User/Downloads/cliff/cliff_a.fbm/texture_0.png\"", \""Timestamp\"" : \""1788615869\"", \""FileMD5\"" : \""52ec5dd8fbb9e6cf44f3049fc2be8310\"", \""DisplayLabelName\"" : \""\"" }]""}"
/Game/Landscape/Cliff/T_Cliff_A_Normal,"{""AssetImportData"": ""[{ \""RelativeFilename\"" : \""../../../../../../Users/User/Downloads/cliff/cliff_a.fbm/texture_0_normal.png\"", \""Timestamp\"" : \""1788615869\"", \""FileMD5\"" : \""92fa68a100f071f5fff60bfd6ba25fc2\"", \""DisplayLabelName\"" : \""\"" }]""}"
/Game/Landscape/Cliff/T_Cliff_A_Roughness,"{""AssetImportData"": ""[{ \""RelativeFilename\"" : \""../../../../../../Users/User/Downloads/cliff/tripo_convert_318438a0-70e9-4da2-ab89-3336fd0fd414.fbm/rock_cliff_3d_model_roughness.JPEG\"", \""Timestamp\"" : \""1788609916\"", \""FileMD5\"" : \""79c738f0fa719db6e48a89eb0a593572\"", \""DisplayLabelName\"" : \""\"" }]""}"
/Game/Landscape/Cliff/T_Cliff_B_Basecolor,"{""AssetImportData"": ""[{ \""RelativeFilename\"" : \""../../../../../../Users/User/Downloads/cliff/tripo_convert_318438a0-70e9-4da2-ab89-3336fd0fd414.fbm/tripo_node_b746f96f-dd12-466a-924e-60166c1ebb2a_BaseColor.jpg\"", \""Timestamp\"" : \""1788609916\"", \""FileMD5\"" : \""ca3d5aa8eef56c086ae956262243faf1\"", \""DisplayLabelName\"" : \""\"" }]""}"
/Game/Landscape/Cliff/T_Cliff_B_Normal,"{""AssetImportData"": ""[{ \""RelativeFilename\"" : \""../../../../../../Users/User/Downloads/cliff/tripo_convert_318438a0-70e9-4da2-ab89-3336fd0fd414.fbm/tripo_node_b746f96f-dd12-466a-924e-60166c1ebb2a_Normal_Bake.jpg\"", \""Timestamp\"" : \""1788609916\"", \""FileMD5\"" : \""fd9681dc6b5fc37a9957eef7ee9c386c\"", \""DisplayLabelName\"" : \""\"" }]""}"
/Game/Landscape/Cliff/T_Cliff_B_Roughness,"{""AssetImportData"": ""[{ \""RelativeFilename\"" : \""../../../../../../Users/User/Downloads/cliff/cliff_a.fbm/texture_0_roughness.png\"", \""Timestamp\"" : \""1788615869\"", \""FileMD5\"" : \""30cee683ec035639074e960b63c3880e\"", \""DisplayLabelName\"" : \""\"" }]""}"
/Game/Landscape/Cliff/T_Cliff_C_Basecolor,"{""AssetImportData"": ""[{ \""RelativeFilename\"" : \""../../../../../../Users/User/Downloads/cliff/tripo_convert_e040751f-09fa-4fd2-8d59-34e4ec533f4c.fbm/tripo_node_392b07e8-d833-4fef-a1d0-1bfad31ed3b0_BaseColor.jpg\"", \""Timestamp\"" : \""1788611466\"", \""FileMD5\"" : \""147eb962d0d58c015012ca93daa162a5\"", \""DisplayLabelName\"" : \""\"" }]""}"
/Game/Landscape/Cliff/T_Cliff_C_Normal,"{""AssetImportData"": ""[{ \""RelativeFilename\"" : \""../../../../../../Users/User/Downloads/cliff/tripo_convert_e040751f-09fa-4fd2-8d59-34e4ec533f4c.fbm/tripo_node_392b07e8-d833-4fef-a1d0-1bfad31ed3b0_Normal_Bake.jpg\"", \""Timestamp\"" : \""1788611466\"", \""FileMD5\"" : \""333270a9157a63e8edd7fde6bf56e626\"", \""DisplayLabelName\"" : \""\"" }]""}"
/Game/Landscape/Cliff/T_Cliff_C_Roughness,"{""AssetImportData"": ""[{ \""RelativeFilename\"" : \""../../../../../../Users/User/Downloads/cliff/tripo_convert_e040751f-09fa-4fd2-8d59-34e4ec533f4c.fbm/rock_pile_3d_model_roughness.JPEG\"", \""Timestamp\"" : \""1788611466\"", \""FileMD5\"" : \""49de306b889ca942b7726fb4d62d6972\"", \""DisplayLabelName\"" : \""\"" }]""}"
/Game/Landscape/Foilage/Assets/SM_Bush,"{""AssetImportData"": ""[{ \""RelativeFilename\"" : \""../../../../Mora Studio/Cozy Modular Asset/Assets/N°8 Cozy Nature Pack/Création/props.fbx\"", \""Timestamp\"" : \""1762869628\"", \""FileMD5\"" : \""4a4b15423b0b1eba51d5aeb6fb655a14\"", \""DisplayLabelName\"" : \""\"" }]""}"
/Game/Landscape/Foilage/Assets/SM_Clover,"{""AssetImportData"": ""[{ \""RelativeFilename\"" : \""D:/Guardians of the Realm/Environment/Foliage/Ground_cover/Ground_cover01.fbx\"", \""Timestamp\"" : \""1555616584\"", \""FileMD5\"" : \""557e34c14d66d0f7a027c4f1900ae52c\"", \""DisplayLabelName\"" : \""\"" }]""}"
/Game/Landscape/Foilage/Assets/SM_Common_Tree_01,"{""AssetImportData"": ""[{ \""RelativeFilename\"" : \""../../../../../../Users/layou/Desktop/New folder/New/SM_Common_Tree_01.FBX\"", \""Timestamp\"" : \""1558380621\"", \""FileMD5\"" : \""51cff587b5c54a2197fb98a7e706bb38\"", \""DisplayLabelName\"" : \""\"" }]""}"
/Game/Landscape/Foilage/Assets/SM_Common_Tree_02,"{""AssetImportData"": ""[{ \""RelativeFilename\"" : \""../../../../../../Users/layou/Desktop/New folder/New/SM_Common_Tree_02.FBX\"", \""Timestamp\"" : \""1558380804\"", \""FileMD5\"" : \""7bede8e336d4ada262a11d632a64bd76\"", \""DisplayLabelName\"" : \""\"" }]""}"
/Game/Landscape/Foilage/Assets/SM_Common_Tree_03,"{""AssetImportData"": ""[{ \""RelativeFilename\"" : \""../../../../../../Users/layou/Desktop/New folder/New/SM_Common_Tree_03.FBX\"", \""Timestamp\"" : \""1558389735\"", \""FileMD5\"" : \""dad10e449f5ae93d7795637b08549537\"", \""DisplayLabelName\"" : \""\"" }]""}"
/Game/Landscape/Foilage/Assets/SM_Common_Tree_04,"{""AssetImportData"": ""[{ \""RelativeFilename\"" : \""../../../../../../Users/layou/Desktop/New folder/New/SM_Common_Tree_04.FBX\"", \""Timestamp\"" : \""1558389957\"", \""FileMD5\"" : \""f087f395bc17a23f72e96f5a5ffb0e12\"", \""DisplayLabelName\"" : \""\"" }]""}"
/Game/Landscape/Foilage/Assets/SM_Common_Tree_05,"{""AssetImportData"": ""[{ \""RelativeFilename\"" : \""../../../../../../Users/layou/Desktop/New folder/New/SM_Common_Tree_05.FBX\"", \""Timestamp\"" : \""1558390126\"", \""FileMD5\"" : \""9f2c9815b63f5084594d67f9b75cd845\"", \""DisplayLabelName\"" : \""\"" }]""}"
/Game/Landscape/Foilage/Assets/SM_Common_Tree_06,"{""AssetImportData"": ""[{ \""RelativeFilename\"" : \""../../../../../../Users/layou/Desktop/New folder/New/SM_Common_Tree_06.FBX\"", \""Timestamp\"" : \""1558701650\"", \""FileMD5\"" : \""c68602f9ce0072f19bcf8970ffbd2518\"", \""DisplayLabelName\"" : \""\"" }]""}"
/Game/Landscape/Foilage/Assets/SM_Common_Tree_07,"{""AssetImportData"": ""[{ \""RelativeFilename\"" : \""../../../../../../Users/layou/Desktop/New folder/New/SM_Common_Tree_07.FBX\"", \""Timestamp\"" : \""1558382038\"", \""FileMD5\"" : \""d6ac9ff3849f2e964f9fff81aa3c5bed\"", \""DisplayLabelName\"" : \""\"" }]""}"
/Game/Landscape/Foilage/Assets/SM_Common_Tree_08,"{""AssetImportData"": ""[{ \""RelativeFilename\"" : \""../../../../../../Users/layou/Desktop/New folder/New/SM_Common_Tree_08.FBX\"", \""Timestamp\"" : \""1558388745\"", \""FileMD5\"" : \""45bf2dcd56c71d580d36b63eb490b16a\"", \""DisplayLabelName\"" : \""\"" }]""}"
/Game/Landscape/Foilage/Assets/SM_Common_Tree_09,"{""AssetImportData"": ""[{ \""RelativeFilename\"" : \""../../../../../../Users/layou/Desktop/New folder/New/SM_Common_Tree_09.FBX\"", \""Timestamp\"" : \""1558389145\"", \""FileMD5\"" : \""9fadd10041364e81b4f8f44d00b9e0b4\"", \""DisplayLabelName\"" : \""\"" }]""}"
/Game/Landscape/Foilage/Assets/SM_Common_Tree_10,"{""AssetImportData"": ""[{ \""RelativeFilename\"" : \""../../../../../../Users/layou/Desktop/New folder/New/SM_Common_Tree_10.FBX\"", \""Timestamp\"" : \""1558389292\"", \""FileMD5\"" : \""cef31eefa730ca82094667def269554f\"", \""DisplayLabelName\"" : \""\"" }]""}"
/Game/Landscape/Foilage/Assets/SM_Common_Tree_11,"{""AssetImportData"": ""[{ \""RelativeFilename\"" : \""../../../../../../Users/layou/Desktop/New folder/New/SM_Common_Tree_11.FBX\"", \""Timestamp\"" : \""1558389549\"", \""FileMD5\"" : \""f46ecdee1dc5539e4f6629e7bb3adf6f\"", \""DisplayLabelName\"" : \""\"" }]""}"
/Game/Landscape/Foilage/Assets/SM_Fern,"{""AssetImportData"": ""[{ \""RelativeFilename\"" : \""D:/Guardians of the Realm/Environment/Foliage/Fern/Fern_mesh.fbx\"", \""Timestamp\"" : \""1555615450\"", \""FileMD5\"" : \""199732a984b23d1354c40bb2e88f1662\"", \""DisplayLabelName\"" : \""\"" }]""}"
/Game/Landscape/Foilage/Assets/SM_Grass,"{""AssetImportData"": ""[{ \""RelativeFilename\"" : \""D:/Asset Packs/Nature Pack/Foliage/Grass.fbx\"", \""Timestamp\"" : \""1555599598\"", \""FileMD5\"" : \""9b24966b7f1a6f1e0741ce8f4701cd90\"", \""DisplayLabelName\"" : \""\"" }]""}"
/Game/Landscape/Foilage/Assets/SM_Pine_Tree_1,"{""AssetImportData"": ""[{ \""RelativeFilename\"" : \""D:/Asset Packs/Nature Pack/Trees/Pine Trees Fixed/Pine_Tree_1.FBX\"", \""Timestamp\"" : \""1555600257\"", \""FileMD5\"" : \""719477987ba56057d9f168b8c2d59460\"", \""DisplayLabelName\"" : \""\"" }]""}"
/Game/Landscape/Foilage/Assets/SM_Pine_Tree_2,"{""AssetImportData"": ""[{ \""RelativeFilename\"" : \""D:/Asset Packs/Nature Pack/Trees/Pine Trees Fixed/Pine_Tree_2.FBX\"", \""Timestamp\"" : \""1555600277\"", \""FileMD5\"" : \""74eb372e12640c865be465df4a3e9dc2\"", \""DisplayLabelName\"" : \""\"" }]""}"
/Game/Landscape/Foilage/Assets/SM_Pine_Tree_3,"{""AssetImportData"": ""[{ \""RelativeFilename\"" : \""D:/Asset Packs/Nature Pack/Trees/Pine Trees Fixed/Pine_Tree_3.FBX\"", \""Timestamp\"" : \""1555515324\"", \""FileMD5\"" : \""a72f23f7b8b8cc05338549950f630c74\"", \""DisplayLabelName\"" : \""\"" }]""}"
/Game/Landscape/Foilage/Assets/SM_Pine_Tree_4,"{""AssetImportData"": ""[{ \""RelativeFilename\"" : \""D:/Asset Packs/Nature Pack/Trees/Pine Trees Fixed/Pine_Tree_4.FBX\"", \""Timestamp\"" : \""1555515555\"", \""FileMD5\"" : \""f07548737414d6c1eebce8b7ab7894e9\"", \""DisplayLabelName\"" : \""\"" }]""}"
/Game/Landscape/Foilage/Assets/SM_R_Rock_01,"{""AssetImportData"": ""[{ \""RelativeFilename\"" : \""D:/Asset Packs/Nature Pack/Rocks/R_Rocks_1-5/R_Rocks_1-5/R_Rock_01.FBX\"", \""Timestamp\"" : \""1555619451\"", \""FileMD5\"" : \""b09313ce1a650a7e4de2b27dac2a6469\"", \""DisplayLabelName\"" : \""\"" }]""}"
/Game/Landscape/Foilage/Assets/SM_R_Rock_02,"{""AssetImportData"": ""[{ \""RelativeFilename\"" : \""D:/Asset Packs/Nature Pack/Rocks/R_Rocks_1-5/R_Rocks_1-5/R_Rock_02.FBX\"", \""Timestamp\"" : \""1555619466\"", \""FileMD5\"" : \""12176909612cd735f54680880093e9ea\"", \""DisplayLabelName\"" : \""\"" }]""}"
/Game/Landscape/Foilage/Assets/SM_R_Rock_03,"{""AssetImportData"": ""[{ \""RelativeFilename\"" : \""D:/Asset Packs/Nature Pack/Rocks/R_Rocks_1-5/R_Rocks_1-5/R_Rock_03.FBX\"", \""Timestamp\"" : \""1555619485\"", \""FileMD5\"" : \""f1d545f05f37abc1d3c846fbef24171f\"", \""DisplayLabelName\"" : \""\"" }]""}"
/Game/Landscape/Foilage/Assets/SM_R_Rock_04,"{""AssetImportData"": ""[{ \""RelativeFilename\"" : \""D:/Asset Packs/Nature Pack/Rocks/R_Rocks_1-5/R_Rocks_1-5/R_Rock_04.FBX\"", \""Timestamp\"" : \""1555619501\"", \""FileMD5\"" : \""830cf35fa467465766ed9d4aedf63475\"", \""DisplayLabelName\"" : \""\"" }]""}"
/Game/Landscape/Foilage/Assets/SM_R_Rock_05,"{""AssetImportData"": ""[{ \""RelativeFilename\"" : \""D:/Asset Packs/Nature Pack/Rocks/R_Rocks_1-5/R_Rocks_1-5/R_Rock_05.FBX\"", \""Timestamp\"" : \""1555619517\"", \""FileMD5\"" : \""db4978c821ab79bac598d3eee60c4e15\"", \""DisplayLabelName\"" : \""\"" }]""}"
/Game/Landscape/Foilage/Assets/SM_S_Rock_01,"{""AssetImportData"": ""[{ \""RelativeFilename\"" : \""D:/Asset Packs/Nature Pack/Rocks/S_Rocks_1-6/S_Rock_01.FBX\"", \""Timestamp\"" : \""1555619535\"", \""FileMD5\"" : \""04ea919d8753d01be38e1c39aff9b730\"", \""DisplayLabelName\"" : \""\"" }]""}"
/Game/Landscape/Foilage/Assets/SM_S_Rock_02,"{""AssetImportData"": ""[{ \""RelativeFilename\"" : \""D:/Asset Packs/Nature Pack/Rocks/S_Rocks_1-6/S_Rock_02.FBX\"", \""Timestamp\"" : \""1555619549\"", \""FileMD5\"" : \""8c04e45e5a867c1c8282f6855e6952fc\"", \""DisplayLabelName\"" : \""\"" }]""}"
/Game/Landscape/Foilage/Assets/SM_S_Rock_03,"{""AssetImportData"": ""[{ \""RelativeFilename\"" : \""D:/Asset Packs/Nature Pack/Rocks/S_Rocks_1-6/S_Rock_03.FBX\"", \""Timestamp\"" : \""1555619578\"", \""FileMD5\"" : \""953fd9cfb5c4346056dc71529a479b81\"", \""DisplayLabelName\"" : \""\"" }]""}"
/Game/Landscape/Foilage/Assets/SM_S_Rock_04,"{""AssetImportData"": ""[{ \""RelativeFilename\"" : \""D:/Asset Packs/Nature Pack/Rocks/S_Rocks_1-6/S_Rock_04.FBX\"", \""Timestamp\"" : \""1555619592\"", \""FileMD5\"" : \""cd42380f163582a445df976f6815cc91\"", \""DisplayLabelName\"" : \""\"" }]""}"
/Game/Landscape/Foilage/Assets/SM_S_Rock_05,"{""AssetImportData"": ""[{ \""RelativeFilename\"" : \""D:/Asset Packs/Nature Pack/Rocks/S_Rocks_1-6/S_Rock_05.FBX\"", \""Timestamp\"" : \""1555619607\"", \""FileMD5\"" : \""678abac91eb99776c21f38359795cacb\"", \""DisplayLabelName\"" : \""\"" }]""}"
/Game/Landscape/Foilage/Assets/SM_S_Rock_06,"{""AssetImportData"": ""[{ \""RelativeFilename\"" : \""D:/Asset Packs/Nature Pack/Rocks/S_Rocks_1-6/S_Rock_06.FBX\"", \""Timestamp\"" : \""1555619618\"", \""FileMD5\"" : \""44fdd1f28c80772e5211b08b6e4c951a\"", \""DisplayLabelName\"" : \""\"" }]""}"
/Game/Landscape/Foilage/Assets/SM_S_Rock_07,"{""AssetImportData"": ""[{ \""RelativeFilename\"" : \""D:/Asset Packs/Nature Pack/Rocks/S_Rocks_7-11/S_Rock_07.FBX\"", \""Timestamp\"" : \""1555619674\"", \""FileMD5\"" : \""3fb127f9bb448d7846fe268b190ff860\"", \""DisplayLabelName\"" : \""\"" }]""}"
/Game/Landscape/Foilage/Assets/SM_S_Rock_08,"{""AssetImportData"": ""[{ \""RelativeFilename\"" : \""D:/Asset Packs/Nature Pack/Rocks/S_Rocks_7-11/S_Rock_08.FBX\"", \""Timestamp\"" : \""1555619727\"", \""FileMD5\"" : \""3f8117cb277ca0395dcf022cf6c1129a\"", \""DisplayLabelName\"" : \""\"" }]""}"
/Game/Landscape/Foilage/Assets/SM_S_Rock_09,"{""AssetImportData"": ""[{ \""RelativeFilename\"" : \""D:/Asset Packs/Nature Pack/Rocks/S_Rocks_7-11/S_Rock_09.FBX\"", \""Timestamp\"" : \""1555619747\"", \""FileMD5\"" : \""02e452f8aba9a9f24efc3523ce9d6844\"", \""DisplayLabelName\"" : \""\"" }]""}"
/Game/Landscape/Foilage/Assets/SM_S_Rock_10,"{""AssetImportData"": ""[{ \""RelativeFilename\"" : \""D:/Asset Packs/Nature Pack/Rocks/S_Rocks_7-11/S_Rock_10.FBX\"", \""Timestamp\"" : \""1555619771\"", \""FileMD5\"" : \""c3630c877cccd9892b1f274e3b589cae\"", \""DisplayLabelName\"" : \""\"" }]""}"
/Game/Landscape/Foilage/Assets/SM_S_Rock_11,"{""AssetImportData"": ""[{ \""RelativeFilename\"" : \""D:/Asset Packs/Nature Pack/Rocks/S_Rocks_7-11/S_Rock_11.FBX\"", \""Timestamp\"" : \""1555619787\"", \""FileMD5\"" : \""eb1ca9a7fdda8161867eeef17c75b064\"", \""DisplayLabelName\"" : \""\"" }]""}"
/Game/Landscape/Foilage/Terrain/T_Dirt,"{""AssetImportData"": ""[{ \""RelativeFilename\"" : \""D:/Projects/Hilltop_town/Textures/Landscape/Dirt.tga\"", \""Timestamp\"" : \""1531726023\"", \""FileMD5\"" : \""744be940f32cd21fb1db5422ff434ea4\"", \""DisplayLabelName\"" : \""\"" }]""}"
/Game/Landscape/Foilage/Terrain/T_Grass_1,"{""AssetImportData"": ""[{ \""RelativeFilename\"" : \""D:/Projects/Hilltop_town/Textures/Landscape/Grass_tex.tga\"", \""Timestamp\"" : \""1531725934\"", \""FileMD5\"" : \""ff481aabc6e4466a724713044157339c\"", \""DisplayLabelName\"" : \""\"" }]""}"
/Game/Landscape/Foilage/Terrain/T_Grass_2,"{""AssetImportData"": ""[{ \""RelativeFilename\"" : \""D:/Projects/Hilltop_town/Textures/Landscape/rock.tga\"", \""Timestamp\"" : \""1531726171\"", \""FileMD5\"" : \""a3f2717dff174269b7cacd095d3e4717\"", \""DisplayLabelName\"" : \""\"" }]""}"
/Game/Landscape/Foilage/Terrain/T_rock,"{""AssetImportData"": ""[{ \""RelativeFilename\"" : \""D:/Projects/Hilltop_town/Textures/Landscape/rock.tga\"", \""Timestamp\"" : \""1531726171\"", \""FileMD5\"" : \""a3f2717dff174269b7cacd095d3e4717\"", \""DisplayLabelName\"" : \""\"" }]""}"
/Game/Landscape/Foilage/Textures/T_Clover_D,"{""AssetImportData"": ""[{ \""RelativeFilename\"" : \""D:/Guardians of the Realm/Environment/Foliage/Ground_cover/Ground_cover01_diffuse.tga\"", \""Timestamp\"" : \""1548447580\"", \""FileMD5\"" : \""ca2bc6893b033fe58fa3825f264a1a3b\"", \""DisplayLabelName\"" : \""\"" }]""}"
/Game/Landscape/Foilage/Textures/T_Common_Tree_01_D,"{""AssetImportData"": ""[{ \""RelativeFilename\"" : \""D:/Asset Packs/Nature Pack/Trees/Standard_trees/01/Tree_01_Diffuse.tga\"", \""Timestamp\"" : \""1550410006\"", \""FileMD5\"" : \""4f8dde80ba7c6237821451ed6ee85383\"", \""DisplayLabelName\"" : \""\"" }]""}"
/Game/Landscape/Foilage/Textures/T_Common_Tree_01_N,"{""AssetImportData"": ""[{ \""RelativeFilename\"" : \""D:/Asset Packs/Nature Pack/Trees/Standard_trees/01/Tree_01_NRM.tga\"", \""Timestamp\"" : \""1550410007\"", \""FileMD5\"" : \""f3be9ee6966c26e984c3d53efa1b722a\"", \""DisplayLabelName\"" : \""\"" }]""}"
/Game/Landscape/Foilage/Textures/T_Common_Tree_01_ORM,"{""AssetImportData"": ""[{ \""RelativeFilename\"" : \""D:/Asset Packs/Nature Pack/Trees/Standard_trees/01/Tree_01_ORM.tga\"", \""Timestamp\"" : \""1550410006\"", \""FileMD5\"" : \""c5a6e6b68093692980bea315d13f3fbf\"", \""DisplayLabelName\"" : \""\"" }]""}"
/Game/Landscape/Foilage/Textures/T_Common_Tree_02_D,"{""AssetImportData"": ""[{ \""RelativeFilename\"" : \""D:/Asset Packs/Nature Pack/Trees/Standard_trees/02/Tree_02_low_lambert6SG_BaseColor.png\"", \""Timestamp\"" : \""1548350965\"", \""FileMD5\"" : \""47e12407b70ba25316479e3d07df4f0d\"", \""DisplayLabelName\"" : \""\"" }]""}"
/Game/Landscape/Foilage/Textures/T_Common_Tree_02_N,"{""AssetImportData"": ""[{ \""RelativeFilename\"" : \""D:/Asset Packs/Nature Pack/Trees/Standard_trees/02/Tree_02_low_lambert6SG_Normal.png\"", \""Timestamp\"" : \""1548350969\"", \""FileMD5\"" : \""bb83dc24a23492f2026725bf2dce84fe\"", \""DisplayLabelName\"" : \""\"" }]""}"
/Game/Landscape/Foilage/Textures/T_Common_Tree_02_ORM,"{""AssetImportData"": ""[{ \""RelativeFilename\"" : \""D:/Asset Packs/Nature Pack/Trees/Standard_trees/02/Tree_02_low_lambert6SG_OcclusionRoughnessMetallic.png\"", \""Timestamp\"" : \""1548350966\"", \""FileMD5\"" : \""44daa23be1332d63eddbdbd93387fdec\"", \""DisplayLabelName\"" : \""\"" }]""}"
/Game/Landscape/Foilage/Textures/T_Common_Tree_03_D,"{""AssetImportData"": ""[{ \""RelativeFilename\"" : \""D:/Asset Packs/Nature Pack/Trees/Standard_trees/03/Tree_03_low_Tree_03_low_lambert4SG_BaseColor.png\"", \""Timestamp\"" : \""1548351032\"", \""FileMD5\"" : \""20a0da355422ba55f4038a6d9c36f7a6\"", \""DisplayLabelName\"" : \""\"" }]""}"
/Game/Landscape/Foilage/Textures/T_Common_Tree_03_N,"{""AssetImportData"": ""[{ \""RelativeFilename\"" : \""D:/Asset Packs/Nature Pack/Trees/Standard_trees/03/Tree_03_low_Tree_03_low_lambert4SG_Normal.png\"", \""Timestamp\"" : \""1548351035\"", \""FileMD5\"" : \""7440057266e0d4e687f94d65f05f127a\"", \""DisplayLabelName\"" : \""\"" }]""}"
/Game/Landscape/Foilage/Textures/T_Common_Tree_03_ORM,"{""AssetImportData"": ""[{ \""RelativeFilename\"" : \""D:/Asset Packs/Nature Pack/Trees/Standard_trees/03/Tree_03_low_Tree_03_low_lambert4SG_OcclusionRoughnessMetallic.png\"", \""Timestamp\"" : \""1548351032\"", \""FileMD5\"" : \""434bb89d82ecb254ea0f2f061d7c413c\"", \""DisplayLabelName\"" : \""\"" }]""}"
/Game/Landscape/Foilage/Textures/T_Common_Tree_04_D,"{""AssetImportData"": ""[{ \""RelativeFilename\"" : \""D:/Asset Packs/Nature Pack/Trees/Standard_trees/04/tree_04_low_Tree_01_Tree_01_Tree_01_lambert5SG_BaseColor.png\"", \""Timestamp\"" : \""1548351096\"", \""FileMD5\"" : \""6777cbf27336549c942892399fecb6a6\"", \""DisplayLabelName\"" : \""\"" }]""}"
/Game/Landscape/Foilage/Textures/T_Common_Tree_04_N,"{""AssetImportData"": ""[{ \""RelativeFilename\"" : \""D:/Asset Packs/Nature Pack/Trees/Standard_trees/04/tree_04_low_Tree_01_Tree_01_Tree_01_lambert5SG_Normal.png\"", \""Timestamp\"" : \""1548351099\"", \""FileMD5\"" : \""16806d7dc441b0cc93451bca94c4bf66\"", \""DisplayLabelName\"" : \""\"" }]""}"
/Game/Landscape/Foilage/Textures/T_Common_Tree_04_ORM,"{""AssetImportData"": ""[{ \""RelativeFilename\"" : \""D:/Asset Packs/Nature Pack/Trees/Standard_trees/04/tree_04_low_Tree_01_Tree_01_Tree_01_lambert5SG_OcclusionRoughnessMetallic.png\"", \""Timestamp\"" : \""1548351097\"", \""FileMD5\"" : \""76b21b293ff493b239c6bc352567b839\"", \""DisplayLabelName\"" : \""\"" }]""}"
/Game/Landscape/Foilage/Textures/T_Common_Tree_05_D,"{""AssetImportData"": ""[{ \""RelativeFilename\"" : \""D:/Asset Packs/Nature Pack/Trees/Standard_trees/05/tree_05_low_lambert3SG_BaseColor.png\"", \""Timestamp\"" : \""1548351161\"", \""FileMD5\"" : \""58a5822dd0d4edc783fc7230a5081269\"", \""DisplayLabelName\"" : \""\"" }]""}"
/Game/Landscape/Foilage/Textures/T_Common_Tree_05_N,"{""AssetImportData"": ""[{ \""RelativeFilename\"" : \""D:/Asset Packs/Nature Pack/Trees/Standard_trees/05/tree_05_low_lambert3SG_Normal.png\"", \""Timestamp\"" : \""1548351164\"", \""FileMD5\"" : \""9139c53ba0134974c31129f43c356b53\"", \""DisplayLabelName\"" : \""\"" }]""}"
/Game/Landscape/Foilage/Textures/T_Common_Tree_05_ORM,"{""AssetImportData"": ""[{ \""RelativeFilename\"" : \""D:/Asset Packs/Nature Pack/Trees/Standard_trees/05/tree_05_low_lambert3SG_OcclusionRoughnessMetallic.png\"", \""Timestamp\"" : \""1548351162\"", \""FileMD5\"" : \""e900ecb6671cf7948f4bbeba8a16479a\"", \""DisplayLabelName\"" : \""\"" }]""}"
/Game/Landscape/Foilage/Textures/T_Common_Tree_06_D,"{""AssetImportData"": ""[{ \""RelativeFilename\"" : \""D:/Asset Packs/Nature Pack/Trees/Standard_trees/06/tree_06_low_lambert5SG_BaseColor.png\"", \""Timestamp\"" : \""1548351226\"", \""FileMD5\"" : \""93f5513e4ace547454b112d26daf8c71\"", \""DisplayLabelName\"" : \""\"" }]""}"
/Game/Landscape/Foilage/Textures/T_Common_Tree_06_N,"{""AssetImportData"": ""[{ \""RelativeFilename\"" : \""D:/Asset Packs/Nature Pack/Trees/Standard_trees/06/tree_06_low_lambert5SG_Normal.png\"", \""Timestamp\"" : \""1548351229\"", \""FileMD5\"" : \""a9fa64470db04939cff577f03068093c\"", \""DisplayLabelName\"" : \""\"" }]""}"
/Game/Landscape/Foilage/Textures/T_Common_Tree_06_ORM,"{""AssetImportData"": ""[{ \""RelativeFilename\"" : \""D:/Asset Packs/Nature Pack/Trees/Standard_trees/06/tree_06_low_lambert5SG_OcclusionRoughnessMetallic.png\"", \""Timestamp\"" : \""1548351226\"", \""FileMD5\"" : \""298e0d2080beff566ae589fd1cd2a614\"", \""DisplayLabelName\"" : \""\"" }]""}"
/Game/Landscape/Foilage/Textures/T_Common_Tree_07_D,"{""AssetImportData"": ""[{ \""RelativeFilename\"" : \""D:/Asset Packs/Nature Pack/Trees/Standard_trees/07/tree_07_low_lambert4SG_BaseColor.png\"", \""Timestamp\"" : \""1548352903\"", \""FileMD5\"" : \""14f96529e60a9501d66624fd7e52bb53\"", \""DisplayLabelName\"" : \""\"" }]""}"
/Game/Landscape/Foilage/Textures/T_Common_Tree_07_N,"{""AssetImportData"": ""[{ \""RelativeFilename\"" : \""D:/Asset Packs/Nature Pack/Trees/Standard_trees/07/tree_07_low_lambert4SG_Normal.png\"", \""Timestamp\"" : \""1548352906\"", \""FileMD5\"" : \""78bd95e3b4dd442b462ca71c7a1eb7aa\"", \""DisplayLabelName\"" : \""\"" }]""}"
/Game/Landscape/Foilage/Textures/T_Common_Tree_07_ORM,"{""AssetImportData"": ""[{ \""RelativeFilename\"" : \""D:/Asset Packs/Nature Pack/Trees/Standard_trees/07/tree_07_low_lambert4SG_OcclusionRoughnessMetallic.png\"", \""Timestamp\"" : \""1548352904\"", \""FileMD5\"" : \""bce103432dac4ba38a4ef4df63d297c0\"", \""DisplayLabelName\"" : \""\"" }]""}"
/Game/Landscape/Foilage/Textures/T_Common_Tree_08_D,"{""AssetImportData"": ""[{ \""RelativeFilename\"" : \""D:/Asset Packs/Nature Pack/Trees/Standard_trees/08/tree_08_low_tree_08_low_lambert2SG_BaseColor.png\"", \""Timestamp\"" : \""1548352974\"", \""FileMD5\"" : \""fc4adfd2da989f16c56696da5e99ef74\"", \""DisplayLabelName\"" : \""\"" }]""}"
/Game/Landscape/Foilage/Textures/T_Common_Tree_08_N,"{""AssetImportData"": ""[{ \""RelativeFilename\"" : \""D:/Asset Packs/Nature Pack/Trees/Standard_trees/08/tree_08_low_tree_08_low_lambert2SG_Normal.png\"", \""Timestamp\"" : \""1548352977\"", \""FileMD5\"" : \""4eeeec169e1ecbf55433c062afc8f464\"", \""DisplayLabelName\"" : \""\"" }]""}"
/Game/Landscape/Foilage/Textures/T_Common_Tree_08_ORM,"{""AssetImportData"": ""[{ \""RelativeFilename\"" : \""D:/Asset Packs/Nature Pack/Trees/Standard_trees/08/tree_08_low_tree_08_low_lambert2SG_OcclusionRoughnessMetallic.png\"", \""Timestamp\"" : \""1548352975\"", \""FileMD5\"" : \""2895da8510b25d1c77aba77a810c2a43\"", \""DisplayLabelName\"" : \""\"" }]""}"
/Game/Landscape/Foilage/Textures/T_Common_Tree_09_D,"{""AssetImportData"": ""[{ \""RelativeFilename\"" : \""D:/Asset Packs/Nature Pack/Trees/Standard_trees/09/tree_09_low_Tree_01_lambert4SG_BaseColor.png\"", \""Timestamp\"" : \""1548353045\"", \""FileMD5\"" : \""a90c0fda01e8932d463419a065ed1c0f\"", \""DisplayLabelName\"" : \""\"" }]""}"
/Game/Landscape/Foilage/Textures/T_Common_Tree_09_N,"{""AssetImportData"": ""[{ \""RelativeFilename\"" : \""D:/Asset Packs/Nature Pack/Trees/Standard_trees/09/tree_09_low_Tree_01_lambert4SG_Normal.png\"", \""Timestamp\"" : \""1548353048\"", \""FileMD5\"" : \""bf4064955ec7a308b3a6e86b331a2a36\"", \""DisplayLabelName\"" : \""\"" }]""}"
/Game/Landscape/Foilage/Textures/T_Common_Tree_09_ORM,"{""AssetImportData"": ""[{ \""RelativeFilename\"" : \""D:/Asset Packs/Nature Pack/Trees/Standard_trees/09/tree_09_low_Tree_01_lambert4SG_OcclusionRoughnessMetallic.png\"", \""Timestamp\"" : \""1548353046\"", \""FileMD5\"" : \""9745a9aac062471d1da4909c80c2f650\"", \""DisplayLabelName\"" : \""\"" }]""}"
/Game/Landscape/Foilage/Textures/T_Common_Tree_10_D,"{""AssetImportData"": ""[{ \""RelativeFilename\"" : \""D:/Asset Packs/Nature Pack/Trees/Standard_trees/10/Tree_10_low_lambert8SG_BaseColor.png\"", \""Timestamp\"" : \""1548353102\"", \""FileMD5\"" : \""a4252e93bd0e8597f7cea4557408a8c4\"", \""DisplayLabelName\"" : \""\"" }]""}"
/Game/Landscape/Foilage/Textures/T_Common_Tree_10_N,"{""AssetImportData"": ""[{ \""RelativeFilename\"" : \""D:/Asset Packs/Nature Pack/Trees/Standard_trees/10/Tree_10_low_lambert8SG_Normal.png\"", \""Timestamp\"" : \""1548353105\"", \""FileMD5\"" : \""25b3deef53adf9144992fce54ff252c2\"", \""DisplayLabelName\"" : \""\"" }]""}"
/Game/Landscape/Foilage/Textures/T_Common_Tree_10_ORM,"{""AssetImportData"": ""[{ \""RelativeFilename\"" : \""D:/Asset Packs/Nature Pack/Trees/Standard_trees/10/Tree_10_low_lambert8SG_OcclusionRoughnessMetallic.png\"", \""Timestamp\"" : \""1548353102\"", \""FileMD5\"" : \""9ab3e68b708494c5b63d5f393fb81208\"", \""DisplayLabelName\"" : \""\"" }]""}"
/Game/Landscape/Foilage/Textures/T_Common_Tree_11_D,"{""AssetImportData"": ""[{ \""RelativeFilename\"" : \""D:/Asset Packs/Nature Pack/Trees/Standard_trees/11/Tree_11_low_lambert9SG_BaseColor.png\"", \""Timestamp\"" : \""1548353179\"", \""FileMD5\"" : \""0b3ce2abc64a483f58b90765f54b22d6\"", \""DisplayLabelName\"" : \""\"" }]""}"
/Game/Landscape/Foilage/Textures/T_Common_Tree_11_N,"{""AssetImportData"": ""[{ \""RelativeFilename\"" : \""D:/Asset Packs/Nature Pack/Trees/Standard_trees/11/Tree_11_low_lambert9SG_Normal.png\"", \""Timestamp\"" : \""1548353182\"", \""FileMD5\"" : \""2794dccb4d27e22bcb91fd6263f9a4e6\"", \""DisplayLabelName\"" : \""\"" }]""}"
/Game/Landscape/Foilage/Textures/T_Common_Tree_11_ORM,"{""AssetImportData"": ""[{ \""RelativeFilename\"" : \""../../../../../../Users/layou/Desktop/M_Tree_11_ORM.TGA\"", \""Timestamp\"" : \""1558108276\"", \""FileMD5\"" : \""ca9abd5c6d0aa53b8f85a8e8c6a72968\"", \""DisplayLabelName\"" : \""\"" }]""}"
/Game/Landscape/Foilage/Textures/T_Common_Tree_Leaves_D,"{""AssetImportData"": ""[{ \""RelativeFilename\"" : \""D:/Asset Packs/Nature Pack/Trees/Standard_trees/Alpha/leaves_diffuse.tga\"", \""Timestamp\"" : \""1550158435\"", \""FileMD5\"" : \""e2d1162815eeaf129d7b9ca90ca0c674\"", \""DisplayLabelName\"" : \""\"" }]""}"
/Game/Landscape/Foilage/Textures/T_Fern_D,"{""AssetImportData"": ""[{ \""RelativeFilename\"" : \""D:/Guardians of the Realm/Environment/Foliage/Fern/Fern_diffuse.tga\"", \""Timestamp\"" : \""1548440445\"", \""FileMD5\"" : \""7133c579929d4305fae51721bf76adfd\"", \""DisplayLabelName\"" : \""\"" }]""}"
/Game/Landscape/Foilage/Textures/T_Grass_D,"{""AssetImportData"": ""[{ \""RelativeFilename\"" : \""D:/Asset Packs/Nature Pack/Foliage/Grass/Grass_alpha.tga\"", \""Timestamp\"" : \""1555599714\"", \""FileMD5\"" : \""ea5509cdc600b3145af94db7a16ada2b\"", \""DisplayLabelName\"" : \""\"" }]""}"
/Game/Landscape/Foilage/Textures/T_Pine_Tree_Leaves_D,"{""AssetImportData"": ""[{ \""RelativeFilename\"" : \""D:/Asset Packs/Nature Pack/Trees/Pine Trees Fixed/Pine_Tree_Leaves_D.tga\"", \""Timestamp\"" : \""1555524991\"", \""FileMD5\"" : \""57adb858b92a0be65910f3b87224f28b\"", \""DisplayLabelName\"" : \""\"" }]""}"
/Game/Landscape/Foilage/Textures/T_Pine_Tree_Trunk_D,"{""AssetImportData"": ""[{ \""RelativeFilename\"" : \""D:/Asset Packs/Nature Pack/Trees/Pine Trees Fixed/Pine_Tree_Trunk_D.tga\"", \""Timestamp\"" : \""1555525170\"", \""FileMD5\"" : \""6dc89094635afdeb7eb278a99b6ea599\"", \""DisplayLabelName\"" : \""\"" }]""}"
/Game/Landscape/Foilage/Textures/T_Pine_Tree_Trunk_N,"{""AssetImportData"": ""[{ \""RelativeFilename\"" : \""D:/Asset Packs/Nature Pack/Trees/Pine Trees Fixed/Pine_Tree_Trunk_N.tga\"", \""Timestamp\"" : \""1555524819\"", \""FileMD5\"" : \""1ca812988f291e84718237e5980ad090\"", \""DisplayLabelName\"" : \""\"" }]""}"
/Game/Landscape/Foilage/Textures/T_Pine_Tree_Trunk_ORM,"{""AssetImportData"": ""[{ \""RelativeFilename\"" : \""D:/Asset Packs/Nature Pack/Trees/Pine Trees Fixed/Pine_Tree_Trunk_RGB.tga\"", \""Timestamp\"" : \""1555524817\"", \""FileMD5\"" : \""05caf36532102dd632f56dd1afa05075\"", \""DisplayLabelName\"" : \""\"" }]""}"
/Game/Landscape/Foilage/Textures/T_R_Rocks_1-5_D,"{""AssetImportData"": ""[{ \""RelativeFilename\"" : \""D:/Asset Packs/Nature Pack/Rocks/R_Rocks_1-5/R_Rocks_1-5/Rock_Group_BaseColor.tga\"", \""Timestamp\"" : \""1547137381\"", \""FileMD5\"" : \""a3102c80d0e39179bd97def1c2e8aa66\"", \""DisplayLabelName\"" : \""\"" }]""}"
/Game/Landscape/Foilage/Textures/T_R_Rocks_1-5_N,"{""AssetImportData"": ""[{ \""RelativeFilename\"" : \""D:/Asset Packs/Nature Pack/Rocks/R_Rocks_1-5/R_Rocks_1-5/Rock_Group_Normal.tga\"", \""Timestamp\"" : \""1547137384\"", \""FileMD5\"" : \""c65c2557681efb7c433ed1e989df1679\"", \""DisplayLabelName\"" : \""\"" }]""}"
/Game/Landscape/Foilage/Textures/T_R_Rocks_1-5_ORM,"{""AssetImportData"": ""[{ \""RelativeFilename\"" : \""D:/Asset Packs/Nature Pack/Rocks/R_Rocks_1-5/R_Rocks_1-5/Rock_Group_OcclusionRoughnessMetallic.tga\"", \""Timestamp\"" : \""1547137381\"", \""FileMD5\"" : \""c7a73d630ff2229197fa5b3a6ac005c3\"", \""DisplayLabelName\"" : \""\"" }]""}"
/Game/Landscape/Foilage/Textures/T_S_Rocks_1-6_D,"{""AssetImportData"": ""[{ \""RelativeFilename\"" : \""D:/Asset Packs/Nature Pack/Rocks/S_Rocks_1-6/S_Rocks_1-6_BaseColor.tga\"", \""Timestamp\"" : \""1547135873\"", \""FileMD5\"" : \""69b0da688e7e89125c3386ea7d7f75a2\"", \""DisplayLabelName\"" : \""\"" }]""}"
/Game/Landscape/Foilage/Textures/T_S_Rocks_1-6_N,"{""AssetImportData"": ""[{ \""RelativeFilename\"" : \""D:/Asset Packs/Nature Pack/Rocks/S_Rocks_1-6/S_Rocks_1-6_Normal.tga\"", \""Timestamp\"" : \""1547135876\"", \""FileMD5\"" : \""63906dc5e9315f4570c66d12bf0873f9\"", \""DisplayLabelName\"" : \""\"" }]""}"
/Game/Landscape/Foilage/Textures/T_S_Rocks_1-6_ORM,"{""AssetImportData"": ""[{ \""RelativeFilename\"" : \""D:/Asset Packs/Nature Pack/Rocks/S_Rocks_1-6/S_Rocks_1-6_OcclusionRoughnessMetallic.tga\"", \""Timestamp\"" : \""1547135874\"", \""FileMD5\"" : \""92c325de26237b997eff4efd2a6011d7\"", \""DisplayLabelName\"" : \""\"" }]""}"
/Game/Landscape/Foilage/Textures/T_S_Rocks_7-11_D,"{""AssetImportData"": ""[{ \""RelativeFilename\"" : \""D:/Asset Packs/Nature Pack/Rocks/S_Rocks_7-11/S_Rocks_7-11_BaseColor.tga\"", \""Timestamp\"" : \""1547134937\"", \""FileMD5\"" : \""f9291ee88b5a931370532a9218288f61\"", \""DisplayLabelName\"" : \""\"" }]""}"
/Game/Landscape/Foilage/Textures/T_S_Rocks_7-11_N,"{""AssetImportData"": ""[{ \""RelativeFilename\"" : \""D:/Asset Packs/Nature Pack/Rocks/S_Rocks_7-11/S_Rocks_7-11_Normal.tga\"", \""Timestamp\"" : \""1547134941\"", \""FileMD5\"" : \""d18c4b9fc18c27e8f238371d1647284d\"", \""DisplayLabelName\"" : \""\"" }]""}"
/Game/Landscape/Foilage/Textures/T_S_Rocks_7-11_ORM,"{""AssetImportData"": ""[{ \""RelativeFilename\"" : \""D:/Asset Packs/Nature Pack/Rocks/S_Rocks_7-11/S_Rocks_7-11_OcclusionRoughnessMetallic.tga\"", \""Timestamp\"" : \""1547134938\"", \""FileMD5\"" : \""0359691c1fb407204e518505f583aaf6\"", \""DisplayLabelName\"" : \""\"" }]""}"
/Game/Landscape/StylizedGrassByMayu/Grass_01/Mesh/SM_StylizedWorld_Grass,"{""AssetImportData"": ""[{ \""RelativeFilename\"" : \""F:/Personal Projects/Unreal Projects/Self Created Assets/Mesh with Textures/Grass/Grass multiple.fbx\"", \""Timestamp\"" : \""1742330365\"", \""FileMD5\"" : \""397cba40a4870a2612fece8ebd214ee6\"", \""DisplayLabelName\"" : \""\"" }]""}"
/Game/Landscape/StylizedGrassByMayu/Grass_01/Mesh/SM_StylizedWorld_Grass_02,"{""AssetImportData"": ""[{ \""RelativeFilename\"" : \""H:/Personal Projects/Unreal Projects/Self Created Assets/Mesh with Textures/Grass/RoundedGrassMesh.fbx\"", \""Timestamp\"" : \""1766343155\"", \""FileMD5\"" : \""2d0181da810ec10e06ef7467c1a8f7ed\"", \""DisplayLabelName\"" : \""\"" }]""}"
/Game/Landscape/StylizedGrassByMayu/Grass_01/Texture/T_GrassSprite,"{""AssetImportData"": ""[{ \""RelativeFilename\"" : \""F:/Personal Projects/Unreal Projects/Assets/kenney_foliage-sprites/PNG/Flat/GrassSprite.jpg\"", \""Timestamp\"" : \""1742328940\"", \""FileMD5\"" : \""fe677d0ae232d6ff088140286d4a4758\"", \""DisplayLabelName\"" : \""\"" }]""}"
/Game/Landscape/StylizedGrassByMayu/RoundedGrass/Mesh/SM_RoundedGrassMesh,"{""AssetImportData"": ""[{ \""RelativeFilename\"" : \""H:/Personal Projects/Unreal Projects/Self Created Assets/Mesh with Textures/Grass/RoundedGrassMesh.fbx\"", \""Timestamp\"" : \""1766343155\"", \""FileMD5\"" : \""2d0181da810ec10e06ef7467c1a8f7ed\"", \""DisplayLabelName\"" : \""\"" }]""}"
/Game/Landscape/StylizedGrassByMayu/RoundedGrass/Texture/T_Rounded_Grass_Texture,"{""AssetImportData"": ""[{ \""RelativeFilename\"" : \""H:/Personal Projects/Unreal Projects/Self Created Assets/Mesh with Textures/Grass/Rounded Grass Texture.png\"", \""Timestamp\"" : \""1766341837\"", \""FileMD5\"" : \""bbb7206859ba79a1454b89f68b591d63\"", \""DisplayLabelName\"" : \""\"" }]""}"
/Game/Landscape/StylizedGrassByMayu/Shared_Assets/Mesh/SM_SizeReference,"{""AssetImportData"": ""[]""}"
/Game/Landscape/StylizedGrassByMayu/Shared_Assets/Textures/T_Cloud_Texture,"{""AssetImportData"": ""[{ \""RelativeFilename\"" : \""C:/Users/mayur/Downloads/Cloud Texture.png\"", \""Timestamp\"" : \""1742071286\"", \""FileMD5\"" : \""506f0137a4af738d746175527d4d7189\"", \""DisplayLabelName\"" : \""\"" }]""}"
/Game/Landscape/StylizedGrassByMayu/Shared_Assets/Textures/T_Grass_Scratches_Texture,"{""AssetImportData"": ""[{ \""RelativeFilename\"" : \""F:/Personal Projects/Unreal Projects/Self Created Assets/Textures/MaterialMaker/Grass Scratches Texture.png\"", \""Timestamp\"" : \""1751025199\"", \""FileMD5\"" : \""40046d9062c19c7eac80799ba39ebe89\"", \""DisplayLabelName\"" : \""\"" }]""}"
/Game/Levels/_GENERATED/Baked/SM_BP_DynamicBox_C_0,"{""AssetImportData"": ""[]""}"
/Game/Levels/_GENERATED/Baked/SM_BP_DynamicBox_C_2,"{""AssetImportData"": ""[]""}"
/Game/Levels/_GENERATED/Baked/SM_BP_DynamicBox_C_3,"{""AssetImportData"": ""[]""}"
/Game/Levels/_GENERATED/Baked/SM_BP_DynamicBox_C_7,"{""AssetImportData"": ""[]""}"
/Game/Levels/_GENERATED/Baked/SM_BP_DynamicBox_C_8,"{""AssetImportData"": ""[]""}"
/Game/Levels/_GENERATED/Baked/SM_BP_DynamicSpiralStair_C_1,"{""AssetImportData"": ""[]""}"
/Game/Levels/_GENERATED/Baked/SM_BP_DynamicSpiralStair_C_2,"{""AssetImportData"": ""[]""}"
/Game/Levels/_GENERATED/Baked/SM_BP_DynamicSpiralWall_C_0,"{""AssetImportData"": ""[]""}"
/Game/Levels/_GENERATED/Baked/SM_BP_DynamicSpiralWall_C_10,"{""AssetImportData"": ""[]""}"
/Game/Levels/_GENERATED/Baked/SM_BP_DynamicSpiralWall_C_2,"{""AssetImportData"": ""[]""}"
/Game/Levels/_GENERATED/Baked/SM_BP_DynamicSpiralWall_C_3,"{""AssetImportData"": ""[]""}"
/Game/Levels/_GENERATED/Baked/SM_BP_DynamicSpiralWall_C_4,"{""AssetImportData"": ""[]""}"
/Game/Levels/_GENERATED/Baked/SM_BP_DynamicSpiralWall_C_5,"{""AssetImportData"": ""[]""}"
/Game/Levels/_GENERATED/Baked/SM_BP_DynamicSpiralWall_C_7,"{""AssetImportData"": ""[]""}"
/Game/Levels/_GENERATED/Baked/SM_BP_DynamicSpiralWall_C_8,"{""AssetImportData"": ""[]""}"
/Game/Levels/_GENERATED/Baked/SM_BP_DynamicSpiralWall_C_9,"{""AssetImportData"": ""[]""}"
/Game/Levels/_GENERATED/User/Boolean_0E427546,"{""AssetImportData"": ""[]""}"
/Game/Levels/_GENERATED/User/Boolean_1559CF58,"{""AssetImportData"": ""[]""}"
/Game/Levels/_GENERATED/User/Boolean_1DD4A0EA,"{""AssetImportData"": ""[]""}"
/Game/Levels/_GENERATED/User/Boolean_31EF3752,"{""AssetImportData"": ""[]""}"
/Game/Levels/_GENERATED/User/Boolean_5C4CBBFF,"{""AssetImportData"": ""[]""}"
/Game/Levels/_GENERATED/User/Boolean_79A749E1,"{""AssetImportData"": ""[]""}"
/Game/Levels/_GENERATED/User/Boolean_F2C1F8BA,"{""AssetImportData"": ""[]""}"
/Game/Levels/_GENERATED/User/Boolean_F94346B4,"{""AssetImportData"": ""[]""}"
/Game/Levels/_GENERATED/User/Boolean_FC98B8CD,"{""AssetImportData"": ""[]""}"
/Game/Levels/_GENERATED/User/Box_34D01AA0,"{""AssetImportData"": ""[]""}"
/Game/Levels/_GENERATED/User/Box_724C0707,"{""AssetImportData"": ""[]""}"
/Game/Levels/_GENERATED/User/Box_81519F4C,"{""AssetImportData"": ""[]""}"
/Game/Levels/_GENERATED/User/Box_AF8A1787,"{""AssetImportData"": ""[]""}"
/Game/Levels/_GENERATED/User/Box_B60EE60F,"{""AssetImportData"": ""[]""}"
/Game/Levels/_GENERATED/User/Box_BBBFD3DD,"{""AssetImportData"": ""[]""}"
/Game/Levels/_GENERATED/User/Box_F3AC20A8,"{""AssetImportData"": ""[]""}"
/Game/Levels/_GENERATED/User/Cylinder_FC4171C2,"{""AssetImportData"": ""[]""}"
/Game/LuosCaves/Materials/MI_LCave_Master_Instance,"{""AssetImportData"": ""None""}"
/Game/LuosCaves/Materials/M_LCave_Master,"{""AssetImportData"": ""None""}"
/Game/LuosCaves/Materials/Crystal_Instances/MI_Crystal_Blue,"{""AssetImportData"": ""None""}"
/Game/LuosCaves/Materials/Crystal_Instances/MI_Crystal_Red,"{""AssetImportData"": ""None""}"
/Game/LuosCaves/Materials/Extra_Masters/MI_Prop,"{""AssetImportData"": ""None""}"
/Game/LuosCaves/Materials/Extra_Masters/MI_Prop_ModularWalkway,"{""AssetImportData"": ""None""}"
/Game/LuosCaves/Materials/Extra_Masters/MI_Prop_TwoSided,"{""AssetImportData"": ""None""}"
/Game/LuosCaves/Materials/Extra_Masters/M_Crystal_Master,"{""AssetImportData"": ""None""}"
/Game/LuosCaves/Materials/Extra_Masters/M_Decal_Wetness,"{""AssetImportData"": ""None""}"
/Game/LuosCaves/Materials/Extra_Masters/M_DustMote,"{""AssetImportData"": ""None""}"
/Game/LuosCaves/Materials/Extra_Masters/M_emissive_Mushrooms_01,"{""AssetImportData"": ""None""}"
/Game/LuosCaves/Materials/Extra_Masters/M_Floor_Grid,"{""AssetImportData"": ""None""}"
/Game/LuosCaves/Materials/Extra_Masters/M_Fogsheet_Master,"{""AssetImportData"": ""None""}"
/Game/LuosCaves/Materials/Extra_Masters/M_GlowWorm_Master,"{""AssetImportData"": ""None""}"
/Game/LuosCaves/Materials/Extra_Masters/M_godray_Master,"{""AssetImportData"": ""None""}"
/Game/LuosCaves/Materials/Extra_Masters/M_Lamp_Master,"{""AssetImportData"": ""None""}"
/Game/LuosCaves/Materials/Extra_Masters/M_LF_Flaslight,"{""AssetImportData"": ""None""}"
/Game/LuosCaves/Materials/Extra_Masters/M_MossDecal_Master,"{""AssetImportData"": ""None""}"
/Game/LuosCaves/Materials/Extra_Masters/M_Prop,"{""AssetImportData"": ""None""}"
/Game/LuosCaves/Materials/Extra_Masters/M_Sky01,"{""AssetImportData"": ""None""}"
/Game/LuosCaves/Materials/Extra_Masters/M_Sky02,"{""AssetImportData"": ""None""}"
/Game/LuosCaves/Materials/Extra_Masters/M_WillOwisp_01,"{""AssetImportData"": ""None""}"
/Game/LuosCaves/Materials/Extra_Masters/M_woodBeam_Master,"{""AssetImportData"": ""None""}"
/Game/LuosCaves/Materials/Extra_Prop_Instances/MI_emissive_Mushrooms_Blue,"{""AssetImportData"": ""None""}"
/Game/LuosCaves/Materials/Extra_Prop_Instances/MI_emissive_Mushrooms_Yellow,"{""AssetImportData"": ""None""}"
/Game/LuosCaves/Materials/Extra_Prop_Instances/MI_LakeWater,"{""AssetImportData"": ""None""}"
/Game/LuosCaves/Materials/Extra_Prop_Instances/MI_LCave_MossTops_Example,"{""AssetImportData"": ""None""}"
/Game/LuosCaves/Materials/Extra_Prop_Instances/MI_LCave_Snowcaps_Example,"{""AssetImportData"": ""None""}"
/Game/LuosCaves/Materials/Extra_Prop_Instances/MI_Prop_Lamp_Blue,"{""AssetImportData"": ""None""}"
/Game/LuosCaves/Materials/Extra_Prop_Instances/MI_Prop_Lamp_Orange,"{""AssetImportData"": ""None""}"
/Game/LuosCaves/Materials/Modular_Cave_Instances/Dark_Brown01/MII_MCave_DBrown01_SeamCover_HQ,"{""AssetImportData"": ""None""}"
/Game/LuosCaves/Materials/Modular_Cave_Instances/Dark_Brown01/MII_MCave_DBrown01_SeamCover_LQ,"{""AssetImportData"": ""None""}"
/Game/LuosCaves/Materials/Modular_Cave_Instances/Dark_Brown02/MI_MCave_DBrown02,"{""AssetImportData"": ""None""}"
/Game/LuosCaves/Materials/Modular_Cave_Instances/Dark_Brown03/MI_MCave_DBrown03,"{""AssetImportData"": ""None""}"
/Game/LuosCaves/Materials/Modular_Cave_Instances/Dark_Brown04/MI_MCave_DBrown04,"{""AssetImportData"": ""None""}"
/Game/LuosCaves/Materials/Modular_Cave_Instances/Dark_Red01/MI_MCave_DRed01,"{""AssetImportData"": ""None""}"
/Game/LuosCaves/Materials/Modular_Cave_Instances/Dark_Red03/MI_MCave_DRed03,"{""AssetImportData"": ""None""}"
/Game/LuosCaves/Materials/Modular_Cave_Instances/Dark_Red04/MI_MCave_DRed04,"{""AssetImportData"": ""None""}"
/Game/LuosCaves/Materials/Modular_Cave_Instances/Dark_Red04/MI_MCave_DRed04_Moss,"{""AssetImportData"": ""None""}"
/Game/LuosCaves/Materials/Modular_Cave_Instances/Free_Moss_Brown01/MI_MCave_Free_MossBrown01,"{""AssetImportData"": ""None""}"
/Game/LuosCaves/Materials/Modular_Cave_Instances/Gray01/MI_MCave_Gray01,"{""AssetImportData"": ""None""}"
/Game/LuosCaves/Materials/Modular_Cave_Instances/Gray02/MI_MCave_Gray02,"{""AssetImportData"": ""None""}"
/Game/LuosCaves/Materials/Modular_Cave_Instances/Gray03/MI_MCave_Gray03,"{""AssetImportData"": ""None""}"
/Game/LuosCaves/Materials/Modular_Cave_Instances/Gray04/MI_MCave_Gray04,"{""AssetImportData"": ""None""}"
/Game/LuosCaves/Materials/Modular_Cave_Instances/Gray05/MI_MCave_Gray05,"{""AssetImportData"": ""None""}"
/Game/LuosCaves/Materials/Modular_Cave_Instances/Green01/MI_MCave_Green01,"{""AssetImportData"": ""None""}"
/Game/LuosCaves/Materials/Modular_Cave_Instances/Green02/MI_MCave_Green02,"{""AssetImportData"": ""None""}"
/Game/LuosCaves/Materials/Modular_Cave_Instances/Green03/MI_MCave_Green03,"{""AssetImportData"": ""None""}"
/Game/LuosCaves/Materials/Modular_Cave_Instances/Green04/MI_MCave_Green04,"{""AssetImportData"": ""None""}"
/Game/LuosCaves/Materials/Modular_Cave_Instances/Green05/MI_MCave_Green05,"{""AssetImportData"": ""None""}"
/Game/LuosCaves/Materials/Modular_Cave_Instances/Light_Brown01/MI_MCave_LBrown01,"{""AssetImportData"": ""None""}"
/Game/LuosCaves/Materials/Modular_Cave_Instances/Light_Brown02/MI_MCave_LBrown02,"{""AssetImportData"": ""None""}"
/Game/LuosCaves/Materials/Modular_Cave_Instances/Light_Brown03/MI_MCave_LBrown03,"{""AssetImportData"": ""None""}"
/Game/LuosCaves/Materials/Modular_Cave_Instances/Light_Brown04/MI_MCave_LBrown04,"{""AssetImportData"": ""None""}"
/Game/LuosCaves/Materials/Modular_Cave_Instances/Sand_01/MI_MCave_Sand01,"{""AssetImportData"": ""None""}"
/Game/LuosCaves/Materials/Modular_Cave_Instances/Wall01/MI_MCave_Wall01,"{""AssetImportData"": ""None""}"
/Game/LuosCaves/Materials/Modular_Cave_Instances/Wall02/MI_MCave_Wall02,"{""AssetImportData"": ""None""}"
/Game/LuosCaves/Materials/OLD_Masters/M_LCave_Master_Old,"{""AssetImportData"": ""None""}"
/Game/LuosCaves/Meshes/Caves_Extra/SM_lamp_parts,"{""AssetImportData"": ""[{ \""RelativeFilename\"" : \""../../../../../Assets/3D Scenes/Lamp (Caves)/reUV/lamp_parts.fbx\"", \""Timestamp\"" : \""1422993893\"", \""FileMD5\"" : \""\"" }]""}"
/Game/LuosCaves/Meshes/Caves_Extra/SM_lamp_parts_screen,"{""AssetImportData"": ""[{ \""RelativeFilename\"" : \""../../../../../Assets/3D Scenes/Lamp (Caves)/reUV/lamp_parts_screen.fbx\"", \""Timestamp\"" : \""1422993892\"", \""FileMD5\"" : \""\"" }]""}"
/Game/LuosCaves/Meshes/Caves_Extra/SM_lamp_parts_stand,"{""AssetImportData"": ""[{ \""RelativeFilename\"" : \""../../../../../Assets/3D Scenes/Lamp (Caves)/reUV/lamp_parts_stand.fbx\"", \""Timestamp\"" : \""1422993892\"", \""FileMD5\"" : \""\"" }]""}"
/Game/LuosCaves/Meshes/Caves_Extra/SM_LProp_Lamp_01,"{""AssetImportData"": ""[{ \""RelativeFilename\"" : \""K:/_MaxModels_/_Marketplace_/LuosCavesFinal/Extras/SM_LProp_Lamp_01.fbx\"", \""Timestamp\"" : \""1526086732\"", \""FileMD5\"" : \""d1a57d9348add163ccc6dbb4aaa4b228\"" }]""}"
/Game/LuosCaves/Meshes/Caves_Extra/SM_LProp_Lamp_02,"{""AssetImportData"": ""[{ \""RelativeFilename\"" : \""K:/_MaxModels_/_Marketplace_/LuosCavesFinal/Extras/SM_LProp_Lamp_02.fbx\"", \""Timestamp\"" : \""1526087027\"", \""FileMD5\"" : \""2e7ec4b4c068ba0daa7958bac2fdb949\"" }]""}"
/Game/LuosCaves/Meshes/Caves_Extra/SM_Walkway_Spline0,"{""AssetImportData"": ""[{ \""RelativeFilename\"" : \""../../../../../Assets/3D Scenes/Flowstone/Spline0.fbx\"", \""Timestamp\"" : \""1424433128\"", \""FileMD5\"" : \""\"" }]""}"
/Game/LuosCaves/Meshes/Caves_Extra/SM_Walkway_Spline1,"{""AssetImportData"": ""[{ \""RelativeFilename\"" : \""../../../../../Assets/3D Scenes/Flowstone/Spline1.fbx\"", \""Timestamp\"" : \""1424433128\"", \""FileMD5\"" : \""\"" }]""}"
/Game/LuosCaves/Meshes/Caves_Extra/SM_Walkway_Spline2,"{""AssetImportData"": ""[{ \""RelativeFilename\"" : \""../../../../../Assets/3D Scenes/Flowstone/Spline2.fbx\"", \""Timestamp\"" : \""1424433130\"", \""FileMD5\"" : \""\"" }]""}"
/Game/LuosCaves/Meshes/Caves_Extra/SM_Walkway_Spline3,"{""AssetImportData"": ""[{ \""RelativeFilename\"" : \""../../../../../Assets/3D Scenes/Flowstone/Spline3.fbx\"", \""Timestamp\"" : \""1424433129\"", \""FileMD5\"" : \""\"" }]""}"
/Game/LuosCaves/Meshes/Caves_Extra/SM_Walkway_Spline4,"{""AssetImportData"": ""[{ \""RelativeFilename\"" : \""../../../../../Assets/3D Scenes/Flowstone/Spline4.fbx\"", \""Timestamp\"" : \""1424433129\"", \""FileMD5\"" : \""\"" }]""}"
/Game/LuosCaves/Meshes/Caves_Extra/SM_Walkway_Spline5,"{""AssetImportData"": ""[{ \""RelativeFilename\"" : \""../../../../../Assets/3D Scenes/Flowstone/Spline5.fbx\"", \""Timestamp\"" : \""1424433129\"", \""FileMD5\"" : \""\"" }]""}"
/Game/LuosCaves/Meshes/Caves_Extra/SM_Walkway_Spline6,"{""AssetImportData"": ""[{ \""RelativeFilename\"" : \""../../../../../Assets/3D Scenes/Flowstone/Spline6.fbx\"", \""Timestamp\"" : \""1424433129\"", \""FileMD5\"" : \""\"" }]""}"
/Game/LuosCaves/Meshes/Caves_Extra/SM_Walkway_Spline7,"{""AssetImportData"": ""[{ \""RelativeFilename\"" : \""../../../../../Assets/3D Scenes/Flowstone/Spline7.fbx\"", \""Timestamp\"" : \""1424433130\"", \""FileMD5\"" : \""\"" }]""}"
/Game/LuosCaves/Meshes/Caves_Extra/SM_Walkway_Spline8,"{""AssetImportData"": ""[{ \""RelativeFilename\"" : \""../../../../../Assets/3D Scenes/Flowstone/Spline8.fbx\"", \""Timestamp\"" : \""1424433130\"", \""FileMD5\"" : \""\"" }]""}"
/Game/LuosCaves/Meshes/Caves_Extra/SM_Walkway_Spline9,"{""AssetImportData"": ""[{ \""RelativeFilename\"" : \""../../../../../Assets/3D Scenes/Flowstone/Spline9.fbx\"", \""Timestamp\"" : \""1424433130\"", \""FileMD5\"" : \""\"" }]""}"
/Game/LuosCaves/Meshes/Caves_ISections/SM_LCave_CHID_01,"{""AssetImportData"": ""[{ \""RelativeFilename\"" : \""G:/_Work_/Cave2019/RockTest/SM_LCave_CHID_01.fbx\"", \""Timestamp\"" : \""1573909372\"", \""FileMD5\"" : \""29372987662f623f6512dffcda68a526\"" }]""}"
/Game/LuosCaves/Meshes/Caves_ISections/SM_LCave_CHID_02,"{""AssetImportData"": ""[{ \""RelativeFilename\"" : \""G:/_Work_/Cave2019/RockTest/SM_LCave_CHID_02.fbx\"", \""Timestamp\"" : \""1573909362\"", \""FileMD5\"" : \""baf4f803d2ade4d09f86ef473f3314f2\"" }]""}"
/Game/LuosCaves/Meshes/Caves_ISections/SM_LCave_CHID_03,"{""AssetImportData"": ""[{ \""RelativeFilename\"" : \""G:/_Work_/Cave2019/RockTest/SM_LCave_CHID_03.fbx\"", \""Timestamp\"" : \""1573909363\"", \""FileMD5\"" : \""63927491df7a9c989c6b65d28a986072\"" }]""}"
/Game/LuosCaves/Meshes/Caves_ISections/SM_LCave_CHID_04,"{""AssetImportData"": ""[{ \""RelativeFilename\"" : \""G:/_Work_/Cave2019/RockTest/SM_LCave_CHID_04.fbx\"", \""Timestamp\"" : \""1573909365\"", \""FileMD5\"" : \""b930cdf14a360363e7d652264896bc0d\"" }]""}"
/Game/LuosCaves/Meshes/Caves_ISections/SM_LCave_CHID_05,"{""AssetImportData"": ""[{ \""RelativeFilename\"" : \""G:/_Work_/Cave2019/RockTest/SM_LCave_CHID_05.fbx\"", \""Timestamp\"" : \""1573909358\"", \""FileMD5\"" : \""7f543726afd7ff085c0a9556e771d3ef\"" }]""}"
/Game/LuosCaves/Meshes/Caves_ISections/SM_LCave_CHID_06,"{""AssetImportData"": ""[{ \""RelativeFilename\"" : \""G:/_Work_/Cave2019/RockTest/SM_LCave_CHID_06.fbx\"", \""Timestamp\"" : \""1573909371\"", \""FileMD5\"" : \""7208ec6f4565452fe6fa8257c5d9ec71\"" }]""}"
/Game/LuosCaves/Meshes/Caves_ISections/SM_LCave_CHID_07,"{""AssetImportData"": ""[{ \""RelativeFilename\"" : \""G:/_Work_/Cave2019/RockTest/SM_LCave_CHID_07.fbx\"", \""Timestamp\"" : \""1573909376\"", \""FileMD5\"" : \""295a90caa3081891a524cb594984a26c\"" }]""}"
/Game/LuosCaves/Meshes/Caves_ISections/SM_LCave_CHI_01,"{""AssetImportData"": ""[{ \""RelativeFilename\"" : \""G:/_Work_/Cave2019/RockTest/SM_LCave_CHI_01.fbx\"", \""Timestamp\"" : \""1573909361\"", \""FileMD5\"" : \""77922fe20506c8681237ae86d404e523\"" }]""}"
/Game/LuosCaves/Meshes/Caves_ISections/SM_LCave_CHI_02,"{""AssetImportData"": ""[{ \""RelativeFilename\"" : \""G:/_Work_/Cave2019/RockTest/SM_LCave_CHI_02.fbx\"", \""Timestamp\"" : \""1573909364\"", \""FileMD5\"" : \""1b13b278b1cacaae9b6eb97a96a2fc7c\"" }]""}"
/Game/LuosCaves/Meshes/Caves_ISections/SM_LCave_CHI_03,"{""AssetImportData"": ""[{ \""RelativeFilename\"" : \""G:/_Work_/Cave2019/RockTest/SM_LCave_CHI_03.fbx\"", \""Timestamp\"" : \""1573909360\"", \""FileMD5\"" : \""692eb0b18a196be4b6c96ca90dd62682\"" }]""}"
/Game/LuosCaves/Meshes/Caves_ISections/SM_LCave_CHI_04,"{""AssetImportData"": ""[{ \""RelativeFilename\"" : \""G:/_Work_/Cave2019/RockTest/SM_LCave_CHI_04.fbx\"", \""Timestamp\"" : \""1573909359\"", \""FileMD5\"" : \""3f4c43204b71282a9baa56a01d7b2d82\"" }]""}"
/Game/LuosCaves/Meshes/Caves_ISections/SM_LCave_CHI_05,"{""AssetImportData"": ""[{ \""RelativeFilename\"" : \""G:/_Work_/Cave2019/RockTest/SM_LCave_CHI_05.fbx\"", \""Timestamp\"" : \""1573909358\"", \""FileMD5\"" : \""494c6225ad55024de721bb6c3523a947\"" }]""}"
/Game/LuosCaves/Meshes/Caves_ISections/SM_LCave_CHI_06,"{""AssetImportData"": ""[{ \""RelativeFilename\"" : \""G:/_Work_/Cave2019/RockTest/SM_LCave_CHI_06.fbx\"", \""Timestamp\"" : \""1573909376\"", \""FileMD5\"" : \""f7a89fcfc722a7a438646126cf4daabc\"" }]""}"
/Game/LuosCaves/Meshes/Caves_ISections/SM_LCave_CRID_01,"{""AssetImportData"": ""[{ \""RelativeFilename\"" : \""G:/_Work_/Cave2019/RockTest/SM_LCave_CRID_01.fbx\"", \""Timestamp\"" : \""1573909373\"", \""FileMD5\"" : \""688d379ca30f18866d83ddf3b5ae35df\"" }]""}"
/Game/LuosCaves/Meshes/Caves_ISections/SM_LCave_CRID_02,"{""AssetImportData"": ""[{ \""RelativeFilename\"" : \""G:/_Work_/Cave2019/RockTest/SM_LCave_CRID_02.fbx\"", \""Timestamp\"" : \""1573909375\"", \""FileMD5\"" : \""c2e507a401d3b2c4683cd05c23ed3c03\"" }]""}"
/Game/LuosCaves/Meshes/Caves_ISections/SM_LCave_CRI_01,"{""AssetImportData"": ""[{ \""RelativeFilename\"" : \""G:/_Work_/Cave2019/RockTest/SM_LCave_CRI_01.fbx\"", \""Timestamp\"" : \""1573909366\"", \""FileMD5\"" : \""96e982eacbfba27b7484d9a83c2477c4\"" }]""}"
/Game/LuosCaves/Meshes/Caves_ISections/SM_LCave_CRI_02,"{""AssetImportData"": ""[{ \""RelativeFilename\"" : \""G:/_Work_/Cave2019/RockTest/SM_LCave_CRI_02.fbx\"", \""Timestamp\"" : \""1573909367\"", \""FileMD5\"" : \""9b25f16cec1559b0ede50db1b3aa5112\"" }]""}"
/Game/LuosCaves/Meshes/Caves_ISections/SM_LCave_CRI_03,"{""AssetImportData"": ""[{ \""RelativeFilename\"" : \""G:/_Work_/Cave2019/RockTest/SM_LCave_CRI_03.fbx\"", \""Timestamp\"" : \""1573909368\"", \""FileMD5\"" : \""860428a1b73502bbcbbf64988489a855\"" }]""}"
/Game/LuosCaves/Meshes/Caves_ISections/SM_LCave_CRI_04,"{""AssetImportData"": ""[{ \""RelativeFilename\"" : \""G:/_Work_/Cave2019/RockTest/SM_LCave_CRI_04.fbx\"", \""Timestamp\"" : \""1573909355\"", \""FileMD5\"" : \""3cf053d4db4115a55cf75a2f6e47e6d0\"" }]""}"
/Game/LuosCaves/Meshes/Caves_ISections/SM_LCave_Free_CHI_01,"{""AssetImportData"": ""[{ \""RelativeFilename\"" : \""G:/_Work_/Cave2019/RockTest/SM_LCave_Free_CHI_01.fbx\"", \""Timestamp\"" : \""1573909377\"", \""FileMD5\"" : \""f913765ae3a2668478407c0468806ce7\"" }]""}"
/Game/LuosCaves/Meshes/Caves_ISections/SM_LCave_OHID_01,"{""AssetImportData"": ""[{ \""RelativeFilename\"" : \""G:/_Work_/Cave2019/RockTest/SM_LCave_OHID_01.fbx\"", \""Timestamp\"" : \""1573909374\"", \""FileMD5\"" : \""f2c61e7dd341eb7f5f3dbdb7133e0b1d\"" }]""}"
/Game/LuosCaves/Meshes/Caves_ISections/SM_LCave_OHI_01,"{""AssetImportData"": ""[{ \""RelativeFilename\"" : \""G:/_Work_/Cave2019/RockTest/SM_LCave_OHI_01.fbx\"", \""Timestamp\"" : \""1573909370\"", \""FileMD5\"" : \""a18ebfa008be2554a678a2fe6844586d\"" }]""}"
/Game/LuosCaves/Meshes/Caves_ISections/SM_LCave_OHI_02,"{""AssetImportData"": ""[{ \""RelativeFilename\"" : \""G:/_Work_/Cave2019/RockTest/SM_LCave_OHI_02.fbx\"", \""Timestamp\"" : \""1573909368\"", \""FileMD5\"" : \""0423b554587c2d3ad3e2d775b13ca641\"" }]""}"
/Game/LuosCaves/Meshes/Caves_ISections/SM_LCave_ORI_01,"{""AssetImportData"": ""[{ \""RelativeFilename\"" : \""G:/_Work_/Cave2019/RockTest/SM_LCave_ORI_01.fbx\"", \""Timestamp\"" : \""1573909369\"", \""FileMD5\"" : \""46e25bd69a60f27f13309be0c573618b\"" }]""}"
/Game/LuosCaves/Meshes/Caves_LSections/SM_LCave_CHLD_01,"{""AssetImportData"": ""[{ \""RelativeFilename\"" : \""G:/_Work_/Cave2019/RockTest/SM_LCave_CHLD_01.fbx\"", \""Timestamp\"" : \""1573909984\"", \""FileMD5\"" : \""115a8a62b746a1f45769e329daa6a20d\"" }]""}"
/Game/LuosCaves/Meshes/Caves_LSections/SM_LCave_CHLD_02,"{""AssetImportData"": ""[{ \""RelativeFilename\"" : \""G:/_Work_/Cave2019/RockTest/SM_LCave_CHLD_02.fbx\"", \""Timestamp\"" : \""1573909997\"", \""FileMD5\"" : \""24815146cc57f3ae734edd595b7b5eaa\"" }]""}"
/Game/LuosCaves/Meshes/Caves_LSections/SM_LCave_CHLD_03,"{""AssetImportData"": ""[{ \""RelativeFilename\"" : \""G:/_Work_/Cave2019/RockTest/SM_LCave_CHLD_03.fbx\"", \""Timestamp\"" : \""1573909988\"", \""FileMD5\"" : \""dd0705706b8d7f76273a5c864774e18a\"" }]""}"
/Game/LuosCaves/Meshes/Caves_LSections/SM_LCave_CHLD_04,"{""AssetImportData"": ""[{ \""RelativeFilename\"" : \""G:/_Work_/Cave2019/RockTest/SM_LCave_CHLD_04.fbx\"", \""Timestamp\"" : \""1573909983\"", \""FileMD5\"" : \""5e3871990dd50200732df3f16c452b4e\"" }]""}"
/Game/LuosCaves/Meshes/Caves_LSections/SM_LCave_CHL_01,"{""AssetImportData"": ""[{ \""RelativeFilename\"" : \""G:/_Work_/Cave2019/RockTest/SM_LCave_CHL_01.fbx\"", \""Timestamp\"" : \""1573909985\"", \""FileMD5\"" : \""415954ef902e87d1445e087f4e9b4597\"" }]""}"
/Game/LuosCaves/Meshes/Caves_LSections/SM_LCave_CHL_02,"{""AssetImportData"": ""[{ \""RelativeFilename\"" : \""G:/_Work_/Cave2019/RockTest/SM_LCave_CHL_02.fbx\"", \""Timestamp\"" : \""1573909998\"", \""FileMD5\"" : \""4d72a52bd730330474f251c6173c7dd5\"" }]""}"
/Game/LuosCaves/Meshes/Caves_LSections/SM_LCave_CHL_03,"{""AssetImportData"": ""[{ \""RelativeFilename\"" : \""G:/_Work_/Cave2019/RockTest/SM_LCave_CHL_03.fbx\"", \""Timestamp\"" : \""1573909982\"", \""FileMD5\"" : \""41378bf0e7bdeb0bd333521210481dc6\"" }]""}"
/Game/LuosCaves/Meshes/Caves_LSections/SM_LCave_CHL_04,"{""AssetImportData"": ""[{ \""RelativeFilename\"" : \""G:/_Work_/Cave2019/RockTest/SM_LCave_CHL_04.fbx\"", \""Timestamp\"" : \""1573910002\"", \""FileMD5\"" : \""7d014bcdf70174e834ef70c55e9d4dde\"" }]""}"
/Game/LuosCaves/Meshes/Caves_LSections/SM_LCave_CHL_05,"{""AssetImportData"": ""[{ \""RelativeFilename\"" : \""G:/_Work_/Cave2019/RockTest/SM_LCave_CHL_05.fbx\"", \""Timestamp\"" : \""1573909987\"", \""FileMD5\"" : \""a3f51571365ffdbe94c7c6ec5e541b38\"" }]""}"
/Game/LuosCaves/Meshes/Caves_LSections/SM_LCave_CHL_06,"{""AssetImportData"": ""[{ \""RelativeFilename\"" : \""G:/_Work_/Cave2019/RockTest/SM_LCave_CHL_06.fbx\"", \""Timestamp\"" : \""1573910003\"", \""FileMD5\"" : \""f720af1f24ff5a83634a2288885c75dd\"" }]""}"
/Game/LuosCaves/Meshes/Caves_LSections/SM_LCave_CRLD_01,"{""AssetImportData"": ""[{ \""RelativeFilename\"" : \""G:/_Work_/Cave2019/RockTest/SM_LCave_CRLD_01.fbx\"", \""Timestamp\"" : \""1573909991\"", \""FileMD5\"" : \""0a94c6e2df56a7e726c4b51660e8cae3\"" }]""}"
/Game/LuosCaves/Meshes/Caves_LSections/SM_LCave_CRL_01,"{""AssetImportData"": ""[{ \""RelativeFilename\"" : \""G:/_Work_/Cave2019/RockTest/SM_LCave_CRL_01.fbx\"", \""Timestamp\"" : \""1573909999\"", \""FileMD5\"" : \""258b66d17a00f902e022423e4eba70eb\"" }]""}"
/Game/LuosCaves/Meshes/Caves_LSections/SM_LCave_CRL_02,"{""AssetImportData"": ""[{ \""RelativeFilename\"" : \""G:/_Work_/Cave2019/RockTest/SM_LCave_CRL_02.fbx\"", \""Timestamp\"" : \""1573909993\"", \""FileMD5\"" : \""cafbfb56e1d003d717de2303061cde99\"" }]""}"
/Game/LuosCaves/Meshes/Caves_LSections/SM_LCave_CRL_03,"{""AssetImportData"": ""[{ \""RelativeFilename\"" : \""G:/_Work_/Cave2019/RockTest/SM_LCave_CRL_03.fbx\"", \""Timestamp\"" : \""1573909992\"", \""FileMD5\"" : \""d68de2837db8416399001a40476e7e70\"" }]""}"
/Game/LuosCaves/Meshes/Caves_LSections/SM_LCave_CRL_04,"{""AssetImportData"": ""[{ \""RelativeFilename\"" : \""G:/_Work_/Cave2019/RockTest/SM_LCave_CRL_04.fbx\"", \""Timestamp\"" : \""1573910000\"", \""FileMD5\"" : \""ebc817d58aa363649f5d5207aaaa0178\"" }]""}"
/Game/LuosCaves/Meshes/Caves_LSections/SM_LCave_Free_CHL_01,"{""AssetImportData"": ""[{ \""RelativeFilename\"" : \""G:/_Work_/Cave2019/RockTest/SM_LCave_Free_CHL_01.fbx\"", \""Timestamp\"" : \""1573909980\"", \""FileMD5\"" : \""35f4e4c77ef650bb8adaa8588fdfcbe8\"" }]""}"
/Game/LuosCaves/Meshes/Caves_LSections/SM_LCave_OHL_01,"{""AssetImportData"": ""[{ \""RelativeFilename\"" : \""G:/_Work_/Cave2019/RockTest/SM_LCave_OHL_01.fbx\"", \""Timestamp\"" : \""1573909989\"", \""FileMD5\"" : \""6c5539388531048305d04f4842a88fbe\"" }]""}"
/Game/LuosCaves/Meshes/Caves_LSections/SM_LCave_OHL_02,"{""AssetImportData"": ""[{ \""RelativeFilename\"" : \""G:/_Work_/Cave2019/RockTest/SM_LCave_OHL_02.fbx\"", \""Timestamp\"" : \""1573909990\"", \""FileMD5\"" : \""afc36d43a08256bfd1176f36ea6ce1a7\"" }]""}"
/Game/LuosCaves/Meshes/Caves_LSections/SM_LCave_ORLD_01,"{""AssetImportData"": ""[{ \""RelativeFilename\"" : \""G:/_Work_/Cave2019/RockTest/SM_LCave_ORLD_01.fbx\"", \""Timestamp\"" : \""1573909996\"", \""FileMD5\"" : \""22ee120949fa203754c924cc8176a687\"" }]""}"
/Game/LuosCaves/Meshes/Caves_LSections/SM_LCave_ORL_01,"{""AssetImportData"": ""[{ \""RelativeFilename\"" : \""G:/_Work_/Cave2019/RockTest/SM_LCave_ORL_01.fbx\"", \""Timestamp\"" : \""1573909995\"", \""FileMD5\"" : \""229a8a26cb683fd8828f4c34b29a26fc\"" }]""}"
/Game/LuosCaves/Meshes/Caves_Transitions/SM_LCave_Cap_03,"{""AssetImportData"": ""[{ \""RelativeFilename\"" : \""H:/3dsmax files/LuosCavesFinal/EntranceSection/SM_LCave_Cap_03.fbx\"", \""Timestamp\"" : \""1416844788\"", \""FileMD5\"" : \""\"" }]""}"
/Game/LuosCaves/Meshes/Caves_Transitions/SM_LCave_CeilingHole_01,"{""AssetImportData"": ""[{ \""RelativeFilename\"" : \""G:/_Work_/Cave2019/RockTest/SM_LCave_CeilingHole_01.fbx\"", \""Timestamp\"" : \""1573910122\"", \""FileMD5\"" : \""c33b1ae54f270411d0a3517cff5b2e33\"" }]""}"
/Game/LuosCaves/Meshes/Caves_Transitions/SM_LCave_Entrance_01,"{""AssetImportData"": ""[{ \""RelativeFilename\"" : \""G:/_Work_/Cave2019/RockTest/SM_LCave_Entrance_01.fbx\"", \""Timestamp\"" : \""1573910116\"", \""FileMD5\"" : \""6ee292aa5689ae36023c40d65f8777b2\"" }]""}"
/Game/LuosCaves/Meshes/Caves_Transitions/SM_LCave_Entrance_02,"{""AssetImportData"": ""[{ \""RelativeFilename\"" : \""G:/_Work_/Cave2019/RockTest/SM_LCave_Entrance_02.fbx\"", \""Timestamp\"" : \""1573910115\"", \""FileMD5\"" : \""d1f53bbe316ca1da4a5f1829d0dd4f79\"" }]""}"
/Game/LuosCaves/Meshes/Caves_Transitions/SM_LCave_Entrance_03,"{""AssetImportData"": ""[{ \""RelativeFilename\"" : \""G:/_Work_/Cave2019/RockTest/SM_LCave_Entrance_03.fbx\"", \""Timestamp\"" : \""1573910118\"", \""FileMD5\"" : \""c289639cd9a1401226a07c6b7a9eefec\"" }]""}"
/Game/LuosCaves/Meshes/Caves_Transitions/SM_LCave_Free_Entrance_01,"{""AssetImportData"": ""[{ \""RelativeFilename\"" : \""G:/_Work_/Cave2019/RockTest/SM_LCave_Free_Entrance_01.fbx\"", \""Timestamp\"" : \""1573910126\"", \""FileMD5\"" : \""0a550d41177b12620d77fcedd3fc3c96\"" }]""}"
/Game/LuosCaves/Meshes/Caves_Transitions/SM_LCave_Free_SeamCover_01,"{""AssetImportData"": ""[{ \""RelativeFilename\"" : \""G:/_Work_/Cave2019/RockTest/SM_LCave_Free_SeamCover_01.fbx\"", \""Timestamp\"" : \""1573910125\"", \""FileMD5\"" : \""3c7f66c3e9019cf9c1f132d51dfbc803\"" }]""}"
/Game/LuosCaves/Meshes/Caves_Transitions/SM_LCave_SeamCover_02,"{""AssetImportData"": ""[{ \""RelativeFilename\"" : \""G:/_Work_/Cave2019/RockTest/SM_LCave_SeamCover_02.fbx\"", \""Timestamp\"" : \""1573910120\"", \""FileMD5\"" : \""07642f0eaed8586115ad6394552b9045\"" }]""}"
/Game/LuosCaves/Meshes/Caves_Transitions/SM_LCave_SeamCover_03,"{""AssetImportData"": ""[{ \""RelativeFilename\"" : \""G:/_Work_/Cave2019/RockTest/SM_LCave_SeamCover_03.fbx\"", \""Timestamp\"" : \""1573910121\"", \""FileMD5\"" : \""2bbfefb08283f4863a7f4b18e917e07d\"" }]""}"
/Game/LuosCaves/Meshes/Caves_Transitions/SM_LCave_SeamCover_04,"{""AssetImportData"": ""[{ \""RelativeFilename\"" : \""G:/_Work_/Cave2019/RockTest/SM_LCave_SeamCover_04.fbx\"", \""Timestamp\"" : \""1573910123\"", \""FileMD5\"" : \""b7ce31356c69928b3729544a32736091\"" }]""}"
/Game/LuosCaves/Meshes/Caves_Transitions/SM_LCave_SeamCover_Masked_01,"{""AssetImportData"": ""[{ \""RelativeFilename\"" : \""H:/3dsmax files/LuosCavesFinal/Extras/SM_LCave_SeamCover_01.fbx\"", \""Timestamp\"" : \""1423617724\"", \""FileMD5\"" : \""\"" }]""}"
/Game/LuosCaves/Meshes/Caves_Transitions/SM_LCave_SeamCover_Trans_01,"{""AssetImportData"": ""[{ \""RelativeFilename\"" : \""H:/3dsmax files/LuosCavesFinal/Extras/SM_LCave_SeamCover_01.fbx\"", \""Timestamp\"" : \""1423617724\"", \""FileMD5\"" : \""\"" }]""}"
/Game/LuosCaves/Meshes/Caves_TSections/SM_LCave_CHT_01,"{""AssetImportData"": ""[{ \""RelativeFilename\"" : \""G:/_Work_/Cave2019/RockTest/SM_LCave_CHT_01.fbx\"", \""Timestamp\"" : \""1573909729\"", \""FileMD5\"" : \""87cd895f652c853dec8c5e5270dfc17f\"" }]""}"
/Game/LuosCaves/Meshes/Caves_TSections/SM_LCave_CHT_02,"{""AssetImportData"": ""[{ \""RelativeFilename\"" : \""G:/_Work_/Cave2019/RockTest/SM_LCave_CHT_02.fbx\"", \""Timestamp\"" : \""1573909727\"", \""FileMD5\"" : \""740c71fcdb477a87cc3c64180188d43d\"" }]""}"
/Game/LuosCaves/Meshes/Caves_TSections/SM_LCave_CHT_03,"{""AssetImportData"": ""[{ \""RelativeFilename\"" : \""G:/_Work_/Cave2019/RockTest/SM_LCave_CHT_03.fbx\"", \""Timestamp\"" : \""1573909725\"", \""FileMD5\"" : \""07c9c94640cc28d5838c58a02abd03eb\"" }]""}"
/Game/LuosCaves/Meshes/Caves_TSections/SM_LCave_CHT_04,"{""AssetImportData"": ""[{ \""RelativeFilename\"" : \""G:/_Work_/Cave2019/RockTest/SM_LCave_CHT_04.fbx\"", \""Timestamp\"" : \""1573909726\"", \""FileMD5\"" : \""a05cdc1442ae1c5a7f919d935bc9b23e\"" }]""}"
/Game/LuosCaves/Meshes/Caves_TSections/SM_LCave_CRTD_01,"{""AssetImportData"": ""[{ \""RelativeFilename\"" : \""G:/_Work_/Cave2019/RockTest/SM_LCave_CRTD_01.fbx\"", \""Timestamp\"" : \""1573909733\"", \""FileMD5\"" : \""08acac8b542d9b445c6fe79df6a34c5e\"" }]""}"
/Game/LuosCaves/Meshes/Caves_TSections/SM_LCave_CRTD_02,"{""AssetImportData"": ""[{ \""RelativeFilename\"" : \""G:/_Work_/Cave2019/RockTest/SM_LCave_CRTD_02.fbx\"", \""Timestamp\"" : \""1573909732\"", \""FileMD5\"" : \""b7c9c35fb7f110b6368ab8790ff4392a\"" }]""}"
/Game/LuosCaves/Meshes/Caves_TSections/SM_LCave_CRTD_03,"{""AssetImportData"": ""[{ \""RelativeFilename\"" : \""G:/_Work_/Cave2019/RockTest/SM_LCave_CRTD_03.fbx\"", \""Timestamp\"" : \""1573909733\"", \""FileMD5\"" : \""826ad7a11c19a4afa052fc4d1f68ec48\"" }]""}"
/Game/LuosCaves/Meshes/Caves_TSections/SM_LCave_CRT_01,"{""AssetImportData"": ""[{ \""RelativeFilename\"" : \""G:/_Work_/Cave2019/RockTest/SM_LCave_CRT_01.fbx\"", \""Timestamp\"" : \""1573909731\"", \""FileMD5\"" : \""5e6cd46988824d617b595d57ddd08b52\"" }]""}"
/Game/LuosCaves/Meshes/Caves_TSections/SM_LCave_Free_CRT_01,"{""AssetImportData"": ""[{ \""RelativeFilename\"" : \""G:/_Work_/Cave2019/RockTest/SM_LCave_Free_CRT_01.fbx\"", \""Timestamp\"" : \""1573909734\"", \""FileMD5\"" : \""ed3a51f0d7392795d642959bd4646f2d\"" }]""}"
/Game/LuosCaves/Meshes/Caves_TSections/SM_LCave_OHT_01,"{""AssetImportData"": ""[{ \""RelativeFilename\"" : \""G:/_Work_/Cave2019/RockTest/SM_LCave_OHT_01.fbx\"", \""Timestamp\"" : \""1573909730\"", \""FileMD5\"" : \""14675afc6869cfc258357a652dd1cbfe\"" }]""}"
/Game/LuosCaves/Meshes/Caves_TSections/SM_LCave_OHT_02,"{""AssetImportData"": ""[{ \""RelativeFilename\"" : \""G:/_Work_/Cave2019/RockTest/SM_LCave_OHT_02.fbx\"", \""Timestamp\"" : \""1573909723\"", \""FileMD5\"" : \""29840e642b126f7f70699c48ad2654d1\"" }]""}"
/Game/LuosCaves/Meshes/Caves_TSections/SM_LCave_ORT_01,"{""AssetImportData"": ""[{ \""RelativeFilename\"" : \""G:/_Work_/Cave2019/RockTest/SM_LCave_ORT_01.fbx\"", \""Timestamp\"" : \""1573909728\"", \""FileMD5\"" : \""a9283b586c5d278d89374322c40b22d6\"" }]""}"
/Game/LuosCaves/Meshes/Caves_XSections/SM_LCave_CHX_01,"{""AssetImportData"": ""[{ \""RelativeFilename\"" : \""G:/_Work_/Cave2019/RockTest/SM_LCave_CHX_01.fbx\"", \""Timestamp\"" : \""1573909645\"", \""FileMD5\"" : \""88ebaa6b8ff937a43a5c820ab4871281\"" }]""}"
/Game/LuosCaves/Meshes/Caves_XSections/SM_LCave_CHX_02,"{""AssetImportData"": ""[{ \""RelativeFilename\"" : \""G:/_Work_/Cave2019/RockTest/SM_LCave_CHX_02.fbx\"", \""Timestamp\"" : \""1573909647\"", \""FileMD5\"" : \""4ecdb9d6ed0e0da3c3125e7812441e5a\"" }]""}"
/Game/LuosCaves/Meshes/Caves_XSections/SM_LCave_CHX_03,"{""AssetImportData"": ""[{ \""RelativeFilename\"" : \""G:/_Work_/Cave2019/RockTest/SM_LCave_CHX_03.fbx\"", \""Timestamp\"" : \""1573909643\"", \""FileMD5\"" : \""a1874102d29dbab67c27cf0e9fda3207\"" }]""}"
/Game/LuosCaves/Meshes/Caves_XSections/SM_LCave_CHX_04,"{""AssetImportData"": ""[{ \""RelativeFilename\"" : \""G:/_Work_/Cave2019/RockTest/SM_LCave_CHX_04.fbx\"", \""Timestamp\"" : \""1573909646\"", \""FileMD5\"" : \""14519305ac77f6658eb134cc7410b2d4\"" }]""}"
/Game/LuosCaves/Meshes/Caves_XSections/SM_LCave_CRX_01,"{""AssetImportData"": ""[{ \""RelativeFilename\"" : \""G:/_Work_/Cave2019/RockTest/SM_LCave_CRX_01.fbx\"", \""Timestamp\"" : \""1573909648\"", \""FileMD5\"" : \""05725869fcb394aadb3f4edc5a06859f\"" }]""}"
/Game/LuosCaves/Meshes/Caves_XSections/SM_LCave_Free_CRX_01,"{""AssetImportData"": ""[{ \""RelativeFilename\"" : \""G:/_Work_/Cave2019/RockTest/SM_LCave_Free_CRX_01.fbx\"", \""Timestamp\"" : \""1573909652\"", \""FileMD5\"" : \""886f142fc95dc083a48849a234ad8a3e\"" }]""}"
/Game/LuosCaves/Meshes/Caves_XSections/SM_LCave_OHX_01,"{""AssetImportData"": ""[{ \""RelativeFilename\"" : \""G:/_Work_/Cave2019/RockTest/SM_LCave_OHX_01.fbx\"", \""Timestamp\"" : \""1573909649\"", \""FileMD5\"" : \""096df9bac4c9d334bcf11f902d626f41\"" }]""}"
/Game/LuosCaves/Meshes/Caves_XSections/SM_LCave_OHX_02,"{""AssetImportData"": ""[{ \""RelativeFilename\"" : \""G:/_Work_/Cave2019/RockTest/SM_LCave_OHX_02.fbx\"", \""Timestamp\"" : \""1573909649\"", \""FileMD5\"" : \""1026fa6aa3f8a3ea7c0a45409e249d60\"" }]""}"
/Game/LuosCaves/Meshes/Caves_XSections/SM_LCave_ORX_01,"{""AssetImportData"": ""[{ \""RelativeFilename\"" : \""G:/_Work_/Cave2019/RockTest/SM_LCave_ORX_01.fbx\"", \""Timestamp\"" : \""1573909651\"", \""FileMD5\"" : \""c1c5e797076f23f5bcf113b333ce936a\"" }]""}"
/Game/LuosCaves/Meshes/Caves_XSections/SM_LCave_ORX_02,"{""AssetImportData"": ""[{ \""RelativeFilename\"" : \""G:/_Work_/Cave2019/RockTest/SM_LCave_ORX_02.fbx\"", \""Timestamp\"" : \""1573909650\"", \""FileMD5\"" : \""e52194daa1acbec755e8af03e04f61ec\"" }]""}"
/Game/LuosCaves/Meshes/Props_Arches/SM_LCave_P_Arch_01,"{""AssetImportData"": ""[{ \""RelativeFilename\"" : \""G:/_Work_/Cave2019/RockTest/SM_LCave_P_Arch_01.fbx\"", \""Timestamp\"" : \""1573775491\"", \""FileMD5\"" : \""fdc9ca92196ac2534df384df65dbd716\"" }]""}"
/Game/LuosCaves/Meshes/Props_Arches/SM_LCave_P_Arch_02,"{""AssetImportData"": ""[{ \""RelativeFilename\"" : \""G:/_Work_/Cave2019/RockTest/SM_LCave_P_Arch_02.fbx\"", \""Timestamp\"" : \""1573775497\"", \""FileMD5\"" : \""8ae01c796ba37a7e583741c9f9b1591e\"" }]""}"
/Game/LuosCaves/Meshes/Props_Arches/SM_LCave_P_Arch_03,"{""AssetImportData"": ""[{ \""RelativeFilename\"" : \""G:/_Work_/Cave2019/RockTest/SM_LCave_P_Arch_03.fbx\"", \""Timestamp\"" : \""1573775482\"", \""FileMD5\"" : \""dd340aea9bfc053cb17ff02a8a87a43b\"" }]""}"
/Game/LuosCaves/Meshes/Props_Arches/SM_LCave_P_Arch_04,"{""AssetImportData"": ""[{ \""RelativeFilename\"" : \""G:/_Work_/Cave2019/RockTest/SM_LCave_P_Arch_04.fbx\"", \""Timestamp\"" : \""1573775488\"", \""FileMD5\"" : \""0c3c32b99a3591ab735b3df73c56c341\"" }]""}"
/Game/LuosCaves/Meshes/Props_Arches/SM_LCave_P_Arch_05,"{""AssetImportData"": ""[{ \""RelativeFilename\"" : \""G:/_Work_/Cave2019/RockTest/SM_LCave_P_Arch_05.fbx\"", \""Timestamp\"" : \""1573775487\"", \""FileMD5\"" : \""5ec53db5cc7fff4336f57181f64b0d5a\"" }]""}"
/Game/LuosCaves/Meshes/Props_Arches/SM_LCave_P_Arch_06,"{""AssetImportData"": ""[{ \""RelativeFilename\"" : \""G:/_Work_/Cave2019/RockTest/SM_LCave_P_Arch_06.fbx\"", \""Timestamp\"" : \""1573775501\"", \""FileMD5\"" : \""2a0057c034f9aad8c60901c882ace3c3\"" }]""}"
/Game/LuosCaves/Meshes/Props_Arches/SM_LCave_P_Arch_08,"{""AssetImportData"": ""[{ \""RelativeFilename\"" : \""G:/_Work_/Cave2019/RockTest/SM_LCave_P_Arch_08.fbx\"", \""Timestamp\"" : \""1573775490\"", \""FileMD5\"" : \""7e4740739487aed80b8a383b8d76f01b\"" }]""}"
/Game/LuosCaves/Meshes/Props_Arches/SM_LCave_P_Arch_09,"{""AssetImportData"": ""[{ \""RelativeFilename\"" : \""G:/_Work_/Cave2019/RockTest/SM_LCave_P_Arch_09.fbx\"", \""Timestamp\"" : \""1573775499\"", \""FileMD5\"" : \""23961661055abe6b5e16f268a0ae63ef\"" }]""}"
/Game/LuosCaves/Meshes/Props_Arches/SM_LCave_P_Arch_10,"{""AssetImportData"": ""[{ \""RelativeFilename\"" : \""G:/_Work_/Cave2019/RockTest/SM_LCave_P_Arch_10.fbx\"", \""Timestamp\"" : \""1573775486\"", \""FileMD5\"" : \""572e7e19f0fbdc0d2196ad5e6dd45324\"" }]""}"
/Game/LuosCaves/Meshes/Props_Arches/SM_LCave_P_Arch_11,"{""AssetImportData"": ""[{ \""RelativeFilename\"" : \""G:/_Work_/Cave2019/RockTest/SM_LCave_P_Arch_11.fbx\"", \""Timestamp\"" : \""1573775505\"", \""FileMD5\"" : \""c2367877ae8e8f3e771a6b623cd1dfe2\"" }]""}"
/Game/LuosCaves/Meshes/Props_Arches/SM_LCave_P_Arch_12,"{""AssetImportData"": ""[{ \""RelativeFilename\"" : \""G:/_Work_/Cave2019/RockTest/SM_LCave_P_Arch_12.fbx\"", \""Timestamp\"" : \""1573775506\"", \""FileMD5\"" : \""214b334f01ef21e7b160d0a05fbf5521\"" }]""}"
/Game/LuosCaves/Meshes/Props_Arches/SM_LCave_P_Arch_13,"{""AssetImportData"": ""[{ \""RelativeFilename\"" : \""G:/_Work_/Cave2019/RockTest/SM_LCave_P_Arch_13.fbx\"", \""Timestamp\"" : \""1573775503\"", \""FileMD5\"" : \""bf263dbc2d8a345e1e70c49b6f0a487b\"" }]""}"
/Game/LuosCaves/Meshes/Props_Arches/SM_LCave_P_Arch_14,"{""AssetImportData"": ""[{ \""RelativeFilename\"" : \""G:/_Work_/Cave2019/RockTest/SM_LCave_P_Arch_14.fbx\"", \""Timestamp\"" : \""1573775492\"", \""FileMD5\"" : \""e33650e8474d03a6ef2a523e3263f5d5\"" }]""}"
/Game/LuosCaves/Meshes/Props_Arches/SM_LCave_P_Arch_15,"{""AssetImportData"": ""[{ \""RelativeFilename\"" : \""G:/_Work_/Cave2019/RockTest/SM_LCave_P_Arch_15.fbx\"", \""Timestamp\"" : \""1573775494\"", \""FileMD5\"" : \""1c3efc92b5d8359a4f180b099080aff4\"" }]""}"
/Game/LuosCaves/Meshes/Props_Arches/SM_LCave_P_Arch_16,"{""AssetImportData"": ""[{ \""RelativeFilename\"" : \""G:/_Work_/Cave2019/RockTest/SM_LCave_P_Arch_16.fbx\"", \""Timestamp\"" : \""1573775493\"", \""FileMD5\"" : \""9c01c07b2ecc484bf9b577d4cc645c86\"" }]""}"
/Game/LuosCaves/Meshes/Props_Arches/SM_LCave_P_Arch_17,"{""AssetImportData"": ""[{ \""RelativeFilename\"" : \""G:/_Work_/Cave2019/RockTest/SM_LCave_P_Arch_17.fbx\"", \""Timestamp\"" : \""1573775495\"", \""FileMD5\"" : \""b5f6e65602e856006d087787fcb77090\"" }]""}"
/Game/LuosCaves/Meshes/Props_Arches/SM_LCave_P_Arch_18,"{""AssetImportData"": ""[{ \""RelativeFilename\"" : \""G:/_Work_/Cave2019/RockTest/SM_LCave_P_Arch_18.fbx\"", \""Timestamp\"" : \""1573775485\"", \""FileMD5\"" : \""dc511c06cd7283868b7dfd7bc9738143\"" }]""}"
/Game/LuosCaves/Meshes/Props_Arches/SM_LCave_P_Arch_19,"{""AssetImportData"": ""[{ \""RelativeFilename\"" : \""G:/_Work_/Cave2019/RockTest/SM_LCave_P_Arch_19.fbx\"", \""Timestamp\"" : \""1573775502\"", \""FileMD5\"" : \""5edc9d3fb330edd0577d3df09aeaa713\"" }]""}"
/Game/LuosCaves/Meshes/Props_Arches/SM_LCave_P_Arch_20,"{""AssetImportData"": ""[{ \""RelativeFilename\"" : \""G:/_Work_/Cave2019/RockTest/SM_LCave_P_Arch_20.fbx\"", \""Timestamp\"" : \""1573775507\"", \""FileMD5\"" : \""992890bd4e5827de529ffb13f04ae1da\"" }]""}"
/Game/LuosCaves/Meshes/Props_Arches/SM_LCave_P_Free_Arch_01,"{""AssetImportData"": ""[{ \""RelativeFilename\"" : \""G:/_Work_/Cave2019/RockTest/SM_LCave_P_Free_Arch_01.fbx\"", \""Timestamp\"" : \""1573775509\"", \""FileMD5\"" : \""975a25e27349e3065b2dd34d26e99586\"" }]""}"
/Game/LuosCaves/Meshes/Props_Columns/SM_LCave_P_Column_01,"{""AssetImportData"": ""[{ \""RelativeFilename\"" : \""G:/_Work_/Cave2019/RockTest/SM_LCave_P_Column_01.fbx\"", \""Timestamp\"" : \""1573775705\"", \""FileMD5\"" : \""fe58b953260b68a06f301ca8154adf75\"" }]""}"
/Game/LuosCaves/Meshes/Props_Columns/SM_LCave_P_Column_02,"{""AssetImportData"": ""[{ \""RelativeFilename\"" : \""G:/_Work_/Cave2019/RockTest/SM_LCave_P_Column_02.fbx\"", \""Timestamp\"" : \""1573775703\"", \""FileMD5\"" : \""7e97f9bf6b2ff549698d5a3d5ab4eabb\"" }]""}"
/Game/LuosCaves/Meshes/Props_Columns/SM_LCave_P_Column_03,"{""AssetImportData"": ""[{ \""RelativeFilename\"" : \""G:/_Work_/Cave2019/RockTest/SM_LCave_P_Column_03.fbx\"", \""Timestamp\"" : \""1573775702\"", \""FileMD5\"" : \""cf3a84681bd27ff4352000af90d2d465\"" }]""}"
/Game/LuosCaves/Meshes/Props_Columns/SM_LCave_P_Column_04,"{""AssetImportData"": ""[{ \""RelativeFilename\"" : \""G:/_Work_/Cave2019/RockTest/SM_LCave_P_Column_04.fbx\"", \""Timestamp\"" : \""1573775700\"", \""FileMD5\"" : \""e138057dcb660b274a072bfcbabfe4d8\"" }]""}"
/Game/LuosCaves/Meshes/Props_Columns/SM_LCave_P_Column_05,"{""AssetImportData"": ""[{ \""RelativeFilename\"" : \""G:/_Work_/Cave2019/RockTest/SM_LCave_P_Column_05.fbx\"", \""Timestamp\"" : \""1573775699\"", \""FileMD5\"" : \""ebe37d36e8050d03697bd6889540db22\"" }]""}"
/Game/LuosCaves/Meshes/Props_Columns/SM_LCave_P_Column_06,"{""AssetImportData"": ""[{ \""RelativeFilename\"" : \""G:/_Work_/Cave2019/RockTest/SM_LCave_P_Column_06.fbx\"", \""Timestamp\"" : \""1573775715\"", \""FileMD5\"" : \""5d45188e4403ab8ee40d1b3decbb377e\"" }]""}"
/Game/LuosCaves/Meshes/Props_Columns/SM_LCave_P_Column_07,"{""AssetImportData"": ""[{ \""RelativeFilename\"" : \""G:/_Work_/Cave2019/RockTest/SM_LCave_P_Column_07.fbx\"", \""Timestamp\"" : \""1573775714\"", \""FileMD5\"" : \""df6c7192020be5e508eb0d51a594b3ed\"" }]""}"
/Game/LuosCaves/Meshes/Props_Columns/SM_LCave_P_Column_08,"{""AssetImportData"": ""[{ \""RelativeFilename\"" : \""G:/_Work_/Cave2019/RockTest/SM_LCave_P_Column_08.fbx\"", \""Timestamp\"" : \""1573775712\"", \""FileMD5\"" : \""2bcb9cda5f330337740baa670e4442d6\"" }]""}"
/Game/LuosCaves/Meshes/Props_Columns/SM_LCave_P_Column_09,"{""AssetImportData"": ""[{ \""RelativeFilename\"" : \""G:/_Work_/Cave2019/RockTest/SM_LCave_P_Column_09.fbx\"", \""Timestamp\"" : \""1573775709\"", \""FileMD5\"" : \""f2f1c98a1fa31d58b765a51ada03dacf\"" }]""}"
/Game/LuosCaves/Meshes/Props_Columns/SM_LCave_P_Column_10,"{""AssetImportData"": ""[{ \""RelativeFilename\"" : \""G:/_Work_/Cave2019/RockTest/SM_LCave_P_Column_10.fbx\"", \""Timestamp\"" : \""1573775707\"", \""FileMD5\"" : \""a469f57256f42933255ba1f981c5a1ab\"" }]""}"
/Game/LuosCaves/Meshes/Props_Columns/SM_LCave_P_Column_11,"{""AssetImportData"": ""[{ \""RelativeFilename\"" : \""G:/_Work_/Cave2019/RockTest/SM_LCave_P_Column_11.fbx\"", \""Timestamp\"" : \""1573775706\"", \""FileMD5\"" : \""0e560e7047389de0d8b4f7ea5e689f72\"" }]""}"
/Game/LuosCaves/Meshes/Props_Columns/SM_LCave_P_Column_12,"{""AssetImportData"": ""[{ \""RelativeFilename\"" : \""G:/_Work_/Cave2019/RockTest/SM_LCave_P_Column_12.fbx\"", \""Timestamp\"" : \""1573775695\"", \""FileMD5\"" : \""156cf9c847becdcd60a6002c04713305\"" }]""}"
/Game/LuosCaves/Meshes/Props_Columns/SM_LCave_P_Column_13,"{""AssetImportData"": ""[{ \""RelativeFilename\"" : \""G:/_Work_/Cave2019/RockTest/SM_LCave_P_Column_13.fbx\"", \""Timestamp\"" : \""1573775766\"", \""FileMD5\"" : \""963cc7cde02728ebc113f490142c7f3f\"" }]""}"
/Game/LuosCaves/Meshes/Props_Columns/SM_LCave_P_Column_14,"{""AssetImportData"": ""[{ \""RelativeFilename\"" : \""G:/_Work_/Cave2019/RockTest/SM_LCave_P_Column_14.fbx\"", \""Timestamp\"" : \""1573775716\"", \""FileMD5\"" : \""c77d054cef488c3b5a4f231348b73f4a\"" }]""}"
/Game/LuosCaves/Meshes/Props_Columns/SM_LCave_P_Column_15,"{""AssetImportData"": ""[{ \""RelativeFilename\"" : \""G:/_Work_/Cave2019/RockTest/SM_LCave_P_Column_15.fbx\"", \""Timestamp\"" : \""1573775718\"", \""FileMD5\"" : \""869c320a41f22453166c3b2ff69bab15\"" }]""}"
/Game/LuosCaves/Meshes/Props_Columns/SM_LCave_P_Column_16,"{""AssetImportData"": ""[{ \""RelativeFilename\"" : \""G:/_Work_/Cave2019/RockTest/SM_LCave_P_Column_16.fbx\"", \""Timestamp\"" : \""1573775737\"", \""FileMD5\"" : \""1e5171a42a10391ca38a32bb60187148\"" }]""}"
/Game/LuosCaves/Meshes/Props_Columns/SM_LCave_P_Column_17,"{""AssetImportData"": ""[{ \""RelativeFilename\"" : \""G:/_Work_/Cave2019/RockTest/SM_LCave_P_Column_17.fbx\"", \""Timestamp\"" : \""1573775734\"", \""FileMD5\"" : \""b4eae85738c6701595a11ebba95b6ffb\"" }]""}"
/Game/LuosCaves/Meshes/Props_Columns/SM_LCave_P_Column_18,"{""AssetImportData"": ""[{ \""RelativeFilename\"" : \""G:/_Work_/Cave2019/RockTest/SM_LCave_P_Column_18.fbx\"", \""Timestamp\"" : \""1573775735\"", \""FileMD5\"" : \""b67c91138cacc0f3525db2d92193887f\"" }]""}"
/Game/LuosCaves/Meshes/Props_Columns/SM_LCave_P_Column_19,"{""AssetImportData"": ""[{ \""RelativeFilename\"" : \""G:/_Work_/Cave2019/RockTest/SM_LCave_P_Column_19.fbx\"", \""Timestamp\"" : \""1573775722\"", \""FileMD5\"" : \""2ca838a1c012a938b77b5f1f3b6e157d\"" }]""}"
/Game/LuosCaves/Meshes/Props_Columns/SM_LCave_P_Column_20,"{""AssetImportData"": ""[{ \""RelativeFilename\"" : \""G:/_Work_/Cave2019/RockTest/SM_LCave_P_Column_20.fbx\"", \""Timestamp\"" : \""1573775728\"", \""FileMD5\"" : \""b9389bce8870a8d1efcb89748e58e25d\"" }]""}"
/Game/LuosCaves/Meshes/Props_Columns/SM_LCave_P_Column_21,"{""AssetImportData"": ""[{ \""RelativeFilename\"" : \""G:/_Work_/Cave2019/RockTest/SM_LCave_P_Column_21.fbx\"", \""Timestamp\"" : \""1573775730\"", \""FileMD5\"" : \""b5d0313f28eac769036e08a02d6072ed\"" }]""}"
/Game/LuosCaves/Meshes/Props_Columns/SM_LCave_P_Column_22,"{""AssetImportData"": ""[{ \""RelativeFilename\"" : \""G:/_Work_/Cave2019/RockTest/SM_LCave_P_Column_22.fbx\"", \""Timestamp\"" : \""1573775731\"", \""FileMD5\"" : \""30c91593ab5efcc7ea68ea0705238897\"" }]""}"
/Game/LuosCaves/Meshes/Props_Columns/SM_LCave_P_Column_23,"{""AssetImportData"": ""[{ \""RelativeFilename\"" : \""G:/_Work_/Cave2019/RockTest/SM_LCave_P_Column_23.fbx\"", \""Timestamp\"" : \""1573775732\"", \""FileMD5\"" : \""bc5a0a4438ffe7c0a965f59c5344d8d5\"" }]""}"
/Game/LuosCaves/Meshes/Props_Columns/SM_LCave_P_Column_24,"{""AssetImportData"": ""[{ \""RelativeFilename\"" : \""G:/_Work_/Cave2019/RockTest/SM_LCave_P_Column_24.fbx\"", \""Timestamp\"" : \""1573775739\"", \""FileMD5\"" : \""21fc2ab5f114dbbbf4210f7ee442e97f\"" }]""}"
/Game/LuosCaves/Meshes/Props_Columns/SM_LCave_P_Column_25,"{""AssetImportData"": ""[{ \""RelativeFilename\"" : \""G:/_Work_/Cave2019/RockTest/SM_LCave_P_Column_25.fbx\"", \""Timestamp\"" : \""1573775741\"", \""FileMD5\"" : \""0b1d101b089b6aee9e944f315e27f7b9\"" }]""}"
/Game/LuosCaves/Meshes/Props_Columns/SM_LCave_P_Column_26,"{""AssetImportData"": ""[{ \""RelativeFilename\"" : \""G:/_Work_/Cave2019/RockTest/SM_LCave_P_Column_26.fbx\"", \""Timestamp\"" : \""1573775742\"", \""FileMD5\"" : \""0941f604f6fa3d12f5f86702072758a5\"" }]""}"
/Game/LuosCaves/Meshes/Props_Columns/SM_LCave_P_Column_27,"{""AssetImportData"": ""[{ \""RelativeFilename\"" : \""G:/_Work_/Cave2019/RockTest/SM_LCave_P_Column_27.fbx\"", \""Timestamp\"" : \""1573775743\"", \""FileMD5\"" : \""4cbbea61b3047ea972061d86f042dea1\"" }]""}"
/Game/LuosCaves/Meshes/Props_Columns/SM_LCave_P_Column_28,"{""AssetImportData"": ""[{ \""RelativeFilename\"" : \""G:/_Work_/Cave2019/RockTest/SM_LCave_P_Column_28.fbx\"", \""Timestamp\"" : \""1573775738\"", \""FileMD5\"" : \""2eeabca0f3938b03ea252912a3ad4a29\"" }]""}"
/Game/LuosCaves/Meshes/Props_Columns/SM_LCave_P_Column_29,"{""AssetImportData"": ""[{ \""RelativeFilename\"" : \""G:/_Work_/Cave2019/RockTest/SM_LCave_P_Column_29.fbx\"", \""Timestamp\"" : \""1573775727\"", \""FileMD5\"" : \""aaf323dc00b89492da3f4f51ccef05f5\"" }]""}"
/Game/LuosCaves/Meshes/Props_Columns/SM_LCave_P_Column_30,"{""AssetImportData"": ""[{ \""RelativeFilename\"" : \""G:/_Work_/Cave2019/RockTest/SM_LCave_P_Column_30.fbx\"", \""Timestamp\"" : \""1573775725\"", \""FileMD5\"" : \""044043639c75d1e2d10ac96507549c35\"" }]""}"
/Game/LuosCaves/Meshes/Props_Columns/SM_LCave_P_Column_31,"{""AssetImportData"": ""[{ \""RelativeFilename\"" : \""G:/_Work_/Cave2019/RockTest/SM_LCave_P_Column_31.fbx\"", \""Timestamp\"" : \""1573775723\"", \""FileMD5\"" : \""99a9cb3c4020eb7a4d84320fff7dbcf4\"" }]""}"
/Game/LuosCaves/Meshes/Props_Columns/SM_LCave_P_Column_32,"{""AssetImportData"": ""[{ \""RelativeFilename\"" : \""G:/_Work_/Cave2019/RockTest/SM_LCave_P_Column_32.fbx\"", \""Timestamp\"" : \""1573775719\"", \""FileMD5\"" : \""d58af824c71bf8f7e4bc4d364280cac3\"" }]""}"
/Game/LuosCaves/Meshes/Props_Columns/SM_LCave_P_Column_33,"{""AssetImportData"": ""[{ \""RelativeFilename\"" : \""G:/_Work_/Cave2019/RockTest/SM_LCave_P_Column_33.fbx\"", \""Timestamp\"" : \""1573775726\"", \""FileMD5\"" : \""aa0da83c0d3bef7cadd3451ce6064831\"" }]""}"
/Game/LuosCaves/Meshes/Props_Columns/SM_LCave_P_Column_34,"{""AssetImportData"": ""[{ \""RelativeFilename\"" : \""G:/_Work_/Cave2019/RockTest/SM_LCave_P_Column_34.fbx\"", \""Timestamp\"" : \""1573775720\"", \""FileMD5\"" : \""0e0e8ea371b90734da4c70f02dca3355\"" }]""}"
/Game/LuosCaves/Meshes/Props_Columns/SM_LCave_P_Column_35,"{""AssetImportData"": ""[{ \""RelativeFilename\"" : \""G:/_Work_/Cave2019/RockTest/SM_LCave_P_Column_35.fbx\"", \""Timestamp\"" : \""1573775764\"", \""FileMD5\"" : \""6a3b5f443928f8f1babd3c03214168f7\"" }]""}"
/Game/LuosCaves/Meshes/Props_Columns/SM_LCave_P_Column_36,"{""AssetImportData"": ""[{ \""RelativeFilename\"" : \""G:/_Work_/Cave2019/RockTest/SM_LCave_P_Column_36.fbx\"", \""Timestamp\"" : \""1573775756\"", \""FileMD5\"" : \""470553ffb76cc9792d02a0abbbec551a\"" }]""}"
/Game/LuosCaves/Meshes/Props_Columns/SM_LCave_P_Column_37,"{""AssetImportData"": ""[{ \""RelativeFilename\"" : \""G:/_Work_/Cave2019/RockTest/SM_LCave_P_Column_37.fbx\"", \""Timestamp\"" : \""1573775747\"", \""FileMD5\"" : \""f5732b3f917e7669d490fcc5470828a6\"" }]""}"
/Game/LuosCaves/Meshes/Props_Columns/SM_LCave_P_Column_38,"{""AssetImportData"": ""[{ \""RelativeFilename\"" : \""G:/_Work_/Cave2019/RockTest/SM_LCave_P_Column_38.fbx\"", \""Timestamp\"" : \""1573775751\"", \""FileMD5\"" : \""073b825fb09f3f0b9c0148ad3532c6ba\"" }]""}"
/Game/LuosCaves/Meshes/Props_Columns/SM_LCave_P_Column_39,"{""AssetImportData"": ""[{ \""RelativeFilename\"" : \""G:/_Work_/Cave2019/RockTest/SM_LCave_P_Column_39.fbx\"", \""Timestamp\"" : \""1573775752\"", \""FileMD5\"" : \""ec86310dc18fb58185f089ab046b0e62\"" }]""}"
/Game/LuosCaves/Meshes/Props_Columns/SM_LCave_P_Column_40,"{""AssetImportData"": ""[{ \""RelativeFilename\"" : \""G:/_Work_/Cave2019/RockTest/SM_LCave_P_Column_40.fbx\"", \""Timestamp\"" : \""1573775754\"", \""FileMD5\"" : \""4f647a5e86245ce279e538097781134e\"" }]""}"
/Game/LuosCaves/Meshes/Props_Columns/SM_LCave_P_Column_41,"{""AssetImportData"": ""[{ \""RelativeFilename\"" : \""G:/_Work_/Cave2019/RockTest/SM_LCave_P_Column_41.fbx\"", \""Timestamp\"" : \""1573775755\"", \""FileMD5\"" : \""a9290a3a509b624ee1ad7f93744c4fab\"" }]""}"
/Game/LuosCaves/Meshes/Props_Columns/SM_LCave_P_Column_42,"{""AssetImportData"": ""[{ \""RelativeFilename\"" : \""G:/_Work_/Cave2019/RockTest/SM_LCave_P_Column_42.fbx\"", \""Timestamp\"" : \""1573775760\"", \""FileMD5\"" : \""cde4b62adccd85f990c5a024b79d3e3b\"" }]""}"
/Game/LuosCaves/Meshes/Props_Columns/SM_LCave_P_Column_43,"{""AssetImportData"": ""[{ \""RelativeFilename\"" : \""G:/_Work_/Cave2019/RockTest/SM_LCave_P_Column_43.fbx\"", \""Timestamp\"" : \""1573775762\"", \""FileMD5\"" : \""c61f347d53c5131b07b3479ac79dd0ce\"" }]""}"
/Game/LuosCaves/Meshes/Props_Columns/SM_LCave_P_Column_44,"{""AssetImportData"": ""[{ \""RelativeFilename\"" : \""G:/_Work_/Cave2019/RockTest/SM_LCave_P_Column_44.fbx\"", \""Timestamp\"" : \""1573775763\"", \""FileMD5\"" : \""da6fa65eb5831176171065975319c707\"" }]""}"
/Game/LuosCaves/Meshes/Props_Columns/SM_LCave_P_Column_45,"{""AssetImportData"": ""[{ \""RelativeFilename\"" : \""G:/_Work_/Cave2019/RockTest/SM_LCave_P_Column_45.fbx\"", \""Timestamp\"" : \""1573775758\"", \""FileMD5\"" : \""e123666c953ca55597edef44527f1d92\"" }]""}"
/Game/LuosCaves/Meshes/Props_Columns/SM_LCave_P_Column_46,"{""AssetImportData"": ""[{ \""RelativeFilename\"" : \""G:/_Work_/Cave2019/RockTest/SM_LCave_P_Column_46.fbx\"", \""Timestamp\"" : \""1573775759\"", \""FileMD5\"" : \""c6b1b859e1dd5cac4202ea2bfe86d501\"" }]""}"
/Game/LuosCaves/Meshes/Props_Columns/SM_LCave_P_Column_47,"{""AssetImportData"": ""[{ \""RelativeFilename\"" : \""G:/_Work_/Cave2019/RockTest/SM_LCave_P_Column_47.fbx\"", \""Timestamp\"" : \""1573775749\"", \""FileMD5\"" : \""2efdca47ea43a415d9f090ad9e11aa38\"" }]""}"
/Game/LuosCaves/Meshes/Props_Columns/SM_LCave_P_Column_48,"{""AssetImportData"": ""[{ \""RelativeFilename\"" : \""G:/_Work_/Cave2019/RockTest/SM_LCave_P_Column_48.fbx\"", \""Timestamp\"" : \""1573775748\"", \""FileMD5\"" : \""02b45a1f8d850339652ff46d3df8c478\"" }]""}"
/Game/LuosCaves/Meshes/Props_Columns/SM_LCave_P_Column_49,"{""AssetImportData"": ""[{ \""RelativeFilename\"" : \""G:/_Work_/Cave2019/RockTest/SM_LCave_P_Column_49.fbx\"", \""Timestamp\"" : \""1573775744\"", \""FileMD5\"" : \""be36172575170ce572785d6f7db3af1d\"" }]""}"
/Game/LuosCaves/Meshes/Props_Columns/SM_LCave_P_Column_50,"{""AssetImportData"": ""[{ \""RelativeFilename\"" : \""G:/_Work_/Cave2019/RockTest/SM_LCave_P_Column_50.fbx\"", \""Timestamp\"" : \""1573775746\"", \""FileMD5\"" : \""1f16b305428929455010fd7e2e88e9c4\"" }]""}"
/Game/LuosCaves/Meshes/Props_Columns/SM_LCave_P_Column_51,"{""AssetImportData"": ""[{ \""RelativeFilename\"" : \""G:/_Work_/Cave2019/RockTest/SM_LCave_P_Column_51.fbx\"", \""Timestamp\"" : \""1573775767\"", \""FileMD5\"" : \""636feab1a2e0abf23be6ec25069efdab\"" }]""}"
/Game/LuosCaves/Meshes/Props_Columns/SM_LCave_P_Column_52,"{""AssetImportData"": ""[{ \""RelativeFilename\"" : \""G:/_Work_/Cave2019/RockTest/SM_LCave_P_Column_52.fbx\"", \""Timestamp\"" : \""1574433621\"", \""FileMD5\"" : \""3e3092ca08a1ff52ac41eb2a9b1adf8f\"" }]""}"
/Game/LuosCaves/Meshes/Props_Columns/SM_LCave_P_Free_Column_01,"{""AssetImportData"": ""[{ \""RelativeFilename\"" : \""G:/_Work_/Cave2019/RockTest/SM_LCave_P_Free_Column_01.fbx\"", \""Timestamp\"" : \""1573775770\"", \""FileMD5\"" : \""20714a996245b327d8ff3bbeecd95b40\"" }]""}"
/Game/LuosCaves/Meshes/Props_Columns/SM_LCave_P_Free_Column_02,"{""AssetImportData"": ""[{ \""RelativeFilename\"" : \""G:/_Work_/Cave2019/RockTest/SM_LCave_P_Free_Column_02.fbx\"", \""Timestamp\"" : \""1573775771\"", \""FileMD5\"" : \""429638770bd261ddf074e7d4ff08083c\"" }]""}"
/Game/LuosCaves/Meshes/Props_Crystals/SM_LProp_Crystals_01,"{""AssetImportData"": ""[{ \""RelativeFilename\"" : \""H:/3dsmax files/LuosCavesFinal/Extras/SM_LProp_Crystals_01.fbx\"", \""Timestamp\"" : \""1423537819\"", \""FileMD5\"" : \""\"" }]""}"
/Game/LuosCaves/Meshes/Props_Crystals/SM_LProp_Crystals_05,"{""AssetImportData"": ""[{ \""RelativeFilename\"" : \""H:/3dsmax files/LuosCavesFinal/Extras/SM_LProp_Crystals_05.fbx\"", \""Timestamp\"" : \""1423537820\"", \""FileMD5\"" : \""\"" }]""}"
/Game/LuosCaves/Meshes/Props_Crystals/SM_LProp_Crystals_06,"{""AssetImportData"": ""[{ \""RelativeFilename\"" : \""H:/3dsmax files/LuosCavesFinal/Extras/SM_LProp_Crystals_06.fbx\"", \""Timestamp\"" : \""1423537818\"", \""FileMD5\"" : \""\"" }]""}"
/Game/LuosCaves/Meshes/Props_Crystals/SM_LProp_Crystals_07,"{""AssetImportData"": ""[{ \""RelativeFilename\"" : \""H:/3dsmax files/LuosCavesFinal/Extras/SM_LProp_Crystals_07.fbx\"", \""Timestamp\"" : \""1423537819\"", \""FileMD5\"" : \""\"" }]""}"
/Game/LuosCaves/Meshes/Props_Crystals/SM_LProp_Crystals_08,"{""AssetImportData"": ""[{ \""RelativeFilename\"" : \""H:/3dsmax files/LuosCavesFinal/Extras/SM_LProp_Crystals_08.fbx\"", \""Timestamp\"" : \""1423537818\"", \""FileMD5\"" : \""\"" }]""}"
/Game/LuosCaves/Meshes/Props_Crystals/SM_LProp_Crystals_09,"{""AssetImportData"": ""[{ \""RelativeFilename\"" : \""H:/3dsmax files/LuosCavesFinal/Extras/SM_LProp_Crystals_09.fbx\"", \""Timestamp\"" : \""1423537817\"", \""FileMD5\"" : \""\"" }]""}"
/Game/LuosCaves/Meshes/Props_Floors/SM_LCave_P_Floor_01,"{""AssetImportData"": ""[{ \""RelativeFilename\"" : \""G:/_Work_/Cave2019/RockTest/SM_LCave_P_Floor_01.fbx\"", \""Timestamp\"" : \""1573909094\"", \""FileMD5\"" : \""a044be41e3988640c846cedb1ffc02d1\"" }]""}"
/Game/LuosCaves/Meshes/Props_Floors/SM_LCave_P_Floor_02,"{""AssetImportData"": ""[{ \""RelativeFilename\"" : \""G:/_Work_/Cave2019/RockTest/SM_LCave_P_Floor_02.fbx\"", \""Timestamp\"" : \""1573909098\"", \""FileMD5\"" : \""0a39f375d0b7b8b5b0ce61a38ba86555\"" }]""}"
/Game/LuosCaves/Meshes/Props_Floors/SM_LCave_P_Floor_03,"{""AssetImportData"": ""[{ \""RelativeFilename\"" : \""G:/_Work_/Cave2019/RockTest/SM_LCave_P_Floor_03.fbx\"", \""Timestamp\"" : \""1573909103\"", \""FileMD5\"" : \""f71af01fe86116e60297439c7e7c8b1b\"" }]""}"
/Game/LuosCaves/Meshes/Props_Floors/SM_LCave_P_Floor_04,"{""AssetImportData"": ""[{ \""RelativeFilename\"" : \""G:/_Work_/Cave2019/RockTest/SM_LCave_P_Floor_04.fbx\"", \""Timestamp\"" : \""1573909095\"", \""FileMD5\"" : \""87003b6b85bb7e7706b753188764d9c8\"" }]""}"
/Game/LuosCaves/Meshes/Props_Floors/SM_LCave_P_Floor_05,"{""AssetImportData"": ""[{ \""RelativeFilename\"" : \""G:/_Work_/Cave2019/RockTest/SM_LCave_P_Floor_05.fbx\"", \""Timestamp\"" : \""1573909102\"", \""FileMD5\"" : \""c490b215c62c179a102804e880f70095\"" }]""}"
/Game/LuosCaves/Meshes/Props_Floors/SM_LCave_P_Floor_06,"{""AssetImportData"": ""[{ \""RelativeFilename\"" : \""G:/_Work_/Cave2019/RockTest/SM_LCave_P_Floor_06.fbx\"", \""Timestamp\"" : \""1573909097\"", \""FileMD5\"" : \""af0250ce6ab2549c893b3b51afd5fd7c\"" }]""}"
/Game/LuosCaves/Meshes/Props_Floors/SM_LCave_P_Floor_07,"{""AssetImportData"": ""[{ \""RelativeFilename\"" : \""G:/_Work_/Cave2019/RockTest/SM_LCave_P_Floor_07.fbx\"", \""Timestamp\"" : \""1573909099\"", \""FileMD5\"" : \""4454cc9e6869b6f2eaa38517568bda91\"" }]""}"
/Game/LuosCaves/Meshes/Props_Floors/SM_LCave_P_Floor_08,"{""AssetImportData"": ""[{ \""RelativeFilename\"" : \""G:/_Work_/Cave2019/RockTest/SM_LCave_P_Floor_08.fbx\"", \""Timestamp\"" : \""1573909100\"", \""FileMD5\"" : \""e34f371d8e7b667ab6da148a1b50be35\"" }]""}"
/Game/LuosCaves/Meshes/Props_Floors/SM_LCave_P_Floor_09,"{""AssetImportData"": ""[{ \""RelativeFilename\"" : \""G:/_Work_/Cave2019/RockTest/SM_LCave_P_Floor_09.fbx\"", \""Timestamp\"" : \""1573909096\"", \""FileMD5\"" : \""a92a282567a0ec35dbd92a4f39805de9\"" }]""}"
/Game/LuosCaves/Meshes/Props_Floors/SM_LCave_P_Floor_10,"{""AssetImportData"": ""[{ \""RelativeFilename\"" : \""G:/_Work_/Cave2019/RockTest/SM_LCave_P_Floor_10.fbx\"", \""Timestamp\"" : \""1573909098\"", \""FileMD5\"" : \""22cad37015ce0963799a1fb2f5252cb1\"" }]""}"
/Game/LuosCaves/Meshes/Props_Floors/SM_LCave_P_Floor_11,"{""AssetImportData"": ""[{ \""RelativeFilename\"" : \""G:/_Work_/Cave2019/RockTest/SM_LCave_P_Floor_11.fbx\"", \""Timestamp\"" : \""1573909101\"", \""FileMD5\"" : \""a438e7e5e2cbf1607220845ba43a5573\"" }]""}"
/Game/LuosCaves/Meshes/Props_Floors/SM_LCave_P_Free_Floor_01,"{""AssetImportData"": ""[{ \""RelativeFilename\"" : \""G:/_Work_/Cave2019/RockTest/SM_LCave_P_Free_Floor_01.fbx\"", \""Timestamp\"" : \""1573911889\"", \""FileMD5\"" : \""e1a8741bf2e3ace1c2aca48368c73b13\"" }]""}"
/Game/LuosCaves/Meshes/Props_Floors/SM_LCave_P_Free_Floor_02,"{""AssetImportData"": ""[{ \""RelativeFilename\"" : \""G:/_Work_/Cave2019/RockTest/SM_LCave_P_Free_Floor_02.fbx\"", \""Timestamp\"" : \""1573911890\"", \""FileMD5\"" : \""6857b36d37629a0d2e10ccda0ee95167\"" }]""}"
/Game/LuosCaves/Meshes/Props_Mesas/SM_LCave_P_Mesa_01,"{""AssetImportData"": ""[{ \""RelativeFilename\"" : \""G:/_Work_/Cave2019/RockTest/SM_LCave_P_Mesa_01.fbx\"", \""Timestamp\"" : \""1573773646\"", \""FileMD5\"" : \""f969297ff6840ba5c6eb4d62821c5647\"", \""DisplayLabelName\"" : \""\"" }]""}"
/Game/LuosCaves/Meshes/Props_Mesas/SM_LCave_P_Mesa_02,"{""AssetImportData"": ""[{ \""RelativeFilename\"" : \""G:/_Work_/Cave2019/RockTest/SM_LCave_P_Mesa_02.fbx\"", \""Timestamp\"" : \""1573773651\"", \""FileMD5\"" : \""ca85554facc5347edab978068bfa3bbf\"", \""DisplayLabelName\"" : \""\"" }]""}"
/Game/LuosCaves/Meshes/Props_Mesas/SM_LCave_P_Mesa_03,"{""AssetImportData"": ""[{ \""RelativeFilename\"" : \""G:/_Work_/Cave2019/RockTest/SM_LCave_P_Mesa_03.fbx\"", \""Timestamp\"" : \""1573773644\"", \""FileMD5\"" : \""0d71ddae448f9629a384d0f1c661550e\"", \""DisplayLabelName\"" : \""\"" }]""}"
/Game/LuosCaves/Meshes/Props_Mesas/SM_LCave_P_Mesa_04,"{""AssetImportData"": ""[{ \""RelativeFilename\"" : \""G:/_Work_/Cave2019/RockTest/SM_LCave_P_Mesa_04.fbx\"", \""Timestamp\"" : \""1573773652\"", \""FileMD5\"" : \""6d8f426cc8f990447de2afb70a8ae956\"", \""DisplayLabelName\"" : \""\"" }]""}"
/Game/LuosCaves/Meshes/Props_Mesas/SM_LCave_P_Mesa_05,"{""AssetImportData"": ""[{ \""RelativeFilename\"" : \""G:/_Work_/Cave2019/RockTest/SM_LCave_P_Mesa_05.fbx\"", \""Timestamp\"" : \""1573773653\"", \""FileMD5\"" : \""3c48e5b99c81aefad8dd3f8208e942b8\"", \""DisplayLabelName\"" : \""\"" }]""}"
/Game/LuosCaves/Meshes/Props_Mesas/SM_LCave_P_Mesa_06,"{""AssetImportData"": ""[{ \""RelativeFilename\"" : \""G:/_Work_/Cave2019/RockTest/SM_LCave_P_Mesa_06.fbx\"", \""Timestamp\"" : \""1573773654\"", \""FileMD5\"" : \""fc6e48518282ff9ab77d3c0948aaea32\"", \""DisplayLabelName\"" : \""\"" }]""}"
/Game/LuosCaves/Meshes/Props_Mesas/SM_LCave_P_Mesa_07,"{""AssetImportData"": ""[{ \""RelativeFilename\"" : \""G:/_Work_/Cave2019/RockTest/SM_LCave_P_Mesa_07.fbx\"", \""Timestamp\"" : \""1573773640\"", \""FileMD5\"" : \""8ea62ee5636966d53e402829793d2572\"", \""DisplayLabelName\"" : \""\"" }]""}"
/Game/LuosCaves/Meshes/Props_Mesas/SM_LCave_P_Mesa_08,"{""AssetImportData"": ""[{ \""RelativeFilename\"" : \""G:/_Work_/Cave2019/RockTest/SM_LCave_P_Mesa_08.fbx\"", \""Timestamp\"" : \""1573773642\"", \""FileMD5\"" : \""d3d762902d3e230133f8b9d110d68392\"", \""DisplayLabelName\"" : \""\"" }]""}"
/Game/LuosCaves/Meshes/Props_Mesas/SM_LCave_P_Mesa_09,"{""AssetImportData"": ""[{ \""RelativeFilename\"" : \""G:/_Work_/Cave2019/RockTest/SM_LCave_P_Mesa_09.fbx\"", \""Timestamp\"" : \""1573773662\"", \""FileMD5\"" : \""404399397dcc29c7df80fe1264fd7d5b\"", \""DisplayLabelName\"" : \""\"" }]""}"
/Game/LuosCaves/Meshes/Props_Mesas/SM_LCave_P_Mesa_10,"{""AssetImportData"": ""[{ \""RelativeFilename\"" : \""G:/_Work_/Cave2019/RockTest/SM_LCave_P_Mesa_10.fbx\"", \""Timestamp\"" : \""1573773648\"", \""FileMD5\"" : \""9e56328617afe8bf42620c3b8b434c98\"", \""DisplayLabelName\"" : \""\"" }]""}"
/Game/LuosCaves/Meshes/Props_Mesas/SM_LCave_P_Mesa_11,"{""AssetImportData"": ""[{ \""RelativeFilename\"" : \""G:/_Work_/Cave2019/RockTest/SM_LCave_P_Mesa_11.fbx\"", \""Timestamp\"" : \""1573773647\"", \""FileMD5\"" : \""4044076ad729becb71a1ada463a2f5d4\"", \""DisplayLabelName\"" : \""\"" }]""}"
/Game/LuosCaves/Meshes/Props_Mesas/SM_LCave_P_Mesa_12,"{""AssetImportData"": ""[{ \""RelativeFilename\"" : \""G:/_Work_/Cave2019/RockTest/SM_LCave_P_Mesa_12.fbx\"", \""Timestamp\"" : \""1573773649\"", \""FileMD5\"" : \""025752294b73beecdbfc89709d05ec25\"", \""DisplayLabelName\"" : \""\"" }]""}"
/Game/LuosCaves/Meshes/Props_Mesas/SM_LCave_P_Mesa_13,"{""AssetImportData"": ""[{ \""RelativeFilename\"" : \""G:/_Work_/Cave2019/RockTest/SM_LCave_P_Mesa_13.fbx\"", \""Timestamp\"" : \""1573773656\"", \""FileMD5\"" : \""552ae0167a34b94a094e2ddbfcf102ad\"", \""DisplayLabelName\"" : \""\"" }]""}"
/Game/LuosCaves/Meshes/Props_Mesas/SM_LCave_P_Mesa_14,"{""AssetImportData"": ""[{ \""RelativeFilename\"" : \""G:/_Work_/Cave2019/RockTest/SM_LCave_P_Mesa_14.fbx\"", \""Timestamp\"" : \""1573773657\"", \""FileMD5\"" : \""38c203a5be04f56f143cd9faaa9ab4e1\"", \""DisplayLabelName\"" : \""\"" }]""}"
/Game/LuosCaves/Meshes/Props_Mesas/SM_LCave_P_Mesa_15,"{""AssetImportData"": ""[{ \""RelativeFilename\"" : \""G:/_Work_/Cave2019/RockTest/SM_LCave_P_Mesa_15.fbx\"", \""Timestamp\"" : \""1573773658\"", \""FileMD5\"" : \""4ed59554c3520c03a1d7fde99b43ff5e\"", \""DisplayLabelName\"" : \""\"" }]""}"
/Game/LuosCaves/Meshes/Props_Mesas/SM_LCave_P_Mesa_16,"{""AssetImportData"": ""[{ \""RelativeFilename\"" : \""G:/_Work_/Cave2019/RockTest/SM_LCave_P_Mesa_16.fbx\"", \""Timestamp\"" : \""1573773659\"", \""FileMD5\"" : \""4684aca4a34aa61202a19cf493a7eb6c\"", \""DisplayLabelName\"" : \""\"" }]""}"
/Game/LuosCaves/Meshes/Props_Mesas/SM_LCave_P_Mesa_17,"{""AssetImportData"": ""[{ \""RelativeFilename\"" : \""G:/_Work_/Cave2019/RockTest/SM_LCave_P_Mesa_17.fbx\"", \""Timestamp\"" : \""1573773661\"", \""FileMD5\"" : \""950d1972b727d36c2b2cc3c85072fc4a\"", \""DisplayLabelName\"" : \""\"" }]""}"
/Game/LuosCaves/Meshes/Props_Mesas/SM_LCave_P_Mesa_18,"{""AssetImportData"": ""[{ \""RelativeFilename\"" : \""G:/_Work_/Cave2019/RockTest/SM_LCave_P_Mesa_18.fbx\"", \""Timestamp\"" : \""1573773663\"", \""FileMD5\"" : \""c864737fa16c86af3daccee2ce01085c\"", \""DisplayLabelName\"" : \""\"" }]""}"
/Game/LuosCaves/Meshes/Props_Mite_Tites/SM_LCave_P_Free_MiteTite_01,"{""AssetImportData"": ""[{ \""RelativeFilename\"" : \""G:/_Work_/Cave2019/RockTest/SM_LCave_P_Free_MiteTite_01.fbx\"", \""Timestamp\"" : \""1573773352\"", \""FileMD5\"" : \""19cd0be0dccf94011d78d42213d2a17c\"" }]""}"
/Game/LuosCaves/Meshes/Props_Mite_Tites/SM_LCave_P_Free_MiteTite_02,"{""AssetImportData"": ""[{ \""RelativeFilename\"" : \""G:/_Work_/Cave2019/RockTest/SM_LCave_P_Free_MiteTite_02.fbx\"", \""Timestamp\"" : \""1573773353\"", \""FileMD5\"" : \""0be8a34d71a7f6ab049dfcc60a2ecd9b\"" }]""}"
/Game/LuosCaves/Meshes/Props_Mite_Tites/SM_LCave_P_MiteTite_01,"{""AssetImportData"": ""[{ \""RelativeFilename\"" : \""G:/_Work_/Cave2019/RockTest/SM_LCave_P_MiteTite_01.fbx\"", \""Timestamp\"" : \""1573773341\"", \""FileMD5\"" : \""cbabab4aea6d33f21044e12b9c9e11b0\"" }]""}"
/Game/LuosCaves/Meshes/Props_Mite_Tites/SM_LCave_P_MiteTite_02,"{""AssetImportData"": ""[{ \""RelativeFilename\"" : \""G:/_Work_/Cave2019/RockTest/SM_LCave_P_MiteTite_02.fbx\"", \""Timestamp\"" : \""1573773306\"", \""FileMD5\"" : \""eb9567e4a6c2e8f27a4743faa557d06f\"" }]""}"
/Game/LuosCaves/Meshes/Props_Mite_Tites/SM_LCave_P_MiteTite_03,"{""AssetImportData"": ""[{ \""RelativeFilename\"" : \""G:/_Work_/Cave2019/RockTest/SM_LCave_P_MiteTite_03.fbx\"", \""Timestamp\"" : \""1573773315\"", \""FileMD5\"" : \""cce37ff9378898b17074571bf53a46ad\"" }]""}"
/Game/LuosCaves/Meshes/Props_Mite_Tites/SM_LCave_P_MiteTite_04,"{""AssetImportData"": ""[{ \""RelativeFilename\"" : \""G:/_Work_/Cave2019/RockTest/SM_LCave_P_MiteTite_04.fbx\"", \""Timestamp\"" : \""1573773317\"", \""FileMD5\"" : \""50cd6b2dba47944e6eb7e9762213507c\"" }]""}"
/Game/LuosCaves/Meshes/Props_Mite_Tites/SM_LCave_P_MiteTite_05,"{""AssetImportData"": ""[{ \""RelativeFilename\"" : \""G:/_Work_/Cave2019/RockTest/SM_LCave_P_MiteTite_05.fbx\"", \""Timestamp\"" : \""1573773318\"", \""FileMD5\"" : \""1b9e6b03c88a8f53dbaecd8d277ee08b\"" }]""}"
/Game/LuosCaves/Meshes/Props_Mite_Tites/SM_LCave_P_MiteTite_06,"{""AssetImportData"": ""[{ \""RelativeFilename\"" : \""G:/_Work_/Cave2019/RockTest/SM_LCave_P_MiteTite_06.fbx\"", \""Timestamp\"" : \""1573773303\"", \""FileMD5\"" : \""c36b5d878fa3f4f9b6c421c0f230dbf9\"" }]""}"
/Game/LuosCaves/Meshes/Props_Mite_Tites/SM_LCave_P_MiteTite_07,"{""AssetImportData"": ""[{ \""RelativeFilename\"" : \""G:/_Work_/Cave2019/RockTest/SM_LCave_P_MiteTite_07.fbx\"", \""Timestamp\"" : \""1573773305\"", \""FileMD5\"" : \""9e6ee72037f88bb4b31fe5852551f324\"" }]""}"
/Game/LuosCaves/Meshes/Props_Mite_Tites/SM_LCave_P_MiteTite_08,"{""AssetImportData"": ""[{ \""RelativeFilename\"" : \""G:/_Work_/Cave2019/RockTest/SM_LCave_P_MiteTite_08.fbx\"", \""Timestamp\"" : \""1573773302\"", \""FileMD5\"" : \""0f0fec7575b0d787210538993a209bda\"" }]""}"
/Game/LuosCaves/Meshes/Props_Mite_Tites/SM_LCave_P_MiteTite_09,"{""AssetImportData"": ""[{ \""RelativeFilename\"" : \""G:/_Work_/Cave2019/RockTest/SM_LCave_P_MiteTite_09.fbx\"", \""Timestamp\"" : \""1573773301\"", \""FileMD5\"" : \""42e9198e2cb6a8f61597413f775a4e9f\"" }]""}"
/Game/LuosCaves/Meshes/Props_Mite_Tites/SM_LCave_P_MiteTite_10,"{""AssetImportData"": ""[{ \""RelativeFilename\"" : \""G:/_Work_/Cave2019/RockTest/SM_LCave_P_MiteTite_10.fbx\"", \""Timestamp\"" : \""1573773296\"", \""FileMD5\"" : \""f20f662bee8bcbd7399493e6bc0c3948\"" }]""}"
/Game/LuosCaves/Meshes/Props_Mite_Tites/SM_LCave_P_MiteTite_11,"{""AssetImportData"": ""[{ \""RelativeFilename\"" : \""G:/_Work_/Cave2019/RockTest/SM_LCave_P_MiteTite_11.fbx\"", \""Timestamp\"" : \""1573773297\"", \""FileMD5\"" : \""714883eaadf1b3a8af4f97b3009560af\"" }]""}"
/Game/LuosCaves/Meshes/Props_Mite_Tites/SM_LCave_P_MiteTite_12,"{""AssetImportData"": ""[{ \""RelativeFilename\"" : \""G:/_Work_/Cave2019/RockTest/SM_LCave_P_MiteTite_12.fbx\"", \""Timestamp\"" : \""1573773299\"", \""FileMD5\"" : \""7181261f0dba49476def2d51b79625a5\"" }]""}"
/Game/LuosCaves/Meshes/Props_Mite_Tites/SM_LCave_P_MiteTite_13,"{""AssetImportData"": ""[{ \""RelativeFilename\"" : \""G:/_Work_/Cave2019/RockTest/SM_LCave_P_MiteTite_13.fbx\"", \""Timestamp\"" : \""1573773326\"", \""FileMD5\"" : \""8581224692ad00a2d25f97e69037ccac\"" }]""}"
/Game/LuosCaves/Meshes/Props_Mite_Tites/SM_LCave_P_MiteTite_14,"{""AssetImportData"": ""[{ \""RelativeFilename\"" : \""G:/_Work_/Cave2019/RockTest/SM_LCave_P_MiteTite_14.fbx\"", \""Timestamp\"" : \""1573773334\"", \""FileMD5\"" : \""f07ff8e4eb0ed5dbdaf780e2f44530f3\"" }]""}"
/Game/LuosCaves/Meshes/Props_Mite_Tites/SM_LCave_P_MiteTite_15,"{""AssetImportData"": ""[{ \""RelativeFilename\"" : \""G:/_Work_/Cave2019/RockTest/SM_LCave_P_MiteTite_15.fbx\"", \""Timestamp\"" : \""1573773335\"", \""FileMD5\"" : \""616a6b8d761721881fb5b086e5997633\"" }]""}"
/Game/LuosCaves/Meshes/Props_Mite_Tites/SM_LCave_P_MiteTite_16,"{""AssetImportData"": ""[{ \""RelativeFilename\"" : \""G:/_Work_/Cave2019/RockTest/SM_LCave_P_MiteTite_16.fbx\"", \""Timestamp\"" : \""1573773328\"", \""FileMD5\"" : \""e208f5c32e9bec16f403bb31860f1d03\"" }]""}"
/Game/LuosCaves/Meshes/Props_Mite_Tites/SM_LCave_P_MiteTite_17,"{""AssetImportData"": ""[{ \""RelativeFilename\"" : \""G:/_Work_/Cave2019/RockTest/SM_LCave_P_MiteTite_17.fbx\"", \""Timestamp\"" : \""1573773329\"", \""FileMD5\"" : \""742ac6d6c6a7083b04d3a54652a882ff\"" }]""}"
/Game/LuosCaves/Meshes/Props_Mite_Tites/SM_LCave_P_MiteTite_18,"{""AssetImportData"": ""[{ \""RelativeFilename\"" : \""G:/_Work_/Cave2019/RockTest/SM_LCave_P_MiteTite_18.fbx\"", \""Timestamp\"" : \""1573773331\"", \""FileMD5\"" : \""fd31e7ba874c9e23aebd4d959b3b403b\"" }]""}"
/Game/LuosCaves/Meshes/Props_Mite_Tites/SM_LCave_P_MiteTite_19,"{""AssetImportData"": ""[{ \""RelativeFilename\"" : \""G:/_Work_/Cave2019/RockTest/SM_LCave_P_MiteTite_19.fbx\"", \""Timestamp\"" : \""1573773330\"", \""FileMD5\"" : \""a8310f0444988d5a2cb6febbb6c38a40\"" }]""}"
/Game/LuosCaves/Meshes/Props_Mite_Tites/SM_LCave_P_MiteTite_20,"{""AssetImportData"": ""[{ \""RelativeFilename\"" : \""G:/_Work_/Cave2019/RockTest/SM_LCave_P_MiteTite_20.fbx\"", \""Timestamp\"" : \""1573773333\"", \""FileMD5\"" : \""76dad7a09cacc31f81ca13ca0c924c12\"" }]""}"
/Game/LuosCaves/Meshes/Props_Mite_Tites/SM_LCave_P_MiteTite_21,"{""AssetImportData"": ""[{ \""RelativeFilename\"" : \""G:/_Work_/Cave2019/RockTest/SM_LCave_P_MiteTite_21.fbx\"", \""Timestamp\"" : \""1573773285\"", \""FileMD5\"" : \""b2006745ba87e15c12574a1db6f50837\"" }]""}"
/Game/LuosCaves/Meshes/Props_Mite_Tites/SM_LCave_P_MiteTite_22,"{""AssetImportData"": ""[{ \""RelativeFilename\"" : \""G:/_Work_/Cave2019/RockTest/SM_LCave_P_MiteTite_22.fbx\"", \""Timestamp\"" : \""1573773288\"", \""FileMD5\"" : \""cafb212390994872c23abc08ff70e6d1\"" }]""}"
/Game/LuosCaves/Meshes/Props_Mite_Tites/SM_LCave_P_MiteTite_23,"{""AssetImportData"": ""[{ \""RelativeFilename\"" : \""G:/_Work_/Cave2019/RockTest/SM_LCave_P_MiteTite_23.fbx\"", \""Timestamp\"" : \""1573773311\"", \""FileMD5\"" : \""0e87d1793ae01e60b516b1828eb7a8a6\"" }]""}"
/Game/LuosCaves/Meshes/Props_Mite_Tites/SM_LCave_P_MiteTite_24,"{""AssetImportData"": ""[{ \""RelativeFilename\"" : \""G:/_Work_/Cave2019/RockTest/SM_LCave_P_MiteTite_24.fbx\"", \""Timestamp\"" : \""1573773310\"", \""FileMD5\"" : \""48f3000d7b33713dcc15f9474d19eac8\"" }]""}"
/Game/LuosCaves/Meshes/Props_Mite_Tites/SM_LCave_P_MiteTite_25,"{""AssetImportData"": ""[{ \""RelativeFilename\"" : \""G:/_Work_/Cave2019/RockTest/SM_LCave_P_MiteTite_25.fbx\"", \""Timestamp\"" : \""1573773343\"", \""FileMD5\"" : \""7ab88e06ac747dbf01daaa24c38d03f4\"" }]""}"
/Game/LuosCaves/Meshes/Props_Mite_Tites/SM_LCave_P_MiteTite_26,"{""AssetImportData"": ""[{ \""RelativeFilename\"" : \""G:/_Work_/Cave2019/RockTest/SM_LCave_P_MiteTite_26.fbx\"", \""Timestamp\"" : \""1573773314\"", \""FileMD5\"" : \""97d2720d7e83a037aebd79cfd424320f\"" }]""}"
/Game/LuosCaves/Meshes/Props_Mite_Tites/SM_LCave_P_MiteTite_27,"{""AssetImportData"": ""[{ \""RelativeFilename\"" : \""G:/_Work_/Cave2019/RockTest/SM_LCave_P_MiteTite_27.fbx\"", \""Timestamp\"" : \""1573773313\"", \""FileMD5\"" : \""47342a952d94f4d2993f57351749b76e\"" }]""}"
/Game/LuosCaves/Meshes/Props_Mite_Tites/SM_LCave_P_MiteTite_28,"{""AssetImportData"": ""[{ \""RelativeFilename\"" : \""G:/_Work_/Cave2019/RockTest/SM_LCave_P_MiteTite_28.fbx\"", \""Timestamp\"" : \""1573773307\"", \""FileMD5\"" : \""e1a8e1c895041734cd0f1e22e107511c\"" }]""}"
/Game/LuosCaves/Meshes/Props_Mite_Tites/SM_LCave_P_MiteTite_29,"{""AssetImportData"": ""[{ \""RelativeFilename\"" : \""G:/_Work_/Cave2019/RockTest/SM_LCave_P_MiteTite_29.fbx\"", \""Timestamp\"" : \""1573773337\"", \""FileMD5\"" : \""3a17832814ea20ef99ae63c622726c36\"" }]""}"
/Game/LuosCaves/Meshes/Props_Mite_Tites/SM_LCave_P_MiteTite_30,"{""AssetImportData"": ""[{ \""RelativeFilename\"" : \""G:/_Work_/Cave2019/RockTest/SM_LCave_P_MiteTite_30.fbx\"", \""Timestamp\"" : \""1573773319\"", \""FileMD5\"" : \""4573f881afe508575096f24285608640\"" }]""}"
/Game/LuosCaves/Meshes/Props_Mite_Tites/SM_LCave_P_MiteTite_31,"{""AssetImportData"": ""[{ \""RelativeFilename\"" : \""G:/_Work_/Cave2019/RockTest/SM_LCave_P_MiteTite_31.fbx\"", \""Timestamp\"" : \""1573773320\"", \""FileMD5\"" : \""feacfde5fa23e1dd44140adc397a2537\"" }]""}"
/Game/LuosCaves/Meshes/Props_Mite_Tites/SM_LCave_P_MiteTite_32,"{""AssetImportData"": ""[{ \""RelativeFilename\"" : \""G:/_Work_/Cave2019/RockTest/SM_LCave_P_MiteTite_32.fbx\"", \""Timestamp\"" : \""1573773293\"", \""FileMD5\"" : \""ce6d9bd73cf607d7e826173cc21e8bb0\"" }]""}"
/Game/LuosCaves/Meshes/Props_Mite_Tites/SM_LCave_P_MiteTite_33,"{""AssetImportData"": ""[{ \""RelativeFilename\"" : \""G:/_Work_/Cave2019/RockTest/SM_LCave_P_MiteTite_33.fbx\"", \""Timestamp\"" : \""1573773295\"", \""FileMD5\"" : \""c8b5347c0dfb6801c10593ec750265cf\"" }]""}"
/Game/LuosCaves/Meshes/Props_Mite_Tites/SM_LCave_P_MiteTite_34,"{""AssetImportData"": ""[{ \""RelativeFilename\"" : \""G:/_Work_/Cave2019/RockTest/SM_LCave_P_MiteTite_34.fbx\"", \""Timestamp\"" : \""1573773291\"", \""FileMD5\"" : \""c82f7864bd216c08f08ee55e194e4651\"" }]""}"
/Game/LuosCaves/Meshes/Props_Mite_Tites/SM_LCave_P_MiteTite_35,"{""AssetImportData"": ""[{ \""RelativeFilename\"" : \""G:/_Work_/Cave2019/RockTest/SM_LCave_P_MiteTite_35.fbx\"", \""Timestamp\"" : \""1573773308\"", \""FileMD5\"" : \""ce75e6cdfe57444edca4587b4ec4e6cb\"" }]""}"
/Game/LuosCaves/Meshes/Props_Mite_Tites/SM_LCave_P_MiteTite_36,"{""AssetImportData"": ""[{ \""RelativeFilename\"" : \""G:/_Work_/Cave2019/RockTest/SM_LCave_P_MiteTite_36.fbx\"", \""Timestamp\"" : \""1573773323\"", \""FileMD5\"" : \""64d64f6afeab5a9350937ccb3126fa83\"" }]""}"
/Game/LuosCaves/Meshes/Props_Mite_Tites/SM_LCave_P_MiteTite_37,"{""AssetImportData"": ""[{ \""RelativeFilename\"" : \""G:/_Work_/Cave2019/RockTest/SM_LCave_P_MiteTite_37.fbx\"", \""Timestamp\"" : \""1573773322\"", \""FileMD5\"" : \""0a1ab4e3b28a67f348ce2871a2aa53ef\"" }]""}"
/Game/LuosCaves/Meshes/Props_Mite_Tites/SM_LCave_P_MiteTite_38,"{""AssetImportData"": ""[{ \""RelativeFilename\"" : \""G:/_Work_/Cave2019/RockTest/SM_LCave_P_MiteTite_38.fbx\"", \""Timestamp\"" : \""1573773325\"", \""FileMD5\"" : \""899aa5382d502b31a743c2bc63c59b98\"" }]""}"
/Game/LuosCaves/Meshes/Props_Mite_Tites/SM_LCave_P_MiteTite_39,"{""AssetImportData"": ""[{ \""RelativeFilename\"" : \""G:/_Work_/Cave2019/RockTest/SM_LCave_P_MiteTite_39.fbx\"", \""Timestamp\"" : \""1573773324\"", \""FileMD5\"" : \""bac45ce3eadf15874f1fcfc901c582da\"" }]""}"
/Game/LuosCaves/Meshes/Props_Mite_Tites/SM_LCave_P_MiteTite_40,"{""AssetImportData"": ""[{ \""RelativeFilename\"" : \""G:/_Work_/Cave2019/RockTest/SM_LCave_P_MiteTite_40.fbx\"", \""Timestamp\"" : \""1573773339\"", \""FileMD5\"" : \""5a83e01e0b59f5dc0bbb8e1072439cbc\"" }]""}"
/Game/LuosCaves/Meshes/Props_Mite_Tites/SM_LCave_P_MiteTite_41,"{""AssetImportData"": ""[{ \""RelativeFilename\"" : \""G:/_Work_/Cave2019/RockTest/SM_LCave_P_MiteTite_41.fbx\"", \""Timestamp\"" : \""1573773336\"", \""FileMD5\"" : \""452c41a32c731dc08ef07febe340f049\"" }]""}"
/Game/LuosCaves/Meshes/Props_Mite_Tites/SM_LCave_P_MiteTite_42,"{""AssetImportData"": ""[{ \""RelativeFilename\"" : \""G:/_Work_/Cave2019/RockTest/SM_LCave_P_MiteTite_42.fbx\"", \""Timestamp\"" : \""1573773340\"", \""FileMD5\"" : \""2195fffacf5b7d4779a01e25872b5fa0\"" }]""}"
/Game/LuosCaves/Meshes/Props_Mite_Tites/SM_LCave_P_MiteTite_43,"{""AssetImportData"": ""[{ \""RelativeFilename\"" : \""G:/_Work_/Cave2019/RockTest/SM_LCave_P_MiteTite_43.fbx\"", \""Timestamp\"" : \""1573773351\"", \""FileMD5\"" : \""4311971e2b1912f305c0daf8dc627be1\"" }]""}"
/Game/LuosCaves/Meshes/Props_Mite_Tites/SM_LCave_P_MiteTite_44,"{""AssetImportData"": ""[{ \""RelativeFilename\"" : \""G:/_Work_/Cave2019/RockTest/SM_LCave_P_MiteTite_44.fbx\"", \""Timestamp\"" : \""1573773349\"", \""FileMD5\"" : \""84b562073728f9264d30a987670d9326\"" }]""}"
/Game/LuosCaves/Meshes/Props_Mite_Tites/SM_LCave_P_MiteTite_45,"{""AssetImportData"": ""[{ \""RelativeFilename\"" : \""G:/_Work_/Cave2019/RockTest/SM_LCave_P_MiteTite_45.fbx\"", \""Timestamp\"" : \""1573773347\"", \""FileMD5\"" : \""f936ffdbec89d7c2235b4f7103cfdbd5\"" }]""}"
/Game/LuosCaves/Meshes/Props_Mite_Tites/SM_LCave_P_MiteTite_46,"{""AssetImportData"": ""[{ \""RelativeFilename\"" : \""G:/_Work_/Cave2019/RockTest/SM_LCave_P_MiteTite_46.fbx\"", \""Timestamp\"" : \""1573773348\"", \""FileMD5\"" : \""c4a46ecb8326d6cc969a7e15a41c964a\"" }]""}"
/Game/LuosCaves/Meshes/Props_Mite_Tites/SM_LCave_P_MiteTite_47,"{""AssetImportData"": ""[{ \""RelativeFilename\"" : \""G:/_Work_/Cave2019/RockTest/SM_LCave_P_MiteTite_47.fbx\"", \""Timestamp\"" : \""1573773345\"", \""FileMD5\"" : \""ca036901bf30e8f61330fc91af816913\"" }]""}"
/Game/LuosCaves/Meshes/Props_Mite_Tites/SM_LCave_P_MiteTite_48,"{""AssetImportData"": ""[{ \""RelativeFilename\"" : \""G:/_Work_/Cave2019/RockTest/SM_LCave_P_MiteTite_48.fbx\"", \""Timestamp\"" : \""1573773344\"", \""FileMD5\"" : \""12be0a05b2755ec86fcb73ce27422d40\"" }]""}"
/Game/LuosCaves/Meshes/Props_Mushrooms/SM_LProp_Free_LightMushroom_01,"{""SourceFile"": ""H:/3dsmax files/LuosCavesFinal/Free/Mushrooms/SM_LProp_Free_LightMushroom_01.fbx""}"
/Game/LuosCaves/Meshes/Props_Mushrooms/SM_LProp_Free_LightMushroom_02,"{""SourceFile"": ""H:/3dsmax files/LuosCavesFinal/Free/Mushrooms/SM_LProp_Free_LightMushroom_02.fbx""}"
/Game/LuosCaves/Meshes/Props_Mushrooms/SM_LProp_Free_LightMushroom_03,"{""SourceFile"": ""H:/3dsmax files/LuosCavesFinal/Free/Mushrooms/SM_LProp_Free_LightMushroom_03.fbx""}"
/Game/LuosCaves/Meshes/Props_Mushrooms/SM_LProp_Free_LightMushroom_04,"{""SourceFile"": ""H:/3dsmax files/LuosCavesFinal/Free/Mushrooms/SM_LProp_Free_LightMushroom_04.fbx""}"
/Game/LuosCaves/Meshes/Props_Mushrooms/SM_LProp_Free_LightMushroom_05,"{""SourceFile"": ""H:/3dsmax files/LuosCavesFinal/Free/Mushrooms/SM_LProp_Free_LightMushroom_05.fbx""}"
/Game/LuosCaves/Meshes/Props_Mushrooms/SM_LProp_Free_LightMushroom_06,"{""SourceFile"": ""H:/3dsmax files/LuosCavesFinal/Free/Mushrooms/SM_LProp_Free_LightMushroom_06.fbx""}"
/Game/LuosCaves/Meshes/Props_Mushrooms/SM_LProp_Free_LightMushroom_07,"{""SourceFile"": ""H:/3dsmax files/LuosCavesFinal/Free/Mushrooms/SM_LProp_Free_LightMushroom_07.fbx""}"
/Game/LuosCaves/Meshes/Props_Mushrooms/SM_LProp_Free_LightMushroom_08,"{""SourceFile"": ""H:/3dsmax files/LuosCavesFinal/Free/Mushrooms/SM_LProp_Free_LightMushroom_08.fbx""}"
/Game/LuosCaves/Meshes/Props_Mushrooms/SM_LProp_Free_LightMushroom_09,"{""SourceFile"": ""H:/3dsmax files/LuosCavesFinal/Free/Mushrooms/SM_LProp_Free_LightMushroom_09.fbx""}"
/Game/LuosCaves/Meshes/Props_Rocks/SM_LCave_P_Free_Rock_01,"{""AssetImportData"": ""[{ \""RelativeFilename\"" : \""G:/_Work_/Cave2019/RockTest/SM_LCave_P_Free_Rock_01.fbx\"", \""Timestamp\"" : \""1573772936\"", \""FileMD5\"" : \""40b82c6459712e3892b79be75e6a2762\"" }]""}"
/Game/LuosCaves/Meshes/Props_Rocks/SM_LCave_P_Free_Rock_02,"{""AssetImportData"": ""[{ \""RelativeFilename\"" : \""G:/_Work_/Cave2019/RockTest/SM_LCave_P_Free_Rock_02.fbx\"", \""Timestamp\"" : \""1573772931\"", \""FileMD5\"" : \""a1e7d18fac71a4a98763d9d6a94e6097\"" }]""}"
/Game/LuosCaves/Meshes/Props_Rocks/SM_LCave_P_Free_Rock_03,"{""AssetImportData"": ""[{ \""RelativeFilename\"" : \""G:/_Work_/Cave2019/RockTest/SM_LCave_P_Free_Rock_03.fbx\"", \""Timestamp\"" : \""1573773201\"", \""FileMD5\"" : \""d8e6be056e113dc794b9e2dda223eca0\"" }]""}"
/Game/LuosCaves/Meshes/Props_Rocks/SM_LCave_P_Rock_01,"{""AssetImportData"": ""[{ \""RelativeFilename\"" : \""G:/_Work_/Cave2019/RockTest/SM_LCave_P_Rock_01.fbx\"", \""Timestamp\"" : \""1573911870\"", \""FileMD5\"" : \""8e2ae565f68c0ff7a5938343b59057ee\"" }]""}"
/Game/LuosCaves/Meshes/Props_Rocks/SM_LCave_P_Rock_02,"{""AssetImportData"": ""[{ \""RelativeFilename\"" : \""G:/_Work_/Cave2019/RockTest/SM_LCave_P_Rock_02.fbx\"", \""Timestamp\"" : \""1573911873\"", \""FileMD5\"" : \""cf4c8631a1676efc5de5478fa63204dc\"" }]""}"
/Game/LuosCaves/Meshes/Props_Rocks/SM_LCave_P_Rock_03,"{""AssetImportData"": ""[{ \""RelativeFilename\"" : \""G:/_Work_/Cave2019/RockTest/SM_LCave_P_Rock_03.fbx\"", \""Timestamp\"" : \""1573911875\"", \""FileMD5\"" : \""47379cbc05f4beacbb3763e994468717\"" }]""}"
/Game/LuosCaves/Meshes/Props_Rocks/SM_LCave_P_Rock_04,"{""AssetImportData"": ""[{ \""RelativeFilename\"" : \""G:/_Work_/Cave2019/RockTest/SM_LCave_P_Rock_04.fbx\"", \""Timestamp\"" : \""1573911872\"", \""FileMD5\"" : \""e1e4930a14f753c09930876a60f17fd2\"" }]""}"
/Game/LuosCaves/Meshes/Props_Rocks/SM_LCave_P_Rock_05,"{""AssetImportData"": ""[{ \""RelativeFilename\"" : \""G:/_Work_/Cave2019/RockTest/SM_LCave_P_Rock_05.fbx\"", \""Timestamp\"" : \""1573771301\"", \""FileMD5\"" : \""9a646767f0ce6510047f29e55117ada9\"" }]""}"
/Game/LuosCaves/Meshes/Props_Rocks/SM_LCave_P_Rock_06,"{""AssetImportData"": ""[{ \""RelativeFilename\"" : \""G:/_Work_/Cave2019/RockTest/SM_LCave_P_Rock_06.fbx\"", \""Timestamp\"" : \""1573771319\"", \""FileMD5\"" : \""48f81d8e9f5f0c7fe6e6fbd77d789157\"" }]""}"
/Game/LuosCaves/Meshes/Props_Rocks/SM_LCave_P_Rock_07,"{""AssetImportData"": ""[{ \""RelativeFilename\"" : \""G:/_Work_/Cave2019/RockTest/SM_LCave_P_Rock_07.fbx\"", \""Timestamp\"" : \""1573771320\"", \""FileMD5\"" : \""c941ea769fdd91650dd065314f921a19\"" }]""}"
/Game/LuosCaves/Meshes/Props_Rocks/SM_LCave_P_Rock_08,"{""AssetImportData"": ""[{ \""RelativeFilename\"" : \""G:/_Work_/Cave2019/RockTest/SM_LCave_P_Rock_08.fbx\"", \""Timestamp\"" : \""1573771326\"", \""FileMD5\"" : \""0cc0bba782f59fb0d720d89907006bf0\"" }]""}"
/Game/LuosCaves/Meshes/Props_Rocks/SM_LCave_P_Rock_09,"{""AssetImportData"": ""[{ \""RelativeFilename\"" : \""G:/_Work_/Cave2019/RockTest/SM_LCave_P_Rock_09.fbx\"", \""Timestamp\"" : \""1573771296\"", \""FileMD5\"" : \""668f66892a57f54372925eaaedb6a742\"" }]""}"
/Game/LuosCaves/Meshes/Props_Rocks/SM_LCave_P_Rock_10,"{""AssetImportData"": ""[{ \""RelativeFilename\"" : \""G:/_Work_/Cave2019/RockTest/SM_LCave_P_Rock_10.fbx\"", \""Timestamp\"" : \""1573771294\"", \""FileMD5\"" : \""10bbdfdd8afb0a28b02927de2e317b3e\"" }]""}"
/Game/LuosCaves/Meshes/Props_Rocks/SM_LCave_P_Rock_11,"{""AssetImportData"": ""[{ \""RelativeFilename\"" : \""G:/_Work_/Cave2019/RockTest/SM_LCave_P_Rock_11.fbx\"", \""Timestamp\"" : \""1573771299\"", \""FileMD5\"" : \""a87281c267e0bc7b76083ff26e07ca2a\"" }]""}"
/Game/LuosCaves/Meshes/Props_Rocks/SM_LCave_P_Rock_12,"{""AssetImportData"": ""[{ \""RelativeFilename\"" : \""G:/_Work_/Cave2019/RockTest/SM_LCave_P_Rock_12.fbx\"", \""Timestamp\"" : \""1573771305\"", \""FileMD5\"" : \""5dc103d5d477302ef7b3d1bf3252261b\"" }]""}"
/Game/LuosCaves/Meshes/Props_Rocks/SM_LCave_P_Rock_13,"{""AssetImportData"": ""[{ \""RelativeFilename\"" : \""G:/_Work_/Cave2019/RockTest/SM_LCave_P_Rock_13.fbx\"", \""Timestamp\"" : \""1573771339\"", \""FileMD5\"" : \""ac1a3299c9799bd183287385c961b9c4\"" }]""}"
/Game/LuosCaves/Meshes/Props_Rocks/SM_LCave_P_Rock_14,"{""AssetImportData"": ""[{ \""RelativeFilename\"" : \""G:/_Work_/Cave2019/RockTest/SM_LCave_P_Rock_14.fbx\"", \""Timestamp\"" : \""1573771330\"", \""FileMD5\"" : \""68d064a03de7c4298ef1dbbacfbacec5\"" }]""}"
/Game/LuosCaves/Meshes/Props_Rocks/SM_LCave_P_Rock_15,"{""AssetImportData"": ""[{ \""RelativeFilename\"" : \""G:/_Work_/Cave2019/RockTest/SM_LCave_P_Rock_15.fbx\"", \""Timestamp\"" : \""1573771303\"", \""FileMD5\"" : \""8d9df3d2181be44e760f593bd372c902\"" }]""}"
/Game/LuosCaves/Meshes/Props_Rocks/SM_LCave_P_Rock_16,"{""AssetImportData"": ""[{ \""RelativeFilename\"" : \""G:/_Work_/Cave2019/RockTest/SM_LCave_P_Rock_16.fbx\"", \""Timestamp\"" : \""1573771346\"", \""FileMD5\"" : \""0b608ed5ce50529e9513eeda07ef2491\"" }]""}"
/Game/LuosCaves/Meshes/Props_Rocks/SM_LCave_P_Rock_17,"{""AssetImportData"": ""[{ \""RelativeFilename\"" : \""G:/_Work_/Cave2019/RockTest/SM_LCave_P_Rock_17.fbx\"", \""Timestamp\"" : \""1573771332\"", \""FileMD5\"" : \""6157cbb5d0609a3aae4aff082cf66cdc\"" }]""}"
/Game/LuosCaves/Meshes/Props_Rocks/SM_LCave_P_Rock_18,"{""AssetImportData"": ""[{ \""RelativeFilename\"" : \""G:/_Work_/Cave2019/RockTest/SM_LCave_P_Rock_18.fbx\"", \""Timestamp\"" : \""1573771325\"", \""FileMD5\"" : \""dc904b6706cf045699a83376ae4d8b98\"" }]""}"
/Game/LuosCaves/Meshes/Props_Rocks/SM_LCave_P_Rock_19,"{""AssetImportData"": ""[{ \""RelativeFilename\"" : \""G:/_Work_/Cave2019/RockTest/SM_LCave_P_Rock_19.fbx\"", \""Timestamp\"" : \""1573771335\"", \""FileMD5\"" : \""c88df22d68f9eb820570c29dfeab7399\"" }]""}"
/Game/LuosCaves/Meshes/Props_Rocks/SM_LCave_P_Rock_20,"{""AssetImportData"": ""[{ \""RelativeFilename\"" : \""G:/_Work_/Cave2019/RockTest/SM_LCave_P_Rock_20.fbx\"", \""Timestamp\"" : \""1573771342\"", \""FileMD5\"" : \""7c7badc2e1c4b229bf95acfbdbb13790\"" }]""}"
/Game/LuosCaves/Meshes/Props_Rocks/SM_LCave_P_Rock_21,"{""AssetImportData"": ""[{ \""RelativeFilename\"" : \""G:/_Work_/Cave2019/RockTest/SM_LCave_P_Rock_21.fbx\"", \""Timestamp\"" : \""1573771293\"", \""FileMD5\"" : \""24778c2de184db05bca983b1a705f83a\"" }]""}"
/Game/LuosCaves/Meshes/Props_Rocks/SM_LCave_P_Rock_22,"{""AssetImportData"": ""[{ \""RelativeFilename\"" : \""G:/_Work_/Cave2019/RockTest/SM_LCave_P_Rock_22.fbx\"", \""Timestamp\"" : \""1573771317\"", \""FileMD5\"" : \""c9d918ea3e9d8816c33df4c073ea1266\"" }]""}"
/Game/LuosCaves/Meshes/Props_Rocks/SM_LCave_P_Rock_23,"{""AssetImportData"": ""[{ \""RelativeFilename\"" : \""G:/_Work_/Cave2019/RockTest/SM_LCave_P_Rock_23.fbx\"", \""Timestamp\"" : \""1573912165\"", \""FileMD5\"" : \""49c767b2fa69556e5d9917b36fc376e8\"" }]""}"
/Game/LuosCaves/Meshes/Props_Rocks/SM_LCave_P_Rock_24,"{""AssetImportData"": ""[{ \""RelativeFilename\"" : \""G:/_Work_/Cave2019/RockTest/SM_LCave_P_Rock_24.fbx\"", \""Timestamp\"" : \""1573771308\"", \""FileMD5\"" : \""a28063c5784cf44f1780e1d7fcc2d441\"" }]""}"
/Game/LuosCaves/Meshes/Props_Rocks/SM_LCave_P_Rock_25,"{""AssetImportData"": ""[{ \""RelativeFilename\"" : \""G:/_Work_/Cave2019/RockTest/SM_LCave_P_Rock_25.fbx\"", \""Timestamp\"" : \""1573771306\"", \""FileMD5\"" : \""7518ca8c18c1ff64aa253ed31e537677\"" }]""}"
/Game/LuosCaves/Meshes/Props_Rocks/SM_LCave_P_Rock_26,"{""AssetImportData"": ""[{ \""RelativeFilename\"" : \""G:/_Work_/Cave2019/RockTest/SM_LCave_P_Rock_26.fbx\"", \""Timestamp\"" : \""1573771313\"", \""FileMD5\"" : \""4ecca63107dee6ae7c4ae0eda164af4e\"" }]""}"
/Game/LuosCaves/Meshes/Props_Rocks/SM_LCave_P_Rock_27,"{""AssetImportData"": ""[{ \""RelativeFilename\"" : \""G:/_Work_/Cave2019/RockTest/SM_LCave_P_Rock_27.fbx\"", \""Timestamp\"" : \""1573771289\"", \""FileMD5\"" : \""480f3af216de110874516971b2bb2d31\"" }]""}"
/Game/LuosCaves/Meshes/Props_Rocks/SM_LCave_P_Rock_28,"{""AssetImportData"": ""[{ \""RelativeFilename\"" : \""G:/_Work_/Cave2019/RockTest/SM_LCave_P_Rock_28.fbx\"", \""Timestamp\"" : \""1573771343\"", \""FileMD5\"" : \""0968d99dbda61a6725ac3ef6698b1e6c\"" }]""}"
/Game/LuosCaves/Meshes/Props_Rocks/SM_LCave_P_Rock_29,"{""AssetImportData"": ""[{ \""RelativeFilename\"" : \""G:/_Work_/Cave2019/RockTest/SM_LCave_P_Rock_29.fbx\"", \""Timestamp\"" : \""1573771341\"", \""FileMD5\"" : \""424962d2dff958e2f4d3ec8d73862d0d\"" }]""}"
/Game/LuosCaves/Meshes/Props_Rocks/SM_LCave_P_Rock_30,"{""AssetImportData"": ""[{ \""RelativeFilename\"" : \""G:/_Work_/Cave2019/RockTest/SM_LCave_P_Rock_30.fbx\"", \""Timestamp\"" : \""1573771337\"", \""FileMD5\"" : \""82f47d8ad30e27cd9c8732ab3a9227be\"" }]""}"
/Game/LuosCaves/Meshes/Props_Rocks/SM_LCave_P_Rock_31,"{""AssetImportData"": ""[{ \""RelativeFilename\"" : \""G:/_Work_/Cave2019/RockTest/SM_LCave_P_Rock_31.fbx\"", \""Timestamp\"" : \""1573771338\"", \""FileMD5\"" : \""5c38de8fa7edd368c6784d2764e18613\"", \""DisplayLabelName\"" : \""\"" }]""}"
/Game/LuosCaves/Meshes/Props_Rocks/SM_LCave_P_Rock_32,"{""AssetImportData"": ""[{ \""RelativeFilename\"" : \""G:/_Work_/Cave2019/RockTest/SM_LCave_P_Rock_32.fbx\"", \""Timestamp\"" : \""1573771310\"", \""FileMD5\"" : \""40ae7122c770ed1228652781e5d53e51\"" }]""}"
/Game/LuosCaves/Meshes/Props_Rocks/SM_LCave_P_Rock_33,"{""AssetImportData"": ""[{ \""RelativeFilename\"" : \""G:/_Work_/Cave2019/RockTest/SM_LCave_P_Rock_33.fbx\"", \""Timestamp\"" : \""1573771328\"", \""FileMD5\"" : \""a914e461e36e3bb53b3942baedd1e2c5\"" }]""}"
/Game/LuosCaves/Meshes/Props_Rocks/SM_LCave_P_Rock_34,"{""AssetImportData"": ""[{ \""RelativeFilename\"" : \""G:/_Work_/Cave2019/RockTest/SM_LCave_P_Rock_34.fbx\"", \""Timestamp\"" : \""1573771336\"", \""FileMD5\"" : \""5398bf27413b2d21ab5b5e78e80ba4eb\"" }]""}"
/Game/LuosCaves/Meshes/Props_Rocks/SM_LCave_P_Rock_35,"{""AssetImportData"": ""[{ \""RelativeFilename\"" : \""G:/_Work_/Cave2019/RockTest/SM_LCave_P_Rock_35.fbx\"", \""Timestamp\"" : \""1573771333\"", \""FileMD5\"" : \""59ffc53d293f6dc5fafe709721d041ad\"" }]""}"
/Game/LuosCaves/Meshes/Props_Rocks/SM_LCave_P_Rock_36,"{""AssetImportData"": ""[{ \""RelativeFilename\"" : \""G:/_Work_/Cave2019/RockTest/SM_LCave_P_Rock_36.fbx\"", \""Timestamp\"" : \""1573771331\"", \""FileMD5\"" : \""0b2807164e1f47622fa9042399ef34f7\"" }]""}"
/Game/LuosCaves/Meshes/Props_Rocks/SM_LCave_P_Rock_37,"{""AssetImportData"": ""[{ \""RelativeFilename\"" : \""G:/_Work_/Cave2019/RockTest/SM_LCave_P_Rock_37.fbx\"", \""Timestamp\"" : \""1573771327\"", \""FileMD5\"" : \""a0814a033295304b51b5c81f9435b114\"" }]""}"
/Game/LuosCaves/Meshes/Props_Rocks/SM_LCave_P_Rock_38,"{""AssetImportData"": ""[{ \""RelativeFilename\"" : \""G:/_Work_/Cave2019/RockTest/SM_LCave_P_Rock_38.fbx\"", \""Timestamp\"" : \""1573771298\"", \""FileMD5\"" : \""1835e195559ae09666e50bb0455ce667\"" }]""}"
/Game/LuosCaves/Meshes/Props_Rocks/SM_LCave_P_Rock_39,"{""AssetImportData"": ""[{ \""RelativeFilename\"" : \""G:/_Work_/Cave2019/RockTest/SM_LCave_P_Rock_39.fbx\"", \""Timestamp\"" : \""1573771314\"", \""FileMD5\"" : \""7b01c8a5125b9298b4fa1c80840ada06\"" }]""}"
/Game/LuosCaves/Meshes/Props_Rocks/SM_LCave_P_Rock_40,"{""AssetImportData"": ""[{ \""RelativeFilename\"" : \""G:/_Work_/Cave2019/RockTest/SM_LCave_P_Rock_40.fbx\"", \""Timestamp\"" : \""1573771302\"", \""FileMD5\"" : \""054090283f54e89f2e22d37081dd1a93\"" }]""}"
/Game/LuosCaves/Meshes/Props_Rocks/SM_LCave_P_Rock_41,"{""AssetImportData"": ""[{ \""RelativeFilename\"" : \""G:/_Work_/Cave2019/RockTest/SM_LCave_P_Rock_41.fbx\"", \""Timestamp\"" : \""1573771297\"", \""FileMD5\"" : \""4631a1cd8b216686ab4b74047bb01784\"" }]""}"
/Game/LuosCaves/Meshes/Props_Rocks/SM_LCave_P_Rock_42,"{""AssetImportData"": ""[{ \""RelativeFilename\"" : \""G:/_Work_/Cave2019/RockTest/SM_LCave_P_Rock_42.fbx\"", \""Timestamp\"" : \""1573771312\"", \""FileMD5\"" : \""b6c948be526811a8da7d108dd527cf66\"" }]""}"
/Game/LuosCaves/Meshes/Props_Rocks/SM_LCave_P_Rock_43,"{""AssetImportData"": ""[{ \""RelativeFilename\"" : \""G:/_Work_/Cave2019/RockTest/SM_LCave_P_Rock_43.fbx\"", \""Timestamp\"" : \""1573771309\"", \""FileMD5\"" : \""fcf3ebec097de68bc7cc68ce7d947a6a\"" }]""}"
/Game/LuosCaves/Meshes/Props_Rocks/SM_LCave_P_Rock_44,"{""AssetImportData"": ""[{ \""RelativeFilename\"" : \""G:/_Work_/Cave2019/RockTest/SM_LCave_P_Rock_44.fbx\"", \""Timestamp\"" : \""1573771347\"", \""FileMD5\"" : \""a33dc6444970ef3e80e69498cee7cd08\"" }]""}"
/Game/LuosCaves/Meshes/Props_Rocks/SM_LCave_P_Rock_45,"{""AssetImportData"": ""[{ \""RelativeFilename\"" : \""G:/_Work_/Cave2019/RockTest/SM_LCave_P_Rock_45.fbx\"", \""Timestamp\"" : \""1573771348\"", \""FileMD5\"" : \""bfb02b0f7e63b38017773fb8bb9a6cb0\"" }]""}"
/Game/LuosCaves/Meshes/Props_Rocks/SM_LCave_P_Rock_46,"{""AssetImportData"": ""[{ \""RelativeFilename\"" : \""G:/_Work_/Cave2019/RockTest/SM_LCave_P_Rock_46.fbx\"", \""Timestamp\"" : \""1573771356\"", \""FileMD5\"" : \""a56432535dd8ba3610107329c42617db\"" }]""}"
/Game/LuosCaves/Meshes/Props_Rocks/SM_LCave_P_Rock_47,"{""AssetImportData"": ""[{ \""RelativeFilename\"" : \""G:/_Work_/Cave2019/RockTest/SM_LCave_P_Rock_47.fbx\"", \""Timestamp\"" : \""1573771349\"", \""FileMD5\"" : \""22d0ed701c879753397839108bbe75a6\"" }]""}"
/Game/LuosCaves/Meshes/Props_Rocks/SM_LCave_P_Rock_48,"{""AssetImportData"": ""[{ \""RelativeFilename\"" : \""G:/_Work_/Cave2019/RockTest/SM_LCave_P_Rock_48.fbx\"", \""Timestamp\"" : \""1573771351\"", \""FileMD5\"" : \""f82687d2ec93d0445e69bb4b54161051\"" }]""}"
/Game/LuosCaves/Meshes/Props_Rocks/SM_LCave_P_Rock_49,"{""AssetImportData"": ""[{ \""RelativeFilename\"" : \""G:/_Work_/Cave2019/RockTest/SM_LCave_P_Rock_49.fbx\"", \""Timestamp\"" : \""1573911877\"", \""FileMD5\"" : \""b12aa1931ee61ebfc5a499556d5d3f28\"" }]""}"
/Game/LuosCaves/Meshes/Props_Rocks/SM_LCave_P_Rock_50,"{""AssetImportData"": ""[{ \""RelativeFilename\"" : \""G:/_Work_/Cave2019/RockTest/SM_LCave_P_Rock_50.fbx\"", \""Timestamp\"" : \""1573911878\"", \""FileMD5\"" : \""a72a5e322f654db85d1578de577e2a43\"" }]""}"
/Game/LuosCaves/Meshes/Props_Rocks/SM_LCave_P_Rock_51,"{""AssetImportData"": ""[{ \""RelativeFilename\"" : \""G:/_Work_/Cave2019/RockTest/SM_LCave_P_Rock_51.fbx\"", \""Timestamp\"" : \""1573911879\"", \""FileMD5\"" : \""06f91e39f79158d66ce8c7bb90c528ed\"" }]""}"
/Game/LuosCaves/Meshes/Props_Rocks/SM_LCave_P_Rock_52,"{""AssetImportData"": ""[{ \""RelativeFilename\"" : \""G:/_Work_/Cave2019/RockTest/SM_LCave_P_Rock_52.fbx\"", \""Timestamp\"" : \""1573911884\"", \""FileMD5\"" : \""9e9004f810fb51d9b83dff3ddca115b7\"" }]""}"
/Game/LuosCaves/Meshes/Props_Rocks/SM_LCave_P_Rock_53,"{""AssetImportData"": ""[{ \""RelativeFilename\"" : \""G:/_Work_/Cave2019/RockTest/SM_LCave_P_Rock_53.fbx\"", \""Timestamp\"" : \""1573911883\"", \""FileMD5\"" : \""ba2f503960bccca685e3c3942aafa5e3\"" }]""}"
/Game/LuosCaves/Meshes/Props_Rocks/SM_LCave_P_Rock_54,"{""AssetImportData"": ""[{ \""RelativeFilename\"" : \""G:/_Work_/Cave2019/RockTest/SM_LCave_P_Rock_54.fbx\"", \""Timestamp\"" : \""1573771357\"", \""FileMD5\"" : \""0c5b5a1695d742818971e7f0ce832215\"" }]""}"
/Game/LuosCaves/Meshes/Props_Rocks/SM_LCave_P_Rock_55,"{""AssetImportData"": ""[{ \""RelativeFilename\"" : \""G:/_Work_/Cave2019/RockTest/SM_LCave_P_Rock_55.fbx\"", \""Timestamp\"" : \""1573771359\"", \""FileMD5\"" : \""aa43b72fa51746c0b1804da94b6244a1\"" }]""}"
/Game/LuosCaves/Meshes/Props_Rocks/SM_LCave_P_Rock_56,"{""AssetImportData"": ""[{ \""RelativeFilename\"" : \""G:/_Work_/Cave2019/RockTest/SM_LCave_P_Rock_56.fbx\"", \""Timestamp\"" : \""1573911887\"", \""FileMD5\"" : \""7c72010c48504d45136a1689f7b1b876\"" }]""}"
/Game/LuosCaves/Meshes/Props_Rocks/SM_LCave_P_Rock_57,"{""AssetImportData"": ""[{ \""RelativeFilename\"" : \""G:/_Work_/Cave2019/RockTest/SM_LCave_P_Rock_57.fbx\"", \""Timestamp\"" : \""1573911885\"", \""FileMD5\"" : \""038947c14fb266de67a8a8914180fb12\"" }]""}"
/Game/LuosCaves/Meshes/Props_Rocks/SM_LCave_P_Rock_58,"{""AssetImportData"": ""[{ \""RelativeFilename\"" : \""G:/_Work_/Cave2019/RockTest/SM_LCave_P_Rock_58.fbx\"", \""Timestamp\"" : \""1573771364\"", \""FileMD5\"" : \""86cd6e9ad883c734acfee75878b12db0\"" }]""}"
/Game/LuosCaves/Meshes/Props_Rocks/SM_LCave_P_Rock_59,"{""AssetImportData"": ""[{ \""RelativeFilename\"" : \""G:/_Work_/Cave2019/RockTest/SM_LCave_P_Rock_59.fbx\"", \""Timestamp\"" : \""1574429672\"", \""FileMD5\"" : \""3974204148e93ccd1c57414947704ccb\"" }]""}"
/Game/LuosCaves/Meshes/Props_Rocks/SM_LCave_P_Rock_60,"{""AssetImportData"": ""[{ \""RelativeFilename\"" : \""G:/_Work_/Cave2019/RockTest/SM_LCave_P_Rock_60.fbx\"", \""Timestamp\"" : \""1573771367\"", \""FileMD5\"" : \""0cc285435efd63c2f52c70baf45f208e\"" }]""}"
/Game/LuosCaves/Meshes/Props_Rocks/SM_LCave_P_Rock_61,"{""AssetImportData"": ""[{ \""RelativeFilename\"" : \""G:/_Work_/Cave2019/RockTest/SM_LCave_P_Rock_61.fbx\"", \""Timestamp\"" : \""1573771369\"", \""FileMD5\"" : \""f4af7f99382ec7220b26cb84a92e5303\"" }]""}"
/Game/LuosCaves/Meshes/Props_Rocks/SM_LCave_P_Rock_62,"{""AssetImportData"": ""[{ \""RelativeFilename\"" : \""G:/_Work_/Cave2019/RockTest/SM_LCave_P_Rock_62.fbx\"", \""Timestamp\"" : \""1573771368\"", \""FileMD5\"" : \""cf3f1a4818bbf0ea1cc4637cd36dbd0a\"" }]""}"
/Game/LuosCaves/Meshes/Props_Rocks/SM_LCave_P_Rock_63,"{""AssetImportData"": ""[{ \""RelativeFilename\"" : \""G:/_Work_/Cave2019/RockTest/SM_LCave_P_Rock_63.fbx\"", \""Timestamp\"" : \""1573771370\"", \""FileMD5\"" : \""8269a7d188934809c45de7b396334943\"" }]""}"
/Game/LuosCaves/Meshes/Props_Spires/SM_LCave_P_Spire_01,"{""AssetImportData"": ""[{ \""RelativeFilename\"" : \""G:/_Work_/Cave2019/RockTest/SM_LCave_P_Spire_01.fbx\"", \""Timestamp\"" : \""1573773846\"", \""FileMD5\"" : \""e5cca1ea1822ed3e368527a4ae087640\"" }]""}"
/Game/LuosCaves/Meshes/Props_Spires/SM_LCave_P_Spire_02,"{""AssetImportData"": ""[{ \""RelativeFilename\"" : \""G:/_Work_/Cave2019/RockTest/SM_LCave_P_Spire_02.fbx\"", \""Timestamp\"" : \""1573773844\"", \""FileMD5\"" : \""51816fe868fd032463e64cc56515981c\"" }]""}"
/Game/LuosCaves/Meshes/Props_Spires/SM_LCave_P_Spire_03,"{""AssetImportData"": ""[{ \""RelativeFilename\"" : \""G:/_Work_/Cave2019/RockTest/SM_LCave_P_Spire_03.fbx\"", \""Timestamp\"" : \""1573773847\"", \""FileMD5\"" : \""f8880c92dd96cf577566d0cd90639613\"" }]""}"
/Game/LuosCaves/Meshes/Props_Spires/SM_LCave_P_Spire_04,"{""AssetImportData"": ""[{ \""RelativeFilename\"" : \""G:/_Work_/Cave2019/RockTest/SM_LCave_P_Spire_04.fbx\"", \""Timestamp\"" : \""1573773842\"", \""FileMD5\"" : \""eb61061fb2932b043dc5a85bbff65d77\"" }]""}"
/Game/LuosCaves/Meshes/Props_Spires/SM_LCave_P_Spire_05,"{""AssetImportData"": ""[{ \""RelativeFilename\"" : \""G:/_Work_/Cave2019/RockTest/SM_LCave_P_Spire_05.fbx\"", \""Timestamp\"" : \""1573773852\"", \""FileMD5\"" : \""a4fd72d93173e1e5ffafd287c15c110a\"" }]""}"
/Game/LuosCaves/Meshes/Props_Spires/SM_LCave_P_Spire_06,"{""AssetImportData"": ""[{ \""RelativeFilename\"" : \""G:/_Work_/Cave2019/RockTest/SM_LCave_P_Spire_06.fbx\"", \""Timestamp\"" : \""1573773849\"", \""FileMD5\"" : \""7e903f4a8d6fa9c3ac50f9fc66ab7fa3\"" }]""}"
/Game/LuosCaves/Meshes/Props_Spires/SM_LCave_P_Spire_07,"{""AssetImportData"": ""[{ \""RelativeFilename\"" : \""G:/_Work_/Cave2019/RockTest/SM_LCave_P_Spire_07.fbx\"", \""Timestamp\"" : \""1573773851\"", \""FileMD5\"" : \""ce444314ff066bd03ee2824c30a8763a\"" }]""}"
/Game/LuosCaves/Meshes/Props_Spires/SM_LCave_P_Spire_08,"{""AssetImportData"": ""[{ \""RelativeFilename\"" : \""G:/_Work_/Cave2019/RockTest/SM_LCave_P_Spire_08.fbx\"", \""Timestamp\"" : \""1573773853\"", \""FileMD5\"" : \""b93671aec9676c6b9d71c3cec9db8673\"" }]""}"
/Game/LuosCaves/Meshes/Rock_Walls/Walls_01/SM_LCave_P_Wall01_01,"{""AssetImportData"": ""[{ \""RelativeFilename\"" : \""G:/_Work_/Cave2019/RockTest/SM_LCave_P_Wall01_01.fbx\"", \""Timestamp\"" : \""1574353300\"", \""FileMD5\"" : \""b576c97a13e97477497b6fc04b50d3fa\"" }]""}"
/Game/LuosCaves/Meshes/Rock_Walls/Walls_01/SM_LCave_P_Wall02_01,"{""AssetImportData"": ""[{ \""RelativeFilename\"" : \""G:/_Work_/Cave2019/RockTest/SM_LCave_P_Wall02_01.fbx\"", \""Timestamp\"" : \""1574353298\"", \""FileMD5\"" : \""14214e08cecfbf2f9aa7f98eea2c44b2\"" }]""}"
/Game/LuosCaves/Meshes/Rock_Walls/Walls_01/SM_LCave_P_Wall03_01,"{""AssetImportData"": ""[{ \""RelativeFilename\"" : \""G:/_Work_/Cave2019/RockTest/SM_LCave_P_Wall03_01.fbx\"", \""Timestamp\"" : \""1574353281\"", \""FileMD5\"" : \""f3fc64c0a6816089b46ee709526966de\"" }]""}"
/Game/LuosCaves/Meshes/Rock_Walls/Walls_01/SM_LCave_P_Wall04_01,"{""AssetImportData"": ""[{ \""RelativeFilename\"" : \""G:/_Work_/Cave2019/RockTest/SM_LCave_P_Wall04_01.fbx\"", \""Timestamp\"" : \""1574353282\"", \""FileMD5\"" : \""855856756c86aa1a01b85e799f2e336b\"" }]""}"
/Game/LuosCaves/Meshes/Rock_Walls/Walls_01/SM_LCave_P_Wall05_01,"{""AssetImportData"": ""[{ \""RelativeFilename\"" : \""G:/_Work_/Cave2019/RockTest/SM_LCave_P_Wall05_01.fbx\"", \""Timestamp\"" : \""1574353291\"", \""FileMD5\"" : \""5e31a77940e166a8b8ab48e341c6733f\"" }]""}"
/Game/LuosCaves/Meshes/Rock_Walls/Walls_01/SM_LCave_P_Wall06_01,"{""AssetImportData"": ""[{ \""RelativeFilename\"" : \""G:/_Work_/Cave2019/RockTest/SM_LCave_P_Wall06_01.fbx\"", \""Timestamp\"" : \""1574353283\"", \""FileMD5\"" : \""763e9d00755cdc80674f1b4c136f7fd1\"" }]""}"
/Game/LuosCaves/Meshes/Rock_Walls/Walls_01/SM_LCave_P_Wall07_01,"{""AssetImportData"": ""[{ \""RelativeFilename\"" : \""G:/_Work_/Cave2019/RockTest/SM_LCave_P_Wall07_01.fbx\"", \""Timestamp\"" : \""1574353284\"", \""FileMD5\"" : \""fc4e7af96e0d5de5ddb0d3eb76e558ac\"" }]""}"
/Game/LuosCaves/Meshes/Rock_Walls/Walls_01/SM_LCave_P_Wall08_01,"{""AssetImportData"": ""[{ \""RelativeFilename\"" : \""G:/_Work_/Cave2019/RockTest/SM_LCave_P_Wall08_01.fbx\"", \""Timestamp\"" : \""1574353286\"", \""FileMD5\"" : \""bce14b425e63179fd4ae068774627fd5\"" }]""}"
/Game/LuosCaves/Meshes/Rock_Walls/Walls_01/SM_LCave_P_Wall09_01,"{""AssetImportData"": ""[{ \""RelativeFilename\"" : \""G:/_Work_/Cave2019/RockTest/SM_LCave_P_Wall09_01.fbx\"", \""Timestamp\"" : \""1574353287\"", \""FileMD5\"" : \""409af86c05dbda692a34c938eed89b84\"" }]""}"
/Game/LuosCaves/Meshes/Rock_Walls/Walls_01/SM_LCave_P_Wall10_01,"{""AssetImportData"": ""[{ \""RelativeFilename\"" : \""G:/_Work_/Cave2019/RockTest/SM_LCave_P_Wall10_01.fbx\"", \""Timestamp\"" : \""1574353292\"", \""FileMD5\"" : \""d110e8eba30343072d4b019b718a4c87\"" }]""}"
/Game/LuosCaves/Meshes/Rock_Walls/Walls_01/SM_LCave_P_Wall11_01,"{""AssetImportData"": ""[{ \""RelativeFilename\"" : \""G:/_Work_/Cave2019/RockTest/SM_LCave_P_Wall11_01.fbx\"", \""Timestamp\"" : \""1574353293\"", \""FileMD5\"" : \""0bf704154d81808f74546b0ffcbd2d2d\"" }]""}"
/Game/LuosCaves/Meshes/Rock_Walls/Walls_01/SM_LCave_P_Wall12_01,"{""AssetImportData"": ""[{ \""RelativeFilename\"" : \""G:/_Work_/Cave2019/RockTest/SM_LCave_P_Wall12_01.fbx\"", \""Timestamp\"" : \""1574353288\"", \""FileMD5\"" : \""60e793da77c9dfb55e33b73a4d618bc2\"" }]""}"
/Game/LuosCaves/Meshes/Rock_Walls/Walls_01/SM_LCave_P_Wall13_01,"{""AssetImportData"": ""[{ \""RelativeFilename\"" : \""G:/_Work_/Cave2019/RockTest/SM_LCave_P_Wall13_01.fbx\"", \""Timestamp\"" : \""1574353278\"", \""FileMD5\"" : \""c27a10c378cc59a4143a3b5155ed8e34\"" }]""}"
/Game/LuosCaves/Meshes/Rock_Walls/Walls_01/SM_LCave_P_Wall14_01,"{""AssetImportData"": ""[{ \""RelativeFilename\"" : \""G:/_Work_/Cave2019/RockTest/SM_LCave_P_Wall14_01.fbx\"", \""Timestamp\"" : \""1574353297\"", \""FileMD5\"" : \""5f970bd11dd8ee88d02b3e9c03b08fcc\"" }]""}"
/Game/LuosCaves/Meshes/Rock_Walls/Walls_01/SM_LCave_P_Wall15_01,"{""AssetImportData"": ""[{ \""RelativeFilename\"" : \""G:/_Work_/Cave2019/RockTest/SM_LCave_P_Wall15_01.fbx\"", \""Timestamp\"" : \""1574353296\"", \""FileMD5\"" : \""9c4742af51bbfad01c806da466e2696c\"" }]""}"
/Game/LuosCaves/Meshes/Rock_Walls/Walls_01/SM_LCave_P_Wall16_01,"{""AssetImportData"": ""[{ \""RelativeFilename\"" : \""G:/_Work_/Cave2019/RockTest/SM_LCave_P_Wall16_01.fbx\"", \""Timestamp\"" : \""1574353289\"", \""FileMD5\"" : \""89b6e53f682314a68481120e97f207a4\"" }]""}"
/Game/LuosCaves/Meshes/Rock_Walls/Walls_01/SM_LCave_P_Wall17_01,"{""AssetImportData"": ""[{ \""RelativeFilename\"" : \""G:/_Work_/Cave2019/RockTest/SM_LCave_P_Wall17_01.fbx\"", \""Timestamp\"" : \""1574353294\"", \""FileMD5\"" : \""fa9094a849e1a9b44233f622a472428f\"" }]""}"
/Game/LuosCaves/Meshes/Rock_Walls/Walls_02/SM_LCave_P_Wall01_02,"{""AssetImportData"": ""[{ \""RelativeFilename\"" : \""G:/_Work_/Cave2019/RockTest/SM_LCave_P_Wall01_02.fbx\"", \""Timestamp\"" : \""1574353398\"", \""FileMD5\"" : \""559584e4a8413446290cbebfb9470730\"" }]""}"
/Game/LuosCaves/Meshes/Rock_Walls/Walls_02/SM_LCave_P_Wall02_02,"{""AssetImportData"": ""[{ \""RelativeFilename\"" : \""G:/_Work_/Cave2019/RockTest/SM_LCave_P_Wall02_02.fbx\"", \""Timestamp\"" : \""1574353394\"", \""FileMD5\"" : \""ebbbb7c70cbba1f63b4a24e6ff3e4fff\"" }]""}"
/Game/LuosCaves/Meshes/Rock_Walls/Walls_02/SM_LCave_P_Wall03_02,"{""AssetImportData"": ""[{ \""RelativeFilename\"" : \""G:/_Work_/Cave2019/RockTest/SM_LCave_P_Wall03_02.fbx\"", \""Timestamp\"" : \""1574353393\"", \""FileMD5\"" : \""9edc93321626eb4ccb69c7e803bf7375\"" }]""}"
/Game/LuosCaves/Meshes/Rock_Walls/Walls_02/SM_LCave_P_Wall04_02,"{""AssetImportData"": ""[{ \""RelativeFilename\"" : \""G:/_Work_/Cave2019/RockTest/SM_LCave_P_Wall04_02.fbx\"", \""Timestamp\"" : \""1574353400\"", \""FileMD5\"" : \""34b42e34fb523c708f882a737d5175fb\"" }]""}"
/Game/LuosCaves/Meshes/Rock_Walls/Walls_02/SM_LCave_P_Wall05_02,"{""AssetImportData"": ""[{ \""RelativeFilename\"" : \""G:/_Work_/Cave2019/RockTest/SM_LCave_P_Wall05_02.fbx\"", \""Timestamp\"" : \""1574353392\"", \""FileMD5\"" : \""603d430c15c8ca281fec50a98a00090d\"" }]""}"
/Game/LuosCaves/Meshes/Rock_Walls/Walls_02/SM_LCave_P_Wall06_02,"{""AssetImportData"": ""[{ \""RelativeFilename\"" : \""G:/_Work_/Cave2019/RockTest/SM_LCave_P_Wall06_02.fbx\"", \""Timestamp\"" : \""1574353384\"", \""FileMD5\"" : \""bbb751e50eb4938f96fa8f0d4fe92d7e\"" }]""}"
/Game/LuosCaves/Meshes/Rock_Walls/Walls_02/SM_LCave_P_Wall07_02,"{""AssetImportData"": ""[{ \""RelativeFilename\"" : \""G:/_Work_/Cave2019/RockTest/SM_LCave_P_Wall07_02.fbx\"", \""Timestamp\"" : \""1574353386\"", \""FileMD5\"" : \""6ea141e1469ae6411de0e95028934e5e\"" }]""}"
/Game/LuosCaves/Meshes/Rock_Walls/Walls_02/SM_LCave_P_Wall08_02,"{""AssetImportData"": ""[{ \""RelativeFilename\"" : \""G:/_Work_/Cave2019/RockTest/SM_LCave_P_Wall08_02.fbx\"", \""Timestamp\"" : \""1574353388\"", \""FileMD5\"" : \""57785c640046fea2c89ee6616dfe6e59\"" }]""}"
/Game/LuosCaves/Meshes/Rock_Walls/Walls_02/SM_LCave_P_Wall09_02,"{""AssetImportData"": ""[{ \""RelativeFilename\"" : \""G:/_Work_/Cave2019/RockTest/SM_LCave_P_Wall09_02.fbx\"", \""Timestamp\"" : \""1574353389\"", \""FileMD5\"" : \""a059b9e71aa43c4aa1da296b211a3085\"" }]""}"
/Game/LuosCaves/Meshes/Rock_Walls/Walls_02/SM_LCave_P_Wall10_02,"{""AssetImportData"": ""[{ \""RelativeFilename\"" : \""G:/_Work_/Cave2019/RockTest/SM_LCave_P_Wall10_02.fbx\"", \""Timestamp\"" : \""1574353382\"", \""FileMD5\"" : \""aad7ca61ff25730499c1898b2d3ff418\"" }]""}"
/Game/LuosCaves/Meshes/Rock_Walls/Walls_02/SM_LCave_P_Wall11_02,"{""AssetImportData"": ""[{ \""RelativeFilename\"" : \""G:/_Work_/Cave2019/RockTest/SM_LCave_P_Wall11_02.fbx\"", \""Timestamp\"" : \""1574353381\"", \""FileMD5\"" : \""68a97ede5c5002aa30d7ce6141177a8a\"" }]""}"
/Game/LuosCaves/Meshes/Rock_Walls/Walls_02/SM_LCave_P_Wall12_02,"{""AssetImportData"": ""[{ \""RelativeFilename\"" : \""G:/_Work_/Cave2019/RockTest/SM_LCave_P_Wall12_02.fbx\"", \""Timestamp\"" : \""1574353378\"", \""FileMD5\"" : \""b197562688cc84473b4f09e99169a9a7\"" }]""}"
/Game/LuosCaves/Meshes/Rock_Walls/Walls_02/SM_LCave_P_Wall13_02,"{""AssetImportData"": ""[{ \""RelativeFilename\"" : \""G:/_Work_/Cave2019/RockTest/SM_LCave_P_Wall13_02.fbx\"", \""Timestamp\"" : \""1574353385\"", \""FileMD5\"" : \""91b04eda2d86f3ddc1cd5eaeaacf65ad\"" }]""}"
/Game/LuosCaves/Meshes/Rock_Walls/Walls_02/SM_LCave_P_Wall14_02,"{""AssetImportData"": ""[{ \""RelativeFilename\"" : \""G:/_Work_/Cave2019/RockTest/SM_LCave_P_Wall14_02.fbx\"", \""Timestamp\"" : \""1574353396\"", \""FileMD5\"" : \""bce48f0c3315c9df258b9fc4400b8a61\"" }]""}"
/Game/LuosCaves/Meshes/Rock_Walls/Walls_02/SM_LCave_P_Wall15_02,"{""AssetImportData"": ""[{ \""RelativeFilename\"" : \""G:/_Work_/Cave2019/RockTest/SM_LCave_P_Wall15_02.fbx\"", \""Timestamp\"" : \""1574353397\"", \""FileMD5\"" : \""dcbf4ceb1d16609f13d30b134be20675\"" }]""}"
/Game/LuosCaves/Meshes/Rock_Walls/Walls_02/SM_LCave_P_Wall16_02,"{""AssetImportData"": ""[{ \""RelativeFilename\"" : \""G:/_Work_/Cave2019/RockTest/SM_LCave_P_Wall16_02.fbx\"", \""Timestamp\"" : \""1574353390\"", \""FileMD5\"" : \""679d2f8505294dea1cd11e967abc4af0\"" }]""}"
/Game/LuosCaves/Meshes/Rock_Walls/Walls_02/SM_LCave_P_Wall17_02,"{""AssetImportData"": ""[{ \""RelativeFilename\"" : \""G:/_Work_/Cave2019/RockTest/SM_LCave_P_Wall17_02.fbx\"", \""Timestamp\"" : \""1574353401\"", \""FileMD5\"" : \""20bee2e69903c1daac64bd7cf92c5f6e\"" }]""}"
/Game/LuosCaves/Meshes/Rock_Walls/Walls_03/SM_LCave_P_Wall01_03,"{""AssetImportData"": ""[{ \""RelativeFilename\"" : \""G:/_Work_/Cave2019/RockTest/SM_LCave_P_Wall01_03.fbx\"", \""Timestamp\"" : \""1574353640\"", \""FileMD5\"" : \""f48fad2c9715560d57f5149af6471e51\"" }]""}"
/Game/LuosCaves/Meshes/Rock_Walls/Walls_03/SM_LCave_P_Wall02_03,"{""AssetImportData"": ""[{ \""RelativeFilename\"" : \""G:/_Work_/Cave2019/RockTest/SM_LCave_P_Wall02_03.fbx\"", \""Timestamp\"" : \""1574353643\"", \""FileMD5\"" : \""febd13f8b5ebabe59893c4dc0434b4c9\"" }]""}"
/Game/LuosCaves/Meshes/Rock_Walls/Walls_03/SM_LCave_P_Wall03_03,"{""AssetImportData"": ""[{ \""RelativeFilename\"" : \""G:/_Work_/Cave2019/RockTest/SM_LCave_P_Wall03_03.fbx\"", \""Timestamp\"" : \""1574353644\"", \""FileMD5\"" : \""2887f3cb48f3d57f4db2a68d2e683139\"" }]""}"
/Game/LuosCaves/Meshes/Rock_Walls/Walls_03/SM_LCave_P_Wall04_03,"{""AssetImportData"": ""[{ \""RelativeFilename\"" : \""G:/_Work_/Cave2019/RockTest/SM_LCave_P_Wall04_03.fbx\"", \""Timestamp\"" : \""1574353647\"", \""FileMD5\"" : \""2b80bbbf776de592ca4fe2d7435f0f8a\"" }]""}"
/Game/LuosCaves/Meshes/Rock_Walls/Walls_03/SM_LCave_P_Wall05_03,"{""AssetImportData"": ""[{ \""RelativeFilename\"" : \""G:/_Work_/Cave2019/RockTest/SM_LCave_P_Wall05_03.fbx\"", \""Timestamp\"" : \""1574353654\"", \""FileMD5\"" : \""f965e31dbbb99691fd67fb0d8c23b3d2\"" }]""}"
/Game/LuosCaves/Meshes/Rock_Walls/Walls_03/SM_LCave_P_Wall06_03,"{""AssetImportData"": ""[{ \""RelativeFilename\"" : \""G:/_Work_/Cave2019/RockTest/SM_LCave_P_Wall06_03.fbx\"", \""Timestamp\"" : \""1574353646\"", \""FileMD5\"" : \""18468f7597e9915e72ab9ee6c65e447a\"" }]""}"
/Game/LuosCaves/Meshes/Rock_Walls/Walls_03/SM_LCave_P_Wall07_03,"{""AssetImportData"": ""[{ \""RelativeFilename\"" : \""G:/_Work_/Cave2019/RockTest/SM_LCave_P_Wall07_03.fbx\"", \""Timestamp\"" : \""1574353648\"", \""FileMD5\"" : \""4df9b50a3644c89c58aa07c90cd62178\"" }]""}"
/Game/LuosCaves/Meshes/Rock_Walls/Walls_03/SM_LCave_P_Wall08_03,"{""AssetImportData"": ""[{ \""RelativeFilename\"" : \""G:/_Work_/Cave2019/RockTest/SM_LCave_P_Wall08_03.fbx\"", \""Timestamp\"" : \""1574353649\"", \""FileMD5\"" : \""3b201d671eeaec2bb2329ce648df4ec1\"" }]""}"
/Game/LuosCaves/Meshes/Rock_Walls/Walls_03/SM_LCave_P_Wall09_03,"{""AssetImportData"": ""[{ \""RelativeFilename\"" : \""G:/_Work_/Cave2019/RockTest/SM_LCave_P_Wall09_03.fbx\"", \""Timestamp\"" : \""1574353650\"", \""FileMD5\"" : \""b14f9927f56b375f400e8b76ee3898a4\"" }]""}"
/Game/LuosCaves/Meshes/Rock_Walls/Walls_03/SM_LCave_P_Wall10_03,"{""AssetImportData"": ""[{ \""RelativeFilename\"" : \""G:/_Work_/Cave2019/RockTest/SM_LCave_P_Wall10_03.fbx\"", \""Timestamp\"" : \""1574353655\"", \""FileMD5\"" : \""28bcd04ddbe0381f3a42f6c6562e4749\"" }]""}"
/Game/LuosCaves/Meshes/Rock_Walls/Walls_03/SM_LCave_P_Wall11_03,"{""AssetImportData"": ""[{ \""RelativeFilename\"" : \""G:/_Work_/Cave2019/RockTest/SM_LCave_P_Wall11_03.fbx\"", \""Timestamp\"" : \""1574353656\"", \""FileMD5\"" : \""162533120d19d0570ef640428ddad2bf\"" }]""}"
/Game/LuosCaves/Meshes/Rock_Walls/Walls_03/SM_LCave_P_Wall12_03,"{""AssetImportData"": ""[{ \""RelativeFilename\"" : \""G:/_Work_/Cave2019/RockTest/SM_LCave_P_Wall12_03.fbx\"", \""Timestamp\"" : \""1574353651\"", \""FileMD5\"" : \""1ff675a9886990e9a4d468a4b94ff7dc\"" }]""}"
/Game/LuosCaves/Meshes/Rock_Walls/Walls_03/SM_LCave_P_Wall13_03,"{""AssetImportData"": ""[{ \""RelativeFilename\"" : \""G:/_Work_/Cave2019/RockTest/SM_LCave_P_Wall13_03.fbx\"", \""Timestamp\"" : \""1574353653\"", \""FileMD5\"" : \""39c496ea0a8ce23cde41f440244702f6\"" }]""}"
/Game/LuosCaves/Meshes/Rock_Walls/Walls_03/SM_LCave_P_Wall14_03,"{""AssetImportData"": ""[{ \""RelativeFilename\"" : \""G:/_Work_/Cave2019/RockTest/SM_LCave_P_Wall14_03.fbx\"", \""Timestamp\"" : \""1574353657\"", \""FileMD5\"" : \""245e55b740f0eb8a5b8858accff61544\"" }]""}"
/Game/LuosCaves/Meshes/Rock_Walls/Walls_03/SM_LCave_P_Wall15_03,"{""AssetImportData"": ""[{ \""RelativeFilename\"" : \""G:/_Work_/Cave2019/RockTest/SM_LCave_P_Wall15_03.fbx\"", \""Timestamp\"" : \""1574353658\"", \""FileMD5\"" : \""d2b8db2efff023e616315a7d0493949e\"" }]""}"
/Game/LuosCaves/Meshes/Rock_Walls/Walls_03/SM_LCave_P_Wall16_03,"{""AssetImportData"": ""[{ \""RelativeFilename\"" : \""G:/_Work_/Cave2019/RockTest/SM_LCave_P_Wall16_03.fbx\"", \""Timestamp\"" : \""1574353661\"", \""FileMD5\"" : \""def49c64d8542209b023bd77b20d0c0b\"" }]""}"
/Game/LuosCaves/Meshes/Rock_Walls/Walls_03/SM_LCave_P_Wall17_03,"{""AssetImportData"": ""[{ \""RelativeFilename\"" : \""G:/_Work_/Cave2019/RockTest/SM_LCave_P_Wall17_03.fbx\"", \""Timestamp\"" : \""1574353660\"", \""FileMD5\"" : \""88212fbdd8e578cc1d4f216a59bedafd\"" }]""}"
/Game/LuosCaves/Meshes/Rock_Walls/Walls_04/SM_LCave_P_Wall01_04,"{""AssetImportData"": ""[{ \""RelativeFilename\"" : \""G:/_Work_/Cave2019/RockTest/SM_LCave_P_Wall01_04.fbx\"", \""Timestamp\"" : \""1574353717\"", \""FileMD5\"" : \""2323f10a564ed860fca9ad8240475826\"" }]""}"
/Game/LuosCaves/Meshes/Rock_Walls/Walls_04/SM_LCave_P_Wall02_04,"{""AssetImportData"": ""[{ \""RelativeFilename\"" : \""G:/_Work_/Cave2019/RockTest/SM_LCave_P_Wall02_04.fbx\"", \""Timestamp\"" : \""1574353720\"", \""FileMD5\"" : \""0f2ec55cec0ac1b589cd28f3b2356493\"" }]""}"
/Game/LuosCaves/Meshes/Rock_Walls/Walls_04/SM_LCave_P_Wall03_04,"{""AssetImportData"": ""[{ \""RelativeFilename\"" : \""G:/_Work_/Cave2019/RockTest/SM_LCave_P_Wall03_04.fbx\"", \""Timestamp\"" : \""1574353721\"", \""FileMD5\"" : \""df509a42dce3b6e5ffb22dbe9589ded0\"" }]""}"
/Game/LuosCaves/Meshes/Rock_Walls/Walls_04/SM_LCave_P_Wall04_04,"{""AssetImportData"": ""[{ \""RelativeFilename\"" : \""G:/_Work_/Cave2019/RockTest/SM_LCave_P_Wall04_04.fbx\"", \""Timestamp\"" : \""1574353724\"", \""FileMD5\"" : \""f7be6d26d32cbfdcd06cb1e905b26394\"" }]""}"
/Game/LuosCaves/Meshes/Rock_Walls/Walls_04/SM_LCave_P_Wall05_04,"{""AssetImportData"": ""[{ \""RelativeFilename\"" : \""G:/_Work_/Cave2019/RockTest/SM_LCave_P_Wall05_04.fbx\"", \""Timestamp\"" : \""1574353736\"", \""FileMD5\"" : \""4d71b746681dc14ab90a8928af09eadb\"" }]""}"
/Game/LuosCaves/Meshes/Rock_Walls/Walls_04/SM_LCave_P_Wall06_04,"{""AssetImportData"": ""[{ \""RelativeFilename\"" : \""G:/_Work_/Cave2019/RockTest/SM_LCave_P_Wall06_04.fbx\"", \""Timestamp\"" : \""1574353722\"", \""FileMD5\"" : \""322f0ab1c32eab3e29c6c018c32c9033\"" }]""}"
/Game/LuosCaves/Meshes/Rock_Walls/Walls_04/SM_LCave_P_Wall07_04,"{""AssetImportData"": ""[{ \""RelativeFilename\"" : \""G:/_Work_/Cave2019/RockTest/SM_LCave_P_Wall07_04.fbx\"", \""Timestamp\"" : \""1574353725\"", \""FileMD5\"" : \""9ce307a5e0dcc7385beef88cfddc2e33\"" }]""}"
/Game/LuosCaves/Meshes/Rock_Walls/Walls_04/SM_LCave_P_Wall08_04,"{""AssetImportData"": ""[{ \""RelativeFilename\"" : \""G:/_Work_/Cave2019/RockTest/SM_LCave_P_Wall08_04.fbx\"", \""Timestamp\"" : \""1574353727\"", \""FileMD5\"" : \""08b3186a73333155088f52607f22c8a1\"" }]""}"
/Game/LuosCaves/Meshes/Rock_Walls/Walls_04/SM_LCave_P_Wall09_04,"{""AssetImportData"": ""[{ \""RelativeFilename\"" : \""G:/_Work_/Cave2019/RockTest/SM_LCave_P_Wall09_04.fbx\"", \""Timestamp\"" : \""1574353729\"", \""FileMD5\"" : \""6974c90e2f8acd996997106e8732ab77\"" }]""}"
/Game/LuosCaves/Meshes/Rock_Walls/Walls_04/SM_LCave_P_Wall10_04,"{""AssetImportData"": ""[{ \""RelativeFilename\"" : \""G:/_Work_/Cave2019/RockTest/SM_LCave_P_Wall10_04.fbx\"", \""Timestamp\"" : \""1574353738\"", \""FileMD5\"" : \""330a8f93b7c4ea277f253d4f67555386\"" }]""}"
/Game/LuosCaves/Meshes/Rock_Walls/Walls_04/SM_LCave_P_Wall11_04,"{""AssetImportData"": ""[{ \""RelativeFilename\"" : \""G:/_Work_/Cave2019/RockTest/SM_LCave_P_Wall11_04.fbx\"", \""Timestamp\"" : \""1574353741\"", \""FileMD5\"" : \""f00058997361ee16b3fe7ce07775fc7e\"" }]""}"
/Game/LuosCaves/Meshes/Rock_Walls/Walls_04/SM_LCave_P_Wall12_04,"{""AssetImportData"": ""[{ \""RelativeFilename\"" : \""G:/_Work_/Cave2019/RockTest/SM_LCave_P_Wall12_04.fbx\"", \""Timestamp\"" : \""1574353731\"", \""FileMD5\"" : \""2b4f7fe1beecb6035ea292300560a555\"" }]""}"
/Game/LuosCaves/Meshes/Rock_Walls/Walls_04/SM_LCave_P_Wall13_04,"{""AssetImportData"": ""[{ \""RelativeFilename\"" : \""G:/_Work_/Cave2019/RockTest/SM_LCave_P_Wall13_04.fbx\"", \""Timestamp\"" : \""1574353734\"", \""FileMD5\"" : \""a1d6304cb92392bf3bd7308c4b55d435\"" }]""}"
/Game/LuosCaves/Meshes/Rock_Walls/Walls_04/SM_LCave_P_Wall14_04,"{""AssetImportData"": ""[{ \""RelativeFilename\"" : \""G:/_Work_/Cave2019/RockTest/SM_LCave_P_Wall14_04.fbx\"", \""Timestamp\"" : \""1574353743\"", \""FileMD5\"" : \""8c81eee85efe6e905c0fe46863d95631\"" }]""}"
/Game/LuosCaves/Meshes/Rock_Walls/Walls_04/SM_LCave_P_Wall15_04,"{""AssetImportData"": ""[{ \""RelativeFilename\"" : \""G:/_Work_/Cave2019/RockTest/SM_LCave_P_Wall15_04.fbx\"", \""Timestamp\"" : \""1574353745\"", \""FileMD5\"" : \""1eaa0b7f7ae23c4166abbad8e61b9926\"" }]""}"
/Game/LuosCaves/Meshes/Rock_Walls/Walls_04/SM_LCave_P_Wall16_04,"{""AssetImportData"": ""[{ \""RelativeFilename\"" : \""G:/_Work_/Cave2019/RockTest/SM_LCave_P_Wall16_04.fbx\"", \""Timestamp\"" : \""1574353746\"", \""FileMD5\"" : \""3ae925e95c291785fdd6de3da35dab8a\"" }]""}"
/Game/LuosCaves/Meshes/Rock_Walls/Walls_04/SM_LCave_P_Wall17_04,"{""AssetImportData"": ""[{ \""RelativeFilename\"" : \""G:/_Work_/Cave2019/RockTest/SM_LCave_P_Wall17_04.fbx\"", \""Timestamp\"" : \""1574353748\"", \""FileMD5\"" : \""f008799b2d634b0c0b5f2c46991ff6b1\"" }]""}"
/Game/LuosCaves/Meshes/Rock_Walls/Walls_05/SM_LCave_P_Wall01_05,"{""AssetImportData"": ""[{ \""RelativeFilename\"" : \""G:/_Work_/Cave2019/RockTest/SM_LCave_P_Wall01_05.fbx\"", \""Timestamp\"" : \""1574353972\"", \""FileMD5\"" : \""c171f9a0c6ed2a60e3b6dc1aadd068b8\"" }]""}"
/Game/LuosCaves/Meshes/Rock_Walls/Walls_05/SM_LCave_P_Wall02_05,"{""AssetImportData"": ""[{ \""RelativeFilename\"" : \""G:/_Work_/Cave2019/RockTest/SM_LCave_P_Wall02_05.fbx\"", \""Timestamp\"" : \""1574353968\"", \""FileMD5\"" : \""bf0434cca2fb535c3b6a74a72e68517c\"" }]""}"
/Game/LuosCaves/Meshes/Rock_Walls/Walls_05/SM_LCave_P_Wall03_05,"{""AssetImportData"": ""[{ \""RelativeFilename\"" : \""G:/_Work_/Cave2019/RockTest/SM_LCave_P_Wall03_05.fbx\"", \""Timestamp\"" : \""1574353967\"", \""FileMD5\"" : \""e0a760c9a6bef447fc21bca7671e6968\"" }]""}"
/Game/LuosCaves/Meshes/Rock_Walls/Walls_05/SM_LCave_P_Wall04_05,"{""AssetImportData"": ""[{ \""RelativeFilename\"" : \""G:/_Work_/Cave2019/RockTest/SM_LCave_P_Wall04_05.fbx\"", \""Timestamp\"" : \""1574353964\"", \""FileMD5\"" : \""e4cf045665e3e9998d2eeab5193e9f2c\"" }]""}"
/Game/LuosCaves/Meshes/Rock_Walls/Walls_05/SM_LCave_P_Wall05_05,"{""AssetImportData"": ""[{ \""RelativeFilename\"" : \""G:/_Work_/Cave2019/RockTest/SM_LCave_P_Wall05_05.fbx\"", \""Timestamp\"" : \""1574353965\"", \""FileMD5\"" : \""6686c4f232b5519a69197731ed3916d7\"" }]""}"
/Game/LuosCaves/Meshes/Rock_Walls/Walls_05/SM_LCave_P_Wall06_05,"{""AssetImportData"": ""[{ \""RelativeFilename\"" : \""G:/_Work_/Cave2019/RockTest/SM_LCave_P_Wall06_05.fbx\"", \""Timestamp\"" : \""1574353956\"", \""FileMD5\"" : \""828613f404347d772f687da7fff2dac3\"" }]""}"
/Game/LuosCaves/Meshes/Rock_Walls/Walls_05/SM_LCave_P_Wall07_05,"{""AssetImportData"": ""[{ \""RelativeFilename\"" : \""G:/_Work_/Cave2019/RockTest/SM_LCave_P_Wall07_05.fbx\"", \""Timestamp\"" : \""1574353962\"", \""FileMD5\"" : \""d607e880524c5489fed78934636996c9\"" }]""}"
/Game/LuosCaves/Meshes/Rock_Walls/Walls_05/SM_LCave_P_Wall08_05,"{""AssetImportData"": ""[{ \""RelativeFilename\"" : \""G:/_Work_/Cave2019/RockTest/SM_LCave_P_Wall08_05.fbx\"", \""Timestamp\"" : \""1574353961\"", \""FileMD5\"" : \""2bef80b9d320a2beaa9da554792bd43d\"" }]""}"
/Game/LuosCaves/Meshes/Rock_Walls/Walls_05/SM_LCave_P_Wall09_05,"{""AssetImportData"": ""[{ \""RelativeFilename\"" : \""G:/_Work_/Cave2019/RockTest/SM_LCave_P_Wall09_05.fbx\"", \""Timestamp\"" : \""1574353960\"", \""FileMD5\"" : \""240d4a4b5a76c22c74145fe289decdb4\"" }]""}"
/Game/LuosCaves/Meshes/Rock_Walls/Walls_05/SM_LCave_P_Wall10_05,"{""AssetImportData"": ""[{ \""RelativeFilename\"" : \""G:/_Work_/Cave2019/RockTest/SM_LCave_P_Wall10_05.fbx\"", \""Timestamp\"" : \""1574353955\"", \""FileMD5\"" : \""e7dbab23ea25019da8cd1d1deddf0d6e\"" }]""}"
/Game/LuosCaves/Meshes/Rock_Walls/Walls_05/SM_LCave_P_Wall11_05,"{""AssetImportData"": ""[{ \""RelativeFilename\"" : \""G:/_Work_/Cave2019/RockTest/SM_LCave_P_Wall11_05.fbx\"", \""Timestamp\"" : \""1574353954\"", \""FileMD5\"" : \""f37058689ed3c85129ffb0dd08f3057e\"" }]""}"
/Game/LuosCaves/Meshes/Rock_Walls/Walls_05/SM_LCave_P_Wall12_05,"{""AssetImportData"": ""[{ \""RelativeFilename\"" : \""G:/_Work_/Cave2019/RockTest/SM_LCave_P_Wall12_05.fbx\"", \""Timestamp\"" : \""1574353951\"", \""FileMD5\"" : \""0bc27497d04bf5e78c54220550eaa24b\"" }]""}"
/Game/LuosCaves/Meshes/Rock_Walls/Walls_05/SM_LCave_P_Wall13_05,"{""AssetImportData"": ""[{ \""RelativeFilename\"" : \""G:/_Work_/Cave2019/RockTest/SM_LCave_P_Wall13_05.fbx\"", \""Timestamp\"" : \""1574353957\"", \""FileMD5\"" : \""e4ccc6fdf4f69b8a507debdb9415b583\"" }]""}"
/Game/LuosCaves/Meshes/Rock_Walls/Walls_05/SM_LCave_P_Wall14_05,"{""AssetImportData"": ""[{ \""RelativeFilename\"" : \""G:/_Work_/Cave2019/RockTest/SM_LCave_P_Wall14_05.fbx\"", \""Timestamp\"" : \""1574353969\"", \""FileMD5\"" : \""b2f5f4f53179f982e47e68b5d48b47be\"" }]""}"
/Game/LuosCaves/Meshes/Rock_Walls/Walls_05/SM_LCave_P_Wall15_05,"{""AssetImportData"": ""[{ \""RelativeFilename\"" : \""G:/_Work_/Cave2019/RockTest/SM_LCave_P_Wall15_05.fbx\"", \""Timestamp\"" : \""1574353971\"", \""FileMD5\"" : \""6540cf9d993454814621de298c979303\"" }]""}"
/Game/LuosCaves/Meshes/Rock_Walls/Walls_05/SM_LCave_P_Wall16_05,"{""AssetImportData"": ""[{ \""RelativeFilename\"" : \""G:/_Work_/Cave2019/RockTest/SM_LCave_P_Wall16_05.fbx\"", \""Timestamp\"" : \""1574353959\"", \""FileMD5\"" : \""ee23054c21b6a55f4edc5ad03c4de377\"" }]""}"
/Game/LuosCaves/Meshes/Rock_Walls/Walls_05/SM_LCave_P_Wall17_05,"{""AssetImportData"": ""[{ \""RelativeFilename\"" : \""G:/_Work_/Cave2019/RockTest/SM_LCave_P_Wall17_05.fbx\"", \""Timestamp\"" : \""1574353973\"", \""FileMD5\"" : \""b5208c980bd1c2cb9854d276dee90716\"" }]""}"
/Game/LuosCaves/Meshes/Rock_Walls/Walls_06/SM_LCave_P_Wall01_06,"{""AssetImportData"": ""[{ \""RelativeFilename\"" : \""G:/_Work_/Cave2019/RockTest/SM_LCave_P_Wall01_06.fbx\"", \""Timestamp\"" : \""1574354069\"", \""FileMD5\"" : \""a80ad14c56c6f8d1f7d9eb6cca818aab\"" }]""}"
/Game/LuosCaves/Meshes/Rock_Walls/Walls_06/SM_LCave_P_Wall02_06,"{""AssetImportData"": ""[{ \""RelativeFilename\"" : \""G:/_Work_/Cave2019/RockTest/SM_LCave_P_Wall02_06.fbx\"", \""Timestamp\"" : \""1574354058\"", \""FileMD5\"" : \""4a025ae59ed2aa28a61f933f9dfbcde4\"" }]""}"
/Game/LuosCaves/Meshes/Rock_Walls/Walls_06/SM_LCave_P_Wall03_06,"{""AssetImportData"": ""[{ \""RelativeFilename\"" : \""G:/_Work_/Cave2019/RockTest/SM_LCave_P_Wall03_06.fbx\"", \""Timestamp\"" : \""1574354057\"", \""FileMD5\"" : \""69289e3dfeea7380d858fd535fe17565\"" }]""}"
/Game/LuosCaves/Meshes/Rock_Walls/Walls_06/SM_LCave_P_Wall04_06,"{""AssetImportData"": ""[{ \""RelativeFilename\"" : \""G:/_Work_/Cave2019/RockTest/SM_LCave_P_Wall04_06.fbx\"", \""Timestamp\"" : \""1574354055\"", \""FileMD5\"" : \""812c4ba3f4b4b97827a05a722c32516f\"" }]""}"
/Game/LuosCaves/Meshes/Rock_Walls/Walls_06/SM_LCave_P_Wall05_06,"{""AssetImportData"": ""[{ \""RelativeFilename\"" : \""G:/_Work_/Cave2019/RockTest/SM_LCave_P_Wall05_06.fbx\"", \""Timestamp\"" : \""1574354063\"", \""FileMD5\"" : \""d1e72748b593ad2954d1f0346c26f3ca\"" }]""}"
/Game/LuosCaves/Meshes/Rock_Walls/Walls_06/SM_LCave_P_Wall06_06,"{""AssetImportData"": ""[{ \""RelativeFilename\"" : \""G:/_Work_/Cave2019/RockTest/SM_LCave_P_Wall06_06.fbx\"", \""Timestamp\"" : \""1574354052\"", \""FileMD5\"" : \""7a6ba989d5f3675827e31b86a75d5ceb\"" }]""}"
/Game/LuosCaves/Meshes/Rock_Walls/Walls_06/SM_LCave_P_Wall07_06,"{""AssetImportData"": ""[{ \""RelativeFilename\"" : \""G:/_Work_/Cave2019/RockTest/SM_LCave_P_Wall07_06.fbx\"", \""Timestamp\"" : \""1574354056\"", \""FileMD5\"" : \""52456abeeae725af190778779729bea6\"" }]""}"
/Game/LuosCaves/Meshes/Rock_Walls/Walls_06/SM_LCave_P_Wall08_06,"{""AssetImportData"": ""[{ \""RelativeFilename\"" : \""G:/_Work_/Cave2019/RockTest/SM_LCave_P_Wall08_06.fbx\"", \""Timestamp\"" : \""1574354050\"", \""FileMD5\"" : \""12f550cff371e9a414fb0548e1860dd4\"" }]""}"
/Game/LuosCaves/Meshes/Rock_Walls/Walls_06/SM_LCave_P_Wall09_06,"{""AssetImportData"": ""[{ \""RelativeFilename\"" : \""G:/_Work_/Cave2019/RockTest/SM_LCave_P_Wall09_06.fbx\"", \""Timestamp\"" : \""1574354059\"", \""FileMD5\"" : \""2e3f7b12da0aef4a160c2ca9057152d5\"" }]""}"
/Game/LuosCaves/Meshes/Rock_Walls/Walls_06/SM_LCave_P_Wall10_06,"{""AssetImportData"": ""[{ \""RelativeFilename\"" : \""G:/_Work_/Cave2019/RockTest/SM_LCave_P_Wall10_06.fbx\"", \""Timestamp\"" : \""1574354064\"", \""FileMD5\"" : \""ad8eaa4900021215ba798db147d438a4\"" }]""}"
/Game/LuosCaves/Meshes/Rock_Walls/Walls_06/SM_LCave_P_Wall11_06,"{""AssetImportData"": ""[{ \""RelativeFilename\"" : \""G:/_Work_/Cave2019/RockTest/SM_LCave_P_Wall11_06.fbx\"", \""Timestamp\"" : \""1574354065\"", \""FileMD5\"" : \""2bbe9c1483089f2127100c238963ce5d\"" }]""}"
/Game/LuosCaves/Meshes/Rock_Walls/Walls_06/SM_LCave_P_Wall12_06,"{""AssetImportData"": ""[{ \""RelativeFilename\"" : \""G:/_Work_/Cave2019/RockTest/SM_LCave_P_Wall12_06.fbx\"", \""Timestamp\"" : \""1574354060\"", \""FileMD5\"" : \""ff9a5e00371fcfe498ce52a7ff4716e2\"" }]""}"
/Game/LuosCaves/Meshes/Rock_Walls/Walls_06/SM_LCave_P_Wall13_06,"{""AssetImportData"": ""[{ \""RelativeFilename\"" : \""G:/_Work_/Cave2019/RockTest/SM_LCave_P_Wall13_06.fbx\"", \""Timestamp\"" : \""1574354062\"", \""FileMD5\"" : \""043f1be3144a030ec7610d3351e742dd\"" }]""}"
/Game/LuosCaves/Meshes/Rock_Walls/Walls_06/SM_LCave_P_Wall14_06,"{""AssetImportData"": ""[{ \""RelativeFilename\"" : \""G:/_Work_/Cave2019/RockTest/SM_LCave_P_Wall14_06.fbx\"", \""Timestamp\"" : \""1574354066\"", \""FileMD5\"" : \""c45c3acbbeb2c6b40a9600cafa01285b\"" }]""}"
/Game/LuosCaves/Meshes/Rock_Walls/Walls_06/SM_LCave_P_Wall15_06,"{""AssetImportData"": ""[{ \""RelativeFilename\"" : \""G:/_Work_/Cave2019/RockTest/SM_LCave_P_Wall15_06.fbx\"", \""Timestamp\"" : \""1574354067\"", \""FileMD5\"" : \""b5188a7902fa6c1a853ce83aa08745e6\"" }]""}"
/Game/LuosCaves/Meshes/Rock_Walls/Walls_06/SM_LCave_P_Wall16_06,"{""AssetImportData"": ""[{ \""RelativeFilename\"" : \""G:/_Work_/Cave2019/RockTest/SM_LCave_P_Wall16_06.fbx\"", \""Timestamp\"" : \""1574354053\"", \""FileMD5\"" : \""63161dbcae4b2427e00f04bb22c6439c\"" }]""}"
/Game/LuosCaves/Meshes/Rock_Walls/Walls_06/SM_LCave_P_Wall17_06,"{""AssetImportData"": ""[{ \""RelativeFilename\"" : \""G:/_Work_/Cave2019/RockTest/SM_LCave_P_Wall17_06.fbx\"", \""Timestamp\"" : \""1574354070\"", \""FileMD5\"" : \""e0e7596da80e43ee96b89613faccf81b\"" }]""}"
/Game/LuosCaves/Meshes/Rock_Walls/Walls_07/SM_LCave_P_Wall01_07,"{""AssetImportData"": ""[{ \""RelativeFilename\"" : \""G:/_Work_/Cave2019/RockTest/SM_LCave_P_Wall01_07.fbx\"", \""Timestamp\"" : \""1574354159\"", \""FileMD5\"" : \""eeb7b849a213cc13342d114c7c3c0b67\"" }]""}"
/Game/LuosCaves/Meshes/Rock_Walls/Walls_07/SM_LCave_P_Wall02_07,"{""AssetImportData"": ""[{ \""RelativeFilename\"" : \""G:/_Work_/Cave2019/RockTest/SM_LCave_P_Wall02_07.fbx\"", \""Timestamp\"" : \""1574354154\"", \""FileMD5\"" : \""30e31019396fcc51ef3e92a14c363605\"" }]""}"
/Game/LuosCaves/Meshes/Rock_Walls/Walls_07/SM_LCave_P_Wall03_07,"{""AssetImportData"": ""[{ \""RelativeFilename\"" : \""G:/_Work_/Cave2019/RockTest/SM_LCave_P_Wall03_07.fbx\"", \""Timestamp\"" : \""1574354157\"", \""FileMD5\"" : \""93364e31b674c5804a12aa9951b9bb4e\"" }]""}"
/Game/LuosCaves/Meshes/Rock_Walls/Walls_07/SM_LCave_P_Wall04_07,"{""AssetImportData"": ""[{ \""RelativeFilename\"" : \""G:/_Work_/Cave2019/RockTest/SM_LCave_P_Wall04_07.fbx\"", \""Timestamp\"" : \""1574354158\"", \""FileMD5\"" : \""067e7fa9289866193d606557b08f01e6\"" }]""}"
/Game/LuosCaves/Meshes/Rock_Walls/Walls_07/SM_LCave_P_Wall05_07,"{""AssetImportData"": ""[{ \""RelativeFilename\"" : \""G:/_Work_/Cave2019/RockTest/SM_LCave_P_Wall05_07.fbx\"", \""Timestamp\"" : \""1574354167\"", \""FileMD5\"" : \""34cb30fca21606a3bc77f98a88b0597a\"" }]""}"
/Game/LuosCaves/Meshes/Rock_Walls/Walls_07/SM_LCave_P_Wall06_07,"{""AssetImportData"": ""[{ \""RelativeFilename\"" : \""G:/_Work_/Cave2019/RockTest/SM_LCave_P_Wall06_07.fbx\"", \""Timestamp\"" : \""1574354160\"", \""FileMD5\"" : \""fa17d0827bd277283ff878d9f8328094\"" }]""}"
/Game/LuosCaves/Meshes/Rock_Walls/Walls_07/SM_LCave_P_Wall07_07,"{""AssetImportData"": ""[{ \""RelativeFilename\"" : \""G:/_Work_/Cave2019/RockTest/SM_LCave_P_Wall07_07.fbx\"", \""Timestamp\"" : \""1574354161\"", \""FileMD5\"" : \""e6a7b7180a4725cca04f4187bb11cf88\"" }]""}"
/Game/LuosCaves/Meshes/Rock_Walls/Walls_07/SM_LCave_P_Wall08_07,"{""AssetImportData"": ""[{ \""RelativeFilename\"" : \""G:/_Work_/Cave2019/RockTest/SM_LCave_P_Wall08_07.fbx\"", \""Timestamp\"" : \""1574354163\"", \""FileMD5\"" : \""81d49813c806377d78adc475ffca44bd\"" }]""}"
/Game/LuosCaves/Meshes/Rock_Walls/Walls_07/SM_LCave_P_Wall09_07,"{""AssetImportData"": ""[{ \""RelativeFilename\"" : \""G:/_Work_/Cave2019/RockTest/SM_LCave_P_Wall09_07.fbx\"", \""Timestamp\"" : \""1574354164\"", \""FileMD5\"" : \""0e7f9dacdd741274b27ac6f74807f128\"" }]""}"
/Game/LuosCaves/Meshes/Rock_Walls/Walls_07/SM_LCave_P_Wall10_07,"{""AssetImportData"": ""[{ \""RelativeFilename\"" : \""G:/_Work_/Cave2019/RockTest/SM_LCave_P_Wall10_07.fbx\"", \""Timestamp\"" : \""1574354168\"", \""FileMD5\"" : \""e8a66b9b2a2d28e730ae40935c9b43c2\"" }]""}"
/Game/LuosCaves/Meshes/Rock_Walls/Walls_07/SM_LCave_P_Wall11_07,"{""AssetImportData"": ""[{ \""RelativeFilename\"" : \""G:/_Work_/Cave2019/RockTest/SM_LCave_P_Wall11_07.fbx\"", \""Timestamp\"" : \""1574354169\"", \""FileMD5\"" : \""db209213f69337a4c83cc80e6ef55f06\"" }]""}"
/Game/LuosCaves/Meshes/Rock_Walls/Walls_07/SM_LCave_P_Wall12_07,"{""AssetImportData"": ""[{ \""RelativeFilename\"" : \""G:/_Work_/Cave2019/RockTest/SM_LCave_P_Wall12_07.fbx\"", \""Timestamp\"" : \""1574354165\"", \""FileMD5\"" : \""db28805884352d2f4855461a4e51947c\"" }]""}"
/Game/LuosCaves/Meshes/Rock_Walls/Walls_07/SM_LCave_P_Wall13_07,"{""AssetImportData"": ""[{ \""RelativeFilename\"" : \""G:/_Work_/Cave2019/RockTest/SM_LCave_P_Wall13_07.fbx\"", \""Timestamp\"" : \""1574354166\"", \""FileMD5\"" : \""683e8d43f1905d286db39e79a7e02e44\"" }]""}"
/Game/LuosCaves/Meshes/Rock_Walls/Walls_07/SM_LCave_P_Wall14_07,"{""AssetImportData"": ""[{ \""RelativeFilename\"" : \""G:/_Work_/Cave2019/RockTest/SM_LCave_P_Wall14_07.fbx\"", \""Timestamp\"" : \""1574354171\"", \""FileMD5\"" : \""1ab63a812be50f41aee71b8c99520130\"" }]""}"
/Game/LuosCaves/Meshes/Rock_Walls/Walls_07/SM_LCave_P_Wall15_07,"{""AssetImportData"": ""[{ \""RelativeFilename\"" : \""G:/_Work_/Cave2019/RockTest/SM_LCave_P_Wall15_07.fbx\"", \""Timestamp\"" : \""1574354172\"", \""FileMD5\"" : \""30a3277423005566b112c4c269ee5e9e\"" }]""}"
/Game/LuosCaves/Meshes/Rock_Walls/Walls_07/SM_LCave_P_Wall16_07,"{""AssetImportData"": ""[{ \""RelativeFilename\"" : \""G:/_Work_/Cave2019/RockTest/SM_LCave_P_Wall16_07.fbx\"", \""Timestamp\"" : \""1574354173\"", \""FileMD5\"" : \""67e963a06f617ec01c9a885e03f25ac5\"" }]""}"
/Game/LuosCaves/Meshes/Rock_Walls/Walls_07/SM_LCave_P_Wall17_07,"{""AssetImportData"": ""[{ \""RelativeFilename\"" : \""G:/_Work_/Cave2019/RockTest/SM_LCave_P_Wall17_07.fbx\"", \""Timestamp\"" : \""1574354174\"", \""FileMD5\"" : \""a2d99e0b05a624d5befff3e75d812c06\"" }]""}"
/Game/LuosCaves/Meshes/Rock_Walls/Walls_08/SM_LCave_P_Wall01_08,"{""AssetImportData"": ""[{ \""RelativeFilename\"" : \""G:/_Work_/Cave2019/RockTest/SM_LCave_P_Wall01_08.fbx\"", \""Timestamp\"" : \""1574354319\"", \""FileMD5\"" : \""41476275394f19f410d13187e7ef1ff7\"" }]""}"
/Game/LuosCaves/Meshes/Rock_Walls/Walls_08/SM_LCave_P_Wall02_08,"{""AssetImportData"": ""[{ \""RelativeFilename\"" : \""G:/_Work_/Cave2019/RockTest/SM_LCave_P_Wall02_08.fbx\"", \""Timestamp\"" : \""1574354346\"", \""FileMD5\"" : \""9e929d7b308624d4a3b477edf8be3be6\"" }]""}"
/Game/LuosCaves/Meshes/Rock_Walls/Walls_08/SM_LCave_P_Wall03_08,"{""AssetImportData"": ""[{ \""RelativeFilename\"" : \""G:/_Work_/Cave2019/RockTest/SM_LCave_P_Wall03_08.fbx\"", \""Timestamp\"" : \""1574354348\"", \""FileMD5\"" : \""7ea3ddf44f62b533f816020bb2f5a278\"" }]""}"
/Game/LuosCaves/Meshes/Rock_Walls/Walls_08/SM_LCave_P_Wall04_08,"{""AssetImportData"": ""[{ \""RelativeFilename\"" : \""G:/_Work_/Cave2019/RockTest/SM_LCave_P_Wall04_08.fbx\"", \""Timestamp\"" : \""1574354350\"", \""FileMD5\"" : \""3c2b43dfa4c2716a5cc22735a55d722e\"" }]""}"
/Game/LuosCaves/Meshes/Rock_Walls/Walls_08/SM_LCave_P_Wall05_08,"{""AssetImportData"": ""[{ \""RelativeFilename\"" : \""G:/_Work_/Cave2019/RockTest/SM_LCave_P_Wall05_08.fbx\"", \""Timestamp\"" : \""1574354358\"", \""FileMD5\"" : \""1691996646547e3e7f799bb0bc782eec\"" }]""}"
/Game/LuosCaves/Meshes/Rock_Walls/Walls_08/SM_LCave_P_Wall06_08,"{""AssetImportData"": ""[{ \""RelativeFilename\"" : \""G:/_Work_/Cave2019/RockTest/SM_LCave_P_Wall06_08.fbx\"", \""Timestamp\"" : \""1574354349\"", \""FileMD5\"" : \""c6056813a16d069a350b6cbef83b77f5\"" }]""}"
/Game/LuosCaves/Meshes/Rock_Walls/Walls_08/SM_LCave_P_Wall07_08,"{""AssetImportData"": ""[{ \""RelativeFilename\"" : \""G:/_Work_/Cave2019/RockTest/SM_LCave_P_Wall07_08.fbx\"", \""Timestamp\"" : \""1574354352\"", \""FileMD5\"" : \""d1b7003c3e3614960ff43e7c083d5c57\"" }]""}"
/Game/LuosCaves/Meshes/Rock_Walls/Walls_08/SM_LCave_P_Wall08_08,"{""AssetImportData"": ""[{ \""RelativeFilename\"" : \""G:/_Work_/Cave2019/RockTest/SM_LCave_P_Wall08_08.fbx\"", \""Timestamp\"" : \""1574354353\"", \""FileMD5\"" : \""dab5799aa19f3133442bb8e3081ce601\"" }]""}"
/Game/LuosCaves/Meshes/Rock_Walls/Walls_08/SM_LCave_P_Wall09_08,"{""AssetImportData"": ""[{ \""RelativeFilename\"" : \""G:/_Work_/Cave2019/RockTest/SM_LCave_P_Wall09_08.fbx\"", \""Timestamp\"" : \""1574354355\"", \""FileMD5\"" : \""b055392f682b1bf7d2ed38c775a116b4\"" }]""}"
/Game/LuosCaves/Meshes/Rock_Walls/Walls_08/SM_LCave_P_Wall10_08,"{""AssetImportData"": ""[{ \""RelativeFilename\"" : \""G:/_Work_/Cave2019/RockTest/SM_LCave_P_Wall10_08.fbx\"", \""Timestamp\"" : \""1574354360\"", \""FileMD5\"" : \""7620c02eb953288f18beb3599f4d4987\"" }]""}"
/Game/LuosCaves/Meshes/Rock_Walls/Walls_08/SM_LCave_P_Wall11_08,"{""AssetImportData"": ""[{ \""RelativeFilename\"" : \""G:/_Work_/Cave2019/RockTest/SM_LCave_P_Wall11_08.fbx\"", \""Timestamp\"" : \""1574354361\"", \""FileMD5\"" : \""7ffb905efd339127ddccdeee5ee3c2c3\"" }]""}"
/Game/LuosCaves/Meshes/Rock_Walls/Walls_08/SM_LCave_P_Wall12_08,"{""AssetImportData"": ""[{ \""RelativeFilename\"" : \""G:/_Work_/Cave2019/RockTest/SM_LCave_P_Wall12_08.fbx\"", \""Timestamp\"" : \""1574354356\"", \""FileMD5\"" : \""681b00cf713487717842dce0727ed024\"" }]""}"
/Game/LuosCaves/Meshes/Rock_Walls/Walls_08/SM_LCave_P_Wall13_08,"{""AssetImportData"": ""[{ \""RelativeFilename\"" : \""G:/_Work_/Cave2019/RockTest/SM_LCave_P_Wall13_08.fbx\"", \""Timestamp\"" : \""1574354357\"", \""FileMD5\"" : \""99b974715c5d00f058a31594c698728e\"" }]""}"
/Game/LuosCaves/Meshes/Rock_Walls/Walls_08/SM_LCave_P_Wall14_08,"{""AssetImportData"": ""[{ \""RelativeFilename\"" : \""G:/_Work_/Cave2019/RockTest/SM_LCave_P_Wall14_08.fbx\"", \""Timestamp\"" : \""1574354362\"", \""FileMD5\"" : \""199574090d5a920469baa9fe2f3e42d2\"" }]""}"
/Game/LuosCaves/Meshes/Rock_Walls/Walls_08/SM_LCave_P_Wall15_08,"{""AssetImportData"": ""[{ \""RelativeFilename\"" : \""G:/_Work_/Cave2019/RockTest/SM_LCave_P_Wall15_08.fbx\"", \""Timestamp\"" : \""1574354363\"", \""FileMD5\"" : \""3b40a00102014d488bb5f56e93a665cb\"" }]""}"
/Game/LuosCaves/Meshes/Rock_Walls/Walls_08/SM_LCave_P_Wall16_08,"{""AssetImportData"": ""[{ \""RelativeFilename\"" : \""G:/_Work_/Cave2019/RockTest/SM_LCave_P_Wall16_08.fbx\"", \""Timestamp\"" : \""1574354365\"", \""FileMD5\"" : \""3b612f54e7af698513551b44531a4980\"" }]""}"
/Game/LuosCaves/Meshes/Rock_Walls/Walls_08/SM_LCave_P_Wall17_08,"{""AssetImportData"": ""[{ \""RelativeFilename\"" : \""G:/_Work_/Cave2019/RockTest/SM_LCave_P_Wall17_08.fbx\"", \""Timestamp\"" : \""1574354364\"", \""FileMD5\"" : \""1c349c41430771e822fdadbbda91b4d2\"" }]""}"
/Game/LuosCaves/Textures/Rock_Dark_Brown1_Albedo,"{""AssetImportData"": ""[{ \""RelativeFilename\"" : \""H:/TEXTURES/Cave_Textures/Rock_Dark_Brown1/Test1/Rock_Dark_Brown1_Albedo.png\"", \""Timestamp\"" : \""1443795847\"", \""FileMD5\"" : \""26994455691a13ec9505a3ea8b2ee6df\"" }]""}"
/Game/LuosCaves/Textures/Rock_Dark_Brown1_Normal,"{""AssetImportData"": ""[{ \""RelativeFilename\"" : \""H:/TEXTURES/Cave_Textures/Rock_Dark_Brown1/Test1/Rock_Dark_Brown1_Normal.png\"", \""Timestamp\"" : \""1443736389\"", \""FileMD5\"" : \""dba90cb41a3929a8d66481cd7712af75\"" }]""}"
/Game/LuosCaves/Textures/Rock_Dark_Brown1_Roughness,"{""AssetImportData"": ""[{ \""RelativeFilename\"" : \""H:/TEXTURES/Cave_Textures/Rock_Dark_Brown1/Test1/Rock_Dark_Brown1_Roughness.png\"", \""Timestamp\"" : \""1458942830\"", \""FileMD5\"" : \""8f5b23dde4cde6e9e057b7f02dfea2e2\"" }]""}"
/Game/LuosCaves/Textures/Rock_Dark_Brown2_Albedo,"{""AssetImportData"": ""[{ \""RelativeFilename\"" : \""H:/TEXTURES/Cave_Textures/Rock_Dark_Brown2/Rock_Dark_Brown2_Albedo.png\"", \""Timestamp\"" : \""1443736576\"", \""FileMD5\"" : \""00100000000000000000740000000000\"" }]""}"
/Game/LuosCaves/Textures/Rock_Dark_Brown2_Normal,"{""AssetImportData"": ""[{ \""RelativeFilename\"" : \""H:/TEXTURES/Cave_Textures/Rock_Dark_Brown2/Rock_Dark_Brown2_Normal.png\"", \""Timestamp\"" : \""1443736568\"", \""FileMD5\"" : \""f18e5eadca605a5db6a269b9628e60b9\"" }]""}"
/Game/LuosCaves/Textures/Rock_Dark_Brown2_Roughness,"{""AssetImportData"": ""[{ \""RelativeFilename\"" : \""H:/TEXTURES/Cave_Textures/Rock_Dark_Brown2/Rock_Dark_Brown2_Roughness.png\"", \""Timestamp\"" : \""1458942367\"", \""FileMD5\"" : \""2adc8c14860f3df3ea3f6dcf9490ca83\"" }]""}"
/Game/LuosCaves/Textures/Rock_Dark_Brown3_Albedo,"{""AssetImportData"": ""[{ \""RelativeFilename\"" : \""H:/TEXTURES/Cave_Textures/Rock_Dark_Brown3/Rock_Dark_Brown3_Albedo.png\"", \""Timestamp\"" : \""1443736623\"", \""FileMD5\"" : \""00500000000000000000d00000000000\"" }]""}"
/Game/LuosCaves/Textures/Rock_Dark_Brown3_Normal,"{""AssetImportData"": ""[{ \""RelativeFilename\"" : \""H:/TEXTURES/Cave_Textures/Rock_Dark_Brown3/Rock_Dark_Brown3_Normal.png\"", \""Timestamp\"" : \""1443736615\"", \""FileMD5\"" : \""01772b609665420670c492cca528b8e4\"" }]""}"
/Game/LuosCaves/Textures/Rock_Dark_Brown3_Roughness,"{""AssetImportData"": ""[{ \""RelativeFilename\"" : \""H:/TEXTURES/Cave_Textures/Rock_Dark_Brown3/Rock_Dark_Brown3_Roughness.png\"", \""Timestamp\"" : \""1458942887\"", \""FileMD5\"" : \""8a46397f5bfc7641fe7660da0c63ac96\"" }]""}"
/Game/LuosCaves/Textures/Rock_Dark_Brown4_Albedo,"{""AssetImportData"": ""[{ \""RelativeFilename\"" : \""H:/TEXTURES/Cave_Textures/Rock_Dark_Brown4/Rock_Dark_Brown4_Albedo.png\"", \""Timestamp\"" : \""1443736679\"", \""FileMD5\"" : \""00400000000000008000d50000000000\"" }]""}"
/Game/LuosCaves/Textures/Rock_Dark_Brown4_Normal,"{""AssetImportData"": ""[{ \""RelativeFilename\"" : \""H:/TEXTURES/Cave_Textures/Rock_Dark_Brown4/Rock_Dark_Brown4_Normal.png\"", \""Timestamp\"" : \""1443736670\"", \""FileMD5\"" : \""65b1bece6d194cf6465b56002912aa9d\"" }]""}"
/Game/LuosCaves/Textures/Rock_Dark_Brown4_Roughness,"{""AssetImportData"": ""[{ \""RelativeFilename\"" : \""H:/TEXTURES/Cave_Textures/Rock_Dark_Brown4/Rock_Dark_Brown4_Roughness.png\"", \""Timestamp\"" : \""1458942933\"", \""FileMD5\"" : \""5dc873a849aa6a60478eb8bc99b4a137\"" }]""}"
/Game/LuosCaves/Textures/Rock_Dark_Gray1_Albedo,"{""AssetImportData"": ""[{ \""RelativeFilename\"" : \""H:/TEXTURES/Cave_Textures/Rock_Gray1/Rock_Dark_Gray1_Albedo.png\"", \""Timestamp\"" : \""1443737070\"", \""FileMD5\"" : \""00000000000000004000d40000000000\"" }]""}"
/Game/LuosCaves/Textures/Rock_Dark_Gray1_Normal,"{""AssetImportData"": ""[{ \""RelativeFilename\"" : \""H:/TEXTURES/Cave_Textures/Rock_Gray1/Rock_Dark_Gray1_Normal.png\"", \""Timestamp\"" : \""1443737059\"", \""FileMD5\"" : \""4f61e20b0c7f333052171cf83f2ebb7d\"" }]""}"
/Game/LuosCaves/Textures/Rock_Dark_Gray1_Roughness,"{""AssetImportData"": ""[{ \""RelativeFilename\"" : \""H:/TEXTURES/Cave_Textures/Rock_Gray1/Rock_Dark_Gray1_Roughness.png\"", \""Timestamp\"" : \""1458942974\"", \""FileMD5\"" : \""b456a3335629c10ae0f1c42c70b46762\"" }]""}"
/Game/LuosCaves/Textures/Rock_Dark_Red1_Albedo,"{""AssetImportData"": ""[{ \""RelativeFilename\"" : \""H:/TEXTURES/Cave_Textures/Rock_Dark_Red1/Rock_Dark_Red1_Albedo.png\"", \""Timestamp\"" : \""1443736779\"", \""FileMD5\"" : \""00100000000000000000d00000000000\"" }]""}"
/Game/LuosCaves/Textures/Rock_Dark_Red1_Normal,"{""AssetImportData"": ""[{ \""RelativeFilename\"" : \""H:/TEXTURES/Cave_Textures/Rock_Dark_Red1/Rock_Dark_Red1_Normal.png\"", \""Timestamp\"" : \""1443736772\"", \""FileMD5\"" : \""edd9da7e12877eba877773f7549126f4\"" }]""}"
/Game/LuosCaves/Textures/Rock_Dark_Red1_Roughness,"{""AssetImportData"": ""[{ \""RelativeFilename\"" : \""H:/TEXTURES/Cave_Textures/Rock_Dark_Red1/Rock_Dark_Red1_Roughness.png\"", \""Timestamp\"" : \""1458943038\"", \""FileMD5\"" : \""f3c41f5994a97812d00e49daf1cd4977\"" }]""}"
/Game/LuosCaves/Textures/Rock_Dark_Red2_Albedo,"{""AssetImportData"": ""[{ \""RelativeFilename\"" : \""H:/TEXTURES/Cave_Textures/Rock_Dark_Red2/Rock_Dark_Red2_Albedo.png\"", \""Timestamp\"" : \""1443736931\"", \""FileMD5\"" : \""00100000000000002000d10000000000\"" }]""}"
/Game/LuosCaves/Textures/Rock_Dark_Red2_Normal,"{""AssetImportData"": ""[{ \""RelativeFilename\"" : \""H:/TEXTURES/Cave_Textures/Rock_Dark_Red2/Rock_Dark_Red2_Normal.png\"", \""Timestamp\"" : \""1443736921\"", \""FileMD5\"" : \""815c62de9e7969d506cc6b859c107eae\"" }]""}"
/Game/LuosCaves/Textures/Rock_Dark_Red2_Roughness,"{""AssetImportData"": ""[{ \""RelativeFilename\"" : \""H:/TEXTURES/Cave_Textures/Rock_Dark_Red2/Rock_Dark_Red2_Roughness.png\"", \""Timestamp\"" : \""1458943085\"", \""FileMD5\"" : \""35791ae612a880322c3597fac102d1bf\"" }]""}"
/Game/LuosCaves/Textures/Rock_Dark_Red3_Albedo,"{""AssetImportData"": ""[{ \""RelativeFilename\"" : \""H:/TEXTURES/Cave_Textures/Rock_Dark_Red3/Rock_Dark_Red3_Albedo.png\"", \""Timestamp\"" : \""1443736970\"", \""FileMD5\"" : \""00100000000000000000d10000000000\"" }]""}"
/Game/LuosCaves/Textures/Rock_Dark_Red3_Normal,"{""AssetImportData"": ""[{ \""RelativeFilename\"" : \""H:/TEXTURES/Cave_Textures/Rock_Dark_Red3/Rock_Dark_Red3_Normal.png\"", \""Timestamp\"" : \""1443736962\"", \""FileMD5\"" : \""074473eb1adf8d122182e8cdc453a624\"" }]""}"
/Game/LuosCaves/Textures/Rock_Dark_Red3_Roughness,"{""AssetImportData"": ""[{ \""RelativeFilename\"" : \""H:/TEXTURES/Cave_Textures/Rock_Dark_Red3/Rock_Dark_Red3_Roughness.png\"", \""Timestamp\"" : \""1458943130\"", \""FileMD5\"" : \""21f2ae7d9feb3a4a15ed616d659732fc\"" }]""}"
/Game/LuosCaves/Textures/Rock_Dark_Red4_Albedo,"{""AssetImportData"": ""[{ \""RelativeFilename\"" : \""H:/TEXTURES/Cave_Textures/Rock_Dark_Red4/Rock_Dark_Red4_Albedo.png\"", \""Timestamp\"" : \""1443737027\"", \""FileMD5\"" : \""0040000000000000e000d50000000000\"" }]""}"
/Game/LuosCaves/Textures/Rock_Dark_Red4_Normal,"{""AssetImportData"": ""[{ \""RelativeFilename\"" : \""H:/TEXTURES/Cave_Textures/Rock_Dark_Red4/Rock_Dark_Red4_Normal.png\"", \""Timestamp\"" : \""1443737004\"", \""FileMD5\"" : \""3be0fffc6175405f475a76b695802ebf\"" }]""}"
/Game/LuosCaves/Textures/Rock_Dark_Red4_Roughness,"{""AssetImportData"": ""[{ \""RelativeFilename\"" : \""H:/TEXTURES/Cave_Textures/Rock_Dark_Red4/Rock_Dark_Red4_Roughness.png\"", \""Timestamp\"" : \""1458943175\"", \""FileMD5\"" : \""bdaecbf8d96b8845c0f9e475a3e11c29\"" }]""}"
/Game/LuosCaves/Textures/Rock_DetailNorm01,"{""AssetImportData"": ""[{ \""RelativeFilename\"" : \""H:/TEXTURES/Cave_Textures/Rock_DetailNorm01.png\"", \""Timestamp\"" : \""1443738797\"", \""FileMD5\"" : \""314a748681f698d6a4fc32b17101fde2\"" }]""}"
/Game/LuosCaves/Textures/Rock_Free_FloorBrown01_Albedo,"{""AssetImportData"": ""[{ \""RelativeFilename\"" : \""H:/TEXTURES/Cave_Textures/Free_rock_Textures/Rock_Free_FloorBrown01_Albedo.png\"", \""Timestamp\"" : \""1443738987\"", \""FileMD5\"" : \""00000000000000000000d80000000000\"" }]""}"
/Game/LuosCaves/Textures/Rock_Free_FloorBrown01_Normal,"{""AssetImportData"": ""[{ \""RelativeFilename\"" : \""H:/TEXTURES/Cave_Textures/Free_rock_Textures/Rock_Free_FloorBrown01_Normal.png\"", \""Timestamp\"" : \""1443738980\"", \""FileMD5\"" : \""06ee6bc2956d7389fba44f1b36bf6cda\"" }]""}"
/Game/LuosCaves/Textures/Rock_Free_FloorBrown01_Roughness,"{""AssetImportData"": ""[{ \""RelativeFilename\"" : \""H:/TEXTURES/Cave_Textures/Free_rock_Textures/Rock_Free_FloorBrown01_Roughness.png\"", \""Timestamp\"" : \""1458943246\"", \""FileMD5\"" : \""0bc86e436f774bdb9f96a025263091e6\"" }]""}"
/Game/LuosCaves/Textures/Rock_Free_MossBrown01_Albedo,"{""AssetImportData"": ""[{ \""RelativeFilename\"" : \""H:/TEXTURES/Cave_Textures/Free_rock_Textures/Rock_Free_MossBrown01_Albedo.png\"", \""Timestamp\"" : \""1443738947\"", \""FileMD5\"" : \""0000000000000000c000d10000000000\"" }]""}"
/Game/LuosCaves/Textures/Rock_Free_MossBrown01_Normal,"{""AssetImportData"": ""[{ \""RelativeFilename\"" : \""H:/TEXTURES/Cave_Textures/Free_rock_Textures/Rock_Free_MossBrown01_Normal.png\"", \""Timestamp\"" : \""1443738931\"", \""FileMD5\"" : \""2586f63c2d297c7a5f46bf59a356abbd\"" }]""}"
/Game/LuosCaves/Textures/Rock_Free_MossBrown01_Roughness,"{""AssetImportData"": ""[{ \""RelativeFilename\"" : \""H:/TEXTURES/Cave_Textures/Free_rock_Textures/Rock_Free_MossBrown01_Roughness.png\"", \""Timestamp\"" : \""1458943236\"", \""FileMD5\"" : \""d7dbbc7d7b106b91f806bee12fc63137\"" }]""}"
/Game/LuosCaves/Textures/Rock_Gray2_Albedo,"{""AssetImportData"": ""[{ \""RelativeFilename\"" : \""H:/TEXTURES/Cave_Textures/Rock_Gray2/Rock_Gray2_Albedo.png\"", \""Timestamp\"" : \""1443737126\"", \""FileMD5\"" : \""00400000000000000000d40000000000\"" }]""}"
/Game/LuosCaves/Textures/Rock_Gray2_Normal,"{""AssetImportData"": ""[{ \""RelativeFilename\"" : \""H:/TEXTURES/Cave_Textures/Rock_Gray2/Rock_Gray2_Normal.png\"", \""Timestamp\"" : \""1443737114\"", \""FileMD5\"" : \""5e62994294138ba2b4dae64cac9043ae\"" }]""}"
/Game/LuosCaves/Textures/Rock_Gray2_Roughness,"{""AssetImportData"": ""[{ \""RelativeFilename\"" : \""H:/TEXTURES/Cave_Textures/Rock_Gray2/Rock_Gray2_Roughness.png\"", \""Timestamp\"" : \""1458943321\"", \""FileMD5\"" : \""91ba86fed0724681d8746c3c93895e11\"" }]""}"
/Game/LuosCaves/Textures/Rock_Gray3_Albedo,"{""AssetImportData"": ""[{ \""RelativeFilename\"" : \""H:/TEXTURES/Cave_Textures/Rock_Gray3/Rock_Gray3_Albedo.png\"", \""Timestamp\"" : \""1443737174\"", \""FileMD5\"" : \""00500000000000000000d50000000000\"" }]""}"
/Game/LuosCaves/Textures/Rock_Gray3_Normal,"{""AssetImportData"": ""[{ \""RelativeFilename\"" : \""H:/TEXTURES/Cave_Textures/Rock_Gray3/Rock_Gray3_Normal.png\"", \""Timestamp\"" : \""1443737164\"", \""FileMD5\"" : \""c39cb3c5b0a3f3a7281741c8a14f9d70\"" }]""}"
/Game/LuosCaves/Textures/Rock_Gray3_Roughness,"{""AssetImportData"": ""[{ \""RelativeFilename\"" : \""H:/TEXTURES/Cave_Textures/Rock_Gray3/Rock_Gray3_Roughness.png\"", \""Timestamp\"" : \""1458944274\"", \""FileMD5\"" : \""94d9d6e6afedc9830871cd96534daf8e\"" }]""}"
/Game/LuosCaves/Textures/Rock_Gray4_Albedo,"{""AssetImportData"": ""[{ \""RelativeFilename\"" : \""H:/TEXTURES/Cave_Textures/Rock_Gray4/Rock_Gray4_Albedo.png\"", \""Timestamp\"" : \""1443737254\"", \""FileMD5\"" : \""00500000000000006000d40000000000\"" }]""}"
/Game/LuosCaves/Textures/Rock_Gray4_Normal,"{""AssetImportData"": ""[{ \""RelativeFilename\"" : \""H:/TEXTURES/Cave_Textures/Rock_Gray4/Rock_Gray4_Normal.png\"", \""Timestamp\"" : \""1443737211\"", \""FileMD5\"" : \""059e6efd37918395bbea0c7a62e5bd4c\"" }]""}"
/Game/LuosCaves/Textures/Rock_Gray4_Roughness,"{""AssetImportData"": ""[{ \""RelativeFilename\"" : \""H:/TEXTURES/Cave_Textures/Rock_Gray4/Rock_Gray4_Roughness.png\"", \""Timestamp\"" : \""1458944251\"", \""FileMD5\"" : \""9d52ee32ddf0b2573e4624b3de95bb5a\"" }]""}"
/Game/LuosCaves/Textures/Rock_Gray5_Albedo,"{""AssetImportData"": ""[{ \""RelativeFilename\"" : \""H:/TEXTURES/Cave_Textures/Rock_Gray5/Rock_Gray5_Albedo.png\"", \""Timestamp\"" : \""1443737314\"", \""FileMD5\"" : \""0000000000000000c000d00000000000\"" }]""}"
/Game/LuosCaves/Textures/Rock_Gray5_Normal,"{""AssetImportData"": ""[{ \""RelativeFilename\"" : \""H:/TEXTURES/Cave_Textures/Rock_Gray5/Rock_Gray5_Normal.png\"", \""Timestamp\"" : \""1443737302\"", \""FileMD5\"" : \""e309cc0661a4db07e6bf916dd0402a8d\"" }]""}"
/Game/LuosCaves/Textures/Rock_Gray5_Roughness,"{""AssetImportData"": ""[{ \""RelativeFilename\"" : \""H:/TEXTURES/Cave_Textures/Rock_Gray5/Rock_Gray5_Roughness.png\"", \""Timestamp\"" : \""1458944230\"", \""FileMD5\"" : \""1226bdefb718b44e36142928e0ce46b0\"" }]""}"
/Game/LuosCaves/Textures/Rock_Gray6_Albedo,"{""AssetImportData"": ""[{ \""RelativeFilename\"" : \""H:/TEXTURES/Cave_Textures/Rock_Gray6/Rock_Gray6_Albedo.png\"", \""Timestamp\"" : \""1443737359\"", \""FileMD5\"" : \""0000000000000000c000d90000000000\"" }]""}"
/Game/LuosCaves/Textures/Rock_Gray6_Normal,"{""AssetImportData"": ""[{ \""RelativeFilename\"" : \""H:/TEXTURES/Cave_Textures/Rock_Gray6/Rock_Gray6_Normal.png\"", \""Timestamp\"" : \""1443737350\"", \""FileMD5\"" : \""2f894164267c5b18ab7e3db350359bab\"" }]""}"
/Game/LuosCaves/Textures/Rock_Gray6_Roughness,"{""AssetImportData"": ""[{ \""RelativeFilename\"" : \""H:/TEXTURES/Cave_Textures/Rock_Gray6/Rock_Gray6_Roughness.png\"", \""Timestamp\"" : \""1458944209\"", \""FileMD5\"" : \""fe8d0fb5c685010f693d1d263a358f18\"" }]""}"
/Game/LuosCaves/Textures/Rock_Green_Moss1_Albedo,"{""AssetImportData"": ""[{ \""RelativeFilename\"" : \""H:/TEXTURES/Cave_Textures/Rock_Green_Moss1/Rock_Green_Moss1_Albedo.png\"", \""Timestamp\"" : \""1443737394\"", \""FileMD5\"" : \""0050000000000000a000d00000000000\"" }]""}"
/Game/LuosCaves/Textures/Rock_Green_Moss1_Normal,"{""AssetImportData"": ""[{ \""RelativeFilename\"" : \""H:/TEXTURES/Cave_Textures/Rock_Green_Moss1/Rock_Green_Moss1_Normal.png\"", \""Timestamp\"" : \""1443737386\"", \""FileMD5\"" : \""cbc6e77025ca4b8a7b3e6ce19d67a1b2\"" }]""}"
/Game/LuosCaves/Textures/Rock_Green_Moss1_Roughness,"{""AssetImportData"": ""[{ \""RelativeFilename\"" : \""H:/TEXTURES/Cave_Textures/Rock_Green_Moss1/Rock_Green_Moss1_Roughness.png\"", \""Timestamp\"" : \""1458944166\"", \""FileMD5\"" : \""24ef9affc53b01c145998463968ce2e4\"" }]""}"
/Game/LuosCaves/Textures/Rock_Green_Moss2_Albedo,"{""AssetImportData"": ""[{ \""RelativeFilename\"" : \""H:/TEXTURES/Cave_Textures/Rock_Green_Moss2/Rock_Green_Moss2_Albedo.png\"", \""Timestamp\"" : \""1443737494\"", \""FileMD5\"" : \""00000000000000002000930000000000\"" }]""}"
/Game/LuosCaves/Textures/Rock_Green_Moss2_Normal,"{""AssetImportData"": ""[{ \""RelativeFilename\"" : \""H:/TEXTURES/Cave_Textures/Rock_Green_Moss2/Rock_Green_Moss2_Normal.png\"", \""Timestamp\"" : \""1443737487\"", \""FileMD5\"" : \""5f38b20c51dad6ad050c58a7692068a9\"" }]""}"
/Game/LuosCaves/Textures/Rock_Green_Moss2_Roughness,"{""AssetImportData"": ""[{ \""RelativeFilename\"" : \""H:/TEXTURES/Cave_Textures/Rock_Green_Moss2/Rock_Green_Moss2_Roughness.png\"", \""Timestamp\"" : \""1458944123\"", \""FileMD5\"" : \""a4ed2ce5b605ca51b87885ea828c3e47\"" }]""}"
/Game/LuosCaves/Textures/Rock_Green_Moss3_Albedo,"{""AssetImportData"": ""[{ \""RelativeFilename\"" : \""H:/TEXTURES/Cave_Textures/Rock_Green_Moss3/Rock_Green_Moss3_Albedo.png\"", \""Timestamp\"" : \""1443737527\"", \""FileMD5\"" : \""0040000000000000c000d80000000000\"" }]""}"
/Game/LuosCaves/Textures/Rock_Green_Moss3_Normal,"{""AssetImportData"": ""[{ \""RelativeFilename\"" : \""H:/TEXTURES/Cave_Textures/Rock_Green_Moss3/Rock_Green_Moss3_Normal.png\"", \""Timestamp\"" : \""1443737519\"", \""FileMD5\"" : \""06c3637ebf8039d572c7c3d3dd4219f8\"" }]""}"
/Game/LuosCaves/Textures/Rock_Green_Moss3_Roughness,"{""AssetImportData"": ""[{ \""RelativeFilename\"" : \""H:/TEXTURES/Cave_Textures/Rock_Green_Moss3/Rock_Green_Moss3_Roughness.png\"", \""Timestamp\"" : \""1458944089\"", \""FileMD5\"" : \""029761b8b7494bc607626261ef995405\"" }]""}"
/Game/LuosCaves/Textures/Rock_Green_Moss4_Albedo,"{""AssetImportData"": ""[{ \""RelativeFilename\"" : \""H:/TEXTURES/Cave_Textures/Rock_Green_Moss4/Rock_Green_Moss4_Albedo.png\"", \""Timestamp\"" : \""1443737602\"", \""FileMD5\"" : \""00100000000000006000d90000000000\"" }]""}"
/Game/LuosCaves/Textures/Rock_Green_Moss4_Normal,"{""AssetImportData"": ""[{ \""RelativeFilename\"" : \""H:/TEXTURES/Cave_Textures/Rock_Green_Moss4/Rock_Green_Moss4_Normal.png\"", \""Timestamp\"" : \""1443737597\"", \""FileMD5\"" : \""3d8c9cef2825069ba0d8124415c18997\"" }]""}"
/Game/LuosCaves/Textures/Rock_Green_Moss4_Roughness,"{""AssetImportData"": ""[{ \""RelativeFilename\"" : \""H:/TEXTURES/Cave_Textures/Rock_Green_Moss4/Rock_Green_Moss4_Roughness.png\"", \""Timestamp\"" : \""1458944074\"", \""FileMD5\"" : \""bd464df708cda8b066ac8c51c19d841d\"" }]""}"
/Game/LuosCaves/Textures/Rock_Green_Moss5_Albedo,"{""AssetImportData"": ""[{ \""RelativeFilename\"" : \""H:/TEXTURES/Cave_Textures/Rock_Green_Moss5/Rock_Green_Moss5_Albedo.png\"", \""Timestamp\"" : \""1443737751\"", \""FileMD5\"" : \""969cc1ad115211b499ab43d329b995fe\"" }]""}"
/Game/LuosCaves/Textures/Rock_Green_Moss5_Normal,"{""AssetImportData"": ""[{ \""RelativeFilename\"" : \""H:/TEXTURES/Cave_Textures/Rock_Green_Moss5/Rock_Green_Moss5_Normal.png\"", \""Timestamp\"" : \""1443737744\"", \""FileMD5\"" : \""def512a3c3e2758b36744676b2d208a1\"" }]""}"
/Game/LuosCaves/Textures/Rock_Green_Moss5_Roughness,"{""AssetImportData"": ""[{ \""RelativeFilename\"" : \""H:/TEXTURES/Cave_Textures/Rock_Green_Moss5/Rock_Green_Moss5_Roughness.png\"", \""Timestamp\"" : \""1458944064\"", \""FileMD5\"" : \""bcbaa0f141de3ed536a969bb72f3d150\"" }]""}"
/Game/LuosCaves/Textures/Rock_Light_Brown1_Albedo,"{""AssetImportData"": ""[{ \""RelativeFilename\"" : \""H:/TEXTURES/Cave_Textures/Rock_Light_Brown1/Rock_Light_Brown1_Albedo.png\"", \""Timestamp\"" : \""1443737792\"", \""FileMD5\"" : \""3a25114f52859f2da75514d392fe135a\"" }]""}"
/Game/LuosCaves/Textures/Rock_Light_Brown1_Normal,"{""AssetImportData"": ""[{ \""RelativeFilename\"" : \""H:/TEXTURES/Cave_Textures/Rock_Light_Brown1/Rock_Light_Brown1_Normal.png\"", \""Timestamp\"" : \""1443737785\"", \""FileMD5\"" : \""c52ba82e1e8b10b9155190f1e921cfc0\"" }]""}"
/Game/LuosCaves/Textures/Rock_Light_Brown1_Roughness,"{""AssetImportData"": ""[{ \""RelativeFilename\"" : \""H:/TEXTURES/Cave_Textures/Rock_Light_Brown1/Rock_Light_Brown1_Roughness.png\"", \""Timestamp\"" : \""1458943965\"", \""FileMD5\"" : \""58c6616fc236a9b04b4954b865d8388e\"" }]""}"
/Game/LuosCaves/Textures/Rock_Light_Brown2_Albedo,"{""AssetImportData"": ""[{ \""RelativeFilename\"" : \""H:/TEXTURES/Cave_Textures/Rock_Light_Brown2/Rock_Light_Brown2_Albedo.png\"", \""Timestamp\"" : \""1443737833\"", \""FileMD5\"" : \""560ba71f63c090bdc49e8192c301f29e\"" }]""}"
/Game/LuosCaves/Textures/Rock_Light_Brown2_Normal,"{""AssetImportData"": ""[{ \""RelativeFilename\"" : \""H:/TEXTURES/Cave_Textures/Rock_Light_Brown2/Rock_Light_Brown2_Normal.png\"", \""Timestamp\"" : \""1443737822\"", \""FileMD5\"" : \""f030e0ce0c40893e1dce8ec0515f33ac\"" }]""}"
/Game/LuosCaves/Textures/Rock_Light_Brown2_Roughness,"{""AssetImportData"": ""[{ \""RelativeFilename\"" : \""H:/TEXTURES/Cave_Textures/Rock_Light_Brown2/Rock_Light_Brown2_Roughness.png\"", \""Timestamp\"" : \""1458943950\"", \""FileMD5\"" : \""fd61190ac8d9358ec7e68836a6e79691\"" }]""}"
/Game/LuosCaves/Textures/Rock_Light_Brown3_Albedo,"{""AssetImportData"": ""[{ \""RelativeFilename\"" : \""H:/TEXTURES/Cave_Textures/Rock_Light_Brown3/Rock_Light_Brown3_Albedo.png\"", \""Timestamp\"" : \""1443737871\"", \""FileMD5\"" : \""00400000000000000000930000000000\"" }]""}"
/Game/LuosCaves/Textures/Rock_Light_Brown3_Normal,"{""AssetImportData"": ""[{ \""RelativeFilename\"" : \""H:/TEXTURES/Cave_Textures/Rock_Light_Brown3/Rock_Light_Brown3_Normal.png\"", \""Timestamp\"" : \""1443737860\"", \""FileMD5\"" : \""597e7cfe32a6595a609a0f592edd8a27\"" }]""}"
/Game/LuosCaves/Textures/Rock_Light_Brown3_Roughness,"{""AssetImportData"": ""[{ \""RelativeFilename\"" : \""H:/TEXTURES/Cave_Textures/Rock_Light_Brown3/Rock_Light_Brown3_Roughness.png\"", \""Timestamp\"" : \""1458943923\"", \""FileMD5\"" : \""d26d1a40c1c0ecdc2a7ba64ebfc357f1\"" }]""}"
/Game/LuosCaves/Textures/Rock_Light_Brown4_Albedo,"{""AssetImportData"": ""[{ \""RelativeFilename\"" : \""H:/TEXTURES/Cave_Textures/Rock_Light_Brown4/Rock_Light_Brown4_Albedo.png\"", \""Timestamp\"" : \""1443737911\"", \""FileMD5\"" : \""00100000000000004000d40000000000\"" }]""}"
/Game/LuosCaves/Textures/Rock_Light_Brown4_Normal,"{""AssetImportData"": ""[{ \""RelativeFilename\"" : \""H:/TEXTURES/Cave_Textures/Rock_Light_Brown4/Rock_Light_Brown4_Normal.png\"", \""Timestamp\"" : \""1443737905\"", \""FileMD5\"" : \""83356a981a1d665e72cd6928328effab\"" }]""}"
/Game/LuosCaves/Textures/Rock_Light_Brown4_Roughness,"{""AssetImportData"": ""[{ \""RelativeFilename\"" : \""H:/TEXTURES/Cave_Textures/Rock_Light_Brown4/Rock_Light_Brown4_Roughness.png\"", \""Timestamp\"" : \""1458943906\"", \""FileMD5\"" : \""b5a9b70041fcf7681b6f205704a11dbf\"" }]""}"
/Game/LuosCaves/Textures/Rock_Light_Gray_Floor1_Albedo,"{""AssetImportData"": ""[{ \""RelativeFilename\"" : \""H:/TEXTURES/Cave_Textures/Rock_Light_Gray_Floor/Rock_Light_Gray_Floor1_Albedo.png\"", \""Timestamp\"" : \""1415546997\"", \""FileMD5\"" : \""0040000000000000a000920000000000\"" }]""}"
/Game/LuosCaves/Textures/Rock_Light_Gray_Floor1_Normal,"{""AssetImportData"": ""[{ \""RelativeFilename\"" : \""H:/TEXTURES/Cave_Textures/Rock_Light_Gray_Floor/Rock_Light_Gray_Floor1_Normal.png\"", \""Timestamp\"" : \""1443738091\"", \""FileMD5\"" : \""9863ba5e2b995abe574ffd56ab6d3f28\"" }]""}"
/Game/LuosCaves/Textures/Rock_Light_Gray_Floor1_Roughness,"{""AssetImportData"": ""[{ \""RelativeFilename\"" : \""H:/TEXTURES/Cave_Textures/Rock_Light_Gray_Floor/Rock_Light_Gray_Floor1_Roughness.png\"", \""Timestamp\"" : \""1458943799\"", \""FileMD5\"" : \""5b3b9df3e5dec24b91cc6db5a317c5a8\"" }]""}"
/Game/LuosCaves/Textures/Rock_Light_Red2_Albedo,"{""AssetImportData"": ""[{ \""RelativeFilename\"" : \""H:/TEXTURES/Cave_Textures/Rock_Light_Red2/Rock_Light_Red2_Albedo.png\"", \""Timestamp\"" : \""1443738349\"", \""FileMD5\"" : \""00100000000000004000d90000000000\"" }]""}"
/Game/LuosCaves/Textures/Rock_Light_Red2_Normal,"{""AssetImportData"": ""[{ \""RelativeFilename\"" : \""H:/TEXTURES/Cave_Textures/Rock_Light_Red2/Rock_Light_Red2_Normal.png\"", \""Timestamp\"" : \""1443738313\"", \""FileMD5\"" : \""19ce6faa6695156dc4662e0269b22b31\"" }]""}"
/Game/LuosCaves/Textures/Rock_Light_Red2_Roughness,"{""AssetImportData"": ""[{ \""RelativeFilename\"" : \""H:/TEXTURES/Cave_Textures/Rock_Light_Red2/Rock_Light_Red2_Roughness.png\"", \""Timestamp\"" : \""1458943684\"", \""FileMD5\"" : \""6e18274955446e02da4fec76056b7ed0\"" }]""}"
/Game/LuosCaves/Textures/Rock_Sand1_Albedo,"{""AssetImportData"": ""[{ \""RelativeFilename\"" : \""H:/TEXTURES/Cave_Textures/Rock_Sand1/Rock_Sand1_Albedo.png\"", \""Timestamp\"" : \""1443738566\"", \""FileMD5\"" : \""0000000000000000c000d80000000000\"" }]""}"
/Game/LuosCaves/Textures/Rock_Sand1_Normal,"{""AssetImportData"": ""[{ \""RelativeFilename\"" : \""H:/TEXTURES/Cave_Textures/Rock_Sand1/Rock_Sand1_Normal.png\"", \""Timestamp\"" : \""1443738504\"", \""FileMD5\"" : \""2a6092532bee4a28ede07f260949b2ef\"" }]""}"
/Game/LuosCaves/Textures/Rock_Sand1_Roughness,"{""AssetImportData"": ""[{ \""RelativeFilename\"" : \""H:/TEXTURES/Cave_Textures/Rock_Sand1/Rock_Sand1_Roughness.png\"", \""Timestamp\"" : \""1458943636\"", \""FileMD5\"" : \""cab722c5c4320da64673871a1d09b905\"" }]""}"
/Game/LuosCaves/Textures/Rock_Sand2_Albedo,"{""AssetImportData"": ""[{ \""RelativeFilename\"" : \""H:/TEXTURES/Cave_Textures/Rock_Sand2/Rock_Sand2_Albedo.png\"", \""Timestamp\"" : \""1443738604\"", \""FileMD5\"" : \""0000000000000000c000d40000000000\"" }]""}"
/Game/LuosCaves/Textures/Rock_Sand2_Normal,"{""AssetImportData"": ""[{ \""RelativeFilename\"" : \""H:/TEXTURES/Cave_Textures/Rock_Sand2/Rock_Sand2_Normal.png\"", \""Timestamp\"" : \""1443738596\"", \""FileMD5\"" : \""2decb7982873d2636afc3514065a773c\"" }]""}"
/Game/LuosCaves/Textures/Rock_Sand2_Roughness,"{""AssetImportData"": ""[{ \""RelativeFilename\"" : \""H:/TEXTURES/Cave_Textures/Rock_Sand2/Rock_Sand2_Roughness.png\"", \""Timestamp\"" : \""1458943624\"", \""FileMD5\"" : \""9971e8bde4f217030b7ce582a0372035\"" }]""}"
/Game/LuosCaves/Textures/Rock_Wall1a_Albedo,"{""AssetImportData"": ""[{ \""RelativeFilename\"" : \""H:/TEXTURES/Cave_Textures/Rock_Wall1a/Rock_Wall1a_Albedo.png\"", \""Timestamp\"" : \""1443738658\"", \""FileMD5\"" : \""0000000000000000a000d50000000000\"" }]""}"
/Game/LuosCaves/Textures/Rock_Wall1a_Normal,"{""AssetImportData"": ""[{ \""RelativeFilename\"" : \""H:/TEXTURES/Cave_Textures/Rock_Wall1a/Rock_Wall1a_Normal.png\"", \""Timestamp\"" : \""1443738651\"", \""FileMD5\"" : \""69d6d0c6e3cf395676a597f748abd752\"" }]""}"
/Game/LuosCaves/Textures/Rock_Wall1a_Roughness,"{""AssetImportData"": ""[{ \""RelativeFilename\"" : \""H:/TEXTURES/Cave_Textures/Rock_Wall1a/Rock_Wall1a_Roughness.png\"", \""Timestamp\"" : \""1458943610\"", \""FileMD5\"" : \""095f5c3a0d94163fe33bff4ffc9edd87\"" }]""}"
/Game/LuosCaves/Textures/Rock_Wall1b_Albedo,"{""AssetImportData"": ""[{ \""RelativeFilename\"" : \""H:/TEXTURES/Cave_Textures/Rock_Wall1b/Rock_Wall1b_Albedo.png\"", \""Timestamp\"" : \""1443738719\"", \""FileMD5\"" : \""00400000000000004000d50000000000\"" }]""}"
/Game/LuosCaves/Textures/Rock_Wall1b_Normal,"{""AssetImportData"": ""[{ \""RelativeFilename\"" : \""H:/TEXTURES/Cave_Textures/Rock_Wall1b/Rock_Wall1b_Normal.png\"", \""Timestamp\"" : \""1443738712\"", \""FileMD5\"" : \""5b2f17aa8155af349776ca4401ca26eb\"" }]""}"
/Game/LuosCaves/Textures/Rock_Wall1b_Roughness,"{""AssetImportData"": ""[{ \""RelativeFilename\"" : \""H:/TEXTURES/Cave_Textures/Rock_Wall1b/Rock_Wall1b_Roughness.png\"", \""Timestamp\"" : \""1458943594\"", \""FileMD5\"" : \""e726c3f9fc26af1939ad5a8b1e074fee\"" }]""}"
/Game/LuosCaves/Textures/Props/checkermap_32x32,"{""AssetImportData"": ""[{ \""RelativeFilename\"" : \""H:/TEXTURES/checkermap_32x32.jpg\"", \""Timestamp\"" : \""-2006054656\"", \""FileMD5\"" : \""\"" }]""}"
/Game/LuosCaves/Textures/Props/Decal_Spots,"{""AssetImportData"": ""[{ \""RelativeFilename\"" : \""H:/TEXTURES/Cave_Textures/Decal_Spots.png\"", \""Timestamp\"" : \""1420323815\"", \""FileMD5\"" : \""039bbf9cfc21a96ab85f181959bc3705\"" }]""}"
/Game/LuosCaves/Textures/Props/Display,"{""AssetImportData"": ""[{ \""RelativeFilename\"" : \""../../../../../Assets/Textures/IES Profiles/Display.ies\"", \""Timestamp\"" : \""-2006054656\"", \""FileMD5\"" : \""\"" }]""}"
/Game/LuosCaves/Textures/Props/flashlight,"{""AssetImportData"": ""[{ \""RelativeFilename\"" : \""../../../../../Assets/Textures/Effects/flashlight.tga\"", \""Timestamp\"" : \""-2006054656\"", \""FileMD5\"" : \""\"" }]""}"
/Game/LuosCaves/Textures/Props/Grid_basecolor,"{""AssetImportData"": ""[{ \""RelativeFilename\"" : \""C:/Users/Luos/Desktop/Textures1/Grid_basecolor.TGA\"", \""Timestamp\"" : \""-2006054656\"", \""FileMD5\"" : \""\"" }]""}"
/Game/LuosCaves/Textures/Props/Grid_Height,"{""AssetImportData"": ""[{ \""RelativeFilename\"" : \""../../../../../Assets/Textures/Grid_Height.tga\"", \""Timestamp\"" : \""-2006054656\"", \""FileMD5\"" : \""\"" }]""}"
/Game/LuosCaves/Textures/Props/Grid_Mask,"{""AssetImportData"": ""[{ \""RelativeFilename\"" : \""../../../../../Assets/Textures/Grid_Mask.tga\"", \""Timestamp\"" : \""-2006054656\"", \""FileMD5\"" : \""\"" }]""}"
/Game/LuosCaves/Textures/Props/Grid_metallic,"{""AssetImportData"": ""[{ \""RelativeFilename\"" : \""C:/Users/Luos/Desktop/Textures1/Grid_metallic.png\"", \""Timestamp\"" : \""-2006054656\"", \""FileMD5\"" : \""\"" }]""}"
/Game/LuosCaves/Textures/Props/Grid_normal,"{""AssetImportData"": ""[{ \""RelativeFilename\"" : \""C:/Users/Luos/Desktop/Textures1/Grid_normal.TGA\"", \""Timestamp\"" : \""-2006054656\"", \""FileMD5\"" : \""\"" }]""}"
/Game/LuosCaves/Textures/Props/Grid_roughness,"{""AssetImportData"": ""[{ \""RelativeFilename\"" : \""C:/Users/Luos/Desktop/Textures1/Grid_roughness.TGA\"", \""Timestamp\"" : \""-2006054656\"", \""FileMD5\"" : \""\"" }]""}"
/Game/LuosCaves/Textures/Props/Grunge_01,"{""AssetImportData"": ""[{ \""RelativeFilename\"" : \""H:/TEXTURES/Cave_Textures/Grunge_01.tga\"", \""Timestamp\"" : \""1424137876\"", \""FileMD5\"" : \""124bae3def3e28ce7ab56448345e5d6c\"" }]""}"
/Game/LuosCaves/Textures/Props/Lamp_AO,"{""AssetImportData"": ""[{ \""RelativeFilename\"" : \""../../../../../Assets/3D Scenes/Lamp (Caves)/reUV/lamp_lr_ambient_occlusion_map_from_mesh.tga\"", \""Timestamp\"" : \""-2006054656\"", \""FileMD5\"" : \""\"" }]""}"
/Game/LuosCaves/Textures/Props/lamp_basecolor,"{""AssetImportData"": ""[{ \""RelativeFilename\"" : \""../../../../../Assets/3D Scenes/Lamp (Caves)/reUV/lamp_basecolor.png\"", \""Timestamp\"" : \""-2006054656\"", \""FileMD5\"" : \""\"" }]""}"
/Game/LuosCaves/Textures/Props/lamp_normal,"{""AssetImportData"": ""[{ \""RelativeFilename\"" : \""../../../../../Assets/3D Scenes/Lamp (Caves)/reUV/lamp_normal.png\"", \""Timestamp\"" : \""-2006054656\"", \""FileMD5\"" : \""\"" }]""}"
/Game/LuosCaves/Textures/Props/lamp_RMEO,"{""AssetImportData"": ""[{ \""RelativeFilename\"" : \""../../../../../Assets/3D Scenes/Lamp (Caves)/reUV/lamp_RMEO.png\"", \""Timestamp\"" : \""-2006054656\"", \""FileMD5\"" : \""\"" }]""}"
/Game/LuosCaves/Textures/Props/Lbokeh_hex01,"{""AssetImportData"": ""[{ \""RelativeFilename\"" : \""../../../../../Assets/Textures/Effects/bokeh-hex.tga\"", \""Timestamp\"" : \""-2006054656\"", \""FileMD5\"" : \""\"" }]""}"
/Game/LuosCaves/Textures/Props/LBokeh_Smooth01,"{""AssetImportData"": ""[{ \""RelativeFilename\"" : \""C:/Users/Luos/Desktop/LBokeh_Smooth01.png\"", \""Timestamp\"" : \""-2006054656\"", \""FileMD5\"" : \""\"" }]""}"
/Game/LuosCaves/Textures/Props/Lcave_Props_Crystal01,"{""AssetImportData"": ""[{ \""RelativeFilename\"" : \""H:/TEXTURES/Cave_Textures/Crystals/Lcave_Props_Crystal01.TGA\"", \""Timestamp\"" : \""1443739396\"", \""FileMD5\"" : \""7350a3090c3c75c2a4471cad18603882\"" }]""}"
/Game/LuosCaves/Textures/Props/Lcave_Props_Crystal01_Normal,"{""AssetImportData"": ""[{ \""RelativeFilename\"" : \""H:/TEXTURES/Cave_Textures/Crystals/Lcave_Props_Crystal01_Normal.TGA\"", \""Timestamp\"" : \""1443739480\"", \""FileMD5\"" : \""9b8a32cd205fb141422729e09e447d8a\"" }]""}"
/Game/LuosCaves/Textures/Props/Lcave_Props_Crystal01_Roughness,"{""AssetImportData"": ""[{ \""RelativeFilename\"" : \""H:/TEXTURES/Cave_Textures/Crystals/Lcave_Props_Crystal01_Roughness.TGA\"", \""Timestamp\"" : \""1443739399\"", \""FileMD5\"" : \""0060003000500020c090938000400070\"" }]""}"
/Game/LuosCaves/Textures/Props/LDirt_Mask_01,"{""AssetImportData"": ""[{ \""RelativeFilename\"" : \""C:/Users/Luos/Desktop/DirtTexture.png\"", \""Timestamp\"" : \""-2006054656\"", \""FileMD5\"" : \""\"" }]""}"
/Game/LuosCaves/Textures/Props/LGodRay_01,"{""AssetImportData"": ""[{ \""RelativeFilename\"" : \""H:/TEXTURES/Cave_Textures/LGodRay_01.tga\"", \""Timestamp\"" : \""1416244241\"", \""FileMD5\"" : \""7f5e7b89ea43bbad49441313a281e157\"" }]""}"
/Game/LuosCaves/Textures/Props/LUT_Cave,"{""AssetImportData"": ""[{ \""RelativeFilename\"" : \""C:/Users/Luos/Desktop/LUT_Cave.TGA\"", \""Timestamp\"" : \""-2006054656\"", \""FileMD5\"" : \""\"" }]""}"
/Game/LuosCaves/Textures/Props/Prop_WoodBeam_01_Albedo,"{""AssetImportData"": ""[{ \""RelativeFilename\"" : \""H:/TEXTURES/Cave_Textures/LAMP/Prop_WoodBeam_01_Albedo.tga\"", \""Timestamp\"" : \""1416267942\"", \""FileMD5\"" : \""ee17f593fa66fb2d85bb0e478147f4ee\"" }]""}"
/Game/LuosCaves/Textures/Props/Prop_WoodBeam_01_Normal,"{""AssetImportData"": ""[{ \""RelativeFilename\"" : \""H:/TEXTURES/Cave_Textures/LAMP/Prop_WoodBeam_01_Normal.png\"", \""Timestamp\"" : \""1443738896\"", \""FileMD5\"" : \""00400040008000400000743000000050\"" }]""}"
/Game/LuosCaves/Textures/Props/Prop_WoodLamp_01_Albedo,"{""AssetImportData"": ""[{ \""RelativeFilename\"" : \""H:/TEXTURES/Cave_Textures/LAMP/Prop_WoodLamp_01_Albedo.tga\"", \""Timestamp\"" : \""1416265523\"", \""FileMD5\"" : \""8b5fcbec8d9ce7e55b6dd0644662aaa4\"" }]""}"
/Game/LuosCaves/Textures/Props/Prop_WoodLamp_01_Normal,"{""AssetImportData"": ""[{ \""RelativeFilename\"" : \""H:/TEXTURES/Cave_Textures/LAMP/Prop_WoodLamp_01_Normal.png\"", \""Timestamp\"" : \""1416265514\"", \""FileMD5\"" : \""85beadc10a0e5152fe0fbf50ded52a28\"" }]""}"
/Game/LuosCaves/Textures/Props/SeamHiderHider,"{""AssetImportData"": ""[{ \""RelativeFilename\"" : \""H:/TEXTURES/Cave_Textures/SeamHiderHider.png\"", \""Timestamp\"" : \""1443738791\"", \""FileMD5\"" : \""5a336d8f52fa63836e26fa4742260fa7\"" }]""}"
/Game/LuosCaves/Textures/Props/T_Dust,"{""AssetImportData"": ""[{ \""RelativeFilename\"" : \""../../../../../Assets/Textures/Effects/dust.tga\"", \""Timestamp\"" : \""-2006054656\"", \""FileMD5\"" : \""\"" }]""}"
/Game/LuosCaves/Textures/Props/T_LCave_EmissiveMushroom_01,"{""AssetImportData"": ""[{ \""RelativeFilename\"" : \""H:/TEXTURES/Cave_Textures/Mushroom/T_LCave_EmissiveMushroom_01.png\"", \""Timestamp\"" : \""1427338000\"", \""FileMD5\"" : \""00500000000000006000d90000000000\"" }]""}"
/Game/LuosCaves/Textures/Props/T_LCave_EmissiveMushroom_01_Normal,"{""AssetImportData"": ""[{ \""RelativeFilename\"" : \""H:/TEXTURES/Cave_Textures/Mushroom/T_LCave_EmissiveMushroom_01_Normal.png\"", \""Timestamp\"" : \""1443738867\"", \""FileMD5\"" : \""4ada0b8139a4e5e2760152bdacfc177d\"" }]""}"
/Game/LuosCaves/Textures/Props/T_LCave_EmissiveMushroom_02,"{""AssetImportData"": ""[{ \""RelativeFilename\"" : \""H:/TEXTURES/Cave_Textures/Mushroom/T_LCave_EmissiveMushroom_02.png\"", \""Timestamp\"" : \""1443738858\"", \""FileMD5\"" : \""9ab8ffd06780b1d160f00bd4af6b2d98\"" }]""}"
/Game/LuosCaves/Textures/Props/ww_color,"{""AssetImportData"": ""[{ \""RelativeFilename\"" : \""../../../../../Assets/3D Scenes/Flowstone/NewWalkway/surrogate2_basecolor.png\"", \""Timestamp\"" : \""-2006054656\"", \""FileMD5\"" : \""\"" }]""}"
/Game/LuosCaves/Textures/Props/ww_normal,"{""AssetImportData"": ""[{ \""RelativeFilename\"" : \""../../../../../Assets/3D Scenes/Flowstone/NewWalkway/surrogate2_normal.png\"", \""Timestamp\"" : \""-2006054656\"", \""FileMD5\"" : \""\"" }]""}"
/Game/LuosCaves/Textures/Props/ww_rmeo,"{""AssetImportData"": ""[{ \""RelativeFilename\"" : \""../../../../../Assets/3D Scenes/Flowstone/NewWalkway/surrogate2_rmeo.png\"", \""Timestamp\"" : \""-2006054656\"", \""FileMD5\"" : \""\"" }]""}"
/Game/ModulAbandJPSchool/Meshes/BuildingModules/SM_Stairs,"{""AssetImportData"": ""[{ \""RelativeFilename\"" : \""H:/AbandonedJapaneseSchool/MeshExporter/SM.fbx\"", \""Timestamp\"" : \""1755676583\"", \""FileMD5\"" : \""b68f11b8fb12f9a1cdb7ad8d077a578f\"", \""DisplayLabelName\"" : \""\"" }]""}"
/Game/ModulAbandJPSchool/Meshes/BuildingModules/DoorWindow01/SM_Door01,"{""AssetImportData"": ""[{ \""RelativeFilename\"" : \""H:/AbandonedJapaneseSchool/MeshExporter/SM.fbx\"", \""Timestamp\"" : \""1756218545\"", \""FileMD5\"" : \""b144840b8e5b1f4d923c4c692af84e15\"", \""DisplayLabelName\"" : \""\"" }]""}"
/Game/ModulAbandJPSchool/Meshes/BuildingModules/DoorWindow01/SM_Door02,"{""AssetImportData"": ""[{ \""RelativeFilename\"" : \""H:/AbandonedJapaneseSchool/MeshExporter/SM.fbx\"", \""Timestamp\"" : \""1756218545\"", \""FileMD5\"" : \""b144840b8e5b1f4d923c4c692af84e15\"", \""DisplayLabelName\"" : \""\"" }]""}"
/Game/ModulAbandJPSchool/Meshes/BuildingModules/DoorWindow01/SM_SlidingDoor01,"{""AssetImportData"": ""[{ \""RelativeFilename\"" : \""H:/AbandonedJapaneseSchool/MeshExporter/SM.fbx\"", \""Timestamp\"" : \""1754305979\"", \""FileMD5\"" : \""4bf4af0aee62c2ba699ed08c7c38548d\"", \""DisplayLabelName\"" : \""\"" }]""}"
/Game/ModulAbandJPSchool/Meshes/BuildingModules/DoorWindow01/SM_SlidingDoor_Broken01,"{""AssetImportData"": ""[{ \""RelativeFilename\"" : \""H:/AbandonedJapaneseSchool/MeshExporter/SM.fbx\"", \""Timestamp\"" : \""1754306224\"", \""FileMD5\"" : \""7afd2af3d1eceb62f9bd0b9ea0a5702f\"", \""DisplayLabelName\"" : \""\"" }]""}"
/Game/ModulAbandJPSchool/Meshes/BuildingModules/DoorWindow01/SM_SlidingDoor_Broken02,"{""AssetImportData"": ""[{ \""RelativeFilename\"" : \""H:/AbandonedJapaneseSchool/MeshExporter/SM.fbx\"", \""Timestamp\"" : \""1754306049\"", \""FileMD5\"" : \""4f8f658e56b0908b702fc01bf03b46e4\"", \""DisplayLabelName\"" : \""\"" }]""}"
/Game/ModulAbandJPSchool/Meshes/BuildingModules/DoorWindow01/SM_WallWindow_Merged01,"{""AssetImportData"": ""[]""}"
/Game/ModulAbandJPSchool/Meshes/BuildingModules/DoorWindow01/SM_WallWindow_Merged02,"{""AssetImportData"": ""[]""}"
/Game/ModulAbandJPSchool/Meshes/BuildingModules/DoorWindow01/SM_WallWindow_Merged03,"{""AssetImportData"": ""[]""}"
/Game/ModulAbandJPSchool/Meshes/BuildingModules/DoorWindow01/SM_WallWindow_Merged04,"{""AssetImportData"": ""[]""}"
/Game/ModulAbandJPSchool/Meshes/BuildingModules/DoorWindow01/SM_Window09x05,"{""AssetImportData"": ""[{ \""RelativeFilename\"" : \""H:/AbandonedJapaneseSchool/MeshExporter/SM.fbx\"", \""Timestamp\"" : \""1754415076\"", \""FileMD5\"" : \""0f56d7d515b7c7f035e770a4fde13d17\"", \""DisplayLabelName\"" : \""\"" }]""}"
/Game/ModulAbandJPSchool/Meshes/BuildingModules/DoorWindow01/SM_Window09x05_Broken01,"{""AssetImportData"": ""[{ \""RelativeFilename\"" : \""H:/AbandonedJapaneseSchool/MeshExporter/SM.fbx\"", \""Timestamp\"" : \""1754415076\"", \""FileMD5\"" : \""0f56d7d515b7c7f035e770a4fde13d17\"", \""DisplayLabelName\"" : \""\"" }]""}"
/Game/ModulAbandJPSchool/Meshes/BuildingModules/DoorWindow01/SM_Window09x08,"{""AssetImportData"": ""[{ \""RelativeFilename\"" : \""H:/AbandonedJapaneseSchool/MeshExporter/SM.fbx\"", \""Timestamp\"" : \""1754415076\"", \""FileMD5\"" : \""0f56d7d515b7c7f035e770a4fde13d17\"", \""DisplayLabelName\"" : \""\"" }]""}"
/Game/ModulAbandJPSchool/Meshes/BuildingModules/DoorWindow01/SM_Window09x08_Broken01,"{""AssetImportData"": ""[{ \""RelativeFilename\"" : \""H:/AbandonedJapaneseSchool/MeshExporter/SM.fbx\"", \""Timestamp\"" : \""1754415076\"", \""FileMD5\"" : \""0f56d7d515b7c7f035e770a4fde13d17\"", \""DisplayLabelName\"" : \""\"" }]""}"
/Game/ModulAbandJPSchool/Meshes/BuildingModules/DoorWindow01/SM_Window11x09A,"{""AssetImportData"": ""[{ \""RelativeFilename\"" : \""H:/AbandonedJapaneseSchool/MeshExporter/SM.fbx\"", \""Timestamp\"" : \""1753435235\"", \""FileMD5\"" : \""b0bfb501d439b1bf06e7066fac117cbb\"", \""DisplayLabelName\"" : \""\"" }]""}"
/Game/ModulAbandJPSchool/Meshes/BuildingModules/DoorWindow01/SM_Window11x09A_Broken00,"{""AssetImportData"": ""[{ \""RelativeFilename\"" : \""H:/AbandonedJapaneseSchool/MeshExporter/SM.fbx\"", \""Timestamp\"" : \""1753610965\"", \""FileMD5\"" : \""6ebc429735e00d7c028b783a0c44dc2a\"", \""DisplayLabelName\"" : \""\"" }]""}"
/Game/ModulAbandJPSchool/Meshes/BuildingModules/DoorWindow01/SM_Window11x09A_Broken01,"{""AssetImportData"": ""[{ \""RelativeFilename\"" : \""H:/AbandonedJapaneseSchool/MeshExporter/SM.fbx\"", \""Timestamp\"" : \""1753435235\"", \""FileMD5\"" : \""b0bfb501d439b1bf06e7066fac117cbb\"", \""DisplayLabelName\"" : \""\"" }]""}"
/Game/ModulAbandJPSchool/Meshes/BuildingModules/DoorWindow01/SM_Window11x09A_Broken02,"{""AssetImportData"": ""[{ \""RelativeFilename\"" : \""H:/AbandonedJapaneseSchool/MeshExporter/SM.fbx\"", \""Timestamp\"" : \""1753435235\"", \""FileMD5\"" : \""b0bfb501d439b1bf06e7066fac117cbb\"", \""DisplayLabelName\"" : \""\"" }]""}"
/Game/ModulAbandJPSchool/Meshes/BuildingModules/DoorWindow01/SM_Window11x09A_Broken03,"{""AssetImportData"": ""[{ \""RelativeFilename\"" : \""H:/AbandonedJapaneseSchool/MeshExporter/SM.fbx\"", \""Timestamp\"" : \""1753435235\"", \""FileMD5\"" : \""b0bfb501d439b1bf06e7066fac117cbb\"", \""DisplayLabelName\"" : \""\"" }]""}"
/Game/ModulAbandJPSchool/Meshes/BuildingModules/DoorWindow01/SM_Window11x09B,"{""AssetImportData"": ""[{ \""RelativeFilename\"" : \""H:/AbandonedJapaneseSchool/MeshExporter/SM.fbx\"", \""Timestamp\"" : \""1753435235\"", \""FileMD5\"" : \""b0bfb501d439b1bf06e7066fac117cbb\"", \""DisplayLabelName\"" : \""\"" }]""}"
/Game/ModulAbandJPSchool/Meshes/BuildingModules/DoorWindow01/SM_Window11x09B_Broken00,"{""AssetImportData"": ""[{ \""RelativeFilename\"" : \""H:/AbandonedJapaneseSchool/MeshExporter/SM.fbx\"", \""Timestamp\"" : \""1755676724\"", \""FileMD5\"" : \""e85090e8636d727f5a25f5e07c378840\"", \""DisplayLabelName\"" : \""\"" }]""}"
/Game/ModulAbandJPSchool/Meshes/BuildingModules/DoorWindow01/SM_Window11x09B_Broken01,"{""AssetImportData"": ""[{ \""RelativeFilename\"" : \""H:/AbandonedJapaneseSchool/MeshExporter/SM.fbx\"", \""Timestamp\"" : \""1753435235\"", \""FileMD5\"" : \""b0bfb501d439b1bf06e7066fac117cbb\"", \""DisplayLabelName\"" : \""\"" }]""}"
/Game/ModulAbandJPSchool/Meshes/BuildingModules/DoorWindow01/SM_Window11x09B_Broken02,"{""AssetImportData"": ""[{ \""RelativeFilename\"" : \""H:/AbandonedJapaneseSchool/MeshExporter/SM.fbx\"", \""Timestamp\"" : \""1753435235\"", \""FileMD5\"" : \""b0bfb501d439b1bf06e7066fac117cbb\"", \""DisplayLabelName\"" : \""\"" }]""}"
/Game/ModulAbandJPSchool/Meshes/BuildingModules/DoorWindow01/SM_Window11x09B_Broken03,"{""AssetImportData"": ""[{ \""RelativeFilename\"" : \""H:/AbandonedJapaneseSchool/MeshExporter/SM.fbx\"", \""Timestamp\"" : \""1753435235\"", \""FileMD5\"" : \""b0bfb501d439b1bf06e7066fac117cbb\"", \""DisplayLabelName\"" : \""\"" }]""}"
/Game/ModulAbandJPSchool/Meshes/BuildingModules/DoorWindow01/SM_Window_13x09A,"{""AssetImportData"": ""[{ \""RelativeFilename\"" : \""H:/AbandonedJapaneseSchool/MeshExporter/SM.fbx\"", \""Timestamp\"" : \""1753435235\"", \""FileMD5\"" : \""b0bfb501d439b1bf06e7066fac117cbb\"", \""DisplayLabelName\"" : \""\"" }]""}"
/Game/ModulAbandJPSchool/Meshes/BuildingModules/DoorWindow01/SM_Window_13x09A_Broken00,"{""AssetImportData"": ""[{ \""RelativeFilename\"" : \""H:/AbandonedJapaneseSchool/MeshExporter/SM.fbx\"", \""Timestamp\"" : \""1753610965\"", \""FileMD5\"" : \""6ebc429735e00d7c028b783a0c44dc2a\"", \""DisplayLabelName\"" : \""\"" }]""}"
/Game/ModulAbandJPSchool/Meshes/BuildingModules/DoorWindow01/SM_Window_13x09A_Broken01,"{""AssetImportData"": ""[{ \""RelativeFilename\"" : \""H:/AbandonedJapaneseSchool/MeshExporter/SM.fbx\"", \""Timestamp\"" : \""1753435235\"", \""FileMD5\"" : \""b0bfb501d439b1bf06e7066fac117cbb\"", \""DisplayLabelName\"" : \""\"" }]""}"
/Game/ModulAbandJPSchool/Meshes/BuildingModules/DoorWindow01/SM_Window_13x09A_Broken02,"{""AssetImportData"": ""[{ \""RelativeFilename\"" : \""H:/AbandonedJapaneseSchool/MeshExporter/SM.fbx\"", \""Timestamp\"" : \""1753435235\"", \""FileMD5\"" : \""b0bfb501d439b1bf06e7066fac117cbb\"", \""DisplayLabelName\"" : \""\"" }]""}"
/Game/ModulAbandJPSchool/Meshes/BuildingModules/DoorWindow01/SM_Window_13x09A_Broken03,"{""AssetImportData"": ""[{ \""RelativeFilename\"" : \""H:/AbandonedJapaneseSchool/MeshExporter/SM.fbx\"", \""Timestamp\"" : \""1753435235\"", \""FileMD5\"" : \""b0bfb501d439b1bf06e7066fac117cbb\"", \""DisplayLabelName\"" : \""\"" }]""}"
/Game/ModulAbandJPSchool/Meshes/BuildingModules/DoorWindow01/SM_Window_13x09B,"{""AssetImportData"": ""[{ \""RelativeFilename\"" : \""H:/AbandonedJapaneseSchool/MeshExporter/SM.fbx\"", \""Timestamp\"" : \""1753435235\"", \""FileMD5\"" : \""b0bfb501d439b1bf06e7066fac117cbb\"", \""DisplayLabelName\"" : \""\"" }]""}"
/Game/ModulAbandJPSchool/Meshes/BuildingModules/DoorWindow01/SM_Window_13x09B_Broken00,"{""AssetImportData"": ""[{ \""RelativeFilename\"" : \""H:/AbandonedJapaneseSchool/MeshExporter/SM.fbx\"", \""Timestamp\"" : \""1753610965\"", \""FileMD5\"" : \""6ebc429735e00d7c028b783a0c44dc2a\"", \""DisplayLabelName\"" : \""\"" }]""}"
/Game/ModulAbandJPSchool/Meshes/BuildingModules/DoorWindow01/SM_Window_13x09B_Broken01,"{""AssetImportData"": ""[{ \""RelativeFilename\"" : \""H:/AbandonedJapaneseSchool/MeshExporter/SM.fbx\"", \""Timestamp\"" : \""1753435235\"", \""FileMD5\"" : \""b0bfb501d439b1bf06e7066fac117cbb\"", \""DisplayLabelName\"" : \""\"" }]""}"
/Game/ModulAbandJPSchool/Meshes/BuildingModules/DoorWindow01/SM_Window_13x09B_Broken02,"{""AssetImportData"": ""[{ \""RelativeFilename\"" : \""H:/AbandonedJapaneseSchool/MeshExporter/SM.fbx\"", \""Timestamp\"" : \""1753435235\"", \""FileMD5\"" : \""b0bfb501d439b1bf06e7066fac117cbb\"", \""DisplayLabelName\"" : \""\"" }]""}"
/Game/ModulAbandJPSchool/Meshes/BuildingModules/DoorWindow01/SM_Window_13x09B_Broken03,"{""AssetImportData"": ""[{ \""RelativeFilename\"" : \""H:/AbandonedJapaneseSchool/MeshExporter/SM.fbx\"", \""Timestamp\"" : \""1753435235\"", \""FileMD5\"" : \""b0bfb501d439b1bf06e7066fac117cbb\"", \""DisplayLabelName\"" : \""\"" }]""}"
/Game/ModulAbandJPSchool/Meshes/BuildingModules/DoorWindow01/SM_Window_Merged01,"{""AssetImportData"": ""[]""}"
/Game/ModulAbandJPSchool/Meshes/BuildingModules/DoorWindow01/SM_Window_Merged02,"{""AssetImportData"": ""[]""}"
/Game/ModulAbandJPSchool/Meshes/BuildingModules/DoorWindow01/SM_Window_Merged03,"{""AssetImportData"": ""[]""}"
/Game/ModulAbandJPSchool/Meshes/BuildingModules/DoorWindow01/SM_Window_Merged04,"{""AssetImportData"": ""[]""}"
/Game/ModulAbandJPSchool/Meshes/BuildingModules/DoorWindow01/SM_Window_Merged05,"{""AssetImportData"": ""[]""}"
/Game/ModulAbandJPSchool/Meshes/BuildingModules/Floor/SM_Floor_1x1,"{""AssetImportData"": ""[{ \""RelativeFilename\"" : \""H:/AbandonedJapaneseSchool/MeshExporter/SM.fbx\"", \""Timestamp\"" : \""1753777225\"", \""FileMD5\"" : \""32db26943214f12e64cc958c03a348b8\"", \""DisplayLabelName\"" : \""\"" }]""}"
/Game/ModulAbandJPSchool/Meshes/BuildingModules/Floor/SM_Floor_1x2,"{""AssetImportData"": ""[{ \""RelativeFilename\"" : \""H:/AbandonedJapaneseSchool/MeshExporter/SM.fbx\"", \""Timestamp\"" : \""1753777225\"", \""FileMD5\"" : \""32db26943214f12e64cc958c03a348b8\"", \""DisplayLabelName\"" : \""\"" }]""}"
/Game/ModulAbandJPSchool/Meshes/BuildingModules/Floor/SM_Floor_1x3,"{""AssetImportData"": ""[{ \""RelativeFilename\"" : \""H:/AbandonedJapaneseSchool/MeshExporter/SM.fbx\"", \""Timestamp\"" : \""1753777225\"", \""FileMD5\"" : \""32db26943214f12e64cc958c03a348b8\"", \""DisplayLabelName\"" : \""\"" }]""}"
/Game/ModulAbandJPSchool/Meshes/BuildingModules/Floor/SM_Floor_1x4,"{""AssetImportData"": ""[{ \""RelativeFilename\"" : \""H:/AbandonedJapaneseSchool/MeshExporter/SM.fbx\"", \""Timestamp\"" : \""1753777225\"", \""FileMD5\"" : \""32db26943214f12e64cc958c03a348b8\"", \""DisplayLabelName\"" : \""\"" }]""}"
/Game/ModulAbandJPSchool/Meshes/BuildingModules/Floor/SM_Floor_2x1,"{""AssetImportData"": ""[{ \""RelativeFilename\"" : \""H:/AbandonedJapaneseSchool/MeshExporter/SM.fbx\"", \""Timestamp\"" : \""1753777225\"", \""FileMD5\"" : \""32db26943214f12e64cc958c03a348b8\"", \""DisplayLabelName\"" : \""\"" }]""}"
/Game/ModulAbandJPSchool/Meshes/BuildingModules/Floor/SM_Floor_2x2,"{""AssetImportData"": ""[{ \""RelativeFilename\"" : \""H:/AbandonedJapaneseSchool/MeshExporter/SM.fbx\"", \""Timestamp\"" : \""1753777225\"", \""FileMD5\"" : \""32db26943214f12e64cc958c03a348b8\"", \""DisplayLabelName\"" : \""\"" }]""}"
/Game/ModulAbandJPSchool/Meshes/BuildingModules/Floor/SM_Floor_2x3,"{""AssetImportData"": ""[{ \""RelativeFilename\"" : \""H:/AbandonedJapaneseSchool/MeshExporter/SM.fbx\"", \""Timestamp\"" : \""1753777225\"", \""FileMD5\"" : \""32db26943214f12e64cc958c03a348b8\"", \""DisplayLabelName\"" : \""\"" }]""}"
/Game/ModulAbandJPSchool/Meshes/BuildingModules/Floor/SM_Floor_2x4,"{""AssetImportData"": ""[{ \""RelativeFilename\"" : \""H:/AbandonedJapaneseSchool/MeshExporter/SM.fbx\"", \""Timestamp\"" : \""1753777225\"", \""FileMD5\"" : \""32db26943214f12e64cc958c03a348b8\"", \""DisplayLabelName\"" : \""\"" }]""}"
/Game/ModulAbandJPSchool/Meshes/BuildingModules/Floor/SM_Floor_3x1,"{""AssetImportData"": ""[{ \""RelativeFilename\"" : \""H:/AbandonedJapaneseSchool/MeshExporter/SM.fbx\"", \""Timestamp\"" : \""1753777225\"", \""FileMD5\"" : \""32db26943214f12e64cc958c03a348b8\"", \""DisplayLabelName\"" : \""\"" }]""}"
/Game/ModulAbandJPSchool/Meshes/BuildingModules/Floor/SM_Floor_3x2,"{""AssetImportData"": ""[{ \""RelativeFilename\"" : \""H:/AbandonedJapaneseSchool/MeshExporter/SM.fbx\"", \""Timestamp\"" : \""1753777225\"", \""FileMD5\"" : \""32db26943214f12e64cc958c03a348b8\"", \""DisplayLabelName\"" : \""\"" }]""}"
/Game/ModulAbandJPSchool/Meshes/BuildingModules/Floor/SM_Floor_3x3,"{""AssetImportData"": ""[{ \""RelativeFilename\"" : \""H:/AbandonedJapaneseSchool/MeshExporter/SM.fbx\"", \""Timestamp\"" : \""1753777225\"", \""FileMD5\"" : \""32db26943214f12e64cc958c03a348b8\"", \""DisplayLabelName\"" : \""\"" }]""}"
/Game/ModulAbandJPSchool/Meshes/BuildingModules/Floor/SM_Floor_3x4,"{""AssetImportData"": ""[{ \""RelativeFilename\"" : \""H:/AbandonedJapaneseSchool/MeshExporter/SM.fbx\"", \""Timestamp\"" : \""1753777225\"", \""FileMD5\"" : \""32db26943214f12e64cc958c03a348b8\"", \""DisplayLabelName\"" : \""\"" }]""}"
/Game/ModulAbandJPSchool/Meshes/BuildingModules/Floor/SM_Floor_4x1,"{""AssetImportData"": ""[{ \""RelativeFilename\"" : \""H:/AbandonedJapaneseSchool/MeshExporter/SM.fbx\"", \""Timestamp\"" : \""1753777225\"", \""FileMD5\"" : \""32db26943214f12e64cc958c03a348b8\"", \""DisplayLabelName\"" : \""\"" }]""}"
/Game/ModulAbandJPSchool/Meshes/BuildingModules/Floor/SM_Floor_4x2,"{""AssetImportData"": ""[{ \""RelativeFilename\"" : \""H:/AbandonedJapaneseSchool/MeshExporter/SM.fbx\"", \""Timestamp\"" : \""1753777225\"", \""FileMD5\"" : \""32db26943214f12e64cc958c03a348b8\"", \""DisplayLabelName\"" : \""\"" }]""}"
/Game/ModulAbandJPSchool/Meshes/BuildingModules/Floor/SM_Floor_4x3,"{""AssetImportData"": ""[{ \""RelativeFilename\"" : \""H:/AbandonedJapaneseSchool/MeshExporter/SM.fbx\"", \""Timestamp\"" : \""1753777225\"", \""FileMD5\"" : \""32db26943214f12e64cc958c03a348b8\"", \""DisplayLabelName\"" : \""\"" }]""}"
/Game/ModulAbandJPSchool/Meshes/BuildingModules/Floor/SM_Floor_4x4,"{""AssetImportData"": ""[{ \""RelativeFilename\"" : \""H:/AbandonedJapaneseSchool/MeshExporter/SM.fbx\"", \""Timestamp\"" : \""1753777225\"", \""FileMD5\"" : \""32db26943214f12e64cc958c03a348b8\"", \""DisplayLabelName\"" : \""\"" }]""}"
/Game/ModulAbandJPSchool/Meshes/BuildingModules/Foundation/SM_Foundation6m,"{""AssetImportData"": ""[{ \""RelativeFilename\"" : \""H:/AbandonedJapaneseSchool/MeshExporter/SM.fbx\"", \""Timestamp\"" : \""1753726632\"", \""FileMD5\"" : \""c239f8ff1fc093b7952485cb8db010af\"", \""DisplayLabelName\"" : \""\"" }]""}"
/Game/ModulAbandJPSchool/Meshes/BuildingModules/Foundation/SM_Foundation_B,"{""AssetImportData"": ""[{ \""RelativeFilename\"" : \""H:/AbandonedJapaneseSchool/MeshExporter/SM.fbx\"", \""Timestamp\"" : \""1753551283\"", \""FileMD5\"" : \""2b19dc26b1f0f2db5d69a49d9646daae\"", \""DisplayLabelName\"" : \""\"" }]""}"
/Game/ModulAbandJPSchool/Meshes/BuildingModules/Foundation/SM_Foundation_C,"{""AssetImportData"": ""[{ \""RelativeFilename\"" : \""H:/AbandonedJapaneseSchool/MeshExporter/SM.fbx\"", \""Timestamp\"" : \""1753544004\"", \""FileMD5\"" : \""c923da50fcadf98d3ce62705136866eb\"", \""DisplayLabelName\"" : \""\"" }]""}"
/Game/ModulAbandJPSchool/Meshes/BuildingModules/Foundation/SM_Foundation_C2,"{""AssetImportData"": ""[{ \""RelativeFilename\"" : \""H:/AbandonedJapaneseSchool/MeshExporter/SM.fbx\"", \""Timestamp\"" : \""1756218545\"", \""FileMD5\"" : \""b144840b8e5b1f4d923c4c692af84e15\"", \""DisplayLabelName\"" : \""\"" }]""}"
/Game/ModulAbandJPSchool/Meshes/BuildingModules/Foundation/SM_Foundation_HA,"{""AssetImportData"": ""[{ \""RelativeFilename\"" : \""H:/AbandonedJapaneseSchool/MeshExporter/SM.fbx\"", \""Timestamp\"" : \""1753551473\"", \""FileMD5\"" : \""0c8df7e95dc8929e9b08bca601f0f2ca\"", \""DisplayLabelName\"" : \""\"" }]""}"
/Game/ModulAbandJPSchool/Meshes/BuildingModules/Foundation/SM_Foundation_HB,"{""AssetImportData"": ""[{ \""RelativeFilename\"" : \""H:/AbandonedJapaneseSchool/MeshExporter/SM.fbx\"", \""Timestamp\"" : \""1753551473\"", \""FileMD5\"" : \""0c8df7e95dc8929e9b08bca601f0f2ca\"", \""DisplayLabelName\"" : \""\"" }]""}"
/Game/ModulAbandJPSchool/Meshes/BuildingModules/Foundation/SM_Foundation_NC,"{""AssetImportData"": ""[{ \""RelativeFilename\"" : \""H:/AbandonedJapaneseSchool/MeshExporter/SM.fbx\"", \""Timestamp\"" : \""1753551473\"", \""FileMD5\"" : \""0c8df7e95dc8929e9b08bca601f0f2ca\"", \""DisplayLabelName\"" : \""\"" }]""}"
/Game/ModulAbandJPSchool/Meshes/BuildingModules/Foundation/SM_Foundation_NC2,"{""AssetImportData"": ""[{ \""RelativeFilename\"" : \""H:/AbandonedJapaneseSchool/MeshExporter/SM.fbx\"", \""Timestamp\"" : \""1753730906\"", \""FileMD5\"" : \""5dbc2b3705b7cd60ebe072490a36742c\"", \""DisplayLabelName\"" : \""\"" }]""}"
/Game/ModulAbandJPSchool/Meshes/BuildingModules/Gymnasium/SM_BasketballLayout,"{""AssetImportData"": ""[{ \""RelativeFilename\"" : \""H:/AbandonedJapaneseSchool/MeshExporter/SM_BasketballLayout.fbx\"", \""Timestamp\"" : \""1756232076\"", \""FileMD5\"" : \""a76d2eeca89188935e81f36b3de333c2\"", \""DisplayLabelName\"" : \""\"" }]""}"
/Game/ModulAbandJPSchool/Meshes/BuildingModules/Gymnasium/SM_Curtain,"{""AssetImportData"": ""[{ \""RelativeFilename\"" : \""H:/AbandonedJapaneseSchool/MeshExporter/SM.fbx\"", \""Timestamp\"" : \""1756151245\"", \""FileMD5\"" : \""c35bf506ded6996f00e3409d2e4ec124\"", \""DisplayLabelName\"" : \""\"" }]""}"
/Game/ModulAbandJPSchool/Meshes/BuildingModules/Gymnasium/SM_GymDoor01,"{""AssetImportData"": ""[{ \""RelativeFilename\"" : \""H:/AbandonedJapaneseSchool/MeshExporter/SM.fbx\"", \""Timestamp\"" : \""1756155662\"", \""FileMD5\"" : \""b8c500793787e9dc72f951c77b36e910\"", \""DisplayLabelName\"" : \""\"" }]""}"
/Game/ModulAbandJPSchool/Meshes/BuildingModules/Gymnasium/SM_GymDoor02,"{""AssetImportData"": ""[{ \""RelativeFilename\"" : \""H:/AbandonedJapaneseSchool/MeshExporter/SM.fbx\"", \""Timestamp\"" : \""1756155662\"", \""FileMD5\"" : \""b8c500793787e9dc72f951c77b36e910\"", \""DisplayLabelName\"" : \""\"" }]""}"
/Game/ModulAbandJPSchool/Meshes/BuildingModules/Gymnasium/SM_GymFloor,"{""AssetImportData"": ""[{ \""RelativeFilename\"" : \""H:/AbandonedJapaneseSchool/MeshExporter/SM.fbx\"", \""Timestamp\"" : \""1756111834\"", \""FileMD5\"" : \""a0c42ccb547b7081eecc25fe3ee49d03\"", \""DisplayLabelName\"" : \""\"" }]""}"
/Game/ModulAbandJPSchool/Meshes/BuildingModules/Gymnasium/SM_GymRoof_A,"{""AssetImportData"": ""[{ \""RelativeFilename\"" : \""H:/AbandonedJapaneseSchool/MeshExporter/SM.fbx\"", \""Timestamp\"" : \""1756114615\"", \""FileMD5\"" : \""cb89b0d84c96415ec63cdac0bdc950bf\"", \""DisplayLabelName\"" : \""\"" }]""}"
/Game/ModulAbandJPSchool/Meshes/BuildingModules/Gymnasium/SM_GymRoof_B,"{""AssetImportData"": ""[{ \""RelativeFilename\"" : \""H:/AbandonedJapaneseSchool/MeshExporter/SM.fbx\"", \""Timestamp\"" : \""1756114615\"", \""FileMD5\"" : \""cb89b0d84c96415ec63cdac0bdc950bf\"", \""DisplayLabelName\"" : \""\"" }]""}"
/Game/ModulAbandJPSchool/Meshes/BuildingModules/Gymnasium/SM_GymRoof_C,"{""AssetImportData"": ""[{ \""RelativeFilename\"" : \""H:/AbandonedJapaneseSchool/MeshExporter/SM.fbx\"", \""Timestamp\"" : \""1756072512\"", \""FileMD5\"" : \""82fcbdf6fa1f8ebded82e442a863aa3f\"", \""DisplayLabelName\"" : \""\"" }]""}"
/Game/ModulAbandJPSchool/Meshes/BuildingModules/Gymnasium/SM_GymWall_A,"{""AssetImportData"": ""[{ \""RelativeFilename\"" : \""H:/AbandonedJapaneseSchool/MeshExporter/SM.fbx\"", \""Timestamp\"" : \""1756068377\"", \""FileMD5\"" : \""73b40df734907be47a918a2af8d1b337\"", \""DisplayLabelName\"" : \""\"" }]""}"
/Game/ModulAbandJPSchool/Meshes/BuildingModules/Gymnasium/SM_GymWall_B,"{""AssetImportData"": ""[{ \""RelativeFilename\"" : \""H:/AbandonedJapaneseSchool/MeshExporter/SM.fbx\"", \""Timestamp\"" : \""1756068377\"", \""FileMD5\"" : \""73b40df734907be47a918a2af8d1b337\"", \""DisplayLabelName\"" : \""\"" }]""}"
/Game/ModulAbandJPSchool/Meshes/BuildingModules/Gymnasium/SM_GymWall_C,"{""AssetImportData"": ""[{ \""RelativeFilename\"" : \""H:/AbandonedJapaneseSchool/MeshExporter/SM.fbx\"", \""Timestamp\"" : \""1756112076\"", \""FileMD5\"" : \""a3c662dc09393d00e924923bf0117103\"", \""DisplayLabelName\"" : \""\"" }]""}"
/Game/ModulAbandJPSchool/Meshes/BuildingModules/Gymnasium/SM_GymWall_Corner,"{""AssetImportData"": ""[{ \""RelativeFilename\"" : \""H:/AbandonedJapaneseSchool/MeshExporter/SM.fbx\"", \""Timestamp\"" : \""1756117446\"", \""FileMD5\"" : \""0135c4292faa55ab955bcf6232c8eb6c\"", \""DisplayLabelName\"" : \""\"" }]""}"
/Game/ModulAbandJPSchool/Meshes/BuildingModules/Gymnasium/SM_GymWall_D,"{""AssetImportData"": ""[{ \""RelativeFilename\"" : \""H:/AbandonedJapaneseSchool/MeshExporter/SM.fbx\"", \""Timestamp\"" : \""1756110007\"", \""FileMD5\"" : \""48d55d4695a50a57baabb48051c02ddb\"", \""DisplayLabelName\"" : \""\"" }]""}"
/Game/ModulAbandJPSchool/Meshes/BuildingModules/Gymnasium/SM_HighBayLamp,"{""AssetImportData"": ""[{ \""RelativeFilename\"" : \""H:/AbandonedJapaneseSchool/MeshExporter/SM.fbx\"", \""Timestamp\"" : \""1756208483\"", \""FileMD5\"" : \""a4c110cd9745b5c94e537b46026195ab\"", \""DisplayLabelName\"" : \""\"" }]""}"
/Game/ModulAbandJPSchool/Meshes/BuildingModules/Gymnasium/SM_Stage,"{""AssetImportData"": ""[{ \""RelativeFilename\"" : \""H:/AbandonedJapaneseSchool/MeshExporter/SM.fbx\"", \""Timestamp\"" : \""1756151245\"", \""FileMD5\"" : \""c35bf506ded6996f00e3409d2e4ec124\"", \""DisplayLabelName\"" : \""\"" }]""}"
/Game/ModulAbandJPSchool/Meshes/BuildingModules/Gymnasium/SM_StageStairs,"{""AssetImportData"": ""[{ \""RelativeFilename\"" : \""H:/AbandonedJapaneseSchool/MeshExporter/SM.fbx\"", \""Timestamp\"" : \""1756151245\"", \""FileMD5\"" : \""c35bf506ded6996f00e3409d2e4ec124\"", \""DisplayLabelName\"" : \""\"" }]""}"
/Game/ModulAbandJPSchool/Meshes/BuildingModules/Gymnasium/SM_StageWall,"{""AssetImportData"": ""[{ \""RelativeFilename\"" : \""H:/AbandonedJapaneseSchool/MeshExporter/SM.fbx\"", \""Timestamp\"" : \""1756111289\"", \""FileMD5\"" : \""2cd57bde8c5486c9f23bdf2d8e0b48cd\"", \""DisplayLabelName\"" : \""\"" }]""}"
/Game/ModulAbandJPSchool/Meshes/BuildingModules/Gymnasium/SM_WallBars,"{""AssetImportData"": ""[{ \""RelativeFilename\"" : \""H:/AbandonedJapaneseSchool/MeshExporter/SM.fbx\"", \""Timestamp\"" : \""1756220073\"", \""FileMD5\"" : \""53252935957b62312d50240e92e0fe33\"", \""DisplayLabelName\"" : \""\"" }]""}"
/Game/ModulAbandJPSchool/Meshes/BuildingModules/HighDifConnector/SM_Wall_NC1,"{""AssetImportData"": ""[{ \""RelativeFilename\"" : \""H:/AbandonedJapaneseSchool/MeshExporter/SM.fbx\"", \""Timestamp\"" : \""1754331472\"", \""FileMD5\"" : \""deae04d62c211082e6ed3215e5a3f3ab\"", \""DisplayLabelName\"" : \""\"" }]""}"
/Game/ModulAbandJPSchool/Meshes/BuildingModules/HighDifConnector/SM_Wall_NC1B,"{""AssetImportData"": ""[{ \""RelativeFilename\"" : \""H:/AbandonedJapaneseSchool/MeshExporter/SM.fbx\"", \""Timestamp\"" : \""1754331472\"", \""FileMD5\"" : \""deae04d62c211082e6ed3215e5a3f3ab\"", \""DisplayLabelName\"" : \""\"" }]""}"
/Game/ModulAbandJPSchool/Meshes/BuildingModules/HighDifConnector/SM_Wall_NC2,"{""AssetImportData"": ""[{ \""RelativeFilename\"" : \""H:/AbandonedJapaneseSchool/MeshExporter/SM.fbx\"", \""Timestamp\"" : \""1753730833\"", \""FileMD5\"" : \""d3c2d98c3fecfa9bfc466a0b97c52bd6\"", \""DisplayLabelName\"" : \""\"" }]""}"
/Game/ModulAbandJPSchool/Meshes/BuildingModules/HighDifConnector/SM_Wall_NC2B,"{""AssetImportData"": ""[{ \""RelativeFilename\"" : \""H:/AbandonedJapaneseSchool/MeshExporter/SM_Wall_NC2B.fbx\"", \""Timestamp\"" : \""1753639384\"", \""FileMD5\"" : \""6bb9422ef77c63896eb63bf53aa4ba7c\"", \""DisplayLabelName\"" : \""\"" }]""}"
/Game/ModulAbandJPSchool/Meshes/BuildingModules/InteriorWalls/SM_Pole_I,"{""AssetImportData"": ""[{ \""RelativeFilename\"" : \""H:/AbandonedJapaneseSchool/MeshExporter/SM.fbx\"", \""Timestamp\"" : \""1753289256\"", \""FileMD5\"" : \""91dac3ff6450f753bbd8b0287586e845\"", \""DisplayLabelName\"" : \""\"" }]""}"
/Game/ModulAbandJPSchool/Meshes/BuildingModules/InteriorWalls/SM_Wall_EW0H,"{""AssetImportData"": ""[{ \""RelativeFilename\"" : \""H:/AbandonedJapaneseSchool/MeshExporter/SM_Wall_EW0H.fbx\"", \""Timestamp\"" : \""1755690947\"", \""FileMD5\"" : \""734cb198de41ec689222c8eb105e78a0\"", \""DisplayLabelName\"" : \""\"" }]""}"
/Game/ModulAbandJPSchool/Meshes/BuildingModules/InteriorWalls/SM_Wall_IB0,"{""AssetImportData"": ""[{ \""RelativeFilename\"" : \""H:/AbandonedJapaneseSchool/MeshExporter/SM.fbx\"", \""Timestamp\"" : \""1753731667\"", \""FileMD5\"" : \""248deafdcd143508a26d9a48b3da2a37\"", \""DisplayLabelName\"" : \""\"" }]""}"
/Game/ModulAbandJPSchool/Meshes/BuildingModules/InteriorWalls/SM_Wall_IB0_1M,"{""AssetImportData"": ""[{ \""RelativeFilename\"" : \""H:/AbandonedJapaneseSchool/MeshExporter/SM.fbx\"", \""Timestamp\"" : \""1753732051\"", \""FileMD5\"" : \""3bb0d76da72cea9bada0174d07853766\"", \""DisplayLabelName\"" : \""\"" }]""}"
/Game/ModulAbandJPSchool/Meshes/BuildingModules/InteriorWalls/SM_Wall_IB0_2M,"{""AssetImportData"": ""[{ \""RelativeFilename\"" : \""H:/AbandonedJapaneseSchool/MeshExporter/SM.fbx\"", \""Timestamp\"" : \""1753732051\"", \""FileMD5\"" : \""3bb0d76da72cea9bada0174d07853766\"", \""DisplayLabelName\"" : \""\"" }]""}"
/Game/ModulAbandJPSchool/Meshes/BuildingModules/InteriorWalls/SM_Wall_IB0_4M,"{""AssetImportData"": ""[{ \""RelativeFilename\"" : \""H:/AbandonedJapaneseSchool/MeshExporter/SM.fbx\"", \""Timestamp\"" : \""1755677016\"", \""FileMD5\"" : \""265787bd2b0f0a7421f8203b0f54d4ed\"", \""DisplayLabelName\"" : \""\"" }]""}"
/Game/ModulAbandJPSchool/Meshes/BuildingModules/InteriorWalls/SM_Wall_ID0,"{""AssetImportData"": ""[{ \""RelativeFilename\"" : \""H:/AbandonedJapaneseSchool/MeshExporter/SM.fbx\"", \""Timestamp\"" : \""1756219965\"", \""FileMD5\"" : \""b24e047a27799a2baff1ee3816a1619f\"", \""DisplayLabelName\"" : \""\"" }]""}"
/Game/ModulAbandJPSchool/Meshes/BuildingModules/InteriorWalls/SM_Wall_ID1,"{""AssetImportData"": ""[{ \""RelativeFilename\"" : \""H:/AbandonedJapaneseSchool/MeshExporter/SM.fbx\"", \""Timestamp\"" : \""1754302646\"", \""FileMD5\"" : \""44f85cee1db884b5083d2e5bf70b94cd\"", \""DisplayLabelName\"" : \""\"" }]""}"
/Game/ModulAbandJPSchool/Meshes/BuildingModules/TopLevelWalls/SM_Wall_C0,"{""AssetImportData"": ""[{ \""RelativeFilename\"" : \""H:/AbandonedJapaneseSchool/MeshExporter/SM.fbx\"", \""Timestamp\"" : \""1753776897\"", \""FileMD5\"" : \""30c83c36ffbca98c5eeb2c3cedd39770\"", \""DisplayLabelName\"" : \""\"" }]""}"
/Game/ModulAbandJPSchool/Meshes/BuildingModules/TopLevelWalls/SM_Wall_C1,"{""AssetImportData"": ""[{ \""RelativeFilename\"" : \""H:/AbandonedJapaneseSchool/MeshExporter/SM.fbx\"", \""Timestamp\"" : \""1754856914\"", \""FileMD5\"" : \""adc85cf82de3245db277faf2220a7636\"", \""DisplayLabelName\"" : \""\"" }]""}"
/Game/ModulAbandJPSchool/Meshes/BuildingModules/TopLevelWalls/SM_Wall_C2,"{""AssetImportData"": ""[{ \""RelativeFilename\"" : \""H:/AbandonedJapaneseSchool/MeshExporter/SM.fbx\"", \""Timestamp\"" : \""1754856914\"", \""FileMD5\"" : \""adc85cf82de3245db277faf2220a7636\"", \""DisplayLabelName\"" : \""\"" }]""}"
/Game/ModulAbandJPSchool/Meshes/BuildingModules/TopLevelWalls/SM_Wall_EB1,"{""AssetImportData"": ""[{ \""RelativeFilename\"" : \""H:/AbandonedJapaneseSchool/MeshExporter/SM.fbx\"", \""Timestamp\"" : \""1753614724\"", \""FileMD5\"" : \""f5a23b871af4cad795326165ef27bd7f\"", \""DisplayLabelName\"" : \""\"" }]""}"
/Game/ModulAbandJPSchool/Meshes/BuildingModules/TopLevelWalls/SM_Wall_EB2,"{""AssetImportData"": ""[{ \""RelativeFilename\"" : \""H:/AbandonedJapaneseSchool/MeshExporter/SM.fbx\"", \""Timestamp\"" : \""1753635816\"", \""FileMD5\"" : \""f5f1d6fc709a3d6db1ba3f80bdfe97b4\"", \""DisplayLabelName\"" : \""\"" }]""}"
/Game/ModulAbandJPSchool/Meshes/BuildingModules/TopLevelWalls/SM_Wall_EC1,"{""AssetImportData"": ""[{ \""RelativeFilename\"" : \""H:/AbandonedJapaneseSchool/MeshExporter/SM.fbx\"", \""Timestamp\"" : \""1753468559\"", \""FileMD5\"" : \""16ce1033994a6486dae3f46a3a2a4d68\"", \""DisplayLabelName\"" : \""\"" }]""}"
/Game/ModulAbandJPSchool/Meshes/BuildingModules/TopLevelWalls/SM_Wall_EC2,"{""AssetImportData"": ""[{ \""RelativeFilename\"" : \""H:/AbandonedJapaneseSchool/MeshExporter/SM.fbx\"", \""Timestamp\"" : \""1753635816\"", \""FileMD5\"" : \""f5f1d6fc709a3d6db1ba3f80bdfe97b4\"", \""DisplayLabelName\"" : \""\"" }]""}"
/Game/ModulAbandJPSchool/Meshes/BuildingModules/TopLevelWalls/SM_Wall_ED1,"{""AssetImportData"": ""[{ \""RelativeFilename\"" : \""H:/AbandonedJapaneseSchool/MeshExporter/SM.fbx\"", \""Timestamp\"" : \""1755976561\"", \""FileMD5\"" : \""23b07a688e063c8cc5ea2cc943d005bc\"", \""DisplayLabelName\"" : \""\"" }]""}"
/Game/ModulAbandJPSchool/Meshes/BuildingModules/TopLevelWalls/SM_Wall_ED2,"{""AssetImportData"": ""[{ \""RelativeFilename\"" : \""H:/AbandonedJapaneseSchool/MeshExporter/SM.fbx\"", \""Timestamp\"" : \""1755976197\"", \""FileMD5\"" : \""692792faf5b07969d1eccf8dd5eebeb3\"", \""DisplayLabelName\"" : \""\"" }]""}"
/Game/ModulAbandJPSchool/Meshes/BuildingModules/TopLevelWalls/SM_Wall_ED3,"{""AssetImportData"": ""[{ \""RelativeFilename\"" : \""H:/AbandonedJapaneseSchool/MeshExporter/SM.fbx\"", \""Timestamp\"" : \""1755676926\"", \""FileMD5\"" : \""d045ed5c61a9b4b7bd33730f70310386\"", \""DisplayLabelName\"" : \""\"" }]""}"
/Game/ModulAbandJPSchool/Meshes/BuildingModules/TopLevelWalls/SM_Wall_ED4,"{""AssetImportData"": ""[{ \""RelativeFilename\"" : \""H:/AbandonedJapaneseSchool/MeshExporter/SM.fbx\"", \""Timestamp\"" : \""1755976561\"", \""FileMD5\"" : \""23b07a688e063c8cc5ea2cc943d005bc\"", \""DisplayLabelName\"" : \""\"" }]""}"
/Game/ModulAbandJPSchool/Meshes/BuildingModules/TopLevelWalls/SM_Wall_EW1,"{""AssetImportData"": ""[{ \""RelativeFilename\"" : \""H:/AbandonedJapaneseSchool/MeshExporter/SM.fbx\"", \""Timestamp\"" : \""1753468559\"", \""FileMD5\"" : \""16ce1033994a6486dae3f46a3a2a4d68\"", \""DisplayLabelName\"" : \""\"" }]""}"
/Game/ModulAbandJPSchool/Meshes/BuildingModules/TopLevelWalls/SM_Wall_EW2,"{""AssetImportData"": ""[{ \""RelativeFilename\"" : \""H:/AbandonedJapaneseSchool/MeshExporter/SM.fbx\"", \""Timestamp\"" : \""1753635816\"", \""FileMD5\"" : \""f5f1d6fc709a3d6db1ba3f80bdfe97b4\"", \""DisplayLabelName\"" : \""\"" }]""}"
/Game/ModulAbandJPSchool/Meshes/BuildingModules/TopLevelWalls/SM_Wall_HA1,"{""AssetImportData"": ""[{ \""RelativeFilename\"" : \""H:/AbandonedJapaneseSchool/MeshExporter/SM.fbx\"", \""Timestamp\"" : \""1753549846\"", \""FileMD5\"" : \""18d20d1afeab4912fe6d5c10b8793654\"", \""DisplayLabelName\"" : \""\"" }]""}"
/Game/ModulAbandJPSchool/Meshes/BuildingModules/TopLevelWalls/SM_Wall_HB1,"{""AssetImportData"": ""[{ \""RelativeFilename\"" : \""H:/AbandonedJapaneseSchool/MeshExporter/SM.fbx\"", \""Timestamp\"" : \""1753549846\"", \""FileMD5\"" : \""18d20d1afeab4912fe6d5c10b8793654\"", \""DisplayLabelName\"" : \""\"" }]""}"
/Game/ModulAbandJPSchool/Meshes/BuildingModules/TopLevelWalls/SM_Wall_NC1,"{""AssetImportData"": ""[{ \""RelativeFilename\"" : \""H:/AbandonedJapaneseSchool/MeshExporter/SM.fbx\"", \""Timestamp\"" : \""1753547011\"", \""FileMD5\"" : \""911cd41a0a3cb25d40b1527b9e6700ec\"", \""DisplayLabelName\"" : \""\"" }]""}"
/Game/ModulAbandJPSchool/Meshes/BuildingModules/TopLevelWalls/SM_Wall_NC2,"{""AssetImportData"": ""[{ \""RelativeFilename\"" : \""H:/AbandonedJapaneseSchool/MeshExporter/SM.fbx\"", \""Timestamp\"" : \""1753732051\"", \""FileMD5\"" : \""3bb0d76da72cea9bada0174d07853766\"", \""DisplayLabelName\"" : \""\"" }]""}"
/Game/ModulAbandJPSchool/Meshes/BuildingModules/TopLevelWalls/SM_Wall_SB22x6,"{""AssetImportData"": ""[{ \""RelativeFilename\"" : \""H:/AbandonedJapaneseSchool/MeshExporter/SM.fbx\"", \""Timestamp\"" : \""1755677134\"", \""FileMD5\"" : \""1e733081b4f00a464aebb80764f17920\"", \""DisplayLabelName\"" : \""\"" }]""}"
/Game/ModulAbandJPSchool/Meshes/BuildingModules/TopLevelWalls/SM_Wall_SB32x6,"{""AssetImportData"": ""[{ \""RelativeFilename\"" : \""H:/AbandonedJapaneseSchool/MeshExporter/SM.fbx\"", \""Timestamp\"" : \""1753717215\"", \""FileMD5\"" : \""182aab3502c799f0cfbb70b279d75525\"", \""DisplayLabelName\"" : \""\"" }]""}"
/Game/ModulAbandJPSchool/Meshes/BuildingModules/Walls/SM_ExStairs,"{""AssetImportData"": ""[{ \""RelativeFilename\"" : \""H:/AbandonedJapaneseSchool/MeshExporter/SM.fbx\"", \""Timestamp\"" : \""1756290837\"", \""FileMD5\"" : \""123333b7a135b9ec5fc9ad53ef4af1d4\"", \""DisplayLabelName\"" : \""\"" }]""}"
/Game/ModulAbandJPSchool/Meshes/BuildingModules/Walls/SM_GenkanSill,"{""AssetImportData"": ""[{ \""RelativeFilename\"" : \""H:/AbandonedJapaneseSchool/MeshExporter/SM.fbx\"", \""Timestamp\"" : \""1753635259\"", \""FileMD5\"" : \""7f15b5f86b501d119b4a88a451a5a017\"", \""DisplayLabelName\"" : \""\"" }]""}"
/Game/ModulAbandJPSchool/Meshes/BuildingModules/Walls/SM_Pergola,"{""AssetImportData"": ""[{ \""RelativeFilename\"" : \""H:/AbandonedJapaneseSchool/MeshExporter/SM.fbx\"", \""Timestamp\"" : \""1756243020\"", \""FileMD5\"" : \""81acea45878352c914e71067cc90b55e\"", \""DisplayLabelName\"" : \""\"" }]""}"
/Game/ModulAbandJPSchool/Meshes/BuildingModules/Walls/SM_Wall_EB0,"{""AssetImportData"": ""[{ \""RelativeFilename\"" : \""H:/AbandonedJapaneseSchool/MeshExporter/SM.fbx\"", \""Timestamp\"" : \""1753468559\"", \""FileMD5\"" : \""16ce1033994a6486dae3f46a3a2a4d68\"", \""DisplayLabelName\"" : \""\"" }]""}"
/Game/ModulAbandJPSchool/Meshes/BuildingModules/Walls/SM_Wall_EC0,"{""AssetImportData"": ""[{ \""RelativeFilename\"" : \""H:/AbandonedJapaneseSchool/MeshExporter/SM.fbx\"", \""Timestamp\"" : \""1753468559\"", \""FileMD5\"" : \""16ce1033994a6486dae3f46a3a2a4d68\"", \""DisplayLabelName\"" : \""\"" }]""}"
/Game/ModulAbandJPSchool/Meshes/BuildingModules/Walls/SM_Wall_ECS,"{""AssetImportData"": ""[{ \""RelativeFilename\"" : \""H:/AbandonedJapaneseSchool/MeshExporter/SM.fbx\"", \""Timestamp\"" : \""1754857278\"", \""FileMD5\"" : \""fd3ad9082b7e2eac874286b2d59e93b5\"", \""DisplayLabelName\"" : \""\"" }]""}"
/Game/ModulAbandJPSchool/Meshes/BuildingModules/Walls/SM_Wall_ED0,"{""AssetImportData"": ""[{ \""RelativeFilename\"" : \""H:/AbandonedJapaneseSchool/MeshExporter/SM.fbx\"", \""Timestamp\"" : \""1755975961\"", \""FileMD5\"" : \""0737356e6beea75f8c11d7a9e7167dc2\"", \""DisplayLabelName\"" : \""\"" }]""}"
/Game/ModulAbandJPSchool/Meshes/BuildingModules/Walls/SM_Wall_EW0,"{""AssetImportData"": ""[{ \""RelativeFilename\"" : \""H:/AbandonedJapaneseSchool/MeshExporter/SM.fbx\"", \""Timestamp\"" : \""1753460793\"", \""FileMD5\"" : \""f39edaee4779b9b6dcd492e4581af843\"", \""DisplayLabelName\"" : \""\"" }]""}"
/Game/ModulAbandJPSchool/Meshes/BuildingModules/Walls/SM_Wall_HA,"{""AssetImportData"": ""[{ \""RelativeFilename\"" : \""H:/AbandonedJapaneseSchool/MeshExporter/SM.fbx\"", \""Timestamp\"" : \""1753549846\"", \""FileMD5\"" : \""18d20d1afeab4912fe6d5c10b8793654\"", \""DisplayLabelName\"" : \""\"" }]""}"
/Game/ModulAbandJPSchool/Meshes/BuildingModules/Walls/SM_Wall_HB0,"{""AssetImportData"": ""[{ \""RelativeFilename\"" : \""H:/AbandonedJapaneseSchool/MeshExporter/SM.fbx\"", \""Timestamp\"" : \""1753549846\"", \""FileMD5\"" : \""18d20d1afeab4912fe6d5c10b8793654\"", \""DisplayLabelName\"" : \""\"" }]""}"
/Game/ModulAbandJPSchool/Meshes/BuildingModules/Walls/SM_Wall_NC0,"{""AssetImportData"": ""[{ \""RelativeFilename\"" : \""H:/AbandonedJapaneseSchool/MeshExporter/SM.fbx\"", \""Timestamp\"" : \""1753547011\"", \""FileMD5\"" : \""911cd41a0a3cb25d40b1527b9e6700ec\"", \""DisplayLabelName\"" : \""\"" }]""}"
/Game/ModulAbandJPSchool/Meshes/BuildingModules/Walls/SM_Wall_SB02x6,"{""AssetImportData"": ""[{ \""RelativeFilename\"" : \""H:/AbandonedJapaneseSchool/MeshExporter/SM.fbx\"", \""Timestamp\"" : \""1753716655\"", \""FileMD5\"" : \""044d3a89e3a822d5f21440c0a5ddeafc\"", \""DisplayLabelName\"" : \""\"" }]""}"
/Game/ModulAbandJPSchool/Meshes/BuildingModules/Walls/SM_Wall_SB04x6,"{""AssetImportData"": ""[{ \""RelativeFilename\"" : \""H:/AbandonedJapaneseSchool/MeshExporter/SM.fbx\"", \""Timestamp\"" : \""1753716860\"", \""FileMD5\"" : \""221cebc70c5a9f25bb2455500d2d60c5\"", \""DisplayLabelName\"" : \""\"" }]""}"
/Game/ModulAbandJPSchool/Meshes/BuildingModules/Walls/SM_Wall_SW02x6,"{""AssetImportData"": ""[{ \""RelativeFilename\"" : \""H:/AbandonedJapaneseSchool/MeshExporter/SM.fbx\"", \""Timestamp\"" : \""1753717091\"", \""FileMD5\"" : \""cef80792ed1c467721cdbf2a4022d987\"", \""DisplayLabelName\"" : \""\"" }]""}"
/Game/ModulAbandJPSchool/Meshes/Props/SM_Blackboard15B,"{""AssetImportData"": ""[{ \""RelativeFilename\"" : \""H:/AbandonedJapaneseSchool/MeshExporter/SM.fbx\"", \""Timestamp\"" : \""1754509766\"", \""FileMD5\"" : \""e573a151cb1145325503883efb0ade96\"", \""DisplayLabelName\"" : \""\"" }]""}"
/Game/ModulAbandJPSchool/Meshes/Props/SM_Blackboard15m,"{""AssetImportData"": ""[{ \""RelativeFilename\"" : \""H:/AbandonedJapaneseSchool/MeshExporter/SM.fbx\"", \""Timestamp\"" : \""1754334436\"", \""FileMD5\"" : \""dbcacd45a505c9992241c3a966ac7197\"", \""DisplayLabelName\"" : \""\"" }]""}"
/Game/ModulAbandJPSchool/Meshes/Props/SM_Blackboard4M,"{""AssetImportData"": ""[{ \""RelativeFilename\"" : \""H:/AbandonedJapaneseSchool/MeshExporter/SM.fbx\"", \""Timestamp\"" : \""1754334436\"", \""FileMD5\"" : \""dbcacd45a505c9992241c3a966ac7197\"", \""DisplayLabelName\"" : \""\"" }]""}"
/Game/ModulAbandJPSchool/Meshes/Props/SM_BookShelf01,"{""AssetImportData"": ""[{ \""RelativeFilename\"" : \""H:/AbandonedJapaneseSchool/MeshExporter/SM.fbx\"", \""Timestamp\"" : \""1755972539\"", \""FileMD5\"" : \""96be3a65f1195ec1bceed7ff023f4621\"", \""DisplayLabelName\"" : \""\"" }]""}"
/Game/ModulAbandJPSchool/Meshes/Props/SM_BookShelf02,"{""AssetImportData"": ""[{ \""RelativeFilename\"" : \""H:/AbandonedJapaneseSchool/MeshExporter/SM.fbx\"", \""Timestamp\"" : \""1755972539\"", \""FileMD5\"" : \""96be3a65f1195ec1bceed7ff023f4621\"", \""DisplayLabelName\"" : \""\"" }]""}"
/Game/ModulAbandJPSchool/Meshes/Props/SM_BookShelf03,"{""AssetImportData"": ""[{ \""RelativeFilename\"" : \""H:/AbandonedJapaneseSchool/MeshExporter/SM.fbx\"", \""Timestamp\"" : \""1755972539\"", \""FileMD5\"" : \""96be3a65f1195ec1bceed7ff023f4621\"", \""DisplayLabelName\"" : \""\"" }]""}"
/Game/ModulAbandJPSchool/Meshes/Props/SM_BookShelf04,"{""AssetImportData"": ""[{ \""RelativeFilename\"" : \""H:/AbandonedJapaneseSchool/MeshExporter/SM.fbx\"", \""Timestamp\"" : \""1755972539\"", \""FileMD5\"" : \""96be3a65f1195ec1bceed7ff023f4621\"", \""DisplayLabelName\"" : \""\"" }]""}"
/Game/ModulAbandJPSchool/Meshes/Props/SM_BroadcastSystem,"{""AssetImportData"": ""[{ \""RelativeFilename\"" : \""H:/AbandonedJapaneseSchool/MeshExporter/SM.fbx\"", \""Timestamp\"" : \""1755503054\"", \""FileMD5\"" : \""57bba56c2cfda821323b98f129583ed1\"", \""DisplayLabelName\"" : \""\"" }]""}"
/Game/ModulAbandJPSchool/Meshes/Props/SM_Cabinet01,"{""AssetImportData"": ""[{ \""RelativeFilename\"" : \""H:/AbandonedJapaneseSchool/MeshExporter/SM.fbx\"", \""Timestamp\"" : \""1754509766\"", \""FileMD5\"" : \""e573a151cb1145325503883efb0ade96\"", \""DisplayLabelName\"" : \""\"" }]""}"
/Game/ModulAbandJPSchool/Meshes/Props/SM_Cabinet02,"{""AssetImportData"": ""[{ \""RelativeFilename\"" : \""H:/AbandonedJapaneseSchool/MeshExporter/SM.fbx\"", \""Timestamp\"" : \""1754667468\"", \""FileMD5\"" : \""09ee99bebb8bccd38dd871f6496957a0\"", \""DisplayLabelName\"" : \""\"" }]""}"
/Game/ModulAbandJPSchool/Meshes/Props/SM_Cabinet02_Door,"{""AssetImportData"": ""[{ \""RelativeFilename\"" : \""H:/AbandonedJapaneseSchool/MeshExporter/SM.fbx\"", \""Timestamp\"" : \""1754667468\"", \""FileMD5\"" : \""09ee99bebb8bccd38dd871f6496957a0\"", \""DisplayLabelName\"" : \""\"" }]""}"
/Game/ModulAbandJPSchool/Meshes/Props/SM_Cabinet02_DoorGlass,"{""AssetImportData"": ""[{ \""RelativeFilename\"" : \""H:/AbandonedJapaneseSchool/MeshExporter/SM.fbx\"", \""Timestamp\"" : \""1754667468\"", \""FileMD5\"" : \""09ee99bebb8bccd38dd871f6496957a0\"", \""DisplayLabelName\"" : \""\"" }]""}"
/Game/ModulAbandJPSchool/Meshes/Props/SM_Cabinet02_DoorGlassBroken,"{""AssetImportData"": ""[{ \""RelativeFilename\"" : \""H:/AbandonedJapaneseSchool/MeshExporter/SM.fbx\"", \""Timestamp\"" : \""1754667468\"", \""FileMD5\"" : \""09ee99bebb8bccd38dd871f6496957a0\"", \""DisplayLabelName\"" : \""\"" }]""}"
/Game/ModulAbandJPSchool/Meshes/Props/SM_Cabinet03,"{""AssetImportData"": ""[{ \""RelativeFilename\"" : \""H:/AbandonedJapaneseSchool/MeshExporter/SM.fbx\"", \""Timestamp\"" : \""1754853032\"", \""FileMD5\"" : \""09f38a5289dc781228beed10869a1299\"", \""DisplayLabelName\"" : \""\"" }]""}"
/Game/ModulAbandJPSchool/Meshes/Props/SM_Cabinet03Door,"{""AssetImportData"": ""[{ \""RelativeFilename\"" : \""H:/AbandonedJapaneseSchool/MeshExporter/SM.fbx\"", \""Timestamp\"" : \""1754853032\"", \""FileMD5\"" : \""09f38a5289dc781228beed10869a1299\"", \""DisplayLabelName\"" : \""\"" }]""}"
/Game/ModulAbandJPSchool/Meshes/Props/SM_CampingTable,"{""AssetImportData"": ""[{ \""RelativeFilename\"" : \""H:/AbandonedJapaneseSchool/MeshExporter/SM.fbx\"", \""Timestamp\"" : \""1754853032\"", \""FileMD5\"" : \""09f38a5289dc781228beed10869a1299\"", \""DisplayLabelName\"" : \""\"" }]""}"
/Game/ModulAbandJPSchool/Meshes/Props/SM_CampingTableBroken,"{""AssetImportData"": ""[{ \""RelativeFilename\"" : \""H:/AbandonedJapaneseSchool/MeshExporter/SM.fbx\"", \""Timestamp\"" : \""1754853032\"", \""FileMD5\"" : \""09f38a5289dc781228beed10869a1299\"", \""DisplayLabelName\"" : \""\"" }]""}"
/Game/ModulAbandJPSchool/Meshes/Props/SM_CeilingLight01,"{""AssetImportData"": ""[{ \""RelativeFilename\"" : \""H:/AbandonedJapaneseSchool/MeshExporter/SM.fbx\"", \""Timestamp\"" : \""1753972958\"", \""FileMD5\"" : \""8a301b1a6fc3df091888f09e78a78d7c\"", \""DisplayLabelName\"" : \""\"" }]""}"
/Game/ModulAbandJPSchool/Meshes/Props/SM_CeilingLight02,"{""AssetImportData"": ""[{ \""RelativeFilename\"" : \""H:/AbandonedJapaneseSchool/MeshExporter/SM.fbx\"", \""Timestamp\"" : \""1753972958\"", \""FileMD5\"" : \""8a301b1a6fc3df091888f09e78a78d7c\"", \""DisplayLabelName\"" : \""\"" }]""}"
/Game/ModulAbandJPSchool/Meshes/Props/SM_CeilingLight03,"{""AssetImportData"": ""[{ \""RelativeFilename\"" : \""H:/AbandonedJapaneseSchool/MeshExporter/SM.fbx\"", \""Timestamp\"" : \""1753972958\"", \""FileMD5\"" : \""8a301b1a6fc3df091888f09e78a78d7c\"", \""DisplayLabelName\"" : \""\"" }]""}"
/Game/ModulAbandJPSchool/Meshes/Props/SM_CircuitBraker,"{""AssetImportData"": ""[{ \""RelativeFilename\"" : \""H:/AbandonedJapaneseSchool/MeshExporter/SM.fbx\"", \""Timestamp\"" : \""1755503054\"", \""FileMD5\"" : \""57bba56c2cfda821323b98f129583ed1\"", \""DisplayLabelName\"" : \""\"" }]""}"
/Game/ModulAbandJPSchool/Meshes/Props/SM_Clock,"{""AssetImportData"": ""[{ \""RelativeFilename\"" : \""H:/AbandonedJapaneseSchool/MeshExporter/SM.fbx\"", \""Timestamp\"" : \""1755676374\"", \""FileMD5\"" : \""ffff2f41a7f985bdb046cc352de1135e\"", \""DisplayLabelName\"" : \""\"" }]""}"
/Game/ModulAbandJPSchool/Meshes/Props/SM_ClockBHand,"{""AssetImportData"": ""[{ \""RelativeFilename\"" : \""H:/AbandonedJapaneseSchool/MeshExporter/SM.fbx\"", \""Timestamp\"" : \""1754768451\"", \""FileMD5\"" : \""475452cf70001117a85cfadef277d34e\"", \""DisplayLabelName\"" : \""\"" }]""}"
/Game/ModulAbandJPSchool/Meshes/Props/SM_ClockSHand,"{""AssetImportData"": ""[{ \""RelativeFilename\"" : \""H:/AbandonedJapaneseSchool/MeshExporter/SM.fbx\"", \""Timestamp\"" : \""1754768451\"", \""FileMD5\"" : \""475452cf70001117a85cfadef277d34e\"", \""DisplayLabelName\"" : \""\"" }]""}"
/Game/ModulAbandJPSchool/Meshes/Props/SM_Computer,"{""AssetImportData"": ""[{ \""RelativeFilename\"" : \""H:/AbandonedJapaneseSchool/MeshExporter/SM.fbx\"", \""Timestamp\"" : \""1755625262\"", \""FileMD5\"" : \""4350f0e81dd485e01d2b19d0daf63f76\"", \""DisplayLabelName\"" : \""\"" }]""}"
/Game/ModulAbandJPSchool/Meshes/Props/SM_ComputerDesk,"{""AssetImportData"": ""[{ \""RelativeFilename\"" : \""H:/AbandonedJapaneseSchool/MeshExporter/SM.fbx\"", \""Timestamp\"" : \""1755716259\"", \""FileMD5\"" : \""4ddc51bad7b2a2b7753b3bdbd78d561e\"", \""DisplayLabelName\"" : \""\"" }]""}"
/Game/ModulAbandJPSchool/Meshes/Props/SM_ExitSign,"{""AssetImportData"": ""[{ \""RelativeFilename\"" : \""H:/AbandonedJapaneseSchool/MeshExporter/SM.fbx\"", \""Timestamp\"" : \""1755079959\"", \""FileMD5\"" : \""821abeca005deac0cabafd4e2801b8dc\"", \""DisplayLabelName\"" : \""\"" }]""}"
/Game/ModulAbandJPSchool/Meshes/Props/SM_FireHidrant,"{""AssetImportData"": ""[{ \""RelativeFilename\"" : \""H:/AbandonedJapaneseSchool/MeshExporter/SM.fbx\"", \""Timestamp\"" : \""1755079080\"", \""FileMD5\"" : \""c17b450c17bab01df9f6c33fdcf8f5f8\"", \""DisplayLabelName\"" : \""\"" }]""}"
/Game/ModulAbandJPSchool/Meshes/Props/SM_Gutter1,"{""AssetImportData"": ""[{ \""RelativeFilename\"" : \""H:/AbandonedJapaneseSchool/MeshExporter/SM.fbx\"", \""Timestamp\"" : \""1753990220\"", \""FileMD5\"" : \""c955dbe5458859175af1c679596df785\"", \""DisplayLabelName\"" : \""\"" }]""}"
/Game/ModulAbandJPSchool/Meshes/Props/SM_Gutter2,"{""AssetImportData"": ""[{ \""RelativeFilename\"" : \""H:/AbandonedJapaneseSchool/MeshExporter/SM.fbx\"", \""Timestamp\"" : \""1753990220\"", \""FileMD5\"" : \""c955dbe5458859175af1c679596df785\"", \""DisplayLabelName\"" : \""\"" }]""}"
/Game/ModulAbandJPSchool/Meshes/Props/SM_Keytable,"{""AssetImportData"": ""[{ \""RelativeFilename\"" : \""H:/AbandonedJapaneseSchool/MeshExporter/SM.fbx\"", \""Timestamp\"" : \""1754509766\"", \""FileMD5\"" : \""e573a151cb1145325503883efb0ade96\"", \""DisplayLabelName\"" : \""\"" }]""}"
/Game/ModulAbandJPSchool/Meshes/Props/SM_LightSwitch1,"{""AssetImportData"": ""[{ \""RelativeFilename\"" : \""H:/AbandonedJapaneseSchool/MeshExporter/SM.fbx\"", \""Timestamp\"" : \""1755716259\"", \""FileMD5\"" : \""4ddc51bad7b2a2b7753b3bdbd78d561e\"", \""DisplayLabelName\"" : \""\"" }]""}"
/Game/ModulAbandJPSchool/Meshes/Props/SM_LightSwitch2,"{""AssetImportData"": ""[{ \""RelativeFilename\"" : \""H:/AbandonedJapaneseSchool/MeshExporter/SM.fbx\"", \""Timestamp\"" : \""1755716259\"", \""FileMD5\"" : \""4ddc51bad7b2a2b7753b3bdbd78d561e\"", \""DisplayLabelName\"" : \""\"" }]""}"
/Game/ModulAbandJPSchool/Meshes/Props/SM_Monitor,"{""AssetImportData"": ""[{ \""RelativeFilename\"" : \""H:/AbandonedJapaneseSchool/MeshExporter/SM.fbx\"", \""Timestamp\"" : \""1755625262\"", \""FileMD5\"" : \""4350f0e81dd485e01d2b19d0daf63f76\"", \""DisplayLabelName\"" : \""\"" }]""}"
/Game/ModulAbandJPSchool/Meshes/Props/SM_OfficeChair,"{""AssetImportData"": ""[{ \""RelativeFilename\"" : \""H:/AbandonedJapaneseSchool/MeshExporter/SM_OfficeChair.fbx\"", \""Timestamp\"" : \""1754733038\"", \""FileMD5\"" : \""bb30a28b20ac27037144be22668109f8\"", \""DisplayLabelName\"" : \""\"" }]""}"
/Game/ModulAbandJPSchool/Meshes/Props/SM_OfficeDesk,"{""AssetImportData"": ""[{ \""RelativeFilename\"" : \""H:/AbandonedJapaneseSchool/MeshExporter/SM.fbx\"", \""Timestamp\"" : \""1754249611\"", \""FileMD5\"" : \""250048d1c7a4d61e4326dd7f63e39865\"", \""DisplayLabelName\"" : \""\"" }]""}"
/Game/ModulAbandJPSchool/Meshes/Props/SM_OfficeDeskDrawer01,"{""AssetImportData"": ""[{ \""RelativeFilename\"" : \""H:/AbandonedJapaneseSchool/MeshExporter/SM.fbx\"", \""Timestamp\"" : \""1754335119\"", \""FileMD5\"" : \""09b2917f5556330cadaacf04d3c026b0\"", \""DisplayLabelName\"" : \""\"" }]""}"
/Game/ModulAbandJPSchool/Meshes/Props/SM_OfficeDeskDrawer02,"{""AssetImportData"": ""[{ \""RelativeFilename\"" : \""H:/AbandonedJapaneseSchool/MeshExporter/SM.fbx\"", \""Timestamp\"" : \""1754335119\"", \""FileMD5\"" : \""09b2917f5556330cadaacf04d3c026b0\"", \""DisplayLabelName\"" : \""\"" }]""}"
/Game/ModulAbandJPSchool/Meshes/Props/SM_PC,"{""AssetImportData"": ""[{ \""RelativeFilename\"" : \""H:/AbandonedJapaneseSchool/MeshExporter/SM.fbx\"", \""Timestamp\"" : \""1755625262\"", \""FileMD5\"" : \""4350f0e81dd485e01d2b19d0daf63f76\"", \""DisplayLabelName\"" : \""\"" }]""}"
/Game/ModulAbandJPSchool/Meshes/Props/SM_SchoolChair,"{""AssetImportData"": ""[{ \""RelativeFilename\"" : \""H:/AbandonedJapaneseSchool/MeshExporter/SM.fbx\"", \""Timestamp\"" : \""1754162697\"", \""FileMD5\"" : \""5f18a6b1338a0240af0e57b09e01b0ea\"", \""DisplayLabelName\"" : \""\"" }]""}"
/Game/ModulAbandJPSchool/Meshes/Props/SM_SchoolDesk,"{""AssetImportData"": ""[{ \""RelativeFilename\"" : \""H:/AbandonedJapaneseSchool/MeshExporter/SM.fbx\"", \""Timestamp\"" : \""1754162697\"", \""FileMD5\"" : \""5f18a6b1338a0240af0e57b09e01b0ea\"", \""DisplayLabelName\"" : \""\"" }]""}"
/Game/ModulAbandJPSchool/Meshes/Props/SM_ShoeCabinet01,"{""AssetImportData"": ""[{ \""RelativeFilename\"" : \""H:/AbandonedJapaneseSchool/MeshExporter/SM.fbx\"", \""Timestamp\"" : \""1753876285\"", \""FileMD5\"" : \""1073190e19dcd2631221bfdebb3b6c7d\"", \""DisplayLabelName\"" : \""\"" }]""}"
/Game/ModulAbandJPSchool/Meshes/Props/SM_ShoeCabinet02,"{""AssetImportData"": ""[{ \""RelativeFilename\"" : \""H:/AbandonedJapaneseSchool/MeshExporter/SM.fbx\"", \""Timestamp\"" : \""1753876285\"", \""FileMD5\"" : \""1073190e19dcd2631221bfdebb3b6c7d\"", \""DisplayLabelName\"" : \""\"" }]""}"
/Game/ModulAbandJPSchool/Meshes/Props/SM_Speaker01,"{""AssetImportData"": ""[{ \""RelativeFilename\"" : \""H:/AbandonedJapaneseSchool/MeshExporter/SM.fbx\"", \""Timestamp\"" : \""1755676240\"", \""FileMD5\"" : \""dc9ee07d911642483d3ea20df80295b9\"", \""DisplayLabelName\"" : \""\"" }]""}"
/Game/ModulAbandJPSchool/Meshes/Props/SM_Speaker02,"{""AssetImportData"": ""[{ \""RelativeFilename\"" : \""H:/AbandonedJapaneseSchool/MeshExporter/SM.fbx\"", \""Timestamp\"" : \""1754509766\"", \""FileMD5\"" : \""e573a151cb1145325503883efb0ade96\"", \""DisplayLabelName\"" : \""\"" }]""}"
/Game/ModulAbandJPSchool/Meshes/Props/SM_WallCabinet01,"{""AssetImportData"": ""[{ \""RelativeFilename\"" : \""H:/AbandonedJapaneseSchool/MeshExporter/SM.fbx\"", \""Timestamp\"" : \""1755079080\"", \""FileMD5\"" : \""c17b450c17bab01df9f6c33fdcf8f5f8\"", \""DisplayLabelName\"" : \""\"" }]""}"
/Game/ModulAbandJPSchool/Meshes/Props/SM_WallClock,"{""AssetImportData"": ""[{ \""RelativeFilename\"" : \""H:/AbandonedJapaneseSchool/MeshExporter/SM.fbx\"", \""Timestamp\"" : \""1755676425\"", \""FileMD5\"" : \""34efbc0baf684195c16bc8b2de97c8dd\"", \""DisplayLabelName\"" : \""\"" }]""}"
/Game/ModulAbandJPSchool/Meshes/Props/SM_Whiteboard,"{""AssetImportData"": ""[{ \""RelativeFilename\"" : \""H:/AbandonedJapaneseSchool/MeshExporter/SM.fbx\"", \""Timestamp\"" : \""1755944619\"", \""FileMD5\"" : \""5290ce16f83f63bc4e7522cac40ff420\"", \""DisplayLabelName\"" : \""\"" }]""}"
/Game/ModulAbandJPSchool/Meshes/Props/Books/SM_Binder1,"{""AssetImportData"": ""[{ \""RelativeFilename\"" : \""H:/AbandonedJapaneseSchool/MeshExporter/SM.fbx\"", \""Timestamp\"" : \""1755944619\"", \""FileMD5\"" : \""5290ce16f83f63bc4e7522cac40ff420\"", \""DisplayLabelName\"" : \""\"" }]""}"
/Game/ModulAbandJPSchool/Meshes/Props/Books/SM_Binder2,"{""AssetImportData"": ""[{ \""RelativeFilename\"" : \""H:/AbandonedJapaneseSchool/MeshExporter/SM.fbx\"", \""Timestamp\"" : \""1755944619\"", \""FileMD5\"" : \""5290ce16f83f63bc4e7522cac40ff420\"", \""DisplayLabelName\"" : \""\"" }]""}"
/Game/ModulAbandJPSchool/Meshes/Props/Books/SM_Binder3,"{""AssetImportData"": ""[{ \""RelativeFilename\"" : \""H:/AbandonedJapaneseSchool/MeshExporter/SM.fbx\"", \""Timestamp\"" : \""1755944619\"", \""FileMD5\"" : \""5290ce16f83f63bc4e7522cac40ff420\"", \""DisplayLabelName\"" : \""\"" }]""}"
/Game/ModulAbandJPSchool/Meshes/Props/Books/SM_Binder4,"{""AssetImportData"": ""[{ \""RelativeFilename\"" : \""H:/AbandonedJapaneseSchool/MeshExporter/SM.fbx\"", \""Timestamp\"" : \""1755944619\"", \""FileMD5\"" : \""5290ce16f83f63bc4e7522cac40ff420\"", \""DisplayLabelName\"" : \""\"" }]""}"
/Game/ModulAbandJPSchool/Meshes/Props/Books/SM_Book01,"{""AssetImportData"": ""[{ \""RelativeFilename\"" : \""H:/AbandonedJapaneseSchool/MeshExporter/SM.fbx\"", \""Timestamp\"" : \""1755944619\"", \""FileMD5\"" : \""5290ce16f83f63bc4e7522cac40ff420\"", \""DisplayLabelName\"" : \""\"" }]""}"
/Game/ModulAbandJPSchool/Meshes/Props/Books/SM_Book02,"{""AssetImportData"": ""[{ \""RelativeFilename\"" : \""H:/AbandonedJapaneseSchool/MeshExporter/SM.fbx\"", \""Timestamp\"" : \""1755944619\"", \""FileMD5\"" : \""5290ce16f83f63bc4e7522cac40ff420\"", \""DisplayLabelName\"" : \""\"" }]""}"
/Game/ModulAbandJPSchool/Meshes/Props/Books/SM_Book03,"{""AssetImportData"": ""[{ \""RelativeFilename\"" : \""H:/AbandonedJapaneseSchool/MeshExporter/SM.fbx\"", \""Timestamp\"" : \""1755944619\"", \""FileMD5\"" : \""5290ce16f83f63bc4e7522cac40ff420\"", \""DisplayLabelName\"" : \""\"" }]""}"
/Game/ModulAbandJPSchool/Meshes/Props/Books/SM_Book04,"{""AssetImportData"": ""[{ \""RelativeFilename\"" : \""H:/AbandonedJapaneseSchool/MeshExporter/SM.fbx\"", \""Timestamp\"" : \""1755944619\"", \""FileMD5\"" : \""5290ce16f83f63bc4e7522cac40ff420\"", \""DisplayLabelName\"" : \""\"" }]""}"
/Game/ModulAbandJPSchool/Meshes/Props/Books/SM_Books01,"{""AssetImportData"": ""[{ \""RelativeFilename\"" : \""H:/AbandonedJapaneseSchool/MeshExporter/SM.fbx\"", \""Timestamp\"" : \""1755944619\"", \""FileMD5\"" : \""5290ce16f83f63bc4e7522cac40ff420\"", \""DisplayLabelName\"" : \""\"" }]""}"
/Game/ModulAbandJPSchool/Meshes/Props/Books/SM_Books02,"{""AssetImportData"": ""[{ \""RelativeFilename\"" : \""H:/AbandonedJapaneseSchool/MeshExporter/SM.fbx\"", \""Timestamp\"" : \""1755944619\"", \""FileMD5\"" : \""5290ce16f83f63bc4e7522cac40ff420\"", \""DisplayLabelName\"" : \""\"" }]""}"
/Game/ModulAbandJPSchool/Meshes/Props/Books/SM_Books03,"{""AssetImportData"": ""[{ \""RelativeFilename\"" : \""H:/AbandonedJapaneseSchool/MeshExporter/SM.fbx\"", \""Timestamp\"" : \""1755944619\"", \""FileMD5\"" : \""5290ce16f83f63bc4e7522cac40ff420\"", \""DisplayLabelName\"" : \""\"" }]""}"
/Game/ModulAbandJPSchool/Meshes/Props/Books/SM_Books04,"{""AssetImportData"": ""[{ \""RelativeFilename\"" : \""H:/AbandonedJapaneseSchool/MeshExporter/SM.fbx\"", \""Timestamp\"" : \""1755944619\"", \""FileMD5\"" : \""5290ce16f83f63bc4e7522cac40ff420\"", \""DisplayLabelName\"" : \""\"" }]""}"
/Game/ModulAbandJPSchool/Meshes/Props/Books/SM_Books05,"{""AssetImportData"": ""[{ \""RelativeFilename\"" : \""H:/AbandonedJapaneseSchool/MeshExporter/SM.fbx\"", \""Timestamp\"" : \""1755944619\"", \""FileMD5\"" : \""5290ce16f83f63bc4e7522cac40ff420\"", \""DisplayLabelName\"" : \""\"" }]""}"
/Game/ModulAbandJPSchool/Meshes/Props/CardboardBoxes/SM_CardboardBox01A,"{""AssetImportData"": ""[{ \""RelativeFilename\"" : \""H:/AbandonedJapaneseSchool/MeshExporter/SM.fbx\"", \""Timestamp\"" : \""1755286417\"", \""FileMD5\"" : \""6408f6c71298280dd25360bb0ec56844\"", \""DisplayLabelName\"" : \""\"" }]""}"
/Game/ModulAbandJPSchool/Meshes/Props/CardboardBoxes/SM_CardboardBox01B,"{""AssetImportData"": ""[{ \""RelativeFilename\"" : \""H:/AbandonedJapaneseSchool/MeshExporter/SM.fbx\"", \""Timestamp\"" : \""1755286417\"", \""FileMD5\"" : \""6408f6c71298280dd25360bb0ec56844\"", \""DisplayLabelName\"" : \""\"" }]""}"
/Game/ModulAbandJPSchool/Meshes/Props/CardboardBoxes/SM_CardboardBox01C,"{""AssetImportData"": ""[{ \""RelativeFilename\"" : \""H:/AbandonedJapaneseSchool/MeshExporter/SM.fbx\"", \""Timestamp\"" : \""1755286417\"", \""FileMD5\"" : \""6408f6c71298280dd25360bb0ec56844\"", \""DisplayLabelName\"" : \""\"" }]""}"
/Game/ModulAbandJPSchool/Meshes/Props/CardboardBoxes/SM_CardboardBox01D,"{""AssetImportData"": ""[{ \""RelativeFilename\"" : \""H:/AbandonedJapaneseSchool/MeshExporter/SM.fbx\"", \""Timestamp\"" : \""1755286417\"", \""FileMD5\"" : \""6408f6c71298280dd25360bb0ec56844\"", \""DisplayLabelName\"" : \""\"" }]""}"
/Game/ModulAbandJPSchool/Meshes/Props/CardboardBoxes/SM_CardboardBox02A,"{""AssetImportData"": ""[{ \""RelativeFilename\"" : \""H:/AbandonedJapaneseSchool/MeshExporter/SM.fbx\"", \""Timestamp\"" : \""1755286417\"", \""FileMD5\"" : \""6408f6c71298280dd25360bb0ec56844\"", \""DisplayLabelName\"" : \""\"" }]""}"
/Game/ModulAbandJPSchool/Meshes/Props/CardboardBoxes/SM_CardboardBox02B,"{""AssetImportData"": ""[{ \""RelativeFilename\"" : \""H:/AbandonedJapaneseSchool/MeshExporter/SM.fbx\"", \""Timestamp\"" : \""1755286417\"", \""FileMD5\"" : \""6408f6c71298280dd25360bb0ec56844\"", \""DisplayLabelName\"" : \""\"" }]""}"
/Game/ModulAbandJPSchool/Meshes/Props/CardboardBoxes/SM_CardboardBox02C,"{""AssetImportData"": ""[{ \""RelativeFilename\"" : \""H:/AbandonedJapaneseSchool/MeshExporter/SM.fbx\"", \""Timestamp\"" : \""1755286417\"", \""FileMD5\"" : \""6408f6c71298280dd25360bb0ec56844\"", \""DisplayLabelName\"" : \""\"" }]""}"
/Game/ModulAbandJPSchool/Meshes/Props/CardboardBoxes/SM_CardboardBox02D,"{""AssetImportData"": ""[{ \""RelativeFilename\"" : \""H:/AbandonedJapaneseSchool/MeshExporter/SM.fbx\"", \""Timestamp\"" : \""1755286417\"", \""FileMD5\"" : \""6408f6c71298280dd25360bb0ec56844\"", \""DisplayLabelName\"" : \""\"" }]""}"
/Game/ModulAbandJPSchool/Meshes/Props/CardboardBoxes/SM_CardboardBox03A,"{""AssetImportData"": ""[{ \""RelativeFilename\"" : \""H:/AbandonedJapaneseSchool/MeshExporter/SM.fbx\"", \""Timestamp\"" : \""1755286417\"", \""FileMD5\"" : \""6408f6c71298280dd25360bb0ec56844\"", \""DisplayLabelName\"" : \""\"" }]""}"
/Game/ModulAbandJPSchool/Meshes/Props/CardboardBoxes/SM_CardboardBox03B,"{""AssetImportData"": ""[{ \""RelativeFilename\"" : \""H:/AbandonedJapaneseSchool/MeshExporter/SM.fbx\"", \""Timestamp\"" : \""1755286417\"", \""FileMD5\"" : \""6408f6c71298280dd25360bb0ec56844\"", \""DisplayLabelName\"" : \""\"" }]""}"
/Game/ModulAbandJPSchool/Meshes/Props/CardboardBoxes/SM_CardboardBox03C,"{""AssetImportData"": ""[{ \""RelativeFilename\"" : \""H:/AbandonedJapaneseSchool/MeshExporter/SM.fbx\"", \""Timestamp\"" : \""1755286417\"", \""FileMD5\"" : \""6408f6c71298280dd25360bb0ec56844\"", \""DisplayLabelName\"" : \""\"" }]""}"
/Game/ModulAbandJPSchool/Meshes/Props/CardboardBoxes/SM_CardboardBox03D,"{""AssetImportData"": ""[{ \""RelativeFilename\"" : \""H:/AbandonedJapaneseSchool/MeshExporter/SM.fbx\"", \""Timestamp\"" : \""1755286417\"", \""FileMD5\"" : \""6408f6c71298280dd25360bb0ec56844\"", \""DisplayLabelName\"" : \""\"" }]""}"
/Game/ModulAbandJPSchool/Meshes/Props/CardboardBoxes/SM_CardboardBox04A,"{""AssetImportData"": ""[{ \""RelativeFilename\"" : \""H:/AbandonedJapaneseSchool/MeshExporter/SM.fbx\"", \""Timestamp\"" : \""1755286417\"", \""FileMD5\"" : \""6408f6c71298280dd25360bb0ec56844\"", \""DisplayLabelName\"" : \""\"" }]""}"
/Game/ModulAbandJPSchool/Meshes/Props/CardboardBoxes/SM_CardboardBox04C,"{""AssetImportData"": ""[{ \""RelativeFilename\"" : \""H:/AbandonedJapaneseSchool/MeshExporter/SM.fbx\"", \""Timestamp\"" : \""1755286417\"", \""FileMD5\"" : \""6408f6c71298280dd25360bb0ec56844\"", \""DisplayLabelName\"" : \""\"" }]""}"
/Game/ModulAbandJPSchool/Meshes/Props/CardboardBoxes/SM_CardboardBox05,"{""AssetImportData"": ""[{ \""RelativeFilename\"" : \""H:/AbandonedJapaneseSchool/MeshExporter/SM.fbx\"", \""Timestamp\"" : \""1755286417\"", \""FileMD5\"" : \""6408f6c71298280dd25360bb0ec56844\"", \""DisplayLabelName\"" : \""\"" }]""}"
/Game/ModulAbandJPSchool/Meshes/Props/CardboardBoxes/SM_CardboardBox06A,"{""AssetImportData"": ""[{ \""RelativeFilename\"" : \""H:/AbandonedJapaneseSchool/MeshExporter/SM.fbx\"", \""Timestamp\"" : \""1755286417\"", \""FileMD5\"" : \""6408f6c71298280dd25360bb0ec56844\"", \""DisplayLabelName\"" : \""\"" }]""}"
/Game/ModulAbandJPSchool/Meshes/Props/CardboardBoxes/SM_CardboardBox06C,"{""AssetImportData"": ""[{ \""RelativeFilename\"" : \""H:/AbandonedJapaneseSchool/MeshExporter/SM.fbx\"", \""Timestamp\"" : \""1755286417\"", \""FileMD5\"" : \""6408f6c71298280dd25360bb0ec56844\"", \""DisplayLabelName\"" : \""\"" }]""}"
/Game/ModulAbandJPSchool/Meshes/Props/ClassroomSign/SM_CRS,"{""AssetImportData"": ""[{ \""RelativeFilename\"" : \""H:/AbandonedJapaneseSchool/MeshExporter/SM_CRS.fbx\"", \""Timestamp\"" : \""1755367800\"", \""FileMD5\"" : \""16186f932682d8a6fc3e2e481f9de93b\"", \""DisplayLabelName\"" : \""\"" }]""}"
/Game/ModulAbandJPSchool/Meshes/Props/ClassroomSign/SM_CRS_0,"{""AssetImportData"": ""[{ \""RelativeFilename\"" : \""H:/AbandonedJapaneseSchool/MeshExporter/SM.fbx\"", \""Timestamp\"" : \""1755677513\"", \""FileMD5\"" : \""b896859acaaaf5de3d12b0b3794e6458\"", \""DisplayLabelName\"" : \""\"" }]""}"
/Game/ModulAbandJPSchool/Meshes/Props/ClassroomSign/SM_CRS_0No,"{""AssetImportData"": ""[{ \""RelativeFilename\"" : \""H:/AbandonedJapaneseSchool/MeshExporter/SM.fbx\"", \""Timestamp\"" : \""1755677513\"", \""FileMD5\"" : \""b896859acaaaf5de3d12b0b3794e6458\"", \""DisplayLabelName\"" : \""\"" }]""}"
/Game/ModulAbandJPSchool/Meshes/Props/ClassroomSign/SM_CRS_1,"{""AssetImportData"": ""[{ \""RelativeFilename\"" : \""H:/AbandonedJapaneseSchool/MeshExporter/SM.fbx\"", \""Timestamp\"" : \""1755677513\"", \""FileMD5\"" : \""b896859acaaaf5de3d12b0b3794e6458\"", \""DisplayLabelName\"" : \""\"" }]""}"
/Game/ModulAbandJPSchool/Meshes/Props/ClassroomSign/SM_CRS_1No,"{""AssetImportData"": ""[{ \""RelativeFilename\"" : \""H:/AbandonedJapaneseSchool/MeshExporter/SM.fbx\"", \""Timestamp\"" : \""1755677513\"", \""FileMD5\"" : \""b896859acaaaf5de3d12b0b3794e6458\"", \""DisplayLabelName\"" : \""\"" }]""}"
/Game/ModulAbandJPSchool/Meshes/Props/ClassroomSign/SM_CRS_2,"{""AssetImportData"": ""[{ \""RelativeFilename\"" : \""H:/AbandonedJapaneseSchool/MeshExporter/SM.fbx\"", \""Timestamp\"" : \""1755677513\"", \""FileMD5\"" : \""b896859acaaaf5de3d12b0b3794e6458\"", \""DisplayLabelName\"" : \""\"" }]""}"
/Game/ModulAbandJPSchool/Meshes/Props/ClassroomSign/SM_CRS_2No,"{""AssetImportData"": ""[{ \""RelativeFilename\"" : \""H:/AbandonedJapaneseSchool/MeshExporter/SM.fbx\"", \""Timestamp\"" : \""1755677513\"", \""FileMD5\"" : \""b896859acaaaf5de3d12b0b3794e6458\"", \""DisplayLabelName\"" : \""\"" }]""}"
/Game/ModulAbandJPSchool/Meshes/Props/ClassroomSign/SM_CRS_3,"{""AssetImportData"": ""[{ \""RelativeFilename\"" : \""H:/AbandonedJapaneseSchool/MeshExporter/SM.fbx\"", \""Timestamp\"" : \""1755677513\"", \""FileMD5\"" : \""b896859acaaaf5de3d12b0b3794e6458\"", \""DisplayLabelName\"" : \""\"" }]""}"
/Game/ModulAbandJPSchool/Meshes/Props/ClassroomSign/SM_CRS_3No,"{""AssetImportData"": ""[{ \""RelativeFilename\"" : \""H:/AbandonedJapaneseSchool/MeshExporter/SM.fbx\"", \""Timestamp\"" : \""1755677513\"", \""FileMD5\"" : \""b896859acaaaf5de3d12b0b3794e6458\"", \""DisplayLabelName\"" : \""\"" }]""}"
/Game/ModulAbandJPSchool/Meshes/Props/ClassroomSign/SM_CRS_4,"{""AssetImportData"": ""[{ \""RelativeFilename\"" : \""H:/AbandonedJapaneseSchool/MeshExporter/SM.fbx\"", \""Timestamp\"" : \""1755677513\"", \""FileMD5\"" : \""b896859acaaaf5de3d12b0b3794e6458\"", \""DisplayLabelName\"" : \""\"" }]""}"
/Game/ModulAbandJPSchool/Meshes/Props/ClassroomSign/SM_CRS_4No,"{""AssetImportData"": ""[{ \""RelativeFilename\"" : \""H:/AbandonedJapaneseSchool/MeshExporter/SM.fbx\"", \""Timestamp\"" : \""1755677513\"", \""FileMD5\"" : \""b896859acaaaf5de3d12b0b3794e6458\"", \""DisplayLabelName\"" : \""\"" }]""}"
/Game/ModulAbandJPSchool/Meshes/Props/ClassroomSign/SM_CRS_5,"{""AssetImportData"": ""[{ \""RelativeFilename\"" : \""H:/AbandonedJapaneseSchool/MeshExporter/SM.fbx\"", \""Timestamp\"" : \""1755677513\"", \""FileMD5\"" : \""b896859acaaaf5de3d12b0b3794e6458\"", \""DisplayLabelName\"" : \""\"" }]""}"
/Game/ModulAbandJPSchool/Meshes/Props/ClassroomSign/SM_CRS_5No,"{""AssetImportData"": ""[{ \""RelativeFilename\"" : \""H:/AbandonedJapaneseSchool/MeshExporter/SM.fbx\"", \""Timestamp\"" : \""1755677513\"", \""FileMD5\"" : \""b896859acaaaf5de3d12b0b3794e6458\"", \""DisplayLabelName\"" : \""\"" }]""}"
/Game/ModulAbandJPSchool/Meshes/Props/ClassroomSign/SM_CRS_6,"{""AssetImportData"": ""[{ \""RelativeFilename\"" : \""H:/AbandonedJapaneseSchool/MeshExporter/SM.fbx\"", \""Timestamp\"" : \""1755677513\"", \""FileMD5\"" : \""b896859acaaaf5de3d12b0b3794e6458\"", \""DisplayLabelName\"" : \""\"" }]""}"
/Game/ModulAbandJPSchool/Meshes/Props/ClassroomSign/SM_CRS_6No,"{""AssetImportData"": ""[{ \""RelativeFilename\"" : \""H:/AbandonedJapaneseSchool/MeshExporter/SM.fbx\"", \""Timestamp\"" : \""1755677513\"", \""FileMD5\"" : \""b896859acaaaf5de3d12b0b3794e6458\"", \""DisplayLabelName\"" : \""\"" }]""}"
/Game/ModulAbandJPSchool/Meshes/Props/ClassroomSign/SM_CRS_7,"{""AssetImportData"": ""[{ \""RelativeFilename\"" : \""H:/AbandonedJapaneseSchool/MeshExporter/SM.fbx\"", \""Timestamp\"" : \""1755677513\"", \""FileMD5\"" : \""b896859acaaaf5de3d12b0b3794e6458\"", \""DisplayLabelName\"" : \""\"" }]""}"
/Game/ModulAbandJPSchool/Meshes/Props/ClassroomSign/SM_CRS_7No,"{""AssetImportData"": ""[{ \""RelativeFilename\"" : \""H:/AbandonedJapaneseSchool/MeshExporter/SM.fbx\"", \""Timestamp\"" : \""1755677513\"", \""FileMD5\"" : \""b896859acaaaf5de3d12b0b3794e6458\"", \""DisplayLabelName\"" : \""\"" }]""}"
/Game/ModulAbandJPSchool/Meshes/Props/ClassroomSign/SM_CRS_8,"{""AssetImportData"": ""[{ \""RelativeFilename\"" : \""H:/AbandonedJapaneseSchool/MeshExporter/SM.fbx\"", \""Timestamp\"" : \""1755677513\"", \""FileMD5\"" : \""b896859acaaaf5de3d12b0b3794e6458\"", \""DisplayLabelName\"" : \""\"" }]""}"
/Game/ModulAbandJPSchool/Meshes/Props/ClassroomSign/SM_CRS_8No,"{""AssetImportData"": ""[{ \""RelativeFilename\"" : \""H:/AbandonedJapaneseSchool/MeshExporter/SM.fbx\"", \""Timestamp\"" : \""1755677513\"", \""FileMD5\"" : \""b896859acaaaf5de3d12b0b3794e6458\"", \""DisplayLabelName\"" : \""\"" }]""}"
/Game/ModulAbandJPSchool/Meshes/Props/ClassroomSign/SM_CRS_9,"{""AssetImportData"": ""[{ \""RelativeFilename\"" : \""H:/AbandonedJapaneseSchool/MeshExporter/SM.fbx\"", \""Timestamp\"" : \""1755677513\"", \""FileMD5\"" : \""b896859acaaaf5de3d12b0b3794e6458\"", \""DisplayLabelName\"" : \""\"" }]""}"
/Game/ModulAbandJPSchool/Meshes/Props/ClassroomSign/SM_CRS_9No,"{""AssetImportData"": ""[{ \""RelativeFilename\"" : \""H:/AbandonedJapaneseSchool/MeshExporter/SM.fbx\"", \""Timestamp\"" : \""1755677513\"", \""FileMD5\"" : \""b896859acaaaf5de3d12b0b3794e6458\"", \""DisplayLabelName\"" : \""\"" }]""}"
/Game/ModulAbandJPSchool/Meshes/Props/ClassroomSign/SM_CRS_ArtRoom,"{""AssetImportData"": ""[{ \""RelativeFilename\"" : \""H:/AbandonedJapaneseSchool/MeshExporter/SM.fbx\"", \""Timestamp\"" : \""1755367904\"", \""FileMD5\"" : \""d9fcea693c3c5cba797686725b0f987a\"", \""DisplayLabelName\"" : \""\"" }]""}"
/Game/ModulAbandJPSchool/Meshes/Props/ClassroomSign/SM_CRS_ArtStorageRoom,"{""AssetImportData"": ""[{ \""RelativeFilename\"" : \""H:/AbandonedJapaneseSchool/MeshExporter/SM.fbx\"", \""Timestamp\"" : \""1755367904\"", \""FileMD5\"" : \""d9fcea693c3c5cba797686725b0f987a\"", \""DisplayLabelName\"" : \""\"" }]""}"
/Game/ModulAbandJPSchool/Meshes/Props/ClassroomSign/SM_CRS_BroadcastRoom,"{""AssetImportData"": ""[{ \""RelativeFilename\"" : \""H:/AbandonedJapaneseSchool/MeshExporter/SM.fbx\"", \""Timestamp\"" : \""1755367904\"", \""FileMD5\"" : \""d9fcea693c3c5cba797686725b0f987a\"", \""DisplayLabelName\"" : \""\"" }]""}"
/Game/ModulAbandJPSchool/Meshes/Props/ClassroomSign/SM_CRS_ChildrenToalet,"{""AssetImportData"": ""[{ \""RelativeFilename\"" : \""H:/AbandonedJapaneseSchool/MeshExporter/SM.fbx\"", \""Timestamp\"" : \""1755367904\"", \""FileMD5\"" : \""d9fcea693c3c5cba797686725b0f987a\"", \""DisplayLabelName\"" : \""\"" }]""}"
/Game/ModulAbandJPSchool/Meshes/Props/ClassroomSign/SM_CRS_ComputerRoom,"{""AssetImportData"": ""[{ \""RelativeFilename\"" : \""H:/AbandonedJapaneseSchool/MeshExporter/SM.fbx\"", \""Timestamp\"" : \""1755367904\"", \""FileMD5\"" : \""d9fcea693c3c5cba797686725b0f987a\"", \""DisplayLabelName\"" : \""\"" }]""}"
/Game/ModulAbandJPSchool/Meshes/Props/ClassroomSign/SM_CRS_HouseholdRoom,"{""AssetImportData"": ""[{ \""RelativeFilename\"" : \""H:/AbandonedJapaneseSchool/MeshExporter/SM.fbx\"", \""Timestamp\"" : \""1755367904\"", \""FileMD5\"" : \""d9fcea693c3c5cba797686725b0f987a\"", \""DisplayLabelName\"" : \""\"" }]""}"
/Game/ModulAbandJPSchool/Meshes/Props/ClassroomSign/SM_CRS_Library,"{""AssetImportData"": ""[{ \""RelativeFilename\"" : \""H:/AbandonedJapaneseSchool/MeshExporter/SM.fbx\"", \""Timestamp\"" : \""1755367904\"", \""FileMD5\"" : \""d9fcea693c3c5cba797686725b0f987a\"", \""DisplayLabelName\"" : \""\"" }]""}"
/Game/ModulAbandJPSchool/Meshes/Props/ClassroomSign/SM_CRS_LockerRoom,"{""AssetImportData"": ""[{ \""RelativeFilename\"" : \""H:/AbandonedJapaneseSchool/MeshExporter/SM.fbx\"", \""Timestamp\"" : \""1755367904\"", \""FileMD5\"" : \""d9fcea693c3c5cba797686725b0f987a\"", \""DisplayLabelName\"" : \""\"" }]""}"
/Game/ModulAbandJPSchool/Meshes/Props/ClassroomSign/SM_CRS_MensToalet,"{""AssetImportData"": ""[{ \""RelativeFilename\"" : \""H:/AbandonedJapaneseSchool/MeshExporter/SM.fbx\"", \""Timestamp\"" : \""1755367904\"", \""FileMD5\"" : \""d9fcea693c3c5cba797686725b0f987a\"", \""DisplayLabelName\"" : \""\"" }]""}"
/Game/ModulAbandJPSchool/Meshes/Props/ClassroomSign/SM_CRS_PrivateRoom,"{""AssetImportData"": ""[{ \""RelativeFilename\"" : \""H:/AbandonedJapaneseSchool/MeshExporter/SM.fbx\"", \""Timestamp\"" : \""1755367904\"", \""FileMD5\"" : \""d9fcea693c3c5cba797686725b0f987a\"", \""DisplayLabelName\"" : \""\"" }]""}"
/Game/ModulAbandJPSchool/Meshes/Props/ClassroomSign/SM_CRS_StorageRoom,"{""AssetImportData"": ""[{ \""RelativeFilename\"" : \""H:/AbandonedJapaneseSchool/MeshExporter/SM.fbx\"", \""Timestamp\"" : \""1755367904\"", \""FileMD5\"" : \""d9fcea693c3c5cba797686725b0f987a\"", \""DisplayLabelName\"" : \""\"" }]""}"
/Game/ModulAbandJPSchool/Meshes/Props/ClassroomSign/SM_CRS_WomensToalet,"{""AssetImportData"": ""[{ \""RelativeFilename\"" : \""H:/AbandonedJapaneseSchool/MeshExporter/SM.fbx\"", \""Timestamp\"" : \""1755367904\"", \""FileMD5\"" : \""d9fcea693c3c5cba797686725b0f987a\"", \""DisplayLabelName\"" : \""\"" }]""}"
/Game/ModulAbandJPSchool/Meshes/Props/Debris/SM_Paper00,"{""AssetImportData"": ""[{ \""RelativeFilename\"" : \""H:/AbandonedJapaneseSchool/MeshExporter/SM.fbx\"", \""Timestamp\"" : \""1754225978\"", \""FileMD5\"" : \""070d5a61726740561e6a82a63bc7ccbb\"", \""DisplayLabelName\"" : \""\"" }]""}"
/Game/ModulAbandJPSchool/Meshes/Props/Debris/SM_Paper01,"{""AssetImportData"": ""[{ \""RelativeFilename\"" : \""H:/AbandonedJapaneseSchool/MeshExporter/SM.fbx\"", \""Timestamp\"" : \""1754225978\"", \""FileMD5\"" : \""070d5a61726740561e6a82a63bc7ccbb\"", \""DisplayLabelName\"" : \""\"" }]""}"
/Game/ModulAbandJPSchool/Meshes/Props/Debris/SM_Paper02,"{""AssetImportData"": ""[{ \""RelativeFilename\"" : \""H:/AbandonedJapaneseSchool/MeshExporter/SM.fbx\"", \""Timestamp\"" : \""1754225978\"", \""FileMD5\"" : \""070d5a61726740561e6a82a63bc7ccbb\"", \""DisplayLabelName\"" : \""\"" }]""}"
/Game/ModulAbandJPSchool/Meshes/Props/Debris/SM_Paper03,"{""AssetImportData"": ""[{ \""RelativeFilename\"" : \""H:/AbandonedJapaneseSchool/MeshExporter/SM.fbx\"", \""Timestamp\"" : \""1754225978\"", \""FileMD5\"" : \""070d5a61726740561e6a82a63bc7ccbb\"", \""DisplayLabelName\"" : \""\"" }]""}"
/Game/ModulAbandJPSchool/Meshes/Props/Debris/SM_Paper04,"{""AssetImportData"": ""[{ \""RelativeFilename\"" : \""H:/AbandonedJapaneseSchool/MeshExporter/SM.fbx\"", \""Timestamp\"" : \""1754225978\"", \""FileMD5\"" : \""070d5a61726740561e6a82a63bc7ccbb\"", \""DisplayLabelName\"" : \""\"" }]""}"
/Game/ModulAbandJPSchool/Meshes/Props/Debris/SM_Paper05,"{""AssetImportData"": ""[{ \""RelativeFilename\"" : \""H:/AbandonedJapaneseSchool/MeshExporter/SM.fbx\"", \""Timestamp\"" : \""1754225978\"", \""FileMD5\"" : \""070d5a61726740561e6a82a63bc7ccbb\"", \""DisplayLabelName\"" : \""\"" }]""}"
/Game/ModulAbandJPSchool/Meshes/Props/Debris/SM_Paper06,"{""AssetImportData"": ""[{ \""RelativeFilename\"" : \""H:/AbandonedJapaneseSchool/MeshExporter/SM.fbx\"", \""Timestamp\"" : \""1754225978\"", \""FileMD5\"" : \""070d5a61726740561e6a82a63bc7ccbb\"", \""DisplayLabelName\"" : \""\"" }]""}"
/Game/ModulAbandJPSchool/Meshes/Props/Debris/SM_Paper07,"{""AssetImportData"": ""[{ \""RelativeFilename\"" : \""H:/AbandonedJapaneseSchool/MeshExporter/SM.fbx\"", \""Timestamp\"" : \""1754225978\"", \""FileMD5\"" : \""070d5a61726740561e6a82a63bc7ccbb\"", \""DisplayLabelName\"" : \""\"" }]""}"
/Game/ModulAbandJPSchool/Meshes/Props/Debris/SM_Paper08,"{""AssetImportData"": ""[{ \""RelativeFilename\"" : \""H:/AbandonedJapaneseSchool/MeshExporter/SM.fbx\"", \""Timestamp\"" : \""1754225978\"", \""FileMD5\"" : \""070d5a61726740561e6a82a63bc7ccbb\"", \""DisplayLabelName\"" : \""\"" }]""}"
/Game/ModulAbandJPSchool/Meshes/Props/Debris/SM_Paper09,"{""AssetImportData"": ""[{ \""RelativeFilename\"" : \""H:/AbandonedJapaneseSchool/MeshExporter/SM.fbx\"", \""Timestamp\"" : \""1754225978\"", \""FileMD5\"" : \""070d5a61726740561e6a82a63bc7ccbb\"", \""DisplayLabelName\"" : \""\"" }]""}"
/Game/ModulAbandJPSchool/Meshes/Props/Debris/SM_Paper10,"{""AssetImportData"": ""[{ \""RelativeFilename\"" : \""H:/AbandonedJapaneseSchool/MeshExporter/SM.fbx\"", \""Timestamp\"" : \""1754225978\"", \""FileMD5\"" : \""070d5a61726740561e6a82a63bc7ccbb\"", \""DisplayLabelName\"" : \""\"" }]""}"
/Game/ModulAbandJPSchool/Meshes/Props/Debris/SM_Paper11,"{""AssetImportData"": ""[{ \""RelativeFilename\"" : \""H:/AbandonedJapaneseSchool/MeshExporter/SM.fbx\"", \""Timestamp\"" : \""1754225978\"", \""FileMD5\"" : \""070d5a61726740561e6a82a63bc7ccbb\"", \""DisplayLabelName\"" : \""\"" }]""}"
/Game/ModulAbandJPSchool/Meshes/Props/Debris/SM_PaperM0,"{""AssetImportData"": ""[{ \""RelativeFilename\"" : \""H:/AbandonedJapaneseSchool/MeshExporter/SM.fbx\"", \""Timestamp\"" : \""1754225978\"", \""FileMD5\"" : \""070d5a61726740561e6a82a63bc7ccbb\"", \""DisplayLabelName\"" : \""\"" }]""}"
/Game/ModulAbandJPSchool/Meshes/Props/Debris/SM_PaperM1,"{""AssetImportData"": ""[{ \""RelativeFilename\"" : \""H:/AbandonedJapaneseSchool/MeshExporter/SM.fbx\"", \""Timestamp\"" : \""1754225978\"", \""FileMD5\"" : \""070d5a61726740561e6a82a63bc7ccbb\"", \""DisplayLabelName\"" : \""\"" }]""}"
/Game/ModulAbandJPSchool/Meshes/Props/Debris/SM_PaperM2,"{""AssetImportData"": ""[{ \""RelativeFilename\"" : \""H:/AbandonedJapaneseSchool/MeshExporter/SM.fbx\"", \""Timestamp\"" : \""1754225978\"", \""FileMD5\"" : \""070d5a61726740561e6a82a63bc7ccbb\"", \""DisplayLabelName\"" : \""\"" }]""}"
/Game/ModulAbandJPSchool/Meshes/Props/Debris/SM_PaperM3,"{""AssetImportData"": ""[{ \""RelativeFilename\"" : \""H:/AbandonedJapaneseSchool/MeshExporter/SM.fbx\"", \""Timestamp\"" : \""1754225978\"", \""FileMD5\"" : \""070d5a61726740561e6a82a63bc7ccbb\"", \""DisplayLabelName\"" : \""\"" }]""}"
/Game/ModulAbandJPSchool/Meshes/Props/Debris/SM_PaperM4,"{""AssetImportData"": ""[{ \""RelativeFilename\"" : \""H:/AbandonedJapaneseSchool/MeshExporter/SM.fbx\"", \""Timestamp\"" : \""1754225978\"", \""FileMD5\"" : \""070d5a61726740561e6a82a63bc7ccbb\"", \""DisplayLabelName\"" : \""\"" }]""}"
/Game/ModulAbandJPSchool/Meshes/Props/Debris/SM_PaperM5,"{""AssetImportData"": ""[{ \""RelativeFilename\"" : \""H:/AbandonedJapaneseSchool/MeshExporter/SM.fbx\"", \""Timestamp\"" : \""1754225978\"", \""FileMD5\"" : \""070d5a61726740561e6a82a63bc7ccbb\"", \""DisplayLabelName\"" : \""\"" }]""}"
/Game/ModulAbandJPSchool/Meshes/Props/Restroom/SM_Sink,"{""AssetImportData"": ""[{ \""RelativeFilename\"" : \""H:/AbandonedJapaneseSchool/MeshExporter/SM.fbx\"", \""Timestamp\"" : \""1755878117\"", \""FileMD5\"" : \""0e386f91c847cb7b45031332d956962e\"", \""DisplayLabelName\"" : \""\"" }]""}"
/Game/ModulAbandJPSchool/Meshes/Props/Restroom/SM_Toilet,"{""AssetImportData"": ""[{ \""RelativeFilename\"" : \""H:/AbandonedJapaneseSchool/MeshExporter/SM.fbx\"", \""Timestamp\"" : \""1756220256\"", \""FileMD5\"" : \""43c846a2a2e89fe5027480514ca45ee6\"", \""DisplayLabelName\"" : \""\"" }]""}"
/Game/ModulAbandJPSchool/Meshes/Props/Restroom/SM_ToiletPanel,"{""AssetImportData"": ""[{ \""RelativeFilename\"" : \""H:/AbandonedJapaneseSchool/MeshExporter/SM.fbx\"", \""Timestamp\"" : \""1755879349\"", \""FileMD5\"" : \""a729fe9178b7d23da6a170d7015d00b5\"", \""DisplayLabelName\"" : \""\"" }]""}"
/Game/ModulAbandJPSchool/Meshes/Props/Restroom/SM_ToiletPanelDoor,"{""AssetImportData"": ""[{ \""RelativeFilename\"" : \""H:/AbandonedJapaneseSchool/MeshExporter/SM.fbx\"", \""Timestamp\"" : \""1755799774\"", \""FileMD5\"" : \""85d2b8cc0f164a836d7fda56d54e66b6\"", \""DisplayLabelName\"" : \""\"" }]""}"
/Game/ModulAbandJPSchool/Meshes/Props/Restroom/SM_Urinal,"{""AssetImportData"": ""[{ \""RelativeFilename\"" : \""H:/AbandonedJapaneseSchool/MeshExporter/SM.fbx\"", \""Timestamp\"" : \""1755799774\"", \""FileMD5\"" : \""85d2b8cc0f164a836d7fda56d54e66b6\"", \""DisplayLabelName\"" : \""\"" }]""}"
/Game/ModulAbandJPSchool/Textures/T_BasketballDecal_A,"{""AssetImportData"": ""[{ \""RelativeFilename\"" : \""H:/AbandonedJapaneseSchool/TextureExporter/T_BasketballDecal_A.png\"", \""Timestamp\"" : \""1756233002\"", \""FileMD5\"" : \""58b1ca847a42463d4ffae3e622d7960b\"", \""DisplayLabelName\"" : \""\"" }]""}"
/Game/ModulAbandJPSchool/Textures/T_BasketballDecal_N,"{""AssetImportData"": ""[{ \""RelativeFilename\"" : \""H:/AbandonedJapaneseSchool/TextureExporter/T_BasketballDecal_N.png\"", \""Timestamp\"" : \""1756233002\"", \""FileMD5\"" : \""6e2057f8516508e54189c87e842a9201\"", \""DisplayLabelName\"" : \""\"" }]""}"
/Game/ModulAbandJPSchool/Textures/T_BasketballDecal_ORM,"{""AssetImportData"": ""[{ \""RelativeFilename\"" : \""H:/AbandonedJapaneseSchool/TextureExporter/T_BasketballDecal_ORM.png\"", \""Timestamp\"" : \""1756233002\"", \""FileMD5\"" : \""d9d200ca0a1067d336cc7884362b2ede\"", \""DisplayLabelName\"" : \""\"" }]""}"
/Game/ModulAbandJPSchool/Textures/T_Binders_A,"{""AssetImportData"": ""[{ \""RelativeFilename\"" : \""H:/AbandonedJapaneseSchool/TextureExporter/Binders/Binders_low_Binders_BaseColor.png\"", \""Timestamp\"" : \""1755889723\"", \""FileMD5\"" : \""74aefdaf1a2717295c1cf542b4c91261\"", \""DisplayLabelName\"" : \""\"" }]""}"
/Game/ModulAbandJPSchool/Textures/T_Binders_N,"{""AssetImportData"": ""[{ \""RelativeFilename\"" : \""H:/AbandonedJapaneseSchool/TextureExporter/Binders/Binders_low_Binders_Normal.png\"", \""Timestamp\"" : \""1755889723\"", \""FileMD5\"" : \""a735dee491be4377aa718483dec81183\"", \""DisplayLabelName\"" : \""\"" }]""}"
/Game/ModulAbandJPSchool/Textures/T_Binders_ORM,"{""AssetImportData"": ""[{ \""RelativeFilename\"" : \""H:/AbandonedJapaneseSchool/TextureExporter/Binders/Binders_low_Binders_OcclusionRoughnessMetallic.png\"", \""Timestamp\"" : \""1755889722\"", \""FileMD5\"" : \""c16faeb092396b82ee95cd2ff4cf919c\"", \""DisplayLabelName\"" : \""\"" }]""}"
/Game/ModulAbandJPSchool/Textures/T_BitumenRoof_Clean_A,"{""AssetImportData"": ""[{ \""RelativeFilename\"" : \""H:/AbandonedJapaneseSchool/TextureExporter/T_BitumenRoof_Clean_A.png\"", \""Timestamp\"" : \""1754078740\"", \""FileMD5\"" : \""19b84715bc1d7bc366cb005528c8ed1f\"", \""DisplayLabelName\"" : \""\"" }]""}"
/Game/ModulAbandJPSchool/Textures/T_BitumenRoof_Clean_N,"{""AssetImportData"": ""[{ \""RelativeFilename\"" : \""H:/AbandonedJapaneseSchool/TextureExporter/T_BitumenRoof_Clean_N.png\"", \""Timestamp\"" : \""1754078741\"", \""FileMD5\"" : \""1569ba54aaacd257a8f168c67b5c3b38\"", \""DisplayLabelName\"" : \""\"" }]""}"
/Game/ModulAbandJPSchool/Textures/T_BitumenRoof_Clean_ORM,"{""AssetImportData"": ""[{ \""RelativeFilename\"" : \""H:/AbandonedJapaneseSchool/TextureExporter/T_BitumenRoof_Clean_ORM.png\"", \""Timestamp\"" : \""1754078740\"", \""FileMD5\"" : \""7feb7560138ec75fd95c37f350bb1b52\"", \""DisplayLabelName\"" : \""\"" }]""}"
/Game/ModulAbandJPSchool/Textures/T_Books_A,"{""AssetImportData"": ""[{ \""RelativeFilename\"" : \""H:/AbandonedJapaneseSchool/TextureExporter/Books3/Books_low_Books_BaseColor.png\"", \""Timestamp\"" : \""1755899466\"", \""FileMD5\"" : \""dac57d8d6a4560c93710157912de6142\"", \""DisplayLabelName\"" : \""\"" }]""}"
/Game/ModulAbandJPSchool/Textures/T_Books_N,"{""AssetImportData"": ""[{ \""RelativeFilename\"" : \""H:/AbandonedJapaneseSchool/TextureExporter/Books3/Books_low_Books_Normal.png\"", \""Timestamp\"" : \""1755899465\"", \""FileMD5\"" : \""d496aad5f4c437b82ee5d8e20c8a2807\"", \""DisplayLabelName\"" : \""\"" }]""}"
/Game/ModulAbandJPSchool/Textures/T_Books_ORM,"{""AssetImportData"": ""[{ \""RelativeFilename\"" : \""H:/AbandonedJapaneseSchool/TextureExporter/Books3/Books_low_Books_OcclusionRoughnessMetallic.png\"", \""Timestamp\"" : \""1755899465\"", \""FileMD5\"" : \""4037039cbc679bf78b188c2350a18667\"", \""DisplayLabelName\"" : \""\"" }]""}"
/Game/ModulAbandJPSchool/Textures/T_BroadcastSystem_A,"{""AssetImportData"": ""[{ \""RelativeFilename\"" : \""H:/AbandonedJapaneseSchool/TextureExporter/BroadcastSystem/BroadcastSystem_Low_BroadcastSystem_BaseColor.png\"", \""Timestamp\"" : \""1755675360\"", \""FileMD5\"" : \""8525a0fac322f5d7459bf1a4019ff987\"", \""DisplayLabelName\"" : \""\"" }]""}"
/Game/ModulAbandJPSchool/Textures/T_BroadcastSystem_N,"{""AssetImportData"": ""[{ \""RelativeFilename\"" : \""H:/AbandonedJapaneseSchool/TextureExporter/BroadcastSystem/BroadcastSystem_Low_BroadcastSystem_Normal.png\"", \""Timestamp\"" : \""1755461267\"", \""FileMD5\"" : \""d7190aba634982d5cbacabd47207a104\"", \""DisplayLabelName\"" : \""\"" }]""}"
/Game/ModulAbandJPSchool/Textures/T_BroadcastSystem_ORM,"{""AssetImportData"": ""[{ \""RelativeFilename\"" : \""H:/AbandonedJapaneseSchool/TextureExporter/BroadcastSystem/BroadcastSystem_Low_BroadcastSystem_OcclusionRoughnessMetallic.png\"", \""Timestamp\"" : \""1755461267\"", \""FileMD5\"" : \""390d6f55ae9e2714c3313b3e340c92bf\"", \""DisplayLabelName\"" : \""\"" }]""}"
/Game/ModulAbandJPSchool/Textures/T_BrokenGlass_A,"{""AssetImportData"": ""[{ \""RelativeFilename\"" : \""H:/AbandonedJapaneseSchool/TextureExporter/T_BrokenGlass_A.png\"", \""Timestamp\"" : \""1753438431\"", \""FileMD5\"" : \""2f575bd8ecc3e264c63cd4841b87e15b\"", \""DisplayLabelName\"" : \""\"" }]""}"
/Game/ModulAbandJPSchool/Textures/T_BrokenGlass_N,"{""AssetImportData"": ""[{ \""RelativeFilename\"" : \""H:/AbandonedJapaneseSchool/TextureExporter/T_BrokenGlass_N.png\"", \""Timestamp\"" : \""1753438431\"", \""FileMD5\"" : \""8f25600cd43da046f91c340f42d601b7\"", \""DisplayLabelName\"" : \""\"" }]""}"
/Game/ModulAbandJPSchool/Textures/T_BrokenGlass_ORM,"{""AssetImportData"": ""[{ \""RelativeFilename\"" : \""H:/AbandonedJapaneseSchool/TextureExporter/T_BrokenGlass_ORM.png\"", \""Timestamp\"" : \""1753438604\"", \""FileMD5\"" : \""b620ce5fc04664d49083f82271eedbef\"", \""DisplayLabelName\"" : \""\"" }]""}"
/Game/ModulAbandJPSchool/Textures/T_CardboardboxText_A,"{""AssetImportData"": ""[{ \""RelativeFilename\"" : \""H:/AbandonedJapaneseSchool/TextureExporter/T_CardboardboxText_A.png\"", \""Timestamp\"" : \""1755197329\"", \""FileMD5\"" : \""dfc15c0928173828c81051ae4a0e088e\"", \""DisplayLabelName\"" : \""\"" }]""}"
/Game/ModulAbandJPSchool/Textures/T_CardboardboxText_N,"{""AssetImportData"": ""[{ \""RelativeFilename\"" : \""H:/AbandonedJapaneseSchool/TextureExporter/T_CardboardboxText_N.png\"", \""Timestamp\"" : \""1755197329\"", \""FileMD5\"" : \""9af9316141bf7c35a41e9a33abaf3e07\"", \""DisplayLabelName\"" : \""\"" }]""}"
/Game/ModulAbandJPSchool/Textures/T_CardboardboxText_ORM,"{""AssetImportData"": ""[{ \""RelativeFilename\"" : \""H:/AbandonedJapaneseSchool/TextureExporter/T_CardboardboxText_ORM.png\"", \""Timestamp\"" : \""1755197380\"", \""FileMD5\"" : \""878742b21efac436469a4ed00a1703bc\"", \""DisplayLabelName\"" : \""\"" }]""}"
/Game/ModulAbandJPSchool/Textures/T_Cardboard_A,"{""AssetImportData"": ""[{ \""RelativeFilename\"" : \""H:/AbandonedJapaneseSchool/TextureExporter/T_Cardboard_A.png\"", \""Timestamp\"" : \""1755371320\"", \""FileMD5\"" : \""c050555a005db889f7ab8524455da3c1\"", \""DisplayLabelName\"" : \""\"" }]""}"
/Game/ModulAbandJPSchool/Textures/T_Cardboard_N,"{""AssetImportData"": ""[{ \""RelativeFilename\"" : \""H:/AbandonedJapaneseSchool/TextureExporter/T_Cardboard_N.png\"", \""Timestamp\"" : \""1755371320\"", \""FileMD5\"" : \""2b157f4984b8779c6662307622802790\"", \""DisplayLabelName\"" : \""\"" }]""}"
/Game/ModulAbandJPSchool/Textures/T_Cardboard_ORM,"{""AssetImportData"": ""[{ \""RelativeFilename\"" : \""H:/AbandonedJapaneseSchool/TextureExporter/T_Cardboard_ORM.png\"", \""Timestamp\"" : \""1755371319\"", \""FileMD5\"" : \""b10be350fc47e394366201e19722be79\"", \""DisplayLabelName\"" : \""\"" }]""}"
/Game/ModulAbandJPSchool/Textures/T_CeilingLight_A,"{""AssetImportData"": ""[{ \""RelativeFilename\"" : \""H:/AbandonedJapaneseSchool/TextureExporter/CeilingLight3C/CeilingLight_low_CeilingLight_BaseColor.png\"", \""Timestamp\"" : \""1753902947\"", \""FileMD5\"" : \""5d19dddac0aa242bd3a0bdf77708fd4c\"", \""DisplayLabelName\"" : \""\"" }]""}"
/Game/ModulAbandJPSchool/Textures/T_CeilingLight_E,"{""AssetImportData"": ""[{ \""RelativeFilename\"" : \""H:/AbandonedJapaneseSchool/TextureExporter/CeilingLight3C/CeilingLight_low_CeilingLight_Emissive.png\"", \""Timestamp\"" : \""1753902947\"", \""FileMD5\"" : \""d3f7d44c815ca884aed91a81eeb37b80\"", \""DisplayLabelName\"" : \""\"" }]""}"
/Game/ModulAbandJPSchool/Textures/T_CeilingLight_N,"{""AssetImportData"": ""[{ \""RelativeFilename\"" : \""H:/AbandonedJapaneseSchool/TextureExporter/CeilingLight3C/CeilingLight_low_CeilingLight_Normal.png\"", \""Timestamp\"" : \""1753902947\"", \""FileMD5\"" : \""8ce6909e6fa8ef0cca3f89f6b298e650\"", \""DisplayLabelName\"" : \""\"" }]""}"
/Game/ModulAbandJPSchool/Textures/T_CeilingLight_ORM,"{""AssetImportData"": ""[{ \""RelativeFilename\"" : \""H:/AbandonedJapaneseSchool/TextureExporter/CeilingLight3C/CeilingLight_low_CeilingLight_OcclusionRoughnessMetallic.png\"", \""Timestamp\"" : \""1753902947\"", \""FileMD5\"" : \""fe9277285b92c170cb3e9ba4521eeee2\"", \""DisplayLabelName\"" : \""\"" }]""}"
/Game/ModulAbandJPSchool/Textures/T_Ceiling_Clean_A,"{""AssetImportData"": ""[{ \""RelativeFilename\"" : \""H:/AbandonedJapaneseSchool/TextureExporter/T_Ceiling_Clean_A.png\"", \""Timestamp\"" : \""1753212159\"", \""FileMD5\"" : \""97c989bf6a218247803063b7b12dc9f0\"", \""DisplayLabelName\"" : \""\"" }]""}"
/Game/ModulAbandJPSchool/Textures/T_Ceiling_Clean_N,"{""AssetImportData"": ""[{ \""RelativeFilename\"" : \""H:/AbandonedJapaneseSchool/TextureExporter/T_Ceiling_Clean_N.png\"", \""Timestamp\"" : \""1753212159\"", \""FileMD5\"" : \""06e7b04d099bbf169163fcf99bf71160\"", \""DisplayLabelName\"" : \""\"" }]""}"
/Game/ModulAbandJPSchool/Textures/T_Ceiling_Clean_ORM,"{""AssetImportData"": ""[{ \""RelativeFilename\"" : \""H:/AbandonedJapaneseSchool/TextureExporter/T_Ceiling_Clean_ORM.png\"", \""Timestamp\"" : \""1753212159\"", \""FileMD5\"" : \""12260ed175cba17426634985cb331ac2\"", \""DisplayLabelName\"" : \""\"" }]""}"
/Game/ModulAbandJPSchool/Textures/T_Ceiling_Dirty_A,"{""AssetImportData"": ""[{ \""RelativeFilename\"" : \""H:/AbandonedJapaneseSchool/TextureExporter/T_Ceiling_Dirty_A.png\"", \""Timestamp\"" : \""1753291778\"", \""FileMD5\"" : \""9e638cc99d579e7dad4abbd37f6036d9\"", \""DisplayLabelName\"" : \""\"" }]""}"
/Game/ModulAbandJPSchool/Textures/T_Ceiling_Dirty_N,"{""AssetImportData"": ""[{ \""RelativeFilename\"" : \""H:/AbandonedJapaneseSchool/TextureExporter/T_Ceiling_Dirty_N.png\"", \""Timestamp\"" : \""1753291779\"", \""FileMD5\"" : \""06e7b04d099bbf169163fcf99bf71160\"", \""DisplayLabelName\"" : \""\"" }]""}"
/Game/ModulAbandJPSchool/Textures/T_Ceiling_Dirty_ORM,"{""AssetImportData"": ""[{ \""RelativeFilename\"" : \""H:/AbandonedJapaneseSchool/TextureExporter/T_Ceiling_Dirty_ORM.png\"", \""Timestamp\"" : \""1753291778\"", \""FileMD5\"" : \""fb4d07136b5d43d8b8d3b1c519190583\"", \""DisplayLabelName\"" : \""\"" }]""}"
/Game/ModulAbandJPSchool/Textures/T_CircuitBraker_A,"{""AssetImportData"": ""[{ \""RelativeFilename\"" : \""H:/AbandonedJapaneseSchool/TextureExporter/CircuitBraker2B/CircuitBraker_low_CircuitBraker_BaseColor.png\"", \""Timestamp\"" : \""1755460738\"", \""FileMD5\"" : \""4853bb72022ab4bf897e276499a0387f\"", \""DisplayLabelName\"" : \""\"" }]""}"
/Game/ModulAbandJPSchool/Textures/T_CircuitBraker_N,"{""AssetImportData"": ""[{ \""RelativeFilename\"" : \""H:/AbandonedJapaneseSchool/TextureExporter/CircuitBraker2B/CircuitBraker_low_CircuitBraker_Normal.png\"", \""Timestamp\"" : \""1755460738\"", \""FileMD5\"" : \""7c779ba6f1c5f9f514fff140f1ca1ea5\"", \""DisplayLabelName\"" : \""\"" }]""}"
/Game/ModulAbandJPSchool/Textures/T_CircuitBraker_ORM,"{""AssetImportData"": ""[{ \""RelativeFilename\"" : \""H:/AbandonedJapaneseSchool/TextureExporter/CircuitBraker2B/CircuitBraker_low_CircuitBraker_OcclusionRoughnessMetallic.png\"", \""Timestamp\"" : \""1755460738\"", \""FileMD5\"" : \""fac17c50544c69e501e24f99e3a45a0f\"", \""DisplayLabelName\"" : \""\"" }]""}"
/Game/ModulAbandJPSchool/Textures/T_ClassroomSign_A,"{""AssetImportData"": ""[{ \""RelativeFilename\"" : \""H:/AbandonedJapaneseSchool/TextureExporter/T_ClassroomSign_A.png\"", \""Timestamp\"" : \""1755688032\"", \""FileMD5\"" : \""2680bc69a358f69988bed021acab0b98\"", \""DisplayLabelName\"" : \""\"" }]""}"
/Game/ModulAbandJPSchool/Textures/T_Clock_A,"{""AssetImportData"": ""[{ \""RelativeFilename\"" : \""H:/AbandonedJapaneseSchool/TextureExporter/WallClock2B/WallClock_low_WallClock_BaseColor.png\"", \""Timestamp\"" : \""1754759433\"", \""FileMD5\"" : \""5d7b66859939129b45b98dc70838c494\"", \""DisplayLabelName\"" : \""\"" }]""}"
/Game/ModulAbandJPSchool/Textures/T_Clock_N,"{""AssetImportData"": ""[{ \""RelativeFilename\"" : \""H:/AbandonedJapaneseSchool/TextureExporter/WallClock2B/WallClock_low_WallClock_Normal.png\"", \""Timestamp\"" : \""1754759433\"", \""FileMD5\"" : \""1155e2d2cc945a5cbc566858a3e87c00\"", \""DisplayLabelName\"" : \""\"" }]""}"
/Game/ModulAbandJPSchool/Textures/T_Clock_ORM,"{""AssetImportData"": ""[{ \""RelativeFilename\"" : \""H:/AbandonedJapaneseSchool/TextureExporter/WallClock2B/WallClock_low_WallClock_OcclusionRoughnessMetallic.png\"", \""Timestamp\"" : \""1754759433\"", \""FileMD5\"" : \""b83ff79a76de0dce5e7b8d2242b4a53f\"", \""DisplayLabelName\"" : \""\"" }]""}"
/Game/ModulAbandJPSchool/Textures/T_Curtain_A,"{""AssetImportData"": ""[{ \""RelativeFilename\"" : \""H:/AbandonedJapaneseSchool/TextureExporter/T_Curtain_A.png\"", \""Timestamp\"" : \""1756152196\"", \""FileMD5\"" : \""c7346f012794008d01c10b683cb19049\"", \""DisplayLabelName\"" : \""\"" }]""}"
/Game/ModulAbandJPSchool/Textures/T_Curtain_N,"{""AssetImportData"": ""[{ \""RelativeFilename\"" : \""H:/AbandonedJapaneseSchool/TextureExporter/T_Curtain_N.png\"", \""Timestamp\"" : \""1756152197\"", \""FileMD5\"" : \""e7300afac6744ea9153af82b45087b7f\"", \""DisplayLabelName\"" : \""\"" }]""}"
/Game/ModulAbandJPSchool/Textures/T_Curtain_ORM,"{""AssetImportData"": ""[{ \""RelativeFilename\"" : \""H:/AbandonedJapaneseSchool/TextureExporter/T_Curtain_ORM.png\"", \""Timestamp\"" : \""1756152196\"", \""FileMD5\"" : \""973effddd3678ef472b6eb36d426de0b\"", \""DisplayLabelName\"" : \""\"" }]""}"
/Game/ModulAbandJPSchool/Textures/T_DebrisDecal_A,"{""AssetImportData"": ""[{ \""RelativeFilename\"" : \""H:/AbandonedJapaneseSchool/TextureExporter/T_DebrisDecal_A.png\"", \""Timestamp\"" : \""1754588663\"", \""FileMD5\"" : \""7f6542c840bb7c6a4d02f905bdd1e9f0\"", \""DisplayLabelName\"" : \""\"" }]""}"
/Game/ModulAbandJPSchool/Textures/T_DebrisDecal_N,"{""AssetImportData"": ""[{ \""RelativeFilename\"" : \""H:/AbandonedJapaneseSchool/TextureExporter/T_DebrisDecal_N.png\"", \""Timestamp\"" : \""1754588663\"", \""FileMD5\"" : \""ea91b1e44200e5ab6405806c11a80a1e\"", \""DisplayLabelName\"" : \""\"" }]""}"
/Game/ModulAbandJPSchool/Textures/T_DebrisDecal_ORM,"{""AssetImportData"": ""[{ \""RelativeFilename\"" : \""H:/AbandonedJapaneseSchool/TextureExporter/T_DebrisDecal_ORM.png\"", \""Timestamp\"" : \""1754588662\"", \""FileMD5\"" : \""b410ea82eae0d214767bb1174208b2a7\"", \""DisplayLabelName\"" : \""\"" }]""}"
/Game/ModulAbandJPSchool/Textures/T_DoorWindowParts_Clean_A,"{""AssetImportData"": ""[{ \""RelativeFilename\"" : \""H:/AbandonedJapaneseSchool/TextureExporter/WindowDoorParts/DoorWindowParts_Low_WindowDoorParts_BaseColor.png\"", \""Timestamp\"" : \""1753205388\"", \""FileMD5\"" : \""1221544f5e93ada457431d2fb15485c6\"", \""DisplayLabelName\"" : \""\"" }]""}"
/Game/ModulAbandJPSchool/Textures/T_DoorWindowParts_Clean_N,"{""AssetImportData"": ""[{ \""RelativeFilename\"" : \""H:/AbandonedJapaneseSchool/TextureExporter/WindowDoorParts/DoorWindowParts_Low_WindowDoorParts_Normal.png\"", \""Timestamp\"" : \""1753205389\"", \""FileMD5\"" : \""4045994bda5ffc38813328c51489084f\"", \""DisplayLabelName\"" : \""\"" }]""}"
/Game/ModulAbandJPSchool/Textures/T_DoorWindowParts_Clean_ORM,"{""AssetImportData"": ""[{ \""RelativeFilename\"" : \""H:/AbandonedJapaneseSchool/TextureExporter/WindowDoorParts/DoorWindowParts_Low_WindowDoorParts_OcclusionRoughnessMetallic.png\"", \""Timestamp\"" : \""1753205388\"", \""FileMD5\"" : \""949f0eade4552aaa2b064676967a096b\"", \""DisplayLabelName\"" : \""\"" }]""}"
/Game/ModulAbandJPSchool/Textures/T_ExitSign_A,"{""AssetImportData"": ""[{ \""RelativeFilename\"" : \""H:/AbandonedJapaneseSchool/TextureExporter/T_ExitSign.png\"", \""Timestamp\"" : \""1755074527\"", \""FileMD5\"" : \""4fde38b6ec98509c03af0f3059ca3d76\"", \""DisplayLabelName\"" : \""\"" }]""}"
/Game/ModulAbandJPSchool/Textures/T_ExPlaster_Clean_A,"{""AssetImportData"": ""[{ \""RelativeFilename\"" : \""H:/AbandonedJapaneseSchool/TextureExporter/T_ExPlaster_Clean_A.png\"", \""Timestamp\"" : \""1755000661\"", \""FileMD5\"" : \""24781c942e29ef34e212b885b5936cd4\"", \""DisplayLabelName\"" : \""\"" }]""}"
/Game/ModulAbandJPSchool/Textures/T_ExPlaster_Clean_N,"{""AssetImportData"": ""[{ \""RelativeFilename\"" : \""H:/AbandonedJapaneseSchool/TextureExporter/T_ExPlaster_Clean_N.png\"", \""Timestamp\"" : \""1755000661\"", \""FileMD5\"" : \""5892fa25455b1ec200bc54afa3e55005\"", \""DisplayLabelName\"" : \""\"" }]""}"
/Game/ModulAbandJPSchool/Textures/T_ExPlaster_Clean_ORM,"{""AssetImportData"": ""[{ \""RelativeFilename\"" : \""H:/AbandonedJapaneseSchool/TextureExporter/T_ExPlaster_Clean_ORM.png\"", \""Timestamp\"" : \""1755000661\"", \""FileMD5\"" : \""cb069919c447a04b4a8d5ea1edc48fee\"", \""DisplayLabelName\"" : \""\"" }]""}"
/Game/ModulAbandJPSchool/Textures/T_ExPlaster_Worn_A,"{""AssetImportData"": ""[{ \""RelativeFilename\"" : \""H:/AbandonedJapaneseSchool/TextureExporter/T_ExPlaster_Worn_A.png\"", \""Timestamp\"" : \""1755000695\"", \""FileMD5\"" : \""072d957ddee4b29618c9a9947b171970\"", \""DisplayLabelName\"" : \""\"" }]""}"
/Game/ModulAbandJPSchool/Textures/T_ExPlaster_Worn_N,"{""AssetImportData"": ""[{ \""RelativeFilename\"" : \""H:/AbandonedJapaneseSchool/TextureExporter/T_ExPlaster_Worn_N.png\"", \""Timestamp\"" : \""1755000696\"", \""FileMD5\"" : \""f56f66b9072bc38324d51d6239cc067b\"", \""DisplayLabelName\"" : \""\"" }]""}"
/Game/ModulAbandJPSchool/Textures/T_ExPlaster_Worn_ORM,"{""AssetImportData"": ""[{ \""RelativeFilename\"" : \""H:/AbandonedJapaneseSchool/TextureExporter/T_ExPlaster_Worn_ORM.png\"", \""Timestamp\"" : \""1755000695\"", \""FileMD5\"" : \""ec128e2d2e5ea8568c377e37a1658202\"", \""DisplayLabelName\"" : \""\"" }]""}"
/Game/ModulAbandJPSchool/Textures/T_FireHidrant_A,"{""AssetImportData"": ""[{ \""RelativeFilename\"" : \""H:/AbandonedJapaneseSchool/TextureExporter/FireHidrant/FirehidrantParts_low_FireHidrant_BaseColor.png\"", \""Timestamp\"" : \""1755078930\"", \""FileMD5\"" : \""b1eb3ba2e9c6c434228cc78eb0666809\"", \""DisplayLabelName\"" : \""\"" }]""}"
/Game/ModulAbandJPSchool/Textures/T_FireHidrant_N,"{""AssetImportData"": ""[{ \""RelativeFilename\"" : \""H:/AbandonedJapaneseSchool/TextureExporter/FireHidrant/FirehidrantParts_low_FireHidrant_Normal.png\"", \""Timestamp\"" : \""1755078930\"", \""FileMD5\"" : \""28b5a7ec63046b421352f8ce162fae76\"", \""DisplayLabelName\"" : \""\"" }]""}"
/Game/ModulAbandJPSchool/Textures/T_FireHidrant_ORM,"{""AssetImportData"": ""[{ \""RelativeFilename\"" : \""H:/AbandonedJapaneseSchool/TextureExporter/FireHidrant/FirehidrantParts_low_FireHidrant_OcclusionRoughnessMetallic.png\"", \""Timestamp\"" : \""1755078930\"", \""FileMD5\"" : \""73ecead50b103b051bda3ef757032758\"", \""DisplayLabelName\"" : \""\"" }]""}"
/Game/ModulAbandJPSchool/Textures/T_Glass_A,"{""AssetImportData"": ""[{ \""RelativeFilename\"" : \""H:/AbandonedJapaneseSchool/TextureExporter/T_Glass_A.png\"", \""Timestamp\"" : \""1753518364\"", \""FileMD5\"" : \""9a2c21f92c4f12b32e9ccdf0aa628ad3\"", \""DisplayLabelName\"" : \""\"" }]""}"
/Game/ModulAbandJPSchool/Textures/T_Glass_N,"{""AssetImportData"": ""[{ \""RelativeFilename\"" : \""H:/AbandonedJapaneseSchool/TextureExporter/T_Glass_N.png\"", \""Timestamp\"" : \""1753518364\"", \""FileMD5\"" : \""6e2057f8516508e54189c87e842a9201\"", \""DisplayLabelName\"" : \""\"" }]""}"
/Game/ModulAbandJPSchool/Textures/T_Glass_ORM,"{""AssetImportData"": ""[{ \""RelativeFilename\"" : \""H:/AbandonedJapaneseSchool/TextureExporter/T_Glass_ORM.png\"", \""Timestamp\"" : \""1753519780\"", \""FileMD5\"" : \""7c44fec89dd7aa5f275c31842caa3fda\"", \""DisplayLabelName\"" : \""\"" }]""}"
/Game/ModulAbandJPSchool/Textures/T_GrungeMasks_Mask,"{""AssetImportData"": ""[{ \""RelativeFilename\"" : \""H:/AbandonedJapaneseSchool/TextureExporter/T_GrungeMasks_Mask.png\"", \""Timestamp\"" : \""1754476174\"", \""FileMD5\"" : \""2a54b8b4042e0d7b5b3067176758a799\"", \""DisplayLabelName\"" : \""\"" }]""}"
/Game/ModulAbandJPSchool/Textures/T_HighBayLamp_A,"{""AssetImportData"": ""[{ \""RelativeFilename\"" : \""H:/AbandonedJapaneseSchool/TextureExporter/HighBayLamp2B/HighBayLamp_Low_HighBayLamp_BaseColor.png\"", \""Timestamp\"" : \""1756202233\"", \""FileMD5\"" : \""15189e4308202665ae76f70f20542389\"", \""DisplayLabelName\"" : \""\"" }]""}"
/Game/ModulAbandJPSchool/Textures/T_HighBayLamp_E,"{""AssetImportData"": ""[{ \""RelativeFilename\"" : \""H:/AbandonedJapaneseSchool/TextureExporter/HighBayLamp2B/HighBayLamp_Low_HighBayLamp_Emissive.png\"", \""Timestamp\"" : \""1756244174\"", \""FileMD5\"" : \""42af9d379996765b71520cd8ccc23d0a\"", \""DisplayLabelName\"" : \""\"" }]""}"
/Game/ModulAbandJPSchool/Textures/T_HighBayLamp_N,"{""AssetImportData"": ""[{ \""RelativeFilename\"" : \""H:/AbandonedJapaneseSchool/TextureExporter/HighBayLamp2B/HighBayLamp_Low_HighBayLamp_Normal.png\"", \""Timestamp\"" : \""1756202233\"", \""FileMD5\"" : \""cf79d7812267ff2681a278679aaba843\"", \""DisplayLabelName\"" : \""\"" }]""}"
/Game/ModulAbandJPSchool/Textures/T_HighBayLamp_ORM,"{""AssetImportData"": ""[{ \""RelativeFilename\"" : \""H:/AbandonedJapaneseSchool/TextureExporter/HighBayLamp2B/HighBayLamp_Low_HighBayLamp_OcclusionRoughnessMetallic.png\"", \""Timestamp\"" : \""1756202233\"", \""FileMD5\"" : \""4f4c11f2ec9e6aa26bf1c31d95e33db4\"", \""DisplayLabelName\"" : \""\"" }]""}"
/Game/ModulAbandJPSchool/Textures/T_InPlaster_Clean_A,"{""AssetImportData"": ""[{ \""RelativeFilename\"" : \""H:/AbandonedJapaneseSchool/TextureExporter/T_InPlaster_Clean_A.png\"", \""Timestamp\"" : \""1753212214\"", \""FileMD5\"" : \""f1b6be0f77489da7bcd589d8f165f9f1\"", \""DisplayLabelName\"" : \""\"" }]""}"
/Game/ModulAbandJPSchool/Textures/T_InPlaster_Clean_N,"{""AssetImportData"": ""[{ \""RelativeFilename\"" : \""H:/AbandonedJapaneseSchool/TextureExporter/T_InPlaster_Clean_N.png\"", \""Timestamp\"" : \""1753212215\"", \""FileMD5\"" : \""2c6400e2fe2c9e963f7b7df9944a3a10\"", \""DisplayLabelName\"" : \""\"" }]""}"
/Game/ModulAbandJPSchool/Textures/T_InPlaster_Clean_ORM,"{""AssetImportData"": ""[{ \""RelativeFilename\"" : \""H:/AbandonedJapaneseSchool/TextureExporter/T_InPlaster_Clean_ORM.png\"", \""Timestamp\"" : \""1753212214\"", \""FileMD5\"" : \""a0a357c54a6f524824b19456d686e7da\"", \""DisplayLabelName\"" : \""\"" }]""}"
/Game/ModulAbandJPSchool/Textures/T_Keyboard_A,"{""AssetImportData"": ""[{ \""RelativeFilename\"" : \""H:/AbandonedJapaneseSchool/TextureExporter/Keyboard/Keyboard_low_Keyboard_BaseColor.png\"", \""Timestamp\"" : \""1755589304\"", \""FileMD5\"" : \""5f746116040e0d228d5861b983f61503\"", \""DisplayLabelName\"" : \""\"" }]""}"
/Game/ModulAbandJPSchool/Textures/T_Keyboard_N,"{""AssetImportData"": ""[{ \""RelativeFilename\"" : \""H:/AbandonedJapaneseSchool/TextureExporter/Keyboard/Keyboard_low_Keyboard_Normal.png\"", \""Timestamp\"" : \""1755589304\"", \""FileMD5\"" : \""ba3a6c749a6489df001c1d00f10ab4ed\"", \""DisplayLabelName\"" : \""\"" }]""}"
/Game/ModulAbandJPSchool/Textures/T_Keyboard_ORM,"{""AssetImportData"": ""[{ \""RelativeFilename\"" : \""H:/AbandonedJapaneseSchool/TextureExporter/Keyboard/Keyboard_low_Keyboard_OcclusionRoughnessMetallic.png\"", \""Timestamp\"" : \""1755589304\"", \""FileMD5\"" : \""255433d91443f5106be573cbfd233e0a\"", \""DisplayLabelName\"" : \""\"" }]""}"
/Game/ModulAbandJPSchool/Textures/T_LightSwitch_A,"{""AssetImportData"": ""[{ \""RelativeFilename\"" : \""H:/AbandonedJapaneseSchool/TextureExporter/LightSwitch/Switch_low_LightSwitch_BaseColor.png\"", \""Timestamp\"" : \""1755709223\"", \""FileMD5\"" : \""038f6016904aca86999b933691b55374\"", \""DisplayLabelName\"" : \""\"" }]""}"
/Game/ModulAbandJPSchool/Textures/T_LightSwitch_N,"{""AssetImportData"": ""[{ \""RelativeFilename\"" : \""H:/AbandonedJapaneseSchool/TextureExporter/LightSwitch/Switch_low_LightSwitch_Normal.png\"", \""Timestamp\"" : \""1755709223\"", \""FileMD5\"" : \""5f5149eddb78967970ebc6d274a8c902\"", \""DisplayLabelName\"" : \""\"" }]""}"
/Game/ModulAbandJPSchool/Textures/T_LightSwitch_ORM,"{""AssetImportData"": ""[{ \""RelativeFilename\"" : \""H:/AbandonedJapaneseSchool/TextureExporter/LightSwitch/Switch_low_LightSwitch_OcclusionRoughnessMetallic.png\"", \""Timestamp\"" : \""1755709224\"", \""FileMD5\"" : \""095fb700382a2cefd86763ab0fc195d9\"", \""DisplayLabelName\"" : \""\"" }]""}"
/Game/ModulAbandJPSchool/Textures/T_Metal_TS_Clean_A,"{""AssetImportData"": ""[{ \""RelativeFilename\"" : \""H:/AbandonedJapaneseSchool/TextureExporter/T_Metal_TS_Clean_A.png\"", \""Timestamp\"" : \""1753041127\"", \""FileMD5\"" : \""e1c3194fc672052944aa32d313a2dd4e\"", \""DisplayLabelName\"" : \""\"" }]""}"
/Game/ModulAbandJPSchool/Textures/T_Metal_TS_Clean_N,"{""AssetImportData"": ""[{ \""RelativeFilename\"" : \""H:/AbandonedJapaneseSchool/TextureExporter/T_Metal_TS_Clean_N.png\"", \""Timestamp\"" : \""1753041127\"", \""FileMD5\"" : \""ca047c256aa20bb27382040c044c7553\"", \""DisplayLabelName\"" : \""\"" }]""}"
/Game/ModulAbandJPSchool/Textures/T_Metal_TS_Clean_ORM,"{""AssetImportData"": ""[{ \""RelativeFilename\"" : \""H:/AbandonedJapaneseSchool/TextureExporter/T_Metal_TS_Clean_ORM.png\"", \""Timestamp\"" : \""1753041126\"", \""FileMD5\"" : \""5b90e01f8137e896b631ad78c221bdbe\"", \""DisplayLabelName\"" : \""\"" }]""}"
/Game/ModulAbandJPSchool/Textures/T_Metal_TS_Dirty_A,"{""AssetImportData"": ""[{ \""RelativeFilename\"" : \""H:/AbandonedJapaneseSchool/TextureExporter/T_Metal_TS_Dirty_A.png\"", \""Timestamp\"" : \""1753258772\"", \""FileMD5\"" : \""c1fab09022b51fc2570fae8c7c142047\"", \""DisplayLabelName\"" : \""\"" }]""}"
/Game/ModulAbandJPSchool/Textures/T_Metal_TS_Dirty_N,"{""AssetImportData"": ""[{ \""RelativeFilename\"" : \""H:/AbandonedJapaneseSchool/TextureExporter/T_Metal_TS_Dirty_N.png\"", \""Timestamp\"" : \""1753258772\"", \""FileMD5\"" : \""92a48a8fc5bcc95e2f2ee3e3e2b0561e\"", \""DisplayLabelName\"" : \""\"" }]""}"
/Game/ModulAbandJPSchool/Textures/T_Metal_TS_Dirty_ORM,"{""AssetImportData"": ""[{ \""RelativeFilename\"" : \""H:/AbandonedJapaneseSchool/TextureExporter/T_Metal_TS_Dirty_ORM.png\"", \""Timestamp\"" : \""1753258772\"", \""FileMD5\"" : \""d07faacca465de1e8f1b832d9426f6a3\"", \""DisplayLabelName\"" : \""\"" }]""}"
/Game/ModulAbandJPSchool/Textures/T_Monitor_A,"{""AssetImportData"": ""[{ \""RelativeFilename\"" : \""H:/AbandonedJapaneseSchool/TextureExporter/Monitor/Monitor_low_Monitor_BaseColor.png\"", \""Timestamp\"" : \""1755675216\"", \""FileMD5\"" : \""d0cdae3a53dfad526c7660dd93258469\"", \""DisplayLabelName\"" : \""\"" }]""}"
/Game/ModulAbandJPSchool/Textures/T_Monitor_N,"{""AssetImportData"": ""[{ \""RelativeFilename\"" : \""H:/AbandonedJapaneseSchool/TextureExporter/Monitor/Monitor_low_Monitor_Normal.png\"", \""Timestamp\"" : \""1755623394\"", \""FileMD5\"" : \""97a7f385b458dc1573d8e722d6a86b92\"", \""DisplayLabelName\"" : \""\"" }]""}"
/Game/ModulAbandJPSchool/Textures/T_Monitor_ORM,"{""AssetImportData"": ""[{ \""RelativeFilename\"" : \""H:/AbandonedJapaneseSchool/TextureExporter/Monitor/Monitor_low_Monitor_OcclusionRoughnessMetallic.png\"", \""Timestamp\"" : \""1755623393\"", \""FileMD5\"" : \""7f0bb189990b3d627e233b083a389f38\"", \""DisplayLabelName\"" : \""\"" }]""}"
/Game/ModulAbandJPSchool/Textures/T_Moss_A,"{""AssetImportData"": ""[{ \""RelativeFilename\"" : \""H:/AbandonedJapaneseSchool/TextureExporter/T_Moss_A.png\"", \""Timestamp\"" : \""1753611640\"", \""FileMD5\"" : \""2a586f6cd285245f453e3192a2fa2aa2\"", \""DisplayLabelName\"" : \""\"" }]""}"
/Game/ModulAbandJPSchool/Textures/T_Moss_N,"{""AssetImportData"": ""[{ \""RelativeFilename\"" : \""H:/AbandonedJapaneseSchool/TextureExporter/T_Moss_N.png\"", \""Timestamp\"" : \""1753611640\"", \""FileMD5\"" : \""fec9d06e1b975ade3281bb9828c4ada3\"", \""DisplayLabelName\"" : \""\"" }]""}"
/Game/ModulAbandJPSchool/Textures/T_Moss_ORM,"{""AssetImportData"": ""[{ \""RelativeFilename\"" : \""H:/AbandonedJapaneseSchool/TextureExporter/T_Moss_ORM.png\"", \""Timestamp\"" : \""1753611640\"", \""FileMD5\"" : \""c143bd52612140c05ab864607405daa2\"", \""DisplayLabelName\"" : \""\"" }]""}"
/Game/ModulAbandJPSchool/Textures/T_OfficeChair_A,"{""AssetImportData"": ""[{ \""RelativeFilename\"" : \""H:/AbandonedJapaneseSchool/TextureExporter/OfficeChair/OfficeChair_low_OfficeChair_BaseColor.png\"", \""Timestamp\"" : \""1754685080\"", \""FileMD5\"" : \""07a2e60fad8a64cd55618c91ccc4eef8\"", \""DisplayLabelName\"" : \""\"" }]""}"
/Game/ModulAbandJPSchool/Textures/T_OfficeChair_N,"{""AssetImportData"": ""[{ \""RelativeFilename\"" : \""H:/AbandonedJapaneseSchool/TextureExporter/OfficeChair/OfficeChair_low_OfficeChair_Normal.png\"", \""Timestamp\"" : \""1754685080\"", \""FileMD5\"" : \""7c80376a5245016b02017939e3065652\"", \""DisplayLabelName\"" : \""\"" }]""}"
/Game/ModulAbandJPSchool/Textures/T_OfficeChair_ORM,"{""AssetImportData"": ""[{ \""RelativeFilename\"" : \""H:/AbandonedJapaneseSchool/TextureExporter/OfficeChair/OfficeChair_low_OfficeChair_OcclusionRoughnessMetallic.png\"", \""Timestamp\"" : \""1754685080\"", \""FileMD5\"" : \""b02ce58b574bcb26fe22bca69352e6e8\"", \""DisplayLabelName\"" : \""\"" }]""}"
/Game/ModulAbandJPSchool/Textures/T_PaintedMetalGray_Clean_A,"{""AssetImportData"": ""[{ \""RelativeFilename\"" : \""H:/AbandonedJapaneseSchool/TextureExporter/T_PaintedMetal_Clean_A.png\"", \""Timestamp\"" : \""1753100357\"", \""FileMD5\"" : \""4a57aa948d81df69fc023cf5c108c065\"", \""DisplayLabelName\"" : \""\"" }]""}"
/Game/ModulAbandJPSchool/Textures/T_PaintedMetalGray_Dirty_A,"{""AssetImportData"": ""[{ \""RelativeFilename\"" : \""H:/AbandonedJapaneseSchool/TextureExporter/T_PaintedMetal_Dirty_A.png\"", \""Timestamp\"" : \""1753215470\"", \""FileMD5\"" : \""5bcb768cfb06663e7fddec093988d779\"", \""DisplayLabelName\"" : \""\"" }]""}"
/Game/ModulAbandJPSchool/Textures/T_PaintedMetalGray_TS_Clean_A,"{""AssetImportData"": ""[{ \""RelativeFilename\"" : \""H:/AbandonedJapaneseSchool/TextureExporter/T_PaintedMetalGray_TS_Clean_A.png\"", \""Timestamp\"" : \""1753876525\"", \""FileMD5\"" : \""79e67427cc340f33754dd3b9894f7588\"", \""DisplayLabelName\"" : \""\"" }]""}"
/Game/ModulAbandJPSchool/Textures/T_PaintedMetalRed_TS_Clean_A,"{""AssetImportData"": ""[{ \""RelativeFilename\"" : \""H:/AbandonedJapaneseSchool/TextureExporter/T_PaintedMetalRed_TS_Clean_A.png\"", \""Timestamp\"" : \""1755023003\"", \""FileMD5\"" : \""2603ce6d7c357ee063b8de0374344bcf\"", \""DisplayLabelName\"" : \""\"" }]""}"
/Game/ModulAbandJPSchool/Textures/T_PaintedMetalRoof_A,"{""AssetImportData"": ""[{ \""RelativeFilename\"" : \""H:/AbandonedJapaneseSchool/TextureExporter/T_PaintedMetalRoof_A.png\"", \""Timestamp\"" : \""1756210664\"", \""FileMD5\"" : \""f962b7f3e9126e07f42a368a59870e6e\"", \""DisplayLabelName\"" : \""\"" }]""}"
/Game/ModulAbandJPSchool/Textures/T_PaintedMetalRoof_N,"{""AssetImportData"": ""[{ \""RelativeFilename\"" : \""H:/AbandonedJapaneseSchool/TextureExporter/T_PaintedMetalRoof_N.png\"", \""Timestamp\"" : \""1756210664\"", \""FileMD5\"" : \""e605f02f1ef37ddf66aa8dd0a3b36c74\"", \""DisplayLabelName\"" : \""\"" }]""}"
/Game/ModulAbandJPSchool/Textures/T_PaintedMetalRoof_ORM,"{""AssetImportData"": ""[{ \""RelativeFilename\"" : \""H:/AbandonedJapaneseSchool/TextureExporter/T_PaintedMetalRoof_ORM.png\"", \""Timestamp\"" : \""1756210664\"", \""FileMD5\"" : \""2bf9671b53455bf342d02e9df454b5c8\"", \""DisplayLabelName\"" : \""\"" }]""}"
/Game/ModulAbandJPSchool/Textures/T_PaintedMetalWhite_Clean_A,"{""AssetImportData"": ""[{ \""RelativeFilename\"" : \""H:/AbandonedJapaneseSchool/TextureExporter/T_PaintedMetalYellow_Clean_A.png\"", \""Timestamp\"" : \""1756157940\"", \""FileMD5\"" : \""6ab872a2328a4170b87ea76c4c7e3117\"", \""DisplayLabelName\"" : \""\"" }]""}"
/Game/ModulAbandJPSchool/Textures/T_PaintedMetalWhite_Dirty_A,"{""AssetImportData"": ""[{ \""RelativeFilename\"" : \""H:/AbandonedJapaneseSchool/TextureExporter/T_PaintedMetalYellow_Dirty_A.png\"", \""Timestamp\"" : \""1756157904\"", \""FileMD5\"" : \""1bb9c00293f0ac05db843684fe043f2a\"", \""DisplayLabelName\"" : \""\"" }]""}"
/Game/ModulAbandJPSchool/Textures/T_PaintedMetalWhite_TS_Clean_A,"{""AssetImportData"": ""[{ \""RelativeFilename\"" : \""H:/AbandonedJapaneseSchool/TextureExporter/T_PaintedMetalWhite_TS_Clean_A.png\"", \""Timestamp\"" : \""1756158010\"", \""FileMD5\"" : \""1eccff13e1169058f19e3293f86d4d3f\"", \""DisplayLabelName\"" : \""\"" }]""}"
/Game/ModulAbandJPSchool/Textures/T_PaintedMetalWhite_TS_Worn_A,"{""AssetImportData"": ""[{ \""RelativeFilename\"" : \""H:/AbandonedJapaneseSchool/TextureExporter/T_PaintedMetalWhite_TS_Worn_A.png\"", \""Timestamp\"" : \""1756158059\"", \""FileMD5\"" : \""404389fb1163690e6a32462dcdd7b4b2\"", \""DisplayLabelName\"" : \""\"" }]""}"
/Game/ModulAbandJPSchool/Textures/T_PaintedMetal_Clean_N,"{""AssetImportData"": ""[{ \""RelativeFilename\"" : \""H:/AbandonedJapaneseSchool/TextureExporter/T_PaintedMetal_Clean_N.png\"", \""Timestamp\"" : \""1753100357\"", \""FileMD5\"" : \""f64f2893276f53029965c1d1dc270624\"", \""DisplayLabelName\"" : \""\"" }]""}"
/Game/ModulAbandJPSchool/Textures/T_PaintedMetal_Clean_ORM,"{""AssetImportData"": ""[{ \""RelativeFilename\"" : \""H:/AbandonedJapaneseSchool/TextureExporter/T_PaintedMetal_Clean_ORM.png\"", \""Timestamp\"" : \""1753100357\"", \""FileMD5\"" : \""2df1e9d347ad41842751a3b72a302194\"", \""DisplayLabelName\"" : \""\"" }]""}"
/Game/ModulAbandJPSchool/Textures/T_PaintedMetal_Dirty_N,"{""AssetImportData"": ""[{ \""RelativeFilename\"" : \""H:/AbandonedJapaneseSchool/TextureExporter/T_PaintedMetal_Dirty_N.png\"", \""Timestamp\"" : \""1753606235\"", \""FileMD5\"" : \""599148370b9b00b9ca58c1dfa152b0f6\"", \""DisplayLabelName\"" : \""\"" }]""}"
/Game/ModulAbandJPSchool/Textures/T_PaintedMetal_Dirty_ORM,"{""AssetImportData"": ""[{ \""RelativeFilename\"" : \""H:/AbandonedJapaneseSchool/TextureExporter/T_PaintedMetal_Dirty_ORM.png\"", \""Timestamp\"" : \""1753215469\"", \""FileMD5\"" : \""057f775808e7c68450a506afd48c8cf4\"", \""DisplayLabelName\"" : \""\"" }]""}"
/Game/ModulAbandJPSchool/Textures/T_PaintedMetal_TS_Clean_A,"{""AssetImportData"": ""[{ \""RelativeFilename\"" : \""H:/AbandonedJapaneseSchool/TextureExporter/T_PaintedMetal_TS_Clean_A.png\"", \""Timestamp\"" : \""1753041181\"", \""FileMD5\"" : \""ead33d109fbb460a001a446e0467806f\"", \""DisplayLabelName\"" : \""\"" }]""}"
/Game/ModulAbandJPSchool/Textures/T_PaintedMetal_TS_Clean_N,"{""AssetImportData"": ""[{ \""RelativeFilename\"" : \""H:/AbandonedJapaneseSchool/TextureExporter/T_PaintedMetal_TS_Clean_N.png\"", \""Timestamp\"" : \""1753041181\"", \""FileMD5\"" : \""d36854dea4c5136f1b7599880b377199\"", \""DisplayLabelName\"" : \""\"" }]""}"
/Game/ModulAbandJPSchool/Textures/T_PaintedMetal_TS_Clean_ORM,"{""AssetImportData"": ""[{ \""RelativeFilename\"" : \""H:/AbandonedJapaneseSchool/TextureExporter/T_PaintedMetal_TS_Clean_ORM.png\"", \""Timestamp\"" : \""1753041181\"", \""FileMD5\"" : \""08a7b44b4d28331664f424009ef4538e\"", \""DisplayLabelName\"" : \""\"" }]""}"
/Game/ModulAbandJPSchool/Textures/T_PaintedWood_Clean_A,"{""AssetImportData"": ""[{ \""RelativeFilename\"" : \""H:/AbandonedJapaneseSchool/TextureExporter/T_PaintedWood_Clean_A.png\"", \""Timestamp\"" : \""1756138393\"", \""FileMD5\"" : \""8b00a496c61dac2cb2f113e9dc57796e\"", \""DisplayLabelName\"" : \""\"" }]""}"
/Game/ModulAbandJPSchool/Textures/T_PaintedWood_Clean_N,"{""AssetImportData"": ""[{ \""RelativeFilename\"" : \""H:/AbandonedJapaneseSchool/TextureExporter/T_PaintedWood_Clean_N.png\"", \""Timestamp\"" : \""1756138394\"", \""FileMD5\"" : \""ec2520de801323ea91b6057e5d12acff\"", \""DisplayLabelName\"" : \""\"" }]""}"
/Game/ModulAbandJPSchool/Textures/T_PaintedWood_Clean_ORM,"{""AssetImportData"": ""[{ \""RelativeFilename\"" : \""H:/AbandonedJapaneseSchool/TextureExporter/T_PaintedWood_Clean_ORM.png\"", \""Timestamp\"" : \""1756138393\"", \""FileMD5\"" : \""7f5249f07bf15557a5307680cb39dc8d\"", \""DisplayLabelName\"" : \""\"" }]""}"
/Game/ModulAbandJPSchool/Textures/T_PaintedWood_Dirty_A,"{""AssetImportData"": ""[{ \""RelativeFilename\"" : \""H:/AbandonedJapaneseSchool/TextureExporter/T_PaintedWood_Dirty_A.png\"", \""Timestamp\"" : \""1756138354\"", \""FileMD5\"" : \""fb617a620efb8c38b7a9612ab26c46b4\"", \""DisplayLabelName\"" : \""\"" }]""}"
/Game/ModulAbandJPSchool/Textures/T_PaintedWood_Dirty_N,"{""AssetImportData"": ""[{ \""RelativeFilename\"" : \""H:/AbandonedJapaneseSchool/TextureExporter/T_PaintedWood_Dirty_N.png\"", \""Timestamp\"" : \""1756138355\"", \""FileMD5\"" : \""985bcbac0bf87d1375dc09388269fa95\"", \""DisplayLabelName\"" : \""\"" }]""}"
/Game/ModulAbandJPSchool/Textures/T_PaintedWood_Dirty_ORM,"{""AssetImportData"": ""[{ \""RelativeFilename\"" : \""H:/AbandonedJapaneseSchool/TextureExporter/T_PaintedWood_Dirty_ORM.png\"", \""Timestamp\"" : \""1756138354\"", \""FileMD5\"" : \""f56e329a5a8c36d5733ecd2954c8d3b9\"", \""DisplayLabelName\"" : \""\"" }]""}"
/Game/ModulAbandJPSchool/Textures/T_PaperDebris_A,"{""AssetImportData"": ""[{ \""RelativeFilename\"" : \""H:/AbandonedJapaneseSchool/TextureExporter/T_PaperDebris_A.png\"", \""Timestamp\"" : \""1754224806\"", \""FileMD5\"" : \""622b570bdf2f3f6991eb8554b9e7fcc2\"", \""DisplayLabelName\"" : \""\"" }]""}"
/Game/ModulAbandJPSchool/Textures/T_PaperDebris_N,"{""AssetImportData"": ""[{ \""RelativeFilename\"" : \""H:/AbandonedJapaneseSchool/TextureExporter/T_PaperDebris_N.png\"", \""Timestamp\"" : \""1754224806\"", \""FileMD5\"" : \""85655eb1fa9796c3028c218d36f1b342\"", \""DisplayLabelName\"" : \""\"" }]""}"
/Game/ModulAbandJPSchool/Textures/T_PaperDebris_ORM,"{""AssetImportData"": ""[{ \""RelativeFilename\"" : \""H:/AbandonedJapaneseSchool/TextureExporter/T_PaperDebris_ORM.png\"", \""Timestamp\"" : \""1754224806\"", \""FileMD5\"" : \""103b314870e960ee077a10b2070075fc\"", \""DisplayLabelName\"" : \""\"" }]""}"
/Game/ModulAbandJPSchool/Textures/T_PC_A,"{""AssetImportData"": ""[{ \""RelativeFilename\"" : \""H:/AbandonedJapaneseSchool/TextureExporter/PC/PC_low_PC_BaseColor.png\"", \""Timestamp\"" : \""1755675320\"", \""FileMD5\"" : \""f7f7e263b70230902b07d2be8489265a\"", \""DisplayLabelName\"" : \""\"" }]""}"
/Game/ModulAbandJPSchool/Textures/T_PC_N,"{""AssetImportData"": ""[{ \""RelativeFilename\"" : \""H:/AbandonedJapaneseSchool/TextureExporter/PC/PC_low_PC_Normal.png\"", \""Timestamp\"" : \""1755546002\"", \""FileMD5\"" : \""8ce1e863edad642d2fdcd075a5d36a0d\"", \""DisplayLabelName\"" : \""\"" }]""}"
/Game/ModulAbandJPSchool/Textures/T_PC_ORM,"{""AssetImportData"": ""[{ \""RelativeFilename\"" : \""H:/AbandonedJapaneseSchool/TextureExporter/PC/PC_low_PC_OcclusionRoughnessMetallic.png\"", \""Timestamp\"" : \""1755546002\"", \""FileMD5\"" : \""6b96be63cdcaee47813520f2f6bbcc1b\"", \""DisplayLabelName\"" : \""\"" }]""}"
/Game/ModulAbandJPSchool/Textures/T_PVCFloor_Clean_A,"{""AssetImportData"": ""[{ \""RelativeFilename\"" : \""H:/AbandonedJapaneseSchool/TextureExporter/T_PVCFloor_Clean_A.png\"", \""Timestamp\"" : \""1753777979\"", \""FileMD5\"" : \""41b75ae43f43e7a14713f6c0ac971eae\"", \""DisplayLabelName\"" : \""\"" }]""}"
/Game/ModulAbandJPSchool/Textures/T_PVCFloor_Clean_N,"{""AssetImportData"": ""[{ \""RelativeFilename\"" : \""H:/AbandonedJapaneseSchool/TextureExporter/T_PVCFloor_Clean_N.png\"", \""Timestamp\"" : \""1753777979\"", \""FileMD5\"" : \""85f5bc035f5989a4ae796401274c023b\"", \""DisplayLabelName\"" : \""\"" }]""}"
/Game/ModulAbandJPSchool/Textures/T_PVCFloor_Clean_ORM,"{""AssetImportData"": ""[{ \""RelativeFilename\"" : \""H:/AbandonedJapaneseSchool/TextureExporter/T_PVCFloor_Clean_ORM.png\"", \""Timestamp\"" : \""1753777979\"", \""FileMD5\"" : \""fab38ca4421383d506f5d8a27995e35c\"", \""DisplayLabelName\"" : \""\"" }]""}"
/Game/ModulAbandJPSchool/Textures/T_SchoolDesk_A,"{""AssetImportData"": ""[{ \""RelativeFilename\"" : \""H:/AbandonedJapaneseSchool/TextureExporter/T_SchoolDesk_A.png\"", \""Timestamp\"" : \""1754161952\"", \""FileMD5\"" : \""089c5cbef6288620b31aa2262445de82\"", \""DisplayLabelName\"" : \""\"" }]""}"
/Game/ModulAbandJPSchool/Textures/T_SchoolDesk_N,"{""AssetImportData"": ""[{ \""RelativeFilename\"" : \""H:/AbandonedJapaneseSchool/TextureExporter/T_SchoolDesk_N.png\"", \""Timestamp\"" : \""1754161953\"", \""FileMD5\"" : \""4554ea3906092cad665a72f19f6af51d\"", \""DisplayLabelName\"" : \""\"" }]""}"
/Game/ModulAbandJPSchool/Textures/T_SchoolDesk_ORM,"{""AssetImportData"": ""[{ \""RelativeFilename\"" : \""H:/AbandonedJapaneseSchool/TextureExporter/T_SchoolDesk_ORM.png\"", \""Timestamp\"" : \""1754161952\"", \""FileMD5\"" : \""cf865b001186b964bf059324a83201b5\"", \""DisplayLabelName\"" : \""\"" }]""}"
/Game/ModulAbandJPSchool/Textures/T_Sink_A,"{""AssetImportData"": ""[{ \""RelativeFilename\"" : \""H:/AbandonedJapaneseSchool/TextureExporter/Sink/Sink_low_Sink_BaseColor.png\"", \""Timestamp\"" : \""1755879757\"", \""FileMD5\"" : \""529a0eda35812cfa2b679f1fb4bbdcd3\"", \""DisplayLabelName\"" : \""\"" }]""}"
/Game/ModulAbandJPSchool/Textures/T_Sink_N,"{""AssetImportData"": ""[{ \""RelativeFilename\"" : \""H:/AbandonedJapaneseSchool/TextureExporter/Sink/Sink_low_Sink_Normal.png\"", \""Timestamp\"" : \""1755879757\"", \""FileMD5\"" : \""76dc90082fd67faefd39c70e912ade8e\"", \""DisplayLabelName\"" : \""\"" }]""}"
/Game/ModulAbandJPSchool/Textures/T_Sink_ORM,"{""AssetImportData"": ""[{ \""RelativeFilename\"" : \""H:/AbandonedJapaneseSchool/TextureExporter/Sink/Sink_low_Sink_OcclusionRoughnessMetallic.png\"", \""Timestamp\"" : \""1755879757\"", \""FileMD5\"" : \""8b27f59851050a4353e98e03b7bd3c99\"", \""DisplayLabelName\"" : \""\"" }]""}"
/Game/ModulAbandJPSchool/Textures/T_SpeakerCanvas_A,"{""AssetImportData"": ""[{ \""RelativeFilename\"" : \""H:/AbandonedJapaneseSchool/TextureExporter/SpeakerCanvas_A.png\"", \""Timestamp\"" : \""1754510321\"", \""FileMD5\"" : \""1bd8fdb17fa60728dc550c6aa6dc9bba\"", \""DisplayLabelName\"" : \""\"" }]""}"
/Game/ModulAbandJPSchool/Textures/T_SpeakerCanvas_N,"{""AssetImportData"": ""[{ \""RelativeFilename\"" : \""H:/AbandonedJapaneseSchool/TextureExporter/SpeakerCanvas_N.png\"", \""Timestamp\"" : \""1754510321\"", \""FileMD5\"" : \""3c264c883cef33a5f849bea352d57004\"", \""DisplayLabelName\"" : \""\"" }]""}"
/Game/ModulAbandJPSchool/Textures/T_SpeakerCanvas_ORM,"{""AssetImportData"": ""[{ \""RelativeFilename\"" : \""H:/AbandonedJapaneseSchool/TextureExporter/SpeakerCanvas_ORM.png\"", \""Timestamp\"" : \""1754510321\"", \""FileMD5\"" : \""9f8251d8ba2f3cddd312de59ef4146fb\"", \""DisplayLabelName\"" : \""\"" }]""}"
/Game/ModulAbandJPSchool/Textures/T_ToiletTiles_Clean_A,"{""AssetImportData"": ""[{ \""RelativeFilename\"" : \""H:/AbandonedJapaneseSchool/TextureExporter/T_ToiletTiles_Clean_A.png\"", \""Timestamp\"" : \""1755880161\"", \""FileMD5\"" : \""6bcc34f75720f6befe8043f84138cc06\"", \""DisplayLabelName\"" : \""\"" }]""}"
/Game/ModulAbandJPSchool/Textures/T_ToiletTiles_Clean_N,"{""AssetImportData"": ""[{ \""RelativeFilename\"" : \""H:/AbandonedJapaneseSchool/TextureExporter/T_ToiletTiles_Clean_N.png\"", \""Timestamp\"" : \""1755880161\"", \""FileMD5\"" : \""416e58a25077896bdee7383fb3255e71\"", \""DisplayLabelName\"" : \""\"" }]""}"
/Game/ModulAbandJPSchool/Textures/T_ToiletTiles_Clean_ORM,"{""AssetImportData"": ""[{ \""RelativeFilename\"" : \""H:/AbandonedJapaneseSchool/TextureExporter/T_ToiletTiles_Clean_ORM.png\"", \""Timestamp\"" : \""1755880161\"", \""FileMD5\"" : \""7a593e460cd32ab4eaf47e2a411c6f08\"", \""DisplayLabelName\"" : \""\"" }]""}"
/Game/ModulAbandJPSchool/Textures/T_ToiletTiles_Worn_A,"{""AssetImportData"": ""[{ \""RelativeFilename\"" : \""H:/AbandonedJapaneseSchool/TextureExporter/T_ToiletTiles_Worn_A.png\"", \""Timestamp\"" : \""1755880137\"", \""FileMD5\"" : \""75b91e4fc5cf09894af656cf3fdb6287\"", \""DisplayLabelName\"" : \""\"" }]""}"
/Game/ModulAbandJPSchool/Textures/T_ToiletTiles_Worn_N,"{""AssetImportData"": ""[{ \""RelativeFilename\"" : \""H:/AbandonedJapaneseSchool/TextureExporter/T_ToiletTiles_Worn_N.png\"", \""Timestamp\"" : \""1755880137\"", \""FileMD5\"" : \""c0a6075b5e9984bddb30e82a37919ced\"", \""DisplayLabelName\"" : \""\"" }]""}"
/Game/ModulAbandJPSchool/Textures/T_ToiletTiles_Worn_ORM,"{""AssetImportData"": ""[{ \""RelativeFilename\"" : \""H:/AbandonedJapaneseSchool/TextureExporter/T_ToiletTiles_Worn_ORM.png\"", \""Timestamp\"" : \""1755880137\"", \""FileMD5\"" : \""691de4567f87b05d22fca81502d4f366\"", \""DisplayLabelName\"" : \""\"" }]""}"
/Game/ModulAbandJPSchool/Textures/T_Toilet_A,"{""AssetImportData"": ""[{ \""RelativeFilename\"" : \""H:/AbandonedJapaneseSchool/TextureExporter/Toilet/Toilet_low_Toilet_BaseColor.png\"", \""Timestamp\"" : \""1755879837\"", \""FileMD5\"" : \""1b43890aaf950446fb15531063a64ca4\"", \""DisplayLabelName\"" : \""\"" }]""}"
/Game/ModulAbandJPSchool/Textures/T_Toilet_N,"{""AssetImportData"": ""[{ \""RelativeFilename\"" : \""H:/AbandonedJapaneseSchool/TextureExporter/Toilet/Toilet_low_Toilet_Normal.png\"", \""Timestamp\"" : \""1755879837\"", \""FileMD5\"" : \""d1fbcd288dd80e2ac9041731d9f429a0\"", \""DisplayLabelName\"" : \""\"" }]""}"
/Game/ModulAbandJPSchool/Textures/T_Toilet_ORM,"{""AssetImportData"": ""[{ \""RelativeFilename\"" : \""H:/AbandonedJapaneseSchool/TextureExporter/Toilet/Toilet_low_Toilet_OcclusionRoughnessMetallic.png\"", \""Timestamp\"" : \""1755879837\"", \""FileMD5\"" : \""4837aa0ad9cac57594e3752cef8f3c05\"", \""DisplayLabelName\"" : \""\"" }]""}"
/Game/ModulAbandJPSchool/Textures/T_Urinal_A,"{""AssetImportData"": ""[{ \""RelativeFilename\"" : \""H:/AbandonedJapaneseSchool/TextureExporter/Urinal/Urinal_low_Urinal_BaseColor.png\"", \""Timestamp\"" : \""1755879690\"", \""FileMD5\"" : \""9f27dcf84c5fb44990762da6fa5f250d\"", \""DisplayLabelName\"" : \""\"" }]""}"
/Game/ModulAbandJPSchool/Textures/T_Urinal_N,"{""AssetImportData"": ""[{ \""RelativeFilename\"" : \""H:/AbandonedJapaneseSchool/TextureExporter/Urinal/Urinal_low_Urinal_Normal.png\"", \""Timestamp\"" : \""1755879690\"", \""FileMD5\"" : \""d875e1ede7f20c2c6147fdf5f6582722\"", \""DisplayLabelName\"" : \""\"" }]""}"
/Game/ModulAbandJPSchool/Textures/T_Urinal_ORM,"{""AssetImportData"": ""[{ \""RelativeFilename\"" : \""H:/AbandonedJapaneseSchool/TextureExporter/Urinal/Urinal_low_Urinal_OcclusionRoughnessMetallic.png\"", \""Timestamp\"" : \""1755879690\"", \""FileMD5\"" : \""cc15b7a4eecee38bb0b7b5eabb911fb7\"", \""DisplayLabelName\"" : \""\"" }]""}"
/Game/ModulAbandJPSchool/Textures/T_WhiteBoard_A,"{""AssetImportData"": ""[{ \""RelativeFilename\"" : \""H:/AbandonedJapaneseSchool/TextureExporter/T_WhiteBoard_A.png\"", \""Timestamp\"" : \""1756230111\"", \""FileMD5\"" : \""de78e02f111ab9b95cfe6987c4a25f7a\"", \""DisplayLabelName\"" : \""\"" }]""}"
/Game/ModulAbandJPSchool/Textures/T_WhiteBoard_N,"{""AssetImportData"": ""[{ \""RelativeFilename\"" : \""H:/AbandonedJapaneseSchool/TextureExporter/T_WhiteBoard_N.png\"", \""Timestamp\"" : \""1756230111\"", \""FileMD5\"" : \""a0ad5ff87805a1227e30bcaca216651d\"", \""DisplayLabelName\"" : \""\"" }]""}"
/Game/ModulAbandJPSchool/Textures/T_WhiteBoard_ORM,"{""AssetImportData"": ""[{ \""RelativeFilename\"" : \""H:/AbandonedJapaneseSchool/TextureExporter/T_WhiteBoard_ORM.png\"", \""Timestamp\"" : \""1756230110\"", \""FileMD5\"" : \""c6ef56ab77bcc37d023d129eb4c2bad9\"", \""DisplayLabelName\"" : \""\"" }]""}"
/Game/ModulAbandJPSchool/Textures/T_WoodPlanks2_A,"{""AssetImportData"": ""[{ \""RelativeFilename\"" : \""H:/AbandonedJapaneseSchool/TextureExporter/T_WoodPlanks2_A.png\"", \""Timestamp\"" : \""1756137322\"", \""FileMD5\"" : \""6157140642c81fb68ab96688741b8874\"", \""DisplayLabelName\"" : \""\"" }]""}"
/Game/ModulAbandJPSchool/Textures/T_WoodPlanks2_N,"{""AssetImportData"": ""[{ \""RelativeFilename\"" : \""H:/AbandonedJapaneseSchool/TextureExporter/T_WoodPlanks2_N.png\"", \""Timestamp\"" : \""1756137322\"", \""FileMD5\"" : \""2410c74de900e99acce5f9c171d47f46\"", \""DisplayLabelName\"" : \""\"" }]""}"
/Game/ModulAbandJPSchool/Textures/T_WoodPlanks2_ORM,"{""AssetImportData"": ""[{ \""RelativeFilename\"" : \""H:/AbandonedJapaneseSchool/TextureExporter/T_WoodPlanks2_ORM.png\"", \""Timestamp\"" : \""1756137321\"", \""FileMD5\"" : \""2152902045a7d1f9badd8739886c52cb\"", \""DisplayLabelName\"" : \""\"" }]""}"
/Game/ModulAbandJPSchool/Textures/T_WoodPlanks2_Worn_A,"{""AssetImportData"": ""[{ \""RelativeFilename\"" : \""H:/AbandonedJapaneseSchool/TextureExporter/T_WoodPlanks2_Worn_A.png\"", \""Timestamp\"" : \""1756137878\"", \""FileMD5\"" : \""595c58f58f9b9083a337f6d539233284\"", \""DisplayLabelName\"" : \""\"" }]""}"
/Game/ModulAbandJPSchool/Textures/T_WoodPlanks2_Worn_N,"{""AssetImportData"": ""[{ \""RelativeFilename\"" : \""H:/AbandonedJapaneseSchool/TextureExporter/T_WoodPlanks2_Worn_N.png\"", \""Timestamp\"" : \""1756137878\"", \""FileMD5\"" : \""e606f62c315445db37392eca9260b622\"", \""DisplayLabelName\"" : \""\"" }]""}"
/Game/ModulAbandJPSchool/Textures/T_WoodPlanks2_Worn_ORM,"{""AssetImportData"": ""[{ \""RelativeFilename\"" : \""H:/AbandonedJapaneseSchool/TextureExporter/T_WoodPlanks2_Worn_ORM.png\"", \""Timestamp\"" : \""1756137878\"", \""FileMD5\"" : \""f09d28c816a8a132ddc025f8b4850a2f\"", \""DisplayLabelName\"" : \""\"" }]""}"
/Game/ModulAbandJPSchool/Textures/T_WoodPlanks_A,"{""AssetImportData"": ""[{ \""RelativeFilename\"" : \""H:/AbandonedJapaneseSchool/TextureExporter/T_WoodPlanks_A.png\"", \""Timestamp\"" : \""1756211201\"", \""FileMD5\"" : \""7167e812d951bccd72f87625f0b1e42c\"", \""DisplayLabelName\"" : \""\"" }]""}"
/Game/ModulAbandJPSchool/Textures/T_WoodPlanks_N,"{""AssetImportData"": ""[{ \""RelativeFilename\"" : \""H:/AbandonedJapaneseSchool/TextureExporter/T_WoodPlanks_N.png\"", \""Timestamp\"" : \""1756211201\"", \""FileMD5\"" : \""fed98293394103fc4865c68e0667f029\"", \""DisplayLabelName\"" : \""\"" }]""}"
/Game/ModulAbandJPSchool/Textures/T_WoodPlanks_ORM,"{""AssetImportData"": ""[{ \""RelativeFilename\"" : \""H:/AbandonedJapaneseSchool/TextureExporter/T_WoodPlanks_ORM.png\"", \""Timestamp\"" : \""1756211201\"", \""FileMD5\"" : \""4bf9670c57dc1a1454c35c64afda1467\"", \""DisplayLabelName\"" : \""\"" }]""}"
/Game/ModulAbandJPSchool/Textures/T_Wood_TS_A,"{""AssetImportData"": ""[{ \""RelativeFilename\"" : \""H:/AbandonedJapaneseSchool/TextureExporter/T_Wood_TS_A.png\"", \""Timestamp\"" : \""1756152500\"", \""FileMD5\"" : \""1803ea28ac72aa05cc48c3ccd1ccfcf3\"", \""DisplayLabelName\"" : \""\"" }]""}"
/Game/ModulAbandJPSchool/Textures/T_Wood_TS_N,"{""AssetImportData"": ""[{ \""RelativeFilename\"" : \""H:/AbandonedJapaneseSchool/TextureExporter/T_Wood_TS_N.png\"", \""Timestamp\"" : \""1756152501\"", \""FileMD5\"" : \""2fc78961c08af1e4cf1ca92c2f7ffefb\"", \""DisplayLabelName\"" : \""\"" }]""}"
/Game/ModulAbandJPSchool/Textures/T_Wood_TS_ORM,"{""AssetImportData"": ""[{ \""RelativeFilename\"" : \""H:/AbandonedJapaneseSchool/TextureExporter/T_Wood_TS_ORM.png\"", \""Timestamp\"" : \""1756152500\"", \""FileMD5\"" : \""032b1ae5ef52b12c4ab0dcc00de15471\"", \""DisplayLabelName\"" : \""\"" }]""}"
/Game/Resources/Characters/CommonAnimation/Climbing_Ladder,"{""AssetImportData"": ""[{ \""RelativeFilename\"" : \""../../../../../../Users/User/Downloads/Climbing Ladder.fbx\"", \""Timestamp\"" : \""1780837901\"", \""FileMD5\"" : \""655c0685629c9f97853a5605f9b2e5c0\"", \""DisplayLabelName\"" : \""\"" }]""}"
/Game/Resources/Characters/CommonAnimation/Crouch_Idle,"{""AssetImportData"": ""[{ \""RelativeFilename\"" : \""../../../../../../Users/User/Downloads/Crouch Idle.fbx\"", \""Timestamp\"" : \""1784485082\"", \""FileMD5\"" : \""4b2186b8b80da5b240a72df363db391c\"", \""DisplayLabelName\"" : \""\"" }]""}"
/Game/Resources/Characters/CommonAnimation/Damaged,"{""AssetImportData"": ""[{ \""RelativeFilename\"" : \""../../../../../../Users/User/Downloads/Damaged.fbx\"", \""Timestamp\"" : \""1782569817\"", \""FileMD5\"" : \""e1eb5202f0ab027c57ce2c744505bde2\"", \""DisplayLabelName\"" : \""\"" }]""}"
/Game/Resources/Characters/CommonAnimation/Dying_Backwards,"{""AssetImportData"": ""[{ \""RelativeFilename\"" : \""../../../../../../Users/User/Downloads/Dying Backwards.fbx\"", \""Timestamp\"" : \""1781805996\"", \""FileMD5\"" : \""e06b472e2e8e0959e590657f35b6ca09\"", \""DisplayLabelName\"" : \""\"" }]""}"
/Game/Resources/Characters/CommonAnimation/Idle,"{""AssetImportData"": ""[{ \""RelativeFilename\"" : \""../../../../../../Users/User/Desktop/포트폴리오/Project Constellation/modeling/animation/Idle.fbx\"", \""Timestamp\"" : \""1779820533\"", \""FileMD5\"" : \""cf825dead5a35e8468bb08fef7a294e6\"", \""DisplayLabelName\"" : \""\"" }]""}"
/Game/Resources/Characters/CommonAnimation/Pull_Heavy_Object,"{""AssetImportData"": ""[{ \""RelativeFilename\"" : \""../../../../../../Users/User/Downloads/Pull Heavy Object.fbx\"", \""Timestamp\"" : \""1784485333\"", \""FileMD5\"" : \""6574aa4075fbe1cf4a1ed7df57793a4e\"", \""DisplayLabelName\"" : \""\"" }]""}"
/Game/Resources/Characters/CommonAnimation/Roll,"{""AssetImportData"": ""[{ \""RelativeFilename\"" : \""../../../../../../Users/User/Downloads/Roll.fbx\"", \""Timestamp\"" : \""1782654355\"", \""FileMD5\"" : \""f09e4285499b35e4dc3c4f18136a549a\"", \""DisplayLabelName\"" : \""\"" }]""}"
/Game/Resources/Characters/CommonAnimation/Roll_Inplace,"{""AssetImportData"": ""[{ \""RelativeFilename\"" : \""../../../../../../Users/User/Downloads/Roll.fbx\"", \""Timestamp\"" : \""1782587443\"", \""FileMD5\"" : \""209e8ee357897f3170a386173cd55be0\"", \""DisplayLabelName\"" : \""\"" }]""}"
/Game/Resources/Characters/CommonAnimation/Run,"{""AssetImportData"": ""[{ \""RelativeFilename\"" : \""../../../../../../Users/User/Desktop/포트폴리오/Project Constellation/modeling/animation/Run.fbx\"", \""Timestamp\"" : \""1779819976\"", \""FileMD5\"" : \""cca482fa6fc4ed4ea485066cf2aeaa1e\"", \""DisplayLabelName\"" : \""\"" }]""}"
/Game/Resources/Characters/CommonAnimation/Sleeping_Idle,"{""AssetImportData"": ""[{ \""RelativeFilename\"" : \""../../../../../../Users/User/Downloads/Sleeping Idle.fbx\"", \""Timestamp\"" : \""1781718924\"", \""FileMD5\"" : \""52988fe6b27ba3af9cf2693a306af879\"", \""DisplayLabelName\"" : \""\"" }]""}"
/Game/Resources/Characters/CommonAnimation/Sword_Damaged,"{""AssetImportData"": ""[{ \""RelativeFilename\"" : \""../../../../../../Users/User/Downloads/Standing React Large From Left.fbx\"", \""Timestamp\"" : \""1780495398\"", \""FileMD5\"" : \""6c0f4c40a0a731a50cd456f4357e8ee1\"", \""DisplayLabelName\"" : \""\"" }]""}"
/Game/Resources/Characters/CommonAnimation/Walk,"{""AssetImportData"": ""[{ \""RelativeFilename\"" : \""../../../../../../Users/User/Desktop/포트폴리오/Project Constellation/modeling/animation/Walk.fbx\"", \""Timestamp\"" : \""1779821057\"", \""FileMD5\"" : \""19048bac74e0c39738b5df13a9e6363a\"", \""DisplayLabelName\"" : \""\"" }]""}"
/Game/Resources/Characters/Monster/Red_Panda/MI_Red_Panda,"{""AssetImportData"": ""[{ \""RelativeFilename\"" : \""../../../../../../Users/User/Downloads/red_panda/tripo_convert_4f040799-0ffc-4967-a051-0361fe3bc9f0.fbx\"", \""Timestamp\"" : \""1786957844\"", \""FileMD5\"" : \""3a05589c4c649476f8af2beea3cdd38b\"", \""DisplayLabelName\"" : \""\"" }]""}"
/Game/Resources/Characters/Monster/Red_Panda/SKM_Red_Panda,"{""AssetImportData"": ""[{ \""RelativeFilename\"" : \""../../../../../../Users/User/Downloads/red_panda/tripo_convert_4f040799-0ffc-4967-a051-0361fe3bc9f0.fbx\"", \""Timestamp\"" : \""1786957844\"", \""FileMD5\"" : \""3a05589c4c649476f8af2beea3cdd38b\"", \""DisplayLabelName\"" : \""\"" }]""}"
/Game/Resources/Characters/Monster/Red_Panda/T_Red_Panda_Basecolor,"{""AssetImportData"": ""[{ \""RelativeFilename\"" : \""../../../../../../Users/User/Downloads/red_panda/tripo_convert_4f040799-0ffc-4967-a051-0361fe3bc9f0.fbm/red_panda_basecolor.JPEG\"", \""Timestamp\"" : \""1786957844\"", \""FileMD5\"" : \""ecd6cdd8730692429bfa43422f15ff3c\"", \""DisplayLabelName\"" : \""\"" }]""}"
/Game/Resources/Characters/Monster/Red_Panda/T_Red_Panda_Normal,"{""AssetImportData"": ""[{ \""RelativeFilename\"" : \""../../../../../../Users/User/Downloads/red_panda/tripo_convert_4f040799-0ffc-4967-a051-0361fe3bc9f0.fbm/red_panda_normal.JPEG\"", \""Timestamp\"" : \""1786957844\"", \""FileMD5\"" : \""2de0d66fc57480c9156f3c6be9ee0b19\"", \""DisplayLabelName\"" : \""\"" }]""}"
/Game/Resources/Characters/Monster/Red_Panda/T_Red_Panda_Roughness,"{""AssetImportData"": ""[{ \""RelativeFilename\"" : \""../../../../../../Users/User/Downloads/red_panda/tripo_convert_4f040799-0ffc-4967-a051-0361fe3bc9f0.fbm/red_panda_roughness.JPEG\"", \""Timestamp\"" : \""1786957844\"", \""FileMD5\"" : \""ead4bae16df9213e0e0694e995089774\"", \""DisplayLabelName\"" : \""\"" }]""}"
/Game/Resources/Characters/Monster/Slime_Normal/MI_Slime_Normal,"{""AssetImportData"": ""[{ \""RelativeFilename\"" : \""../../../../../../Users/User/Desktop/포트폴리오/Project Constellation/modeling/slime_normal/Meshy_AI_Amethyst_Drop_0614153521_texture.fbx\"", \""Timestamp\"" : \""1781451321\"", \""FileMD5\"" : \""c9577cfa2162da632e9607fecbb06216\"", \""DisplayLabelName\"" : \""\"" }]""}"
/Game/Resources/Characters/Monster/Slime_Normal/MI_Slime_Yellow,"{""AssetImportData"": ""[{ \""RelativeFilename\"" : \""../../../../../../Users/User/Desktop/포트폴리오/Project Constellation/modeling/slime_normal/Meshy_AI_Amethyst_Drop_0614153521_texture.fbx\"", \""Timestamp\"" : \""1781451321\"", \""FileMD5\"" : \""c9577cfa2162da632e9607fecbb06216\"", \""DisplayLabelName\"" : \""\"" }]""}"
/Game/Resources/Characters/Monster/Slime_Normal/SKM_Slime_Normal,"{""AssetImportData"": ""[{ \""RelativeFilename\"" : \""../../../../../../Users/User/Desktop/포트폴리오/Project Constellation/modeling/slime_normal/Meshy_AI_Amethyst_Drop_0614153521_texture.fbx\"", \""Timestamp\"" : \""1781451321\"", \""FileMD5\"" : \""c9577cfa2162da632e9607fecbb06216\"", \""DisplayLabelName\"" : \""\"" }]""}"
/Game/Resources/Characters/Monster/Slime_Normal/SM_Slime_Normal,"{""AssetImportData"": ""[{ \""RelativeFilename\"" : \""../../../../../../Users/User/Desktop/포트폴리오/Project Constellation/modeling/slime_normal/Meshy_AI_Amethyst_Drop_0614153521_texture.fbx\"", \""Timestamp\"" : \""1781451321\"", \""FileMD5\"" : \""c9577cfa2162da632e9607fecbb06216\"", \""DisplayLabelName\"" : \""\"" }]""}"
/Game/Resources/Characters/Monster/Slime_Normal/T_Slime_Normal,"{""AssetImportData"": ""[{ \""RelativeFilename\"" : \""../../../../../../Users/User/Desktop/포트폴리오/Project Constellation/modeling/slime_normal/Meshy_AI_Amethyst_Drop_0614153521_texture.fbm/texture_0.png\"", \""Timestamp\"" : \""1781452340\"", \""FileMD5\"" : \""f81394b8da4bccb8b0887b1518c13262\"", \""DisplayLabelName\"" : \""\"" }]""}"
/Game/Resources/Characters/Monster/Slime_Normal/T_Slime_Yellow,"{""AssetImportData"": ""[{ \""RelativeFilename\"" : \""../../../../../../Users/User/Desktop/포트폴리오/Project Constellation/modeling/slime_normal/Meshy_AI_Amethyst_Drop_0614153521_texture.fbm/texture_0.png\"", \""Timestamp\"" : \""1781452340\"", \""FileMD5\"" : \""f81394b8da4bccb8b0887b1518c13262\"", \""DisplayLabelName\"" : \""\"" }]""}"
/Game/Resources/Characters/Monster/Slime_Normal/Animation/AS_Slime_Attack,"{""AssetImportData"": ""[]""}"
/Game/Resources/Characters/Monster/Slime_Normal/Animation/AS_Slime_Damaged,"{""AssetImportData"": ""[]""}"
/Game/Resources/Characters/Monster/Slime_Normal/Animation/AS_Slime_Dead,"{""AssetImportData"": ""[]""}"
/Game/Resources/Characters/Monster/Slime_Normal/Animation/AS_Slime_Idle,"{""AssetImportData"": ""[]""}"
/Game/Resources/Characters/Monster/Slime_Normal/Animation/AS_Slime_Jump,"{""AssetImportData"": ""[]""}"
/Game/Resources/Characters/Monster/Slime_Normal/Animation/AS_Slime_Move,"{""AssetImportData"": ""[]""}"
/Game/Resources/Characters/NPC/Lightning_Counter/MI_Lightning_Counter,"{""AssetImportData"": ""[{ \""RelativeFilename\"" : \""../../../../../../Users/User/Downloads/lightning_counter/Meshy_AI_Fox_Festival_Maiden_0902175508_texture_fbx/Meshy_AI_Fox_Festival_Maiden_0902175508_texture.fbx\"", \""Timestamp\"" : \""1788371713\"", \""FileMD5\"" : \""8d9b89ff2a5a6e4430209d665d5fa043\"", \""DisplayLabelName\"" : \""\"" }]""}"
/Game/Resources/Characters/NPC/Lightning_Counter/SKM_Lightning_Counter,"{""AssetImportData"": ""[{ \""RelativeFilename\"" : \""../../../../../../Users/User/Downloads/lightning_counter/Meshy_AI_Fox_Festival_Maiden_0902175508_texture_fbx/Meshy_AI_Fox_Festival_Maiden_0902175508_texture.fbx\"", \""Timestamp\"" : \""1788371713\"", \""FileMD5\"" : \""8d9b89ff2a5a6e4430209d665d5fa043\"", \""DisplayLabelName\"" : \""\"" }]""}"
/Game/Resources/Characters/NPC/Lightning_Counter/T_Lightning_Counter_Basecolor,"{""AssetImportData"": ""[{ \""RelativeFilename\"" : \""../../../../../../Users/User/Downloads/lightning_counter/Meshy_AI_Fox_Festival_Maiden_0902175508_texture_fbx/Meshy_AI_Fox_Festival_Maiden_0902175508_texture.fbm/texture_0.png\"", \""Timestamp\"" : \""1788372607\"", \""FileMD5\"" : \""f1bf4c525521768497c6679230a61798\"", \""DisplayLabelName\"" : \""\"" }]""}"
/Game/Resources/Characters/NPC/Lightning_Counter/T_Lightning_Counter_Normal,"{""AssetImportData"": ""[{ \""RelativeFilename\"" : \""../../../../../../Users/User/Downloads/lightning_counter/Meshy_AI_Fox_Festival_Maiden_0902175508_texture_fbx/Meshy_AI_Fox_Festival_Maiden_0902175508_texture.fbm/texture_0_normal.png\"", \""Timestamp\"" : \""1788372607\"", \""FileMD5\"" : \""bf770e40ed1f6ad1f388ed5072d84ae4\"", \""DisplayLabelName\"" : \""\"" }]""}"
/Game/Resources/Characters/NPC/Lightning_Counter/T_Lightning_Counter_Roughness,"{""AssetImportData"": ""[{ \""RelativeFilename\"" : \""../../../../../../Users/User/Downloads/lightning_counter/Meshy_AI_Fox_Festival_Maiden_0902175508_texture_fbx/Meshy_AI_Fox_Festival_Maiden_0902175508_texture.fbm/texture_0_roughness.png\"", \""Timestamp\"" : \""1788372607\"", \""FileMD5\"" : \""6458a7fa9c83f36da2e13215324dbe04\"", \""DisplayLabelName\"" : \""\"" }]""}"
/Game/Resources/Characters/NPC/Little_Girl/MI_Little_Girl,"{""AssetImportData"": ""[{ \""RelativeFilename\"" : \""../../../../../../Users/User/Desktop/포트폴리오/Project Constellation/modeling/little_girl/Meshy_AI_Tattered_Belle_0701170049_texture.fbx\"", \""Timestamp\"" : \""1782925385\"", \""FileMD5\"" : \""76933ecaecaa031fe7e8aca239c3382b\"", \""DisplayLabelName\"" : \""\"" }]""}"
/Game/Resources/Characters/NPC/Little_Girl/SKM_Little_Girl,"{""AssetImportData"": ""[{ \""RelativeFilename\"" : \""../../../../../../Users/User/Desktop/포트폴리오/Project Constellation/modeling/little_girl/Meshy_AI_Tattered_Belle_0701170049_texture.fbx\"", \""Timestamp\"" : \""1782925385\"", \""FileMD5\"" : \""76933ecaecaa031fe7e8aca239c3382b\"", \""DisplayLabelName\"" : \""\"" }]""}"
/Game/Resources/Characters/NPC/Little_Girl/T_Little_Girl,"{""AssetImportData"": ""[{ \""RelativeFilename\"" : \""../../../../../../Users/User/Desktop/포트폴리오/Project Constellation/modeling/little_girl/Meshy_AI_Tattered_Belle_0701170049_texture.fbm/Image_0.jpg\"", \""Timestamp\"" : \""1782927518\"", \""FileMD5\"" : \""03b0c3e03f317d55075432c9e234857a\"", \""DisplayLabelName\"" : \""\"" }]""}"
/Game/Resources/Characters/NPC/Little_Girl/T_Little_Girl_Emission,"{""AssetImportData"": ""[{ \""RelativeFilename\"" : \""../../../../../../Users/User/Desktop/포트폴리오/Project Constellation/modeling/little_girl/Meshy_AI_Tattered_Belle_0701170049_texture.fbm/Image_3.jpg\"", \""Timestamp\"" : \""1782927518\"", \""FileMD5\"" : \""d456b30204bbcc909a6d4f671c2045dd\"", \""DisplayLabelName\"" : \""\"" }]""}"
/Game/Resources/Characters/NPC/Little_Girl/T_Little_Girl_Normal,"{""AssetImportData"": ""[{ \""RelativeFilename\"" : \""../../../../../../Users/User/Desktop/포트폴리오/Project Constellation/modeling/little_girl/Meshy_AI_Tattered_Belle_0701170049_texture.fbm/Image_2.jpg\"", \""Timestamp\"" : \""1782927518\"", \""FileMD5\"" : \""c916be4e4677a0f885b1514c05b8eefa\"", \""DisplayLabelName\"" : \""\"" }]""}"
/Game/Resources/Characters/NPC/Skeleton/MI_Skeleton,"{""AssetImportData"": ""[{ \""RelativeFilename\"" : \""../../../../../../Users/User/Downloads/skeleton.fbx\"", \""Timestamp\"" : \""1781718739\"", \""FileMD5\"" : \""faa9b7c6bd03d6e043fc15fbc7b66f01\"", \""DisplayLabelName\"" : \""\"" }]""}"
/Game/Resources/Characters/NPC/Skeleton/Skeleton_Anim,"{""AssetImportData"": ""[{ \""RelativeFilename\"" : \""../../../../../../Users/User/Downloads/skeleton.fbx\"", \""Timestamp\"" : \""1781718739\"", \""FileMD5\"" : \""faa9b7c6bd03d6e043fc15fbc7b66f01\"", \""DisplayLabelName\"" : \""\"" }]""}"
/Game/Resources/Characters/NPC/Skeleton/SKM_Skeleton,"{""AssetImportData"": ""[{ \""RelativeFilename\"" : \""../../../../../../Users/User/Downloads/skeleton.fbx\"", \""Timestamp\"" : \""1781718739\"", \""FileMD5\"" : \""faa9b7c6bd03d6e043fc15fbc7b66f01\"", \""DisplayLabelName\"" : \""\"" }]""}"
/Game/Resources/Characters/NPC/Skeleton/T_Skeleton,"{""AssetImportData"": ""[{ \""RelativeFilename\"" : \""../../../../../../Users/User/Downloads/skeleton.fbm/Image_0.jpg\"", \""Timestamp\"" : \""1781719199\"", \""FileMD5\"" : \""1031b73c6af7d78639124f1edb6e77ef\"", \""DisplayLabelName\"" : \""\"" }]""}"
/Game/Resources/Characters/NPC/Skeleton/T_Skeleton_Emission,"{""AssetImportData"": ""[{ \""RelativeFilename\"" : \""../../../../../../Users/User/Downloads/skeleton.fbm/Image_3.jpg\"", \""Timestamp\"" : \""1781719199\"", \""FileMD5\"" : \""f90610ab3caf4731a8269cc4beb67bd9\"", \""DisplayLabelName\"" : \""\"" }]""}"
/Game/Resources/Characters/NPC/Skeleton/T_Skeleton_Normal,"{""AssetImportData"": ""[{ \""RelativeFilename\"" : \""../../../../../../Users/User/Downloads/skeleton.fbm/Image_2.jpg\"", \""Timestamp\"" : \""1781719199\"", \""FileMD5\"" : \""21747c3115243af3472e520840d29a03\"", \""DisplayLabelName\"" : \""\"" }]""}"
/Game/Resources/Characters/NPC/Skeleton/Animation/Crouch_Idle_Pose,"{""AssetImportData"": ""[]""}"
/Game/Resources/Characters/NPC/Skeleton/Animation/Dying_Backwards_Pose,"{""AssetImportData"": ""[]""}"
/Game/Resources/Characters/NPC/Skeleton/Animation/Praying_Pos,"{""AssetImportData"": ""[{ \""RelativeFilename\"" : \""../../../../../../Users/User/Downloads/Praying.fbx\"", \""Timestamp\"" : \""1781942938\"", \""FileMD5\"" : \""acf935662e286368c481a2c2563ad604\"", \""DisplayLabelName\"" : \""\"" }]""}"
/Game/Resources/Characters/NPC/Skeleton/Animation/Pull_Object_Pose,"{""AssetImportData"": ""[]""}"
/Game/Resources/Characters/NPC/Skeleton/Animation/Sleeping_Idle_Pose,"{""AssetImportData"": ""[]""}"
/Game/Resources/Characters/PC/Player_Heroine/MI_Player_Heroine,"{""AssetImportData"": ""[{ \""RelativeFilename\"" : \""../../../../../../Users/User/Desktop/포트폴리오/Project Constellation/modeling/player_heroine/Player_Heroine.fbx\"", \""Timestamp\"" : \""1779818782\"", \""FileMD5\"" : \""5d50481eb56d7c37b57e2b31b3769322\"", \""DisplayLabelName\"" : \""\"" }]""}"
/Game/Resources/Characters/PC/Player_Heroine/Player_Heroine,"{""AssetImportData"": ""[{ \""RelativeFilename\"" : \""../../../../../../Users/User/Desktop/포트폴리오/Project Constellation/modeling/player_heroine/Player_Heroine.fbx\"", \""Timestamp\"" : \""1779818782\"", \""FileMD5\"" : \""5d50481eb56d7c37b57e2b31b3769322\"", \""DisplayLabelName\"" : \""\"" }]""}"
/Game/Resources/Characters/PC/Player_Heroine/Player_Heroine_Anim,"{""AssetImportData"": ""[{ \""RelativeFilename\"" : \""../../../../../../Users/User/Desktop/포트폴리오/Project Constellation/modeling/player_heroine/Player_Heroine.fbx\"", \""Timestamp\"" : \""1779818782\"", \""FileMD5\"" : \""5d50481eb56d7c37b57e2b31b3769322\"", \""DisplayLabelName\"" : \""\"" }]""}"
/Game/Resources/Characters/PC/Player_Heroine/Player_Heroine_Emission,"{""AssetImportData"": ""[{ \""RelativeFilename\"" : \""../../../../../../Users/User/Desktop/포트폴리오/Project Constellation/modeling/player_heroine/Player_Heroine.fbm/Image_3.jpg\"", \""Timestamp\"" : \""1779819792\"", \""FileMD5\"" : \""0afa880137410bf18f6f081ad373c9f3\"", \""DisplayLabelName\"" : \""\"" }]""}"
/Game/Resources/Characters/PC/Player_Heroine/Player_Heroine_Normal,"{""AssetImportData"": ""[{ \""RelativeFilename\"" : \""../../../../../../Users/User/Desktop/포트폴리오/Project Constellation/modeling/player_heroine/Player_Heroine.fbm/Image_2.jpg\"", \""Timestamp\"" : \""1779819792\"", \""FileMD5\"" : \""c38c5abeec069f8b47a060e8d6af147e\"", \""DisplayLabelName\"" : \""\"" }]""}"
/Game/Resources/Characters/PC/Player_Heroine/T_Player_Heroine,"{""AssetImportData"": ""[{ \""RelativeFilename\"" : \""../../../../../../Users/User/Desktop/포트폴리오/Project Constellation/modeling/player_heroine/Player_Heroine.fbm/Image_0.jpg\"", \""Timestamp\"" : \""1779819792\"", \""FileMD5\"" : \""edbc9115f04a55f53998033deb998deb\"", \""DisplayLabelName\"" : \""\"" }]""}"
/Game/Resources/Characters/PC/Player_Heroine/Animation/Climbing_To_Top,"{""AssetImportData"": ""[{ \""RelativeFilename\"" : \""../../../../../../Users/User/Downloads/Climbing To Top.fbx\"", \""Timestamp\"" : \""1780838628\"", \""FileMD5\"" : \""6583400de92e28edcaf386bb8d06a767\"", \""DisplayLabelName\"" : \""\"" }]""}"
/Game/Resources/Characters/PC/Player_Heroine/Animation/Falling,"{""AssetImportData"": ""[{ \""RelativeFilename\"" : \""../../../../../../Users/User/Downloads/Falling.fbx\"", \""Timestamp\"" : \""1783097222\"", \""FileMD5\"" : \""bfc6b1dea5a0e6e34678d626a992c62c\"", \""DisplayLabelName\"" : \""\"" }]""}"
/Game/Resources/Characters/PC/Player_Heroine/Animation/Jump,"{""AssetImportData"": ""[{ \""RelativeFilename\"" : \""../../../../../../Users/User/Desktop/포트폴리오/Project Constellation/modeling/animation/Jump.fbx\"", \""Timestamp\"" : \""1779819399\"", \""FileMD5\"" : \""bfab2d65c945951702aaf20db3158490\"", \""DisplayLabelName\"" : \""\"" }]""}"
/Game/Resources/Characters/PC/Player_Heroine/Animation/Look_Around,"{""AssetImportData"": ""[{ \""RelativeFilename\"" : \""../../../../../../Users/User/Downloads/Look_Around.fbx\"", \""Timestamp\"" : \""1783171059\"", \""FileMD5\"" : \""05457746bcb99628fa3e50ebfab6640d\"", \""DisplayLabelName\"" : \""\"" }]""}"
/Game/Resources/Characters/PC/Player_Heroine/Animation/Notice,"{""AssetImportData"": ""[{ \""RelativeFilename\"" : \""../../../../../../Users/User/Downloads/Notice.fbx\"", \""Timestamp\"" : \""1783256643\"", \""FileMD5\"" : \""f938204cf2c451eb75916bc5b091b384\"", \""DisplayLabelName\"" : \""\"" }]""}"
/Game/Resources/Characters/PC/Player_Heroine/Animation/Pushing,"{""AssetImportData"": ""[{ \""RelativeFilename\"" : \""../../../../../../Users/User/Downloads/Pushing.fbx\"", \""Timestamp\"" : \""1783105542\"", \""FileMD5\"" : \""c4dc8d32a157fc640b2371508830daa1\"", \""DisplayLabelName\"" : \""\"" }]""}"
/Game/Resources/Characters/PC/Player_Heroine/Animation/Push_Button,"{""AssetImportData"": ""[{ \""RelativeFilename\"" : \""../../../../../../Users/User/Downloads/Push_Button.fbx\"", \""Timestamp\"" : \""1784042116\"", \""FileMD5\"" : \""cbba52d7ffc69c06a7156ef22b716eb3\"", \""DisplayLabelName\"" : \""\"" }]""}"
/Game/Resources/Characters/PC/Player_Heroine/Animation/Situps,"{""AssetImportData"": ""[{ \""RelativeFilename\"" : \""../../../../../../Users/User/Downloads/Situps.fbx\"", \""Timestamp\"" : \""1783443724\"", \""FileMD5\"" : \""a06847bf1e130bff1f4e785928ae1fa2\"", \""DisplayLabelName\"" : \""\"" }]""}"
/Game/Resources/Characters/PC/Player_Heroine/Animation/Situp_Pose,"{""AssetImportData"": ""[]""}"
/Game/Resources/Characters/PC/Player_Heroine/Animation/Sword_Attack_Downward,"{""AssetImportData"": ""[{ \""RelativeFilename\"" : \""../../../../../../Users/User/Downloads/Standing Melee Attack Downward.fbx\"", \""Timestamp\"" : \""1780495376\"", \""FileMD5\"" : \""30e1b39db3e8f1167f0b0d66061f6a7d\"", \""DisplayLabelName\"" : \""\"" }]""}"
/Game/Resources/Characters/PC/Player_Heroine/Animation/Sword_Attack_Horizontal,"{""AssetImportData"": ""[{ \""RelativeFilename\"" : \""../../../../../../Users/User/Downloads/Standing Melee Attack Horizontal.fbx\"", \""Timestamp\"" : \""1780495512\"", \""FileMD5\"" : \""334df39170f6af8ea444510ea6f85dbf\"", \""DisplayLabelName\"" : \""\"" }]""}"
/Game/Resources/Characters/PC/Player_Heroine/Animation/Sword_Attack_Stab,"{""AssetImportData"": ""[{ \""RelativeFilename\"" : \""../../../../../../Users/User/Downloads/Stabbing.fbx\"", \""Timestamp\"" : \""1780495558\"", \""FileMD5\"" : \""41f06e89339c94a59ffa3cf1124589b5\"", \""DisplayLabelName\"" : \""\"" }]""}"
/Game/Resources/Characters/PC/Player_Heroine/Animation/Sword_Jump_Attack,"{""AssetImportData"": ""[{ \""RelativeFilename\"" : \""../../../../../../Users/User/Downloads/Standing Melee Run Jump Attack.fbx\"", \""Timestamp\"" : \""1780495712\"", \""FileMD5\"" : \""b1b060223e5565a63894413e1b7ee8b2\"", \""DisplayLabelName\"" : \""\"" }]""}"
/Game/Resources/Characters/PC/Player_Heroine/Animation/Touch,"{""AssetImportData"": ""[{ \""RelativeFilename\"" : \""../../../../../../Users/User/Downloads/Touch.fbx\"", \""Timestamp\"" : \""1784042206\"", \""FileMD5\"" : \""594e2e5c6b1c10f078583e1b962a3027\"", \""DisplayLabelName\"" : \""\"" }]""}"
/Game/Resources/Characters/PC/player_heroine_new/SK_player_heroine_new,"{""AssetImportData"": ""[{ \""RelativeFilename\"" : \""../../../../../ArtSource/Heroine_Tripo_Review/RigReferenceFit/Delivery/Heroine_Skeletal.fbx\"", \""Timestamp\"" : \""1789909026\"", \""FileMD5\"" : \""84264323ea55706863b110e8cf8bace1\"", \""DisplayLabelName\"" : \""\"" }]""}"
/Game/Resources/Characters/PC/player_heroine_new/SK_player_heroine_new_RunPreview,"{""AssetImportData"": ""[{ \""RelativeFilename\"" : \""../../../../../ArtSource/Heroine_Tripo_Review/RunSoft/SK_player_heroine_new_RunPreview.fbx\"", \""Timestamp\"" : \""1789917852\"", \""FileMD5\"" : \""d48a41432099de4ffe2b45e6e83e9b94\"", \""DisplayLabelName\"" : \""\"" }]""}"
/Game/Resources/Characters/PC/player_heroine_new/SK_player_heroine_new_WalkPreview,"{""AssetImportData"": ""[{ \""RelativeFilename\"" : \""../../../../../ArtSource/Heroine_Tripo_Review/WalkTimid/SK_player_heroine_new_WalkPreview.fbx\"", \""Timestamp\"" : \""1789911840\"", \""FileMD5\"" : \""5828b430650bd257525665beb96d6257\"", \""DisplayLabelName\"" : \""\"" }]""}"
/Game/Resources/Characters/PC/player_heroine_new/Animations/AS_player_heroine_new_Attack01_Horizontal,"{""AssetImportData"": ""[{ \""RelativeFilename\"" : \""../../../../../../ArtSource/Heroine_Tripo_Review/Attack01/AS_player_heroine_new_Attack01_Horizontal.fbx\"", \""Timestamp\"" : \""1790176829\"", \""FileMD5\"" : \""f0f2b9d525df0af5a534b8ca6198b5a0\"", \""DisplayLabelName\"" : \""\"" }]""}"
/Game/Resources/Characters/PC/player_heroine_new/Animations/AS_player_heroine_new_PreviewRelaxed,"{""AssetImportData"": ""[{ \""RelativeFilename\"" : \""../../../../../../ArtSource/Heroine_Tripo_Review/RigReferenceFit/Delivery/PreviewRelaxed.fbx\"", \""Timestamp\"" : \""1789909032\"", \""FileMD5\"" : \""d8cf58639ea26604639a7c1293b15d50\"", \""DisplayLabelName\"" : \""\"" }]""}"
/Game/Resources/Characters/PC/player_heroine_new/Animations/AS_player_heroine_new_Run_Soft,"{""AssetImportData"": ""[{ \""RelativeFilename\"" : \""../../../../../../ArtSource/Heroine_Tripo_Review/RunSoft/AS_player_heroine_new_Run_Soft.fbx\"", \""Timestamp\"" : \""1790173416\"", \""FileMD5\"" : \""b3724cc057374eb9144dc7adaaca206d\"", \""DisplayLabelName\"" : \""\"" }]""}"
/Game/Resources/Characters/PC/player_heroine_new/Animations/AS_player_heroine_new_Walk_Timid,"{""AssetImportData"": ""[{ \""RelativeFilename\"" : \""../../../../../../ArtSource/Heroine_Tripo_Review/WalkTimid/AS_player_heroine_new_Walk_Timid.fbx\"", \""Timestamp\"" : \""1789911840\"", \""FileMD5\"" : \""a15fdcaec96dc08a731f7defcf6928ad\"", \""DisplayLabelName\"" : \""\"" }]""}"
/Game/Resources/Characters/PC/player_heroine_new/ReferenceFit/AS_player_heroine_new_ReferenceFit_PreviewRelaxed,"{""AssetImportData"": ""[{ \""RelativeFilename\"" : \""../../../../../../ArtSource/Heroine_Tripo_Review/RigReferenceFit/Delivery/PreviewRelaxed.fbx\"", \""Timestamp\"" : \""1789909032\"", \""FileMD5\"" : \""d8cf58639ea26604639a7c1293b15d50\"", \""DisplayLabelName\"" : \""\"" }]""}"
/Game/Resources/Characters/PC/player_heroine_new/ReferenceFit/SK_player_heroine_new_ReferenceFit,"{""AssetImportData"": ""[{ \""RelativeFilename\"" : \""../../../../../../ArtSource/Heroine_Tripo_Review/RigReferenceFit/Delivery/Heroine_Skeletal.fbx\"", \""Timestamp\"" : \""1789909026\"", \""FileMD5\"" : \""84264323ea55706863b110e8cf8bace1\"", \""DisplayLabelName\"" : \""Geometry and Skinning Weights\"" }]""}"
/Game/Resources/Characters/PC/player_heroine_new/Textures/T_player_heroine_new_Brow_SurfacePreserved_BC,"{""AssetImportData"": ""[{ \""RelativeFilename\"" : \""../../../../../../ArtSource/Heroine_Tripo_Review/UnrealImport_player_heroine_new/textures/T_player_heroine_new_Brow_SurfacePreserved_BC.png\"", \""Timestamp\"" : \""1789904282\"", \""FileMD5\"" : \""7bba1926d5fb5342e45565f860aa2274\"", \""DisplayLabelName\"" : \""\"" }]""}"
/Game/Resources/Characters/PC/player_heroine_new/Textures/T_player_heroine_new_CollarEdgeFinal_M_Shirt_BC,"{""AssetImportData"": ""[{ \""RelativeFilename\"" : \""../../../../../../ArtSource/Heroine_Tripo_Review/UnrealImport_player_heroine_new/textures/T_player_heroine_new_CollarEdgeFinal_M_Shirt_BC.png\"", \""Timestamp\"" : \""1789904288\"", \""FileMD5\"" : \""12fc2bf9a71369bd50138df0a6ad2d82\"", \""DisplayLabelName\"" : \""\"" }]""}"
/Game/Resources/Characters/PC/player_heroine_new/Textures/T_player_heroine_new_EyelidPreserved_14_BC,"{""AssetImportData"": ""[{ \""RelativeFilename\"" : \""../../../../../../ArtSource/Heroine_Tripo_Review/UnrealImport_player_heroine_new/textures/T_player_heroine_new_EyelidPreserved_14_BC.png\"", \""Timestamp\"" : \""1789904284\"", \""FileMD5\"" : \""de164766e42c692c6871131f50b13d0c\"", \""DisplayLabelName\"" : \""\"" }]""}"
/Game/Resources/Characters/PC/player_heroine_new/Textures/T_player_heroine_new_EyelidPreserved_21_BC,"{""AssetImportData"": ""[{ \""RelativeFilename\"" : \""../../../../../../ArtSource/Heroine_Tripo_Review/UnrealImport_player_heroine_new/textures/T_player_heroine_new_EyelidPreserved_21_BC.png\"", \""Timestamp\"" : \""1789904284\"", \""FileMD5\"" : \""88f964c9b73c808daaeba0c1767e63ce\"", \""DisplayLabelName\"" : \""\"" }]""}"
/Game/Resources/Characters/PC/player_heroine_new/Textures/T_player_heroine_new_Heroine_BaseColor_Corrected_BC,"{""AssetImportData"": ""[{ \""RelativeFilename\"" : \""../../../../../../ArtSource/Heroine_Tripo_Review/UnrealImport_player_heroine_new/textures/T_player_heroine_new_Heroine_BaseColor_Corrected_BC.png\"", \""Timestamp\"" : \""1789904292\"", \""FileMD5\"" : \""318d16435777d9195b8cd33935715523\"", \""DisplayLabelName\"" : \""\"" }]""}"
/Game/Resources/Characters/PC/player_heroine_new/Textures/T_player_heroine_new_Lid_Transition_BC,"{""AssetImportData"": ""[{ \""RelativeFilename\"" : \""../../../../../../ArtSource/Heroine_Tripo_Review/UnrealImport_player_heroine_new/textures/T_player_heroine_new_Lid_Transition_BC.png\"", \""Timestamp\"" : \""1789904286\"", \""FileMD5\"" : \""2e8a4690e1ae7e6c2f57da086333fb1f\"", \""DisplayLabelName\"" : \""\"" }]""}"
/Game/Resources/Characters/PC/player_heroine_new/Textures/T_player_heroine_new_LocalFinish2_M_Details_BC,"{""AssetImportData"": ""[{ \""RelativeFilename\"" : \""../../../../../../ArtSource/Heroine_Tripo_Review/UnrealImport_player_heroine_new/textures/T_player_heroine_new_LocalFinish2_M_Details_BC.png\"", \""Timestamp\"" : \""1789904284\"", \""FileMD5\"" : \""d40f9f0727791f46dbf3bd68a9107d4a\"", \""DisplayLabelName\"" : \""\"" }]""}"
/Game/Resources/Characters/PC/player_heroine_new/Textures/T_player_heroine_new_LocalFinish2_M_Ribbon_BC,"{""AssetImportData"": ""[{ \""RelativeFilename\"" : \""../../../../../../ArtSource/Heroine_Tripo_Review/UnrealImport_player_heroine_new/textures/T_player_heroine_new_LocalFinish2_M_Ribbon_BC.png\"", \""Timestamp\"" : \""1789904287\"", \""FileMD5\"" : \""bdea90f3dbb3511538f47d4239e7bd1b\"", \""DisplayLabelName\"" : \""\"" }]""}"
/Game/Resources/Characters/PC/player_heroine_new/Textures/T_player_heroine_new_LocalFinish2_M_Skin_BC,"{""AssetImportData"": ""[{ \""RelativeFilename\"" : \""../../../../../../ArtSource/Heroine_Tripo_Review/UnrealImport_player_heroine_new/textures/T_player_heroine_new_LocalFinish2_M_Skin_BC.png\"", \""Timestamp\"" : \""1789904289\"", \""FileMD5\"" : \""fc48264b293fb3e5b2bd54b85d325cae\"", \""DisplayLabelName\"" : \""\"" }]""}"
/Game/Resources/Characters/PC/player_heroine_new/Textures/T_player_heroine_new_PinHem_M_Skirt_BC,"{""AssetImportData"": ""[{ \""RelativeFilename\"" : \""../../../../../../ArtSource/Heroine_Tripo_Review/UnrealImport_player_heroine_new/textures/T_player_heroine_new_PinHem_M_Skirt_BC.png\"", \""Timestamp\"" : \""1789904291\"", \""FileMD5\"" : \""012bf5cd8d3fdc3295dd72f4eb170ebd\"", \""DisplayLabelName\"" : \""\"" }]""}"
/Game/Resources/Characters/PC/player_heroine_new/Textures/T_player_heroine_new_RearNick_M_Hair_BC,"{""AssetImportData"": ""[{ \""RelativeFilename\"" : \""../../../../../../ArtSource/Heroine_Tripo_Review/UnrealImport_player_heroine_new/textures/T_player_heroine_new_RearNick_M_Hair_BC.png\"", \""Timestamp\"" : \""1789904286\"", \""FileMD5\"" : \""8cdb1d0d7d2d27623b5f1925d625ac2a\"", \""DisplayLabelName\"" : \""\"" }]""}"
/Game/Resources/Characters/PC/player_heroine_new/Textures/T_player_heroine_new_Ruby_Iris_Refined_BC,"{""AssetImportData"": ""[{ \""RelativeFilename\"" : \""../../../../../../ArtSource/Heroine_Tripo_Review/UnrealImport_player_heroine_new/textures/T_player_heroine_new_Ruby_Iris_Refined_BC.png\"", \""Timestamp\"" : \""1789904292\"", \""FileMD5\"" : \""bb279100095757c34c0ad9d923efe32a\"", \""DisplayLabelName\"" : \""\"" }]""}"
/Game/Resources/Common/Textures/T_AbandonedSchool_Wall,"{""AssetImportData"": ""[{ \""RelativeFilename\"" : \""../../../../../../Users/User/Downloads/abandoned_school_texture_image.png\"", \""Timestamp\"" : \""1785523817\"", \""FileMD5\"" : \""d098f28690425fafc5c6bba27a8adc1e\"", \""DisplayLabelName\"" : \""\"" }]""}"
/Game/Resources/Common/Textures/T_Metal041A_1K_NormalDX,"{""AssetImportData"": ""[{ \""RelativeFilename\"" : \""../../../../../../Users/User/Downloads/japanese_school_desk_fbx/textures/Metal041A_1K_NormalDX.png\"", \""Timestamp\"" : \""1762675904\"", \""FileMD5\"" : \""35cc2af4c9f2484fde0d0f601d054dea\"", \""DisplayLabelName\"" : \""\"" }]""}"
/Game/Resources/Common/Textures/T_Metal041A_1K_Roughness,"{""AssetImportData"": ""[{ \""RelativeFilename\"" : \""../../../../../../Users/User/Downloads/japanese_school_desk_fbx/textures/Metal041A_1K_Roughness.png\"", \""Timestamp\"" : \""1762675904\"", \""FileMD5\"" : \""bf73fa7580bfdfa3460b8f1362f94e4f\"", \""DisplayLabelName\"" : \""\"" }]""}"
/Game/Resources/Common/Textures/T_Wood_009_Mahogany_NORM,"{""AssetImportData"": ""[{ \""RelativeFilename\"" : \""../../../../../../Users/User/Downloads/japanese_school_desk_fbx/textures/Wood_009_Mahogany_NORM.png\"", \""Timestamp\"" : \""1762675904\"", \""FileMD5\"" : \""ce027fa23c448d02cd80c1fc175b18ed\"", \""DisplayLabelName\"" : \""\"" }]""}"
/Game/Resources/Environments/Architecture/Dummy/SM_Dummy_Cone_Large,"{""AssetImportData"": ""[]""}"
/Game/Resources/Environments/Architecture/Dummy/SM_Dummy_Cube_Default,"{""AssetImportData"": ""[{ \""RelativeFilename\"" : \""\"", \""Timestamp\"" : \""1785063080\"", \""FileMD5\"" : \""\"", \""DisplayLabelName\"" : \""\"" }]""}"
/Game/Resources/Environments/Architecture/Dummy/SM_Dummy_Cube_Default_NoCollision,"{""AssetImportData"": ""[]""}"
/Game/Resources/Environments/Architecture/Dummy/SM_Dummy_Cylinder_Default,"{""AssetImportData"": ""[]""}"
/Game/Resources/Environments/Architecture/Dummy/SM_Dummy_Cylinder_Default_NoCollision,"{""AssetImportData"": ""[]""}"
/Game/Resources/Environments/Architecture/Dummy/SM_Dummy_Ramp_Default,"{""AssetImportData"": ""[]""}"
/Game/Resources/Environments/Architecture/Dummy/SM_Dummy_Road_Default,"{""AssetImportData"": ""[]""}"
/Game/Resources/Environments/Architecture/Dummy/SM_School_Corridor_Dummy,"{""AssetImportData"": ""[]""}"
/Game/Resources/Environments/Architecture/Dummy/SM_School_Corridor_Dummy_Normal_Legacy,"{""AssetImportData"": ""[]""}"
/Game/Resources/Environments/Architecture/Dummy/SM_School_Door_Space_Dummy,"{""AssetImportData"": ""[]""}"
/Game/Resources/Environments/Architecture/Original/Material,"{""AssetImportData"": ""[{ \""RelativeFilename\"" : \""../../../../../../Users/User/Downloads/Free 3D Modular Game Assets For Prototyping/Free 3D Modular Game Assets For Prototyping/Character/Character.fbx\"", \""Timestamp\"" : \""1656980134\"", \""FileMD5\"" : \""f94e80c78ad018f7f549b1cc1d953b38\"", \""DisplayLabelName\"" : \""\"" }]""}"
/Game/Resources/Environments/Architecture/Original/SM_Cube,"{""AssetImportData"": ""[{ \""RelativeFilename\"" : \""../../../../../../Users/User/Downloads/Free 3D Modular Game Assets For Prototyping/Free 3D Modular Game Assets For Prototyping/Pieces/cube.fbx\"", \""Timestamp\"" : \""1656948674\"", \""FileMD5\"" : \""88e2ae2b774195c409b337aded0297c1\"", \""DisplayLabelName\"" : \""\"" }]""}"
/Game/Resources/Environments/Items/Bicycle/MI_Bicycle_Old,"{""AssetImportData"": ""[{ \""RelativeFilename\"" : \""../../../../../../Users/User/Downloads/bicycle_old/old_bicycle.fbx\"", \""Timestamp\"" : \""1788342082\"", \""FileMD5\"" : \""67828a25974ea158feceefccb94a3348\"", \""DisplayLabelName\"" : \""\"" }]""}"
/Game/Resources/Environments/Items/Bicycle/obj10,"{""AssetImportData"": ""[{ \""RelativeFilename\"" : \""../../../../../../Users/User/Downloads/bicycle_old/old_bicycle.fbx\"", \""Timestamp\"" : \""1788342082\"", \""FileMD5\"" : \""67828a25974ea158feceefccb94a3348\"", \""DisplayLabelName\"" : \""\"" }]""}"
/Game/Resources/Environments/Items/Bicycle/obj11,"{""AssetImportData"": ""[{ \""RelativeFilename\"" : \""../../../../../../Users/User/Downloads/bicycle_old/old_bicycle.fbx\"", \""Timestamp\"" : \""1788342082\"", \""FileMD5\"" : \""67828a25974ea158feceefccb94a3348\"", \""DisplayLabelName\"" : \""\"" }]""}"
/Game/Resources/Environments/Items/Bicycle/obj12,"{""AssetImportData"": ""[{ \""RelativeFilename\"" : \""../../../../../../Users/User/Downloads/bicycle_old/old_bicycle.fbx\"", \""Timestamp\"" : \""1788342082\"", \""FileMD5\"" : \""67828a25974ea158feceefccb94a3348\"", \""DisplayLabelName\"" : \""\"" }]""}"
/Game/Resources/Environments/Items/Bicycle/obj13,"{""AssetImportData"": ""[{ \""RelativeFilename\"" : \""../../../../../../Users/User/Downloads/bicycle_old/old_bicycle.fbx\"", \""Timestamp\"" : \""1788342082\"", \""FileMD5\"" : \""67828a25974ea158feceefccb94a3348\"", \""DisplayLabelName\"" : \""\"" }]""}"
/Game/Resources/Environments/Items/Bicycle/obj14,"{""AssetImportData"": ""[{ \""RelativeFilename\"" : \""../../../../../../Users/User/Downloads/bicycle_old/old_bicycle.fbx\"", \""Timestamp\"" : \""1788342082\"", \""FileMD5\"" : \""67828a25974ea158feceefccb94a3348\"", \""DisplayLabelName\"" : \""\"" }]""}"
/Game/Resources/Environments/Items/Bicycle/obj15,"{""AssetImportData"": ""[{ \""RelativeFilename\"" : \""../../../../../../Users/User/Downloads/bicycle_old/old_bicycle.fbx\"", \""Timestamp\"" : \""1788342082\"", \""FileMD5\"" : \""67828a25974ea158feceefccb94a3348\"", \""DisplayLabelName\"" : \""\"" }]""}"
/Game/Resources/Environments/Items/Bicycle/obj16,"{""AssetImportData"": ""[{ \""RelativeFilename\"" : \""../../../../../../Users/User/Downloads/bicycle_old/old_bicycle.fbx\"", \""Timestamp\"" : \""1788342082\"", \""FileMD5\"" : \""67828a25974ea158feceefccb94a3348\"", \""DisplayLabelName\"" : \""\"" }]""}"
/Game/Resources/Environments/Items/Bicycle/obj17,"{""AssetImportData"": ""[{ \""RelativeFilename\"" : \""../../../../../../Users/User/Downloads/bicycle_old/old_bicycle.fbx\"", \""Timestamp\"" : \""1788342082\"", \""FileMD5\"" : \""67828a25974ea158feceefccb94a3348\"", \""DisplayLabelName\"" : \""\"" }]""}"
/Game/Resources/Environments/Items/Bicycle/obj18,"{""AssetImportData"": ""[{ \""RelativeFilename\"" : \""../../../../../../Users/User/Downloads/bicycle_old/old_bicycle.fbx\"", \""Timestamp\"" : \""1788342082\"", \""FileMD5\"" : \""67828a25974ea158feceefccb94a3348\"", \""DisplayLabelName\"" : \""\"" }]""}"
/Game/Resources/Environments/Items/Bicycle/obj19,"{""AssetImportData"": ""[{ \""RelativeFilename\"" : \""../../../../../../Users/User/Downloads/bicycle_old/old_bicycle.fbx\"", \""Timestamp\"" : \""1788342082\"", \""FileMD5\"" : \""67828a25974ea158feceefccb94a3348\"", \""DisplayLabelName\"" : \""\"" }]""}"
/Game/Resources/Environments/Items/Bicycle/obj2,"{""AssetImportData"": ""[{ \""RelativeFilename\"" : \""../../../../../../Users/User/Downloads/bicycle_old/old_bicycle.fbx\"", \""Timestamp\"" : \""1788342082\"", \""FileMD5\"" : \""67828a25974ea158feceefccb94a3348\"", \""DisplayLabelName\"" : \""\"" }]""}"
/Game/Resources/Environments/Items/Bicycle/obj20,"{""AssetImportData"": ""[{ \""RelativeFilename\"" : \""../../../../../../Users/User/Downloads/bicycle_old/old_bicycle.fbx\"", \""Timestamp\"" : \""1788342082\"", \""FileMD5\"" : \""67828a25974ea158feceefccb94a3348\"", \""DisplayLabelName\"" : \""\"" }]""}"
/Game/Resources/Environments/Items/Bicycle/obj21,"{""AssetImportData"": ""[{ \""RelativeFilename\"" : \""../../../../../../Users/User/Downloads/bicycle_old/old_bicycle.fbx\"", \""Timestamp\"" : \""1788342082\"", \""FileMD5\"" : \""67828a25974ea158feceefccb94a3348\"", \""DisplayLabelName\"" : \""\"" }]""}"
/Game/Resources/Environments/Items/Bicycle/obj22,"{""AssetImportData"": ""[{ \""RelativeFilename\"" : \""../../../../../../Users/User/Downloads/bicycle_old/old_bicycle.fbx\"", \""Timestamp\"" : \""1788342082\"", \""FileMD5\"" : \""67828a25974ea158feceefccb94a3348\"", \""DisplayLabelName\"" : \""\"" }]""}"
/Game/Resources/Environments/Items/Bicycle/obj23,"{""AssetImportData"": ""[{ \""RelativeFilename\"" : \""../../../../../../Users/User/Downloads/bicycle_old/old_bicycle.fbx\"", \""Timestamp\"" : \""1788342082\"", \""FileMD5\"" : \""67828a25974ea158feceefccb94a3348\"", \""DisplayLabelName\"" : \""\"" }]""}"
/Game/Resources/Environments/Items/Bicycle/obj24,"{""AssetImportData"": ""[{ \""RelativeFilename\"" : \""../../../../../../Users/User/Downloads/bicycle_old/old_bicycle.fbx\"", \""Timestamp\"" : \""1788342082\"", \""FileMD5\"" : \""67828a25974ea158feceefccb94a3348\"", \""DisplayLabelName\"" : \""\"" }]""}"
/Game/Resources/Environments/Items/Bicycle/obj25,"{""AssetImportData"": ""[{ \""RelativeFilename\"" : \""../../../../../../Users/User/Downloads/bicycle_old/old_bicycle.fbx\"", \""Timestamp\"" : \""1788342082\"", \""FileMD5\"" : \""67828a25974ea158feceefccb94a3348\"", \""DisplayLabelName\"" : \""\"" }]""}"
/Game/Resources/Environments/Items/Bicycle/obj26,"{""AssetImportData"": ""[{ \""RelativeFilename\"" : \""../../../../../../Users/User/Downloads/bicycle_old/old_bicycle.fbx\"", \""Timestamp\"" : \""1788342082\"", \""FileMD5\"" : \""67828a25974ea158feceefccb94a3348\"", \""DisplayLabelName\"" : \""\"" }]""}"
/Game/Resources/Environments/Items/Bicycle/obj27,"{""AssetImportData"": ""[{ \""RelativeFilename\"" : \""../../../../../../Users/User/Downloads/bicycle_old/old_bicycle.fbx\"", \""Timestamp\"" : \""1788342082\"", \""FileMD5\"" : \""67828a25974ea158feceefccb94a3348\"", \""DisplayLabelName\"" : \""\"" }]""}"
/Game/Resources/Environments/Items/Bicycle/obj28,"{""AssetImportData"": ""[{ \""RelativeFilename\"" : \""../../../../../../Users/User/Downloads/bicycle_old/old_bicycle.fbx\"", \""Timestamp\"" : \""1788342082\"", \""FileMD5\"" : \""67828a25974ea158feceefccb94a3348\"", \""DisplayLabelName\"" : \""\"" }]""}"
/Game/Resources/Environments/Items/Bicycle/obj29,"{""AssetImportData"": ""[{ \""RelativeFilename\"" : \""../../../../../../Users/User/Downloads/bicycle_old/old_bicycle.fbx\"", \""Timestamp\"" : \""1788342082\"", \""FileMD5\"" : \""67828a25974ea158feceefccb94a3348\"", \""DisplayLabelName\"" : \""\"" }]""}"
/Game/Resources/Environments/Items/Bicycle/obj3,"{""AssetImportData"": ""[{ \""RelativeFilename\"" : \""../../../../../../Users/User/Downloads/bicycle_old/old_bicycle.fbx\"", \""Timestamp\"" : \""1788342082\"", \""FileMD5\"" : \""67828a25974ea158feceefccb94a3348\"", \""DisplayLabelName\"" : \""\"" }]""}"
/Game/Resources/Environments/Items/Bicycle/obj30,"{""AssetImportData"": ""[{ \""RelativeFilename\"" : \""../../../../../../Users/User/Downloads/bicycle_old/old_bicycle.fbx\"", \""Timestamp\"" : \""1788342082\"", \""FileMD5\"" : \""67828a25974ea158feceefccb94a3348\"", \""DisplayLabelName\"" : \""\"" }]""}"
/Game/Resources/Environments/Items/Bicycle/obj31,"{""AssetImportData"": ""[{ \""RelativeFilename\"" : \""../../../../../../Users/User/Downloads/bicycle_old/old_bicycle.fbx\"", \""Timestamp\"" : \""1788342082\"", \""FileMD5\"" : \""67828a25974ea158feceefccb94a3348\"", \""DisplayLabelName\"" : \""\"" }]""}"
/Game/Resources/Environments/Items/Bicycle/obj32,"{""AssetImportData"": ""[{ \""RelativeFilename\"" : \""../../../../../../Users/User/Downloads/bicycle_old/old_bicycle.fbx\"", \""Timestamp\"" : \""1788342082\"", \""FileMD5\"" : \""67828a25974ea158feceefccb94a3348\"", \""DisplayLabelName\"" : \""\"" }]""}"
/Game/Resources/Environments/Items/Bicycle/obj33,"{""AssetImportData"": ""[{ \""RelativeFilename\"" : \""../../../../../../Users/User/Downloads/bicycle_old/old_bicycle.fbx\"", \""Timestamp\"" : \""1788342082\"", \""FileMD5\"" : \""67828a25974ea158feceefccb94a3348\"", \""DisplayLabelName\"" : \""\"" }]""}"
/Game/Resources/Environments/Items/Bicycle/obj34,"{""AssetImportData"": ""[{ \""RelativeFilename\"" : \""../../../../../../Users/User/Downloads/bicycle_old/old_bicycle.fbx\"", \""Timestamp\"" : \""1788342082\"", \""FileMD5\"" : \""67828a25974ea158feceefccb94a3348\"", \""DisplayLabelName\"" : \""\"" }]""}"
/Game/Resources/Environments/Items/Bicycle/obj35,"{""AssetImportData"": ""[{ \""RelativeFilename\"" : \""../../../../../../Users/User/Downloads/bicycle_old/old_bicycle.fbx\"", \""Timestamp\"" : \""1788342082\"", \""FileMD5\"" : \""67828a25974ea158feceefccb94a3348\"", \""DisplayLabelName\"" : \""\"" }]""}"
/Game/Resources/Environments/Items/Bicycle/obj36,"{""AssetImportData"": ""[{ \""RelativeFilename\"" : \""../../../../../../Users/User/Downloads/bicycle_old/old_bicycle.fbx\"", \""Timestamp\"" : \""1788342082\"", \""FileMD5\"" : \""67828a25974ea158feceefccb94a3348\"", \""DisplayLabelName\"" : \""\"" }]""}"
/Game/Resources/Environments/Items/Bicycle/obj37,"{""AssetImportData"": ""[{ \""RelativeFilename\"" : \""../../../../../../Users/User/Downloads/bicycle_old/old_bicycle.fbx\"", \""Timestamp\"" : \""1788342082\"", \""FileMD5\"" : \""67828a25974ea158feceefccb94a3348\"", \""DisplayLabelName\"" : \""\"" }]""}"
/Game/Resources/Environments/Items/Bicycle/obj38,"{""AssetImportData"": ""[{ \""RelativeFilename\"" : \""../../../../../../Users/User/Downloads/bicycle_old/old_bicycle.fbx\"", \""Timestamp\"" : \""1788342082\"", \""FileMD5\"" : \""67828a25974ea158feceefccb94a3348\"", \""DisplayLabelName\"" : \""\"" }]""}"
/Game/Resources/Environments/Items/Bicycle/obj39,"{""AssetImportData"": ""[{ \""RelativeFilename\"" : \""../../../../../../Users/User/Downloads/bicycle_old/old_bicycle.fbx\"", \""Timestamp\"" : \""1788342082\"", \""FileMD5\"" : \""67828a25974ea158feceefccb94a3348\"", \""DisplayLabelName\"" : \""\"" }]""}"
/Game/Resources/Environments/Items/Bicycle/obj4,"{""AssetImportData"": ""[{ \""RelativeFilename\"" : \""../../../../../../Users/User/Downloads/bicycle_old/old_bicycle.fbx\"", \""Timestamp\"" : \""1788342082\"", \""FileMD5\"" : \""67828a25974ea158feceefccb94a3348\"", \""DisplayLabelName\"" : \""\"" }]""}"
/Game/Resources/Environments/Items/Bicycle/obj40,"{""AssetImportData"": ""[{ \""RelativeFilename\"" : \""../../../../../../Users/User/Downloads/bicycle_old/old_bicycle.fbx\"", \""Timestamp\"" : \""1788342082\"", \""FileMD5\"" : \""67828a25974ea158feceefccb94a3348\"", \""DisplayLabelName\"" : \""\"" }]""}"
/Game/Resources/Environments/Items/Bicycle/obj41,"{""AssetImportData"": ""[{ \""RelativeFilename\"" : \""../../../../../../Users/User/Downloads/bicycle_old/old_bicycle.fbx\"", \""Timestamp\"" : \""1788342082\"", \""FileMD5\"" : \""67828a25974ea158feceefccb94a3348\"", \""DisplayLabelName\"" : \""\"" }]""}"
/Game/Resources/Environments/Items/Bicycle/obj42,"{""AssetImportData"": ""[{ \""RelativeFilename\"" : \""../../../../../../Users/User/Downloads/bicycle_old/old_bicycle.fbx\"", \""Timestamp\"" : \""1788342082\"", \""FileMD5\"" : \""67828a25974ea158feceefccb94a3348\"", \""DisplayLabelName\"" : \""\"" }]""}"
/Game/Resources/Environments/Items/Bicycle/obj43,"{""AssetImportData"": ""[{ \""RelativeFilename\"" : \""../../../../../../Users/User/Downloads/bicycle_old/old_bicycle.fbx\"", \""Timestamp\"" : \""1788342082\"", \""FileMD5\"" : \""67828a25974ea158feceefccb94a3348\"", \""DisplayLabelName\"" : \""\"" }]""}"
/Game/Resources/Environments/Items/Bicycle/obj5,"{""AssetImportData"": ""[{ \""RelativeFilename\"" : \""../../../../../../Users/User/Downloads/bicycle_old/old_bicycle.fbx\"", \""Timestamp\"" : \""1788342082\"", \""FileMD5\"" : \""67828a25974ea158feceefccb94a3348\"", \""DisplayLabelName\"" : \""\"" }]""}"
/Game/Resources/Environments/Items/Bicycle/obj6,"{""AssetImportData"": ""[{ \""RelativeFilename\"" : \""../../../../../../Users/User/Downloads/bicycle_old/old_bicycle.fbx\"", \""Timestamp\"" : \""1788342082\"", \""FileMD5\"" : \""67828a25974ea158feceefccb94a3348\"", \""DisplayLabelName\"" : \""\"" }]""}"
/Game/Resources/Environments/Items/Bicycle/obj7,"{""AssetImportData"": ""[{ \""RelativeFilename\"" : \""../../../../../../Users/User/Downloads/bicycle_old/old_bicycle.fbx\"", \""Timestamp\"" : \""1788342082\"", \""FileMD5\"" : \""67828a25974ea158feceefccb94a3348\"", \""DisplayLabelName\"" : \""\"" }]""}"
/Game/Resources/Environments/Items/Bicycle/obj8,"{""AssetImportData"": ""[{ \""RelativeFilename\"" : \""../../../../../../Users/User/Downloads/bicycle_old/old_bicycle.fbx\"", \""Timestamp\"" : \""1788342082\"", \""FileMD5\"" : \""67828a25974ea158feceefccb94a3348\"", \""DisplayLabelName\"" : \""\"" }]""}"
/Game/Resources/Environments/Items/Bicycle/obj9,"{""AssetImportData"": ""[{ \""RelativeFilename\"" : \""../../../../../../Users/User/Downloads/bicycle_old/old_bicycle.fbx\"", \""Timestamp\"" : \""1788342082\"", \""FileMD5\"" : \""67828a25974ea158feceefccb94a3348\"", \""DisplayLabelName\"" : \""\"" }]""}"
/Game/Resources/Environments/Items/Bicycle/SM_Bicycle_Old,"{""AssetImportData"": ""[{ \""RelativeFilename\"" : \""../../../../../../Users/User/Downloads/bicycle_old/old_bicycle.fbx\"", \""Timestamp\"" : \""1788342082\"", \""FileMD5\"" : \""67828a25974ea158feceefccb94a3348\"", \""DisplayLabelName\"" : \""\"" }]""}"
/Game/Resources/Environments/Items/Bicycle/T_Bicycle_Old_Basecolor,"{""AssetImportData"": ""[{ \""RelativeFilename\"" : \""../../../../../../Users/User/Downloads/bicycle_old/old_bicycle.fbm/Material_baseColor.png\"", \""Timestamp\"" : \""1788374583\"", \""FileMD5\"" : \""d3f6f8c61d3f1145c2f4803a51334ba2\"", \""DisplayLabelName\"" : \""\"" }]""}"
/Game/Resources/Environments/Items/Bicycle/T_Bicycle_Old_Normal,"{""AssetImportData"": ""[{ \""RelativeFilename\"" : \""../../../../../../Users/User/Downloads/bicycle_old/old_bicycle.fbm/Material_normal.png\"", \""Timestamp\"" : \""1788374583\"", \""FileMD5\"" : \""0f94dc5dd8661e1a8eb8421fffdb1865\"", \""DisplayLabelName\"" : \""\"" }]""}"
/Game/Resources/Environments/Items/Bicycle/T_Bicycle_Old_Roughness,"{""AssetImportData"": ""[{ \""RelativeFilename\"" : \""../../../../../../Users/User/Downloads/bicycle_old/old_bicycle.fbm/Material_metallicRoughness.png\"", \""Timestamp\"" : \""1788374583\"", \""FileMD5\"" : \""7d15ab534587b267a944cb450ea0331b\"", \""DisplayLabelName\"" : \""\"" }]""}"
/Game/Resources/Environments/Props/AbandonedSchool/Asteroid_Erosion/MI_Asteroid_Erosion,"{""AssetImportData"": ""[{ \""RelativeFilename\"" : \""../../../../../../Users/User/Desktop/포트폴리오/Project Constellation/modeling/asteroid_erosion/tripo_convert_3be13e79-e117-411b-94a4-3f62cdf07276.fbx\"", \""Timestamp\"" : \""1785169240\"", \""FileMD5\"" : \""9c6565934a7d7676785d9c10061814bc\"", \""DisplayLabelName\"" : \""\"" }]""}"
/Game/Resources/Environments/Props/AbandonedSchool/Asteroid_Erosion/SM_Asteroid_Erosion,"{""AssetImportData"": ""[{ \""RelativeFilename\"" : \""../../../../../../Users/User/Desktop/포트폴리오/Project Constellation/modeling/asteroid_erosion/tripo_convert_3be13e79-e117-411b-94a4-3f62cdf07276.fbx\"", \""Timestamp\"" : \""1785169240\"", \""FileMD5\"" : \""9c6565934a7d7676785d9c10061814bc\"", \""DisplayLabelName\"" : \""\"" }]""}"
/Game/Resources/Environments/Props/AbandonedSchool/Asteroid_Erosion/T_Asteroid_Erosion_Basecolor,"{""AssetImportData"": ""[{ \""RelativeFilename\"" : \""../../../../../../Users/User/Desktop/포트폴리오/Project Constellation/modeling/asteroid_erosion/tripo_convert_3be13e79-e117-411b-94a4-3f62cdf07276.fbm/fantasy_lava_rock_3d_model_basecolor.JPEG\"", \""Timestamp\"" : \""1785169240\"", \""FileMD5\"" : \""4a3310d279754972ef869fb72581655f\"", \""DisplayLabelName\"" : \""\"" }]""}"
/Game/Resources/Environments/Props/AbandonedSchool/Asteroid_Erosion/T_Asteroid_Erosion_Normal,"{""AssetImportData"": ""[{ \""RelativeFilename\"" : \""../../../../../../Users/User/Desktop/포트폴리오/Project Constellation/modeling/asteroid_erosion/tripo_convert_3be13e79-e117-411b-94a4-3f62cdf07276.fbm/fantasy_lava_rock_3d_model_normal.JPEG\"", \""Timestamp\"" : \""1785169240\"", \""FileMD5\"" : \""781a8ed75a1ab6aa24dc828edee21eb6\"", \""DisplayLabelName\"" : \""\"" }]""}"
/Game/Resources/Environments/Props/AbandonedSchool/Asteroid_Erosion/T_Asteroid_Erosion_Roughness,"{""AssetImportData"": ""[{ \""RelativeFilename\"" : \""../../../../../../Users/User/Desktop/포트폴리오/Project Constellation/modeling/asteroid_erosion/tripo_convert_3be13e79-e117-411b-94a4-3f62cdf07276.fbm/fantasy_lava_rock_3d_model_roughness.JPEG\"", \""Timestamp\"" : \""1785169240\"", \""FileMD5\"" : \""5f2f01d76b42dcbfaf085e4e2d014f86\"", \""DisplayLabelName\"" : \""\"" }]""}"
/Game/Resources/Environments/Props/AbandonedSchool/Clock/MI_Clock,"{""AssetImportData"": ""[{ \""RelativeFilename\"" : \""../../../../../../Users/User/Desktop/포트폴리오/Project Constellation/modeling/clock/clock.fbx\"", \""Timestamp\"" : \""1784384312\"", \""FileMD5\"" : \""70e635676a51fe7203f1f495b64f12f2\"", \""DisplayLabelName\"" : \""\"" }]""}"
/Game/Resources/Environments/Props/AbandonedSchool/Clock/MI_Clock_Hands,"{""AssetImportData"": ""[{ \""RelativeFilename\"" : \""../../../../../../Users/User/Desktop/포트폴리오/Project Constellation/modeling/clock/clock_hands.fbx\"", \""Timestamp\"" : \""1784387431\"", \""FileMD5\"" : \""2388002bd72e59bfd5deb4269ae56325\"", \""DisplayLabelName\"" : \""\"" }]""}"
/Game/Resources/Environments/Props/AbandonedSchool/Clock/SM_Clock,"{""AssetImportData"": ""[{ \""RelativeFilename\"" : \""../../../../../../Users/User/Desktop/포트폴리오/Project Constellation/modeling/clock/clock.fbx\"", \""Timestamp\"" : \""1784384312\"", \""FileMD5\"" : \""70e635676a51fe7203f1f495b64f12f2\"", \""DisplayLabelName\"" : \""\"" }]""}"
/Game/Resources/Environments/Props/AbandonedSchool/Clock/SM_Clock_Hands_Hour,"{""AssetImportData"": ""[]""}"
/Game/Resources/Environments/Props/AbandonedSchool/Clock/SM_Clock_Hands_Minute,"{""AssetImportData"": ""[]""}"
/Game/Resources/Environments/Props/AbandonedSchool/Clock/SM_Clock_With_Hole,"{""AssetImportData"": ""[]""}"
/Game/Resources/Environments/Props/AbandonedSchool/Clock/T_Clock_Emissive,"{""AssetImportData"": ""[{ \""RelativeFilename\"" : \""../../../../../../Users/User/Desktop/포트폴리오/Project Constellation/modeling/clock/clock.fbm/Image_3.jpg\"", \""Timestamp\"" : \""1784402150\"", \""FileMD5\"" : \""5b03b07af1b5e63669cbffe1573df544\"", \""DisplayLabelName\"" : \""\"" }]""}"
/Game/Resources/Environments/Props/AbandonedSchool/Clock/T_Clock_Hands_Basecolor,"{""AssetImportData"": ""[{ \""RelativeFilename\"" : \""../../../../../../Users/User/Desktop/포트폴리오/Project Constellation/modeling/clock/clock_hands.fbm/Image_0.jpg\"", \""Timestamp\"" : \""1784402469\"", \""FileMD5\"" : \""f0a457e43622afc925159dcd7eb93d8e\"", \""DisplayLabelName\"" : \""\"" }]""}"
/Game/Resources/Environments/Props/AbandonedSchool/Clock/T_Clock_Hands_Emissive,"{""AssetImportData"": ""[{ \""RelativeFilename\"" : \""../../../../../../Users/User/Desktop/포트폴리오/Project Constellation/modeling/clock/clock_hands.fbm/Image_3.jpg\"", \""Timestamp\"" : \""1784402469\"", \""FileMD5\"" : \""36afa3bb9b4f833be4f4a1ec4219e838\"", \""DisplayLabelName\"" : \""\"" }]""}"
/Game/Resources/Environments/Props/AbandonedSchool/Clock/T_Clock_Hands_Normal,"{""AssetImportData"": ""[{ \""RelativeFilename\"" : \""../../../../../../Users/User/Desktop/포트폴리오/Project Constellation/modeling/clock/clock_hands.fbm/Image_2.jpg\"", \""Timestamp\"" : \""1784402469\"", \""FileMD5\"" : \""fdbbec34554f5224d7fe181131272483\"", \""DisplayLabelName\"" : \""\"" }]""}"
/Game/Resources/Environments/Props/AbandonedSchool/Clock/T_Clock_Hands_Roughness,"{""AssetImportData"": ""[{ \""RelativeFilename\"" : \""../../../../../../Users/User/Desktop/포트폴리오/Project Constellation/modeling/clock/clock_hands.fbm/texture_0_roughness.png\"", \""Timestamp\"" : \""1784402469\"", \""FileMD5\"" : \""70e1291113d2a235e682c3edd4193c23\"", \""DisplayLabelName\"" : \""\"" }]""}"
/Game/Resources/Environments/Props/AbandonedSchool/Clock/T_Clock_Normal,"{""AssetImportData"": ""[{ \""RelativeFilename\"" : \""../../../../../../Users/User/Desktop/포트폴리오/Project Constellation/modeling/clock/clock.fbm/Image_2.jpg\"", \""Timestamp\"" : \""1784402150\"", \""FileMD5\"" : \""ee93a46d7d053bf006087bdbfee7b774\"", \""DisplayLabelName\"" : \""\"" }]""}"
/Game/Resources/Environments/Props/AbandonedSchool/Clock/T_Clock_Roughness,"{""AssetImportData"": ""[{ \""RelativeFilename\"" : \""../../../../../../Users/User/Desktop/포트폴리오/Project Constellation/modeling/clock/clock.fbm/texture_0_roughness.png\"", \""Timestamp\"" : \""1784402150\"", \""FileMD5\"" : \""2313b59d733af4d71938eb3733b11e26\"", \""DisplayLabelName\"" : \""\"" }]""}"
/Game/Resources/Environments/Props/AbandonedSchool/Clock/T_SM_Clock_Basecolor,"{""AssetImportData"": ""[{ \""RelativeFilename\"" : \""../../../../../../Users/User/Desktop/포트폴리오/Project Constellation/modeling/clock/clock.fbm/Image_0.jpg\"", \""Timestamp\"" : \""1784402150\"", \""FileMD5\"" : \""fb8b56c8108c24f520be1c97affc93b1\"", \""DisplayLabelName\"" : \""\"" }]""}"
/Game/Resources/Environments/Props/AbandonedSchool/Clock_Tower_Machine/Clock_Tower_Machine_Axis,"{""AssetImportData"": ""[]""}"
/Game/Resources/Environments/Props/AbandonedSchool/Clock_Tower_Machine/Clock_Tower_Machine_Frame_Frame_Right,"{""AssetImportData"": ""[]""}"
/Game/Resources/Environments/Props/AbandonedSchool/Clock_Tower_Machine/Clock_Tower_Machine_Frame_Left,"{""AssetImportData"": ""[]""}"
/Game/Resources/Environments/Props/AbandonedSchool/Clock_Tower_Machine/Clock_Tower_Machine_Gear,"{""AssetImportData"": ""[]""}"
/Game/Resources/Environments/Props/AbandonedSchool/Clock_Tower_Machine/Clock_Tower_Machine_Handle,"{""AssetImportData"": ""[]""}"
/Game/Resources/Environments/Props/AbandonedSchool/Clock_Tower_Machine/MI_Clock_Tower_Machine,"{""AssetImportData"": ""[{ \""RelativeFilename\"" : \""../../../../../../Users/User/Downloads/tripo_convert_26283cd4-fb3f-444c-95d1-320824632871.fbx\"", \""Timestamp\"" : \""1784466750\"", \""FileMD5\"" : \""1280f6344c76f5777652f7fa792fed06\"", \""DisplayLabelName\"" : \""\"" }]""}"
/Game/Resources/Environments/Props/AbandonedSchool/Clock_Tower_Machine/T_Clock_Tower_Machine_Basecolor,"{""AssetImportData"": ""[{ \""RelativeFilename\"" : \""../../../../../../Users/User/Downloads/tripo_convert_26283cd4-fb3f-444c-95d1-320824632871.fbm/mechanical_gear_train_3d_model_basecolor.JPEG\"", \""Timestamp\"" : \""1784466750\"", \""FileMD5\"" : \""e4ce337674aa25e8fe850661c87c9ed5\"", \""DisplayLabelName\"" : \""\"" }]""}"
/Game/Resources/Environments/Props/AbandonedSchool/Clock_Tower_Machine/T_Clock_Tower_Machine_Normal,"{""AssetImportData"": ""[{ \""RelativeFilename\"" : \""../../../../../../Users/User/Downloads/tripo_convert_26283cd4-fb3f-444c-95d1-320824632871.fbm/mechanical_gear_train_3d_model_normal.JPEG\"", \""Timestamp\"" : \""1784466750\"", \""FileMD5\"" : \""d95fc14065e6c724da7b8734c5629336\"", \""DisplayLabelName\"" : \""\"" }]""}"
/Game/Resources/Environments/Props/AbandonedSchool/Clock_Tower_Machine/T_Clock_Tower_Machine_Roughness,"{""AssetImportData"": ""[{ \""RelativeFilename\"" : \""../../../../../../Users/User/Downloads/tripo_convert_26283cd4-fb3f-444c-95d1-320824632871.fbm/mechanical_gear_train_3d_model_roughness.JPEG\"", \""Timestamp\"" : \""1784466750\"", \""FileMD5\"" : \""9de3e9953599a0218f01ddef3bcefc31\"", \""DisplayLabelName\"" : \""\"" }]""}"
/Game/Resources/Environments/Props/AbandonedSchool/Clock_Tower_Prop/MI_ClockTower_Motor,"{""AssetImportData"": ""[{ \""RelativeFilename\"" : \""../../../../../../Users/User/Downloads/tripo_convert_6b8ccc98-85f7-4de7-bf6c-ec577a8d3bf7.fbx\"", \""Timestamp\"" : \""1784469548\"", \""FileMD5\"" : \""603386e992f2c2b8d56f79503f0a9118\"", \""DisplayLabelName\"" : \""\"" }]""}"
/Game/Resources/Environments/Props/AbandonedSchool/Clock_Tower_Prop/MI_Clock_Tower_Prop,"{""AssetImportData"": ""[{ \""RelativeFilename\"" : \""../../../../../../Users/User/Desktop/포트폴리오/Project Constellation/modeling/clock_tower_prop/Meshy_AI_Clock_Tower_Interior__0719054457_texture.fbx\"", \""Timestamp\"" : \""1784439905\"", \""FileMD5\"" : \""443459fd401bed8381f3848dce70cab0\"", \""DisplayLabelName\"" : \""\"" }]""}"
/Game/Resources/Environments/Props/AbandonedSchool/Clock_Tower_Prop/MI_Clock_Tower_Prop_B,"{""AssetImportData"": ""[{ \""RelativeFilename\"" : \""../../../../../../Users/User/Downloads/tripo_convert_2270428d-10cb-45a2-a7a1-3cc5c33984d3.fbx\"", \""Timestamp\"" : \""1784467874\"", \""FileMD5\"" : \""c3ad40f0f934188722877ffce55b2e8c\"", \""DisplayLabelName\"" : \""\"" }]""}"
/Game/Resources/Environments/Props/AbandonedSchool/Clock_Tower_Prop/SM_AbandonedSchool_ClockTower_BoxFrame,"{""AssetImportData"": ""[]""}"
/Game/Resources/Environments/Props/AbandonedSchool/Clock_Tower_Prop/SM_AbandonedSchool_ClockTower_GearAxisA,"{""AssetImportData"": ""[]""}"
/Game/Resources/Environments/Props/AbandonedSchool/Clock_Tower_Prop/SM_AbandonedSchool_ClockTower_GearAxisB,"{""AssetImportData"": ""[]""}"
/Game/Resources/Environments/Props/AbandonedSchool/Clock_Tower_Prop/SM_AbandonedSchool_ClockTower_MachineB,"{""AssetImportData"": ""[]""}"
/Game/Resources/Environments/Props/AbandonedSchool/Clock_Tower_Prop/SM_AbandonedSchool_ClockTower_Motor,"{""AssetImportData"": ""[{ \""RelativeFilename\"" : \""../../../../../../Users/User/Downloads/tripo_convert_6b8ccc98-85f7-4de7-bf6c-ec577a8d3bf7.fbx\"", \""Timestamp\"" : \""1784469548\"", \""FileMD5\"" : \""603386e992f2c2b8d56f79503f0a9118\"", \""DisplayLabelName\"" : \""\"" }]""}"
/Game/Resources/Environments/Props/AbandonedSchool/Clock_Tower_Prop/SM_AbandonedSchool_ClockTower_Pillar,"{""AssetImportData"": ""[]""}"
/Game/Resources/Environments/Props/AbandonedSchool/Clock_Tower_Prop/SM_AbandonedSchool_ClockTower_RailA,"{""AssetImportData"": ""[]""}"
/Game/Resources/Environments/Props/AbandonedSchool/Clock_Tower_Prop/SM_AbandonedSchool_ClockTower_RailB,"{""AssetImportData"": ""[]""}"
/Game/Resources/Environments/Props/AbandonedSchool/Clock_Tower_Prop/SM_AbandonedSchool_ClockTower_RailStair,"{""AssetImportData"": ""[]""}"
/Game/Resources/Environments/Props/AbandonedSchool/Clock_Tower_Prop/SM_AbandonedSchool_ClockTower_SpiralStair,"{""AssetImportData"": ""[]""}"
/Game/Resources/Environments/Props/AbandonedSchool/Clock_Tower_Prop/SM_AbandonedSchool_ClockTower_Stair,"{""AssetImportData"": ""[]""}"
/Game/Resources/Environments/Props/AbandonedSchool/Clock_Tower_Prop/SM_AbandonedSchool_ClockTower_Window,"{""AssetImportData"": ""[]""}"
/Game/Resources/Environments/Props/AbandonedSchool/Clock_Tower_Prop/T_ClockTower_Motor_Basecolor,"{""AssetImportData"": ""[{ \""RelativeFilename\"" : \""../../../../../../Users/User/Downloads/tripo_convert_6b8ccc98-85f7-4de7-bf6c-ec577a8d3bf7.fbm/brushed_dc_motor_3d_model_basecolor.JPEG\"", \""Timestamp\"" : \""1784469550\"", \""FileMD5\"" : \""7b52fe9aecf4cea5bae7d1a97d3c34ab\"", \""DisplayLabelName\"" : \""\"" }]""}"
/Game/Resources/Environments/Props/AbandonedSchool/Clock_Tower_Prop/T_ClockTower_Motor_Normal,"{""AssetImportData"": ""[{ \""RelativeFilename\"" : \""../../../../../../Users/User/Downloads/tripo_convert_6b8ccc98-85f7-4de7-bf6c-ec577a8d3bf7.fbm/brushed_dc_motor_3d_model_normal.JPEG\"", \""Timestamp\"" : \""1784469550\"", \""FileMD5\"" : \""8b96bb371cfc43438cfa37c53e9c516a\"", \""DisplayLabelName\"" : \""\"" }]""}"
/Game/Resources/Environments/Props/AbandonedSchool/Clock_Tower_Prop/T_ClockTower_Motor_Roughness,"{""AssetImportData"": ""[{ \""RelativeFilename\"" : \""../../../../../../Users/User/Downloads/tripo_convert_6b8ccc98-85f7-4de7-bf6c-ec577a8d3bf7.fbm/brushed_dc_motor_3d_model_roughness.JPEG\"", \""Timestamp\"" : \""1784469550\"", \""FileMD5\"" : \""f0fd55150639d105c4a8c5efd9549873\"", \""DisplayLabelName\"" : \""\"" }]""}"
/Game/Resources/Environments/Props/AbandonedSchool/Clock_Tower_Prop/T_Clock_Tower_Prop_Basecolor,"{""AssetImportData"": ""[{ \""RelativeFilename\"" : \""../../../../../../Users/User/Desktop/포트폴리오/Project Constellation/modeling/clock_tower_prop/Meshy_AI_Clock_Tower_Interior__0719054457_texture.fbm/Image_0.jpg\"", \""Timestamp\"" : \""1784445615\"", \""FileMD5\"" : \""874806df4df6de6d8672c658efe682a3\"", \""DisplayLabelName\"" : \""\"" }]""}"
/Game/Resources/Environments/Props/AbandonedSchool/Clock_Tower_Prop/T_Clock_Tower_Prop_B_Basecolor,"{""AssetImportData"": ""[{ \""RelativeFilename\"" : \""../../../../../../Users/User/Downloads/tripo_convert_2270428d-10cb-45a2-a7a1-3cc5c33984d3.fbm/steampunk_gear_mechanism_3d_model_basecolor.JPEG\"", \""Timestamp\"" : \""1784467874\"", \""FileMD5\"" : \""73d13e83b9c4bbefdeb0e76d23279de9\"", \""DisplayLabelName\"" : \""\"" }]""}"
/Game/Resources/Environments/Props/AbandonedSchool/Clock_Tower_Prop/T_Clock_Tower_Prop_B_Normal,"{""AssetImportData"": ""[{ \""RelativeFilename\"" : \""../../../../../../Users/User/Downloads/tripo_convert_2270428d-10cb-45a2-a7a1-3cc5c33984d3.fbm/steampunk_gear_mechanism_3d_model_normal.JPEG\"", \""Timestamp\"" : \""1784467874\"", \""FileMD5\"" : \""d4a8ac8bd9a77b858694b7dc274942d1\"", \""DisplayLabelName\"" : \""\"" }]""}"
/Game/Resources/Environments/Props/AbandonedSchool/Clock_Tower_Prop/T_Clock_Tower_Prop_B_Roughness,"{""AssetImportData"": ""[{ \""RelativeFilename\"" : \""../../../../../../Users/User/Downloads/tripo_convert_2270428d-10cb-45a2-a7a1-3cc5c33984d3.fbm/steampunk_gear_mechanism_3d_model_roughness.JPEG\"", \""Timestamp\"" : \""1784467874\"", \""FileMD5\"" : \""2e8ddbf8ee61964dc37fd121ed547022\"", \""DisplayLabelName\"" : \""\"" }]""}"
/Game/Resources/Environments/Props/AbandonedSchool/Clock_Tower_Prop/T_Clock_Tower_Prop_Emissive,"{""AssetImportData"": ""[{ \""RelativeFilename\"" : \""../../../../../../Users/User/Desktop/포트폴리오/Project Constellation/modeling/clock_tower_prop/Meshy_AI_Clock_Tower_Interior__0719054457_texture.fbm/Image_3.jpg\"", \""Timestamp\"" : \""1784445615\"", \""FileMD5\"" : \""76990a4c98e03739d8b1ec5da6220b4b\"", \""DisplayLabelName\"" : \""\"" }]""}"
/Game/Resources/Environments/Props/AbandonedSchool/Clock_Tower_Prop/T_Clock_Tower_Prop_Normal,"{""AssetImportData"": ""[{ \""RelativeFilename\"" : \""../../../../../../Users/User/Desktop/포트폴리오/Project Constellation/modeling/clock_tower_prop/Meshy_AI_Clock_Tower_Interior__0719054457_texture.fbm/Image_2.jpg\"", \""Timestamp\"" : \""1784445615\"", \""FileMD5\"" : \""954e5a705e4e3189bec63708453e35d7\"", \""DisplayLabelName\"" : \""\"" }]""}"
/Game/Resources/Environments/Props/AbandonedSchool/Clock_Tower_Prop/T_Clock_Tower_Prop_Roughness,"{""AssetImportData"": ""[{ \""RelativeFilename\"" : \""../../../../../../Users/User/Desktop/포트폴리오/Project Constellation/modeling/clock_tower_prop/Meshy_AI_Clock_Tower_Interior__0719054457_texture.fbm/texture_0_roughness.png\"", \""Timestamp\"" : \""1784445615\"", \""FileMD5\"" : \""7be518872abe2a3cab57aa0841b50460\"", \""DisplayLabelName\"" : \""\"" }]""}"
/Game/Resources/Environments/Props/AbandonedSchool/School_Classroom_Music_Prop/MI_School_Classroom_Music_Prop,"{""AssetImportData"": ""[{ \""RelativeFilename\"" : \""../../../../../../Users/User/Desktop/포트폴리오/Project Constellation/modeling/school_classroom_music_prop/tripo_convert_7f762b94-0834-4015-be68-b7c2adf5d1d9.fbx\"", \""Timestamp\"" : \""1785042340\"", \""FileMD5\"" : \""a42bfecb974643f913064168cdac92df\"", \""DisplayLabelName\"" : \""\"" }]""}"
/Game/Resources/Environments/Props/AbandonedSchool/School_Classroom_Music_Prop/SM_AbandonedSchool_Music_Prop_Blackboard,"{""AssetImportData"": ""[]""}"
/Game/Resources/Environments/Props/AbandonedSchool/School_Classroom_Music_Prop/SM_AbandonedSchool_Music_Prop_Books,"{""AssetImportData"": ""[]""}"
/Game/Resources/Environments/Props/AbandonedSchool/School_Classroom_Music_Prop/SM_AbandonedSchool_Music_Prop_Cello,"{""AssetImportData"": ""[]""}"
/Game/Resources/Environments/Props/AbandonedSchool/School_Classroom_Music_Prop/SM_AbandonedSchool_Music_Prop_Cymbals,"{""AssetImportData"": ""[]""}"
/Game/Resources/Environments/Props/AbandonedSchool/School_Classroom_Music_Prop/SM_AbandonedSchool_Music_Prop_Doublebass,"{""AssetImportData"": ""[]""}"
/Game/Resources/Environments/Props/AbandonedSchool/School_Classroom_Music_Prop/SM_AbandonedSchool_Music_Prop_Drum,"{""AssetImportData"": ""[]""}"
/Game/Resources/Environments/Props/AbandonedSchool/School_Classroom_Music_Prop/SM_AbandonedSchool_Music_Prop_MusicStand,"{""AssetImportData"": ""[]""}"
/Game/Resources/Environments/Props/AbandonedSchool/School_Classroom_Music_Prop/SM_AbandonedSchool_Music_Prop_MusicStandCoverA,"{""AssetImportData"": ""[]""}"
/Game/Resources/Environments/Props/AbandonedSchool/School_Classroom_Music_Prop/SM_AbandonedSchool_Music_Prop_MusicStandCoverB,"{""AssetImportData"": ""[]""}"
/Game/Resources/Environments/Props/AbandonedSchool/School_Classroom_Music_Prop/SM_AbandonedSchool_Music_Prop_Toolbox,"{""AssetImportData"": ""[]""}"
/Game/Resources/Environments/Props/AbandonedSchool/School_Classroom_Music_Prop/SM_AbandonedSchool_Music_Prop_Trumpet,"{""AssetImportData"": ""[]""}"
/Game/Resources/Environments/Props/AbandonedSchool/School_Classroom_Music_Prop/SM_AbandonedSchool_Music_Prop_TrumpetCase,"{""AssetImportData"": ""[]""}"
/Game/Resources/Environments/Props/AbandonedSchool/School_Classroom_Music_Prop/SM_AbandonedSchool_Music_Prop_Violin,"{""AssetImportData"": ""[]""}"
/Game/Resources/Environments/Props/AbandonedSchool/School_Classroom_Music_Prop/SM_AbandonedSchool_Music_Prop_ViolinCase,"{""AssetImportData"": ""[]""}"
/Game/Resources/Environments/Props/AbandonedSchool/School_Classroom_Music_Prop/SM_AbandonedSchool_Music_Prop_Xylophone,"{""AssetImportData"": ""[]""}"
/Game/Resources/Environments/Props/AbandonedSchool/School_Classroom_Music_Prop/T_School_Classroom_Music_Prop_Basecolor,"{""AssetImportData"": ""[{ \""RelativeFilename\"" : \""../../../../../../Users/User/Desktop/포트폴리오/Project Constellation/modeling/school_classroom_music_prop/tripo_convert_7f762b94-0834-4015-be68-b7c2adf5d1d9.fbm/musical_instruments_3d_model_basecolor.JPEG\"", \""Timestamp\"" : \""1785042340\"", \""FileMD5\"" : \""1cc9e53d4e850498b07785b7558fca77\"", \""DisplayLabelName\"" : \""\"" }]""}"
/Game/Resources/Environments/Props/AbandonedSchool/School_Classroom_Music_Prop/T_School_Classroom_Music_Prop_Normal,"{""AssetImportData"": ""[{ \""RelativeFilename\"" : \""../../../../../../Users/User/Desktop/포트폴리오/Project Constellation/modeling/school_classroom_music_prop/tripo_convert_7f762b94-0834-4015-be68-b7c2adf5d1d9.fbm/musical_instruments_3d_model_normal.JPEG\"", \""Timestamp\"" : \""1785042340\"", \""FileMD5\"" : \""5380d45ac618204fc2051b26722aedc0\"", \""DisplayLabelName\"" : \""\"" }]""}"
/Game/Resources/Environments/Props/AbandonedSchool/School_Classroom_Music_Prop/T_School_Classroom_Music_Prop_Roughness,"{""AssetImportData"": ""[{ \""RelativeFilename\"" : \""../../../../../../Users/User/Desktop/포트폴리오/Project Constellation/modeling/school_classroom_music_prop/tripo_convert_7f762b94-0834-4015-be68-b7c2adf5d1d9.fbm/musical_instruments_3d_model_roughness.JPEG\"", \""Timestamp\"" : \""1785042342\"", \""FileMD5\"" : \""6138173e19c254ca1fb93105762120b5\"", \""DisplayLabelName\"" : \""\"" }]""}"
/Game/Resources/Environments/Props/AbandonedSchool/School_Classroom_Prop/MI_School_Classroom_Prop_A,"{""AssetImportData"": ""[{ \""RelativeFilename\"" : \""../../../../../../Users/User/Desktop/포트폴리오/Project Constellation/modeling/school_classroom_prop_2/Meshy_AI_Prop_Grid_0718134833_texture.fbx\"", \""Timestamp\"" : \""1784382519\"", \""FileMD5\"" : \""ff2915c1f31b73c5dee560093e2a8b01\"", \""DisplayLabelName\"" : \""\"" }]""}"
/Game/Resources/Environments/Props/AbandonedSchool/School_Classroom_Prop/SM_AbandonedSchool_Classroom_Prop_Computer,"{""AssetImportData"": ""[]""}"
/Game/Resources/Environments/Props/AbandonedSchool/School_Classroom_Prop/T_School_Classroom_Prop_A_BaseColor,"{""AssetImportData"": ""[{ \""RelativeFilename\"" : \""../../../../../../Users/User/Desktop/포트폴리오/Project Constellation/modeling/school_classroom_prop_2/Meshy_AI_Prop_Grid_0718134833_texture.fbm/Image_0.jpg\"", \""Timestamp\"" : \""1784402011\"", \""FileMD5\"" : \""df7aef3251c6c65d49e577cc003ee149\"", \""DisplayLabelName\"" : \""\"" }]""}"
/Game/Resources/Environments/Props/AbandonedSchool/School_Classroom_Prop/T_School_Classroom_Prop_A_Emissive,"{""AssetImportData"": ""[{ \""RelativeFilename\"" : \""../../../../../../Users/User/Desktop/포트폴리오/Project Constellation/modeling/school_classroom_prop_2/Meshy_AI_Prop_Grid_0718134833_texture.fbm/Image_3.jpg\"", \""Timestamp\"" : \""1784402011\"", \""FileMD5\"" : \""b9c00ed910cc65b22be16ddab2825d5d\"", \""DisplayLabelName\"" : \""\"" }]""}"
/Game/Resources/Environments/Props/AbandonedSchool/School_Classroom_Prop/T_School_Classroom_Prop_A_Normal,"{""AssetImportData"": ""[{ \""RelativeFilename\"" : \""../../../../../../Users/User/Desktop/포트폴리오/Project Constellation/modeling/school_classroom_prop_2/Meshy_AI_Prop_Grid_0718134833_texture.fbm/Image_2.jpg\"", \""Timestamp\"" : \""1784402011\"", \""FileMD5\"" : \""e87725ba95b7532f39c15f46413d4ed9\"", \""DisplayLabelName\"" : \""\"" }]""}"
/Game/Resources/Environments/Props/AbandonedSchool/School_Classroom_Prop/T_School_Classroom_Prop_A_Roughness,"{""AssetImportData"": ""[{ \""RelativeFilename\"" : \""../../../../../../Users/User/Desktop/포트폴리오/Project Constellation/modeling/school_classroom_prop_2/Meshy_AI_Prop_Grid_0718134833_texture.fbm/texture_0_roughness.png\"", \""Timestamp\"" : \""1784402011\"", \""FileMD5\"" : \""ecc858622a0c8b00cf14e2460068ac8d\"", \""DisplayLabelName\"" : \""\"" }]""}"
/Game/Resources/Environments/Props/AbandonedSchool/SM_Basket_Hoop_Stand/MI_Basket_Hoop_Stand,"{""AssetImportData"": ""[{ \""RelativeFilename\"" : \""../../../../../../Users/User/Desktop/포트폴리오/Project Constellation/modeling/basketball_hoop_stands/Meshy_AI_Goaliath_Adjustable_B_0630193718_texture.fbx\"", \""Timestamp\"" : \""1782848239\"", \""FileMD5\"" : \""5f80ed11778b4cd55ec80ed5197fca5b\"", \""DisplayLabelName\"" : \""\"" }]""}"
/Game/Resources/Environments/Props/AbandonedSchool/SM_Basket_Hoop_Stand/SM_Basket_Hoop_Stand,"{""AssetImportData"": ""[{ \""RelativeFilename\"" : \""../../../../../../Users/User/Desktop/포트폴리오/Project Constellation/modeling/basketball_hoop_stands/Meshy_AI_Goaliath_Adjustable_B_0630193718_texture.fbx\"", \""Timestamp\"" : \""1782848239\"", \""FileMD5\"" : \""5f80ed11778b4cd55ec80ed5197fca5b\"", \""DisplayLabelName\"" : \""\"" }]""}"
/Game/Resources/Environments/Props/AbandonedSchool/SM_Basket_Hoop_Stand/T_Basket_Hoop_Stand,"{""AssetImportData"": ""[{ \""RelativeFilename\"" : \""../../../../../../Users/User/Desktop/포트폴리오/Project Constellation/modeling/basketball_hoop_stands/Meshy_AI_Goaliath_Adjustable_B_0630193718_texture.fbm/Image_0.jpg\"", \""Timestamp\"" : \""1782924816\"", \""FileMD5\"" : \""cb6cec4c88efbadd28a616f53832ff8d\"", \""DisplayLabelName\"" : \""\"" }]""}"
/Game/Resources/Environments/Props/AbandonedSchool/SM_Basket_Hoop_Stand/T_Basket_Hoop_Stand_Emission,"{""AssetImportData"": ""[{ \""RelativeFilename\"" : \""../../../../../../Users/User/Desktop/포트폴리오/Project Constellation/modeling/basketball_hoop_stands/Meshy_AI_Goaliath_Adjustable_B_0630193718_texture.fbm/Image_3.jpg\"", \""Timestamp\"" : \""1782924816\"", \""FileMD5\"" : \""06e594672ec6d97df5406ef537f790f9\"", \""DisplayLabelName\"" : \""\"" }]""}"
/Game/Resources/Environments/Props/AbandonedSchool/SM_Basket_Hoop_Stand/T_Basket_Hoop_Stand_Normal,"{""AssetImportData"": ""[{ \""RelativeFilename\"" : \""../../../../../../Users/User/Desktop/포트폴리오/Project Constellation/modeling/basketball_hoop_stands/Meshy_AI_Goaliath_Adjustable_B_0630193718_texture.fbm/Image_2.jpg\"", \""Timestamp\"" : \""1782924816\"", \""FileMD5\"" : \""6f7e8ae95e72d6877a38ef758281c828\"", \""DisplayLabelName\"" : \""\"" }]""}"
/Game/Resources/Environments/Props/AbandonedSchool/SM_Blackboard/MI_School_Blackboard_Arrow,"{""AssetImportData"": ""[{ \""RelativeFilename\"" : \""../../../../../../Users/User/Desktop/포트폴리오/Project Constellation/modeling/blackboard_arrow/blackboard_arrow.fbx\"", \""Timestamp\"" : \""1780130982\"", \""FileMD5\"" : \""904677bb510aeaef03130825ed5f338d\"", \""DisplayLabelName\"" : \""\"" }]""}"
/Game/Resources/Environments/Props/AbandonedSchool/SM_Blackboard/MI_School_Blackboard_Curse_Message,"{""AssetImportData"": ""[{ \""RelativeFilename\"" : \""../../../../../../Users/User/Desktop/포트폴리오/Project Constellation/modeling/blackboard_curse_message/Meshy_AI_Welcome_to_Real_Life_0620165130_texture.fbx\"", \""Timestamp\"" : \""1781974290\"", \""FileMD5\"" : \""7e35d645dfa694c4fd9c443ab1d3e123\"", \""DisplayLabelName\"" : \""\"" }]""}"
/Game/Resources/Environments/Props/AbandonedSchool/SM_Blackboard/MI_School_Blackboard_Omedetou,"{""AssetImportData"": ""[{ \""RelativeFilename\"" : \""../../../../../../Users/User/Desktop/포트폴리오/Project Constellation/modeling/blackboard_omedetou/Meshy_AI_Robot_and_Stars_on_a__0525191324_texture.fbx\"", \""Timestamp\"" : \""1779736405\"", \""FileMD5\"" : \""19013d9a080d66baae33bc2df11d2da3\"", \""DisplayLabelName\"" : \""\"" }]""}"
/Game/Resources/Environments/Props/AbandonedSchool/SM_Blackboard/SM_School_Blackboard_Arrow,"{""AssetImportData"": ""[{ \""RelativeFilename\"" : \""../../../../../../Users/User/Desktop/포트폴리오/Project Constellation/modeling/blackboard_arrow/blackboard_arrow.fbx\"", \""Timestamp\"" : \""1780130982\"", \""FileMD5\"" : \""904677bb510aeaef03130825ed5f338d\"", \""DisplayLabelName\"" : \""\"" }]""}"
/Game/Resources/Environments/Props/AbandonedSchool/SM_Blackboard/SM_School_Blackboard_Arrow_Bend,"{""AssetImportData"": ""[{ \""RelativeFilename\"" : \""../../../../../../Users/User/Desktop/포트폴리오/Project Constellation/modeling/blackboard_arrow/blackboard_arrow.fbx\"", \""Timestamp\"" : \""1780130982\"", \""FileMD5\"" : \""904677bb510aeaef03130825ed5f338d\"", \""DisplayLabelName\"" : \""\"" }]""}"
/Game/Resources/Environments/Props/AbandonedSchool/SM_Blackboard/SM_School_Blackboard_Curse_Message,"{""AssetImportData"": ""[{ \""RelativeFilename\"" : \""../../../../../../Users/User/Desktop/포트폴리오/Project Constellation/modeling/blackboard_curse_message/Meshy_AI_Welcome_to_Real_Life_0620165130_texture.fbx\"", \""Timestamp\"" : \""1781974290\"", \""FileMD5\"" : \""7e35d645dfa694c4fd9c443ab1d3e123\"", \""DisplayLabelName\"" : \""\"" }]""}"
/Game/Resources/Environments/Props/AbandonedSchool/SM_Blackboard/SM_School_Blackboard_Omedetou,"{""AssetImportData"": ""[{ \""RelativeFilename\"" : \""../../../../../../Users/User/Desktop/포트폴리오/Project Constellation/modeling/blackboard_omedetou/Meshy_AI_Robot_and_Stars_on_a__0525191324_texture.fbx\"", \""Timestamp\"" : \""1779736405\"", \""FileMD5\"" : \""19013d9a080d66baae33bc2df11d2da3\"", \""DisplayLabelName\"" : \""\"" }]""}"
/Game/Resources/Environments/Props/AbandonedSchool/SM_Blackboard/T_School_Blackboard_Arrow,"{""AssetImportData"": ""[{ \""RelativeFilename\"" : \""../../../../../../Users/User/Desktop/포트폴리오/Project Constellation/modeling/blackboard_arrow/blackboard_arrow.fbm/Image_0.jpg\"", \""Timestamp\"" : \""1780131251\"", \""FileMD5\"" : \""2187927f0b499d622942badf20fb340a\"", \""DisplayLabelName\"" : \""\"" }]""}"
/Game/Resources/Environments/Props/AbandonedSchool/SM_Blackboard/T_School_Blackboard_Arrow_Emission,"{""AssetImportData"": ""[{ \""RelativeFilename\"" : \""../../../../../../Users/User/Desktop/포트폴리오/Project Constellation/modeling/blackboard_arrow/blackboard_arrow.fbm/Image_3.jpg\"", \""Timestamp\"" : \""1780131251\"", \""FileMD5\"" : \""15329cae1f8c18839b5644ce752ba01b\"", \""DisplayLabelName\"" : \""\"" }]""}"
/Game/Resources/Environments/Props/AbandonedSchool/SM_Blackboard/T_School_Blackboard_Arrow_Normal,"{""AssetImportData"": ""[{ \""RelativeFilename\"" : \""../../../../../../Users/User/Desktop/포트폴리오/Project Constellation/modeling/blackboard_arrow/blackboard_arrow.fbm/Image_2.jpg\"", \""Timestamp\"" : \""1780131251\"", \""FileMD5\"" : \""8e2d02d41a044c0f5f594271b2fba0a4\"", \""DisplayLabelName\"" : \""\"" }]""}"
/Game/Resources/Environments/Props/AbandonedSchool/SM_Blackboard/T_School_Blackboard_Curse_Message,"{""AssetImportData"": ""[{ \""RelativeFilename\"" : \""../../../../../../Users/User/Desktop/포트폴리오/Project Constellation/modeling/blackboard_curse_message/Meshy_AI_Welcome_to_Real_Life_0620165130_texture.fbm/Image_0.jpg\"", \""Timestamp\"" : \""1781975385\"", \""FileMD5\"" : \""1d55b306e99f55e4db3848abc570b3b2\"", \""DisplayLabelName\"" : \""\"" }]""}"
/Game/Resources/Environments/Props/AbandonedSchool/SM_Blackboard/T_School_Blackboard_Curse_Message_Emission,"{""AssetImportData"": ""[{ \""RelativeFilename\"" : \""../../../../../../Users/User/Desktop/포트폴리오/Project Constellation/modeling/blackboard_curse_message/Meshy_AI_Welcome_to_Real_Life_0620165130_texture.fbm/Image_3.jpg\"", \""Timestamp\"" : \""1781975385\"", \""FileMD5\"" : \""38c4221fc5866d69019308621bb60882\"", \""DisplayLabelName\"" : \""\"" }]""}"
/Game/Resources/Environments/Props/AbandonedSchool/SM_Blackboard/T_School_Blackboard_Curse_Message_Normal,"{""AssetImportData"": ""[{ \""RelativeFilename\"" : \""../../../../../../Users/User/Desktop/포트폴리오/Project Constellation/modeling/blackboard_curse_message/Meshy_AI_Welcome_to_Real_Life_0620165130_texture.fbm/Image_2.jpg\"", \""Timestamp\"" : \""1781975385\"", \""FileMD5\"" : \""72eb5939f7cdf81c345aad751ccd2928\"", \""DisplayLabelName\"" : \""\"" }]""}"
/Game/Resources/Environments/Props/AbandonedSchool/SM_Blackboard/T_School_Blackboard_Omedetou,"{""AssetImportData"": ""[{ \""RelativeFilename\"" : \""../../../../../../Users/User/Desktop/포트폴리오/Project Constellation/modeling/blackboard_omedetou/Meshy_AI_Robot_and_Stars_on_a__0525191324_texture.fbm/Image_0.jpg\"", \""Timestamp\"" : \""1779736863\"", \""FileMD5\"" : \""07bf80df443a3c3154c90ae3aa9c31bf\"", \""DisplayLabelName\"" : \""\"" }]""}"
/Game/Resources/Environments/Props/AbandonedSchool/SM_Blackboard/T_School_Blackboard_Omedetou_Emission,"{""AssetImportData"": ""[{ \""RelativeFilename\"" : \""../../../../../../Users/User/Desktop/포트폴리오/Project Constellation/modeling/blackboard_omedetou/Meshy_AI_Robot_and_Stars_on_a__0525191324_texture.fbm/Image_3.jpg\"", \""Timestamp\"" : \""1779736863\"", \""FileMD5\"" : \""dbe2c043d2ce89c1c8f28910f6d58a89\"", \""DisplayLabelName\"" : \""\"" }]""}"
/Game/Resources/Environments/Props/AbandonedSchool/SM_Blackboard/T_School_Blackboard_Omedetou_Normal,"{""AssetImportData"": ""[{ \""RelativeFilename\"" : \""../../../../../../Users/User/Desktop/포트폴리오/Project Constellation/modeling/blackboard_omedetou/Meshy_AI_Robot_and_Stars_on_a__0525191324_texture.fbm/Image_2.jpg\"", \""Timestamp\"" : \""1779736863\"", \""FileMD5\"" : \""f8563f23133a09fdba26e69517f9faec\"", \""DisplayLabelName\"" : \""\"" }]""}"
/Game/Resources/Environments/Props/AbandonedSchool/SM_Door/MI_School_Door,"{""AssetImportData"": ""[{ \""RelativeFilename\"" : \""../../../../../../Users/User/Desktop/포트폴리오/Project Constellation/modeling/school_door/Meshy_AI_Double_Wooden_Doors_0602161904_texture.fbx\"", \""Timestamp\"" : \""1780417146\"", \""FileMD5\"" : \""ac6680821313e9a5c90ddd3a205b5e2d\"", \""DisplayLabelName\"" : \""\"" }]""}"
/Game/Resources/Environments/Props/AbandonedSchool/SM_Door/SM_School_Door_Fixed,"{""AssetImportData"": ""[]""}"
/Game/Resources/Environments/Props/AbandonedSchool/SM_Door/SM_School_Door_Movable,"{""AssetImportData"": ""[{ \""RelativeFilename\"" : \""../../../../../../Users/User/Desktop/포트폴리오/Project Constellation/modeling/school_door/Meshy_AI_Double_Wooden_Doors_0602161904_texture.fbx\"", \""Timestamp\"" : \""1780417146\"", \""FileMD5\"" : \""ac6680821313e9a5c90ddd3a205b5e2d\"", \""DisplayLabelName\"" : \""\"" }]""}"
/Game/Resources/Environments/Props/AbandonedSchool/SM_Door/T_School_Door,"{""AssetImportData"": ""[{ \""RelativeFilename\"" : \""../../../../../../Users/User/Desktop/포트폴리오/Project Constellation/modeling/school_door/Meshy_AI_Double_Wooden_Doors_0602161904_texture.fbm/Image_0.jpg\"", \""Timestamp\"" : \""1780417700\"", \""FileMD5\"" : \""dc7a3ce17efd25bc419487c4e87dbfa0\"", \""DisplayLabelName\"" : \""\"" }]""}"
/Game/Resources/Environments/Props/AbandonedSchool/SM_Door/T_School_Door_Emission,"{""AssetImportData"": ""[{ \""RelativeFilename\"" : \""../../../../../../Users/User/Desktop/포트폴리오/Project Constellation/modeling/school_door/Meshy_AI_Double_Wooden_Doors_0602161904_texture.fbm/Image_3.jpg\"", \""Timestamp\"" : \""1780417700\"", \""FileMD5\"" : \""50ab823b395bae45e9bacdcd888a3270\"", \""DisplayLabelName\"" : \""\"" }]""}"
/Game/Resources/Environments/Props/AbandonedSchool/SM_Door/T_School_Door_Normal,"{""AssetImportData"": ""[{ \""RelativeFilename\"" : \""../../../../../../Users/User/Desktop/포트폴리오/Project Constellation/modeling/school_door/Meshy_AI_Double_Wooden_Doors_0602161904_texture.fbm/Image_2.jpg\"", \""Timestamp\"" : \""1780417700\"", \""FileMD5\"" : \""9be050f9a816273d77f2fef0c023dadd\"", \""DisplayLabelName\"" : \""\"" }]""}"
/Game/Resources/Environments/Props/AbandonedSchool/SM_Fluorescent_Light/MI_Fluorescent_Light,"{""AssetImportData"": ""[{ \""RelativeFilename\"" : \""../../../../../../Users/User/Desktop/포트폴리오/Project Constellation/modeling/fluorescent_light/Meshy_AI_Diagonal_Fluorescent__0630190430_texture.fbx\"", \""Timestamp\"" : \""1782846271\"", \""FileMD5\"" : \""3f8980894e40ed74a10a556908b7e982\"", \""DisplayLabelName\"" : \""\"" }]""}"
/Game/Resources/Environments/Props/AbandonedSchool/SM_Fluorescent_Light/SM_Fluorescent_Light,"{""AssetImportData"": ""[{ \""RelativeFilename\"" : \""../../../../../../Users/User/Desktop/포트폴리오/Project Constellation/modeling/fluorescent_light/Meshy_AI_Diagonal_Fluorescent__0630190430_texture.fbx\"", \""Timestamp\"" : \""1782846271\"", \""FileMD5\"" : \""3f8980894e40ed74a10a556908b7e982\"", \""DisplayLabelName\"" : \""\"" }]""}"
/Game/Resources/Environments/Props/AbandonedSchool/SM_Fluorescent_Light/T_Fluorescent_Light,"{""AssetImportData"": ""[{ \""RelativeFilename\"" : \""../../../../../../Users/User/Desktop/포트폴리오/Project Constellation/modeling/fluorescent_light/Meshy_AI_Diagonal_Fluorescent__0630190430_texture.fbm/Image_0.jpg\"", \""Timestamp\"" : \""1782846467\"", \""FileMD5\"" : \""e3f322f3d29de48b7331e2600269d29c\"", \""DisplayLabelName\"" : \""\"" }]""}"
/Game/Resources/Environments/Props/AbandonedSchool/SM_Fluorescent_Light/T_Fluorescent_Light_Emission,"{""AssetImportData"": ""[{ \""RelativeFilename\"" : \""../../../../../../Users/User/Desktop/포트폴리오/Project Constellation/modeling/fluorescent_light/Meshy_AI_Diagonal_Fluorescent__0630190430_texture.fbm/Image_3.jpg\"", \""Timestamp\"" : \""1782846467\"", \""FileMD5\"" : \""4ccea8345b9bc38fb3141db29a4f192a\"", \""DisplayLabelName\"" : \""\"" }]""}"
/Game/Resources/Environments/Props/AbandonedSchool/SM_Fluorescent_Light/T_Fluorescent_Light_Normal,"{""AssetImportData"": ""[{ \""RelativeFilename\"" : \""../../../../../../Users/User/Desktop/포트폴리오/Project Constellation/modeling/fluorescent_light/Meshy_AI_Diagonal_Fluorescent__0630190430_texture.fbm/Image_2.jpg\"", \""Timestamp\"" : \""1782846467\"", \""FileMD5\"" : \""d9808e17d58ffcb32f72af949b01faf5\"", \""DisplayLabelName\"" : \""\"" }]""}"
/Game/Resources/Environments/Props/AbandonedSchool/SM_Gate/MI_SM_Gate,"{""AssetImportData"": ""[{ \""RelativeFilename\"" : \""../../../../../../Users/User/Desktop/포트폴리오/Project Constellation/modeling/star_object/Star_Object.fbx\"", \""Timestamp\"" : \""1779816738\"", \""FileMD5\"" : \""7881320732ecb44bf80e0820c43e8a1c\"", \""DisplayLabelName\"" : \""\"" }]""}"
/Game/Resources/Environments/Props/AbandonedSchool/SM_Gate/SM_Gate,"{""AssetImportData"": ""[{ \""RelativeFilename\"" : \""../../../../../../Users/User/Desktop/포트폴리오/Project Constellation/modeling/star_object/Star_Object.fbx\"", \""Timestamp\"" : \""1779816738\"", \""FileMD5\"" : \""7881320732ecb44bf80e0820c43e8a1c\"", \""DisplayLabelName\"" : \""\"" }]""}"
/Game/Resources/Environments/Props/AbandonedSchool/SM_Gate/T_SM_Gate,"{""AssetImportData"": ""[{ \""RelativeFilename\"" : \""../../../../../../Users/User/Desktop/포트폴리오/Project Constellation/modeling/star_object/Star_Object.fbm/Image_0.jpg\"", \""Timestamp\"" : \""1779816846\"", \""FileMD5\"" : \""a33489e932e8cd799ed7da9ad9927b43\"", \""DisplayLabelName\"" : \""\"" }]""}"
/Game/Resources/Environments/Props/AbandonedSchool/SM_Gate/T_SM_Gate_Emission,"{""AssetImportData"": ""[{ \""RelativeFilename\"" : \""../../../../../../Users/User/Desktop/포트폴리오/Project Constellation/modeling/star_object/Star_Object.fbm/Image_3.jpg\"", \""Timestamp\"" : \""1779816846\"", \""FileMD5\"" : \""b758da71fb1f10402ccc45b8b7ca3ec4\"", \""DisplayLabelName\"" : \""\"" }]""}"
/Game/Resources/Environments/Props/AbandonedSchool/SM_Gate/T_SM_Gate_Normal,"{""AssetImportData"": ""[{ \""RelativeFilename\"" : \""../../../../../../Users/User/Desktop/포트폴리오/Project Constellation/modeling/star_object/Star_Object.fbm/Image_2.jpg\"", \""Timestamp\"" : \""1779816846\"", \""FileMD5\"" : \""1a77386db8eff471b2511e03eb697004\"", \""DisplayLabelName\"" : \""\"" }]""}"
/Game/Resources/Environments/Props/AbandonedSchool/SM_Grand_Piano/MI_Grand_Piano,"{""AssetImportData"": ""[{ \""RelativeFilename\"" : \""../../../../../../Users/User/Desktop/포트폴리오/Project Constellation/modeling/grand_piano/Meshy_AI_Elegance_in_Ebony_0607181658_texture.fbx\"", \""Timestamp\"" : \""1780856223\"", \""FileMD5\"" : \""36aa5610a383b6dbbfb7f62c9634c93e\"", \""DisplayLabelName\"" : \""\"" }]""}"
/Game/Resources/Environments/Props/AbandonedSchool/SM_Grand_Piano/SM_Grand_Piano,"{""AssetImportData"": ""[{ \""RelativeFilename\"" : \""../../../../../../Users/User/Desktop/포트폴리오/Project Constellation/modeling/grand_piano/Meshy_AI_Elegance_in_Ebony_0607181658_texture.fbx\"", \""Timestamp\"" : \""1780856223\"", \""FileMD5\"" : \""36aa5610a383b6dbbfb7f62c9634c93e\"", \""DisplayLabelName\"" : \""\"" }]""}"
/Game/Resources/Environments/Props/AbandonedSchool/SM_Grand_Piano/T_Grand_Piano,"{""AssetImportData"": ""[{ \""RelativeFilename\"" : \""../../../../../../Users/User/Desktop/포트폴리오/Project Constellation/modeling/grand_piano/Meshy_AI_Elegance_in_Ebony_0607181658_texture.fbm/Image_0.jpg\"", \""Timestamp\"" : \""1780935687\"", \""FileMD5\"" : \""27637d0d87fb598959d353947b576304\"", \""DisplayLabelName\"" : \""\"" }]""}"
/Game/Resources/Environments/Props/AbandonedSchool/SM_Grand_Piano/T_Grand_Piano_Emission,"{""AssetImportData"": ""[{ \""RelativeFilename\"" : \""../../../../../../Users/User/Desktop/포트폴리오/Project Constellation/modeling/grand_piano/Meshy_AI_Elegance_in_Ebony_0607181658_texture.fbm/Image_3.jpg\"", \""Timestamp\"" : \""1780935687\"", \""FileMD5\"" : \""2ae204d4081307d2f5f1f670ef84399b\"", \""DisplayLabelName\"" : \""\"" }]""}"
/Game/Resources/Environments/Props/AbandonedSchool/SM_Grand_Piano/T_Grand_Piano_Normal,"{""AssetImportData"": ""[{ \""RelativeFilename\"" : \""../../../../../../Users/User/Desktop/포트폴리오/Project Constellation/modeling/grand_piano/Meshy_AI_Elegance_in_Ebony_0607181658_texture.fbm/Image_2.jpg\"", \""Timestamp\"" : \""1780935687\"", \""FileMD5\"" : \""84c9fda666ae15b077c16b12c658c172\"", \""DisplayLabelName\"" : \""\"" }]""}"
/Game/Resources/Environments/Props/AbandonedSchool/SM_Gym_Stand/MI_Gym_Stand,"{""AssetImportData"": ""[{ \""RelativeFilename\"" : \""../../../../../../Users/User/Desktop/포트폴리오/Project Constellation/modeling/gym_stand/Meshy_AI_Blue_stadium_bleacher_0608161402_texture.fbx\"", \""Timestamp\"" : \""1780935248\"", \""FileMD5\"" : \""7a8289bb13014e1aae0b6e467395e447\"", \""DisplayLabelName\"" : \""\"" }]""}"
/Game/Resources/Environments/Props/AbandonedSchool/SM_Gym_Stand/SM_Gym_Stand,"{""AssetImportData"": ""[{ \""RelativeFilename\"" : \""../../../../../../Users/User/Desktop/포트폴리오/Project Constellation/modeling/gym_stand/Meshy_AI_Blue_stadium_bleacher_0608161402_texture.fbx\"", \""Timestamp\"" : \""1780935248\"", \""FileMD5\"" : \""7a8289bb13014e1aae0b6e467395e447\"", \""DisplayLabelName\"" : \""\"" }]""}"
/Game/Resources/Environments/Props/AbandonedSchool/SM_Gym_Stand/T_Gym_Stand,"{""AssetImportData"": ""[{ \""RelativeFilename\"" : \""../../../../../../Users/User/Desktop/포트폴리오/Project Constellation/modeling/gym_stand/Meshy_AI_Blue_stadium_bleacher_0608161402_texture.fbm/Image_0.jpg\"", \""Timestamp\"" : \""1780935542\"", \""FileMD5\"" : \""338d05553a3b02bf5b4edd3d9dae6ba3\"", \""DisplayLabelName\"" : \""\"" }]""}"
/Game/Resources/Environments/Props/AbandonedSchool/SM_Gym_Stand/T_Gym_Stand_Emission,"{""AssetImportData"": ""[{ \""RelativeFilename\"" : \""../../../../../../Users/User/Desktop/포트폴리오/Project Constellation/modeling/gym_stand/Meshy_AI_Blue_stadium_bleacher_0608161402_texture.fbm/Image_3.jpg\"", \""Timestamp\"" : \""1780935542\"", \""FileMD5\"" : \""e19a6dacc6db33fc0aa5024e22e722c9\"", \""DisplayLabelName\"" : \""\"" }]""}"
/Game/Resources/Environments/Props/AbandonedSchool/SM_Gym_Stand/T_Gym_Stand_Normal,"{""AssetImportData"": ""[{ \""RelativeFilename\"" : \""../../../../../../Users/User/Desktop/포트폴리오/Project Constellation/modeling/gym_stand/Meshy_AI_Blue_stadium_bleacher_0608161402_texture.fbm/Image_2.jpg\"", \""Timestamp\"" : \""1780935542\"", \""FileMD5\"" : \""cf7a8d2c6fe40d4fbffbd55340646adf\"", \""DisplayLabelName\"" : \""\"" }]""}"
/Game/Resources/Environments/Props/AbandonedSchool/SM_Lecture_Desk/MI_Lecture_Desk,"{""AssetImportData"": ""[{ \""RelativeFilename\"" : \""../../../../../../Users/User/Desktop/포트폴리오/Project Constellation/modeling/lecture_desk/Meshy_AI_Wooden_desk_with_uppe_0530082436_texture.fbx\"", \""Timestamp\"" : \""1780129480\"", \""FileMD5\"" : \""6095916c22baee909d363a06a76bffbe\"", \""DisplayLabelName\"" : \""\"" }]""}"
/Game/Resources/Environments/Props/AbandonedSchool/SM_Lecture_Desk/SM_Lecture_Desk,"{""AssetImportData"": ""[{ \""RelativeFilename\"" : \""../../../../../../Users/User/Desktop/포트폴리오/Project Constellation/modeling/lecture_desk/Meshy_AI_Wooden_desk_with_uppe_0530082436_texture.fbx\"", \""Timestamp\"" : \""1780129480\"", \""FileMD5\"" : \""6095916c22baee909d363a06a76bffbe\"", \""DisplayLabelName\"" : \""\"" }]""}"
/Game/Resources/Environments/Props/AbandonedSchool/SM_Lecture_Desk/T_Lecture_Desk,"{""AssetImportData"": ""[{ \""RelativeFilename\"" : \""../../../../../../Users/User/Desktop/포트폴리오/Project Constellation/modeling/lecture_desk/Meshy_AI_Wooden_desk_with_uppe_0530082436_texture.fbm/Image_0.jpg\"", \""Timestamp\"" : \""1780131759\"", \""FileMD5\"" : \""cb158f874894bcd4efef56c6ccfc0546\"", \""DisplayLabelName\"" : \""\"" }]""}"
/Game/Resources/Environments/Props/AbandonedSchool/SM_Lecture_Desk/T_Lecture_Desk_Emission,"{""AssetImportData"": ""[{ \""RelativeFilename\"" : \""../../../../../../Users/User/Desktop/포트폴리오/Project Constellation/modeling/lecture_desk/Meshy_AI_Wooden_desk_with_uppe_0530082436_texture.fbm/Image_3.jpg\"", \""Timestamp\"" : \""1780131759\"", \""FileMD5\"" : \""e21628386da184ef89155a71e1cf8823\"", \""DisplayLabelName\"" : \""\"" }]""}"
/Game/Resources/Environments/Props/AbandonedSchool/SM_Lecture_Desk/T_Lecture_Desk_Normal,"{""AssetImportData"": ""[{ \""RelativeFilename\"" : \""../../../../../../Users/User/Desktop/포트폴리오/Project Constellation/modeling/lecture_desk/Meshy_AI_Wooden_desk_with_uppe_0530082436_texture.fbm/Image_2.jpg\"", \""Timestamp\"" : \""1780131759\"", \""FileMD5\"" : \""6eb665763b7d5b941831eb781e66241f\"", \""DisplayLabelName\"" : \""\"" }]""}"
/Game/Resources/Environments/Props/AbandonedSchool/SM_Locker/MI_Rusty_Teal_Locker,"{""AssetImportData"": ""[{ \""RelativeFilename\"" : \""../../../../../../Users/User/Downloads/Meshy_AI_Rusty_Teal_Locker_0525170753_texture_fbx/Meshy_AI_Rusty_Teal_Locker_0525170753_texture_fbx/Meshy_AI_Rusty_Teal_Locker_0525170753_texture.fbx\"", \""Timestamp\"" : \""1779728874\"", \""FileMD5\"" : \""2b798504dcc90d3657a7020ccc9e50f9\"", \""DisplayLabelName\"" : \""\"" }]""}"
/Game/Resources/Environments/Props/AbandonedSchool/SM_Locker/SM_Locker,"{""AssetImportData"": ""[{ \""RelativeFilename\"" : \""../../../../../../Users/User/Downloads/Meshy_AI_Rusty_Teal_Locker_0525170753_texture_fbx/Meshy_AI_Rusty_Teal_Locker_0525170753_texture_fbx/Meshy_AI_Rusty_Teal_Locker_0525170753_texture.fbx\"", \""Timestamp\"" : \""1779728874\"", \""FileMD5\"" : \""2b798504dcc90d3657a7020ccc9e50f9\"", \""DisplayLabelName\"" : \""\"" }]""}"
/Game/Resources/Environments/Props/AbandonedSchool/SM_Locker/SM_Locker_Body,"{""AssetImportData"": ""[{ \""RelativeFilename\"" : \""../../../../../../Users/User/Downloads/Meshy_AI_Rusty_Teal_Locker_0525170753_texture_fbx/Meshy_AI_Rusty_Teal_Locker_0525170753_texture_fbx/Meshy_AI_Rusty_Teal_Locker_0525170753_texture.fbx\"", \""Timestamp\"" : \""1779728874\"", \""FileMD5\"" : \""2b798504dcc90d3657a7020ccc9e50f9\"", \""DisplayLabelName\"" : \""\"" }]""}"
/Game/Resources/Environments/Props/AbandonedSchool/SM_Locker/SM_Locker_Door,"{""AssetImportData"": ""[]""}"
/Game/Resources/Environments/Props/AbandonedSchool/SM_Locker/T_Rusty_Teal_Locker,"{""AssetImportData"": ""[{ \""RelativeFilename\"" : \""../../../../../../Users/User/Downloads/Meshy_AI_Rusty_Teal_Locker_0525170753_texture_fbx/Meshy_AI_Rusty_Teal_Locker_0525170753_texture_fbx/Meshy_AI_Rusty_Teal_Locker_0525170753_texture.fbm/Image_0.jpg\"", \""Timestamp\"" : \""1779730371\"", \""FileMD5\"" : \""1e7b37b7e2178586c0e0a6c2b894972b\"", \""DisplayLabelName\"" : \""\"" }]""}"
/Game/Resources/Environments/Props/AbandonedSchool/SM_Locker/T_Rusty_Teal_Locker_Emission,"{""AssetImportData"": ""[{ \""RelativeFilename\"" : \""../../../../../../Users/User/Downloads/Meshy_AI_Rusty_Teal_Locker_0525170753_texture_fbx/Meshy_AI_Rusty_Teal_Locker_0525170753_texture_fbx/Meshy_AI_Rusty_Teal_Locker_0525170753_texture.fbm/Image_3.jpg\"", \""Timestamp\"" : \""1779730371\"", \""FileMD5\"" : \""40f027724d17fc9f1a327fd85727bd62\"", \""DisplayLabelName\"" : \""\"" }]""}"
/Game/Resources/Environments/Props/AbandonedSchool/SM_Locker/T_Rusty_Teal_Locker_Normal,"{""AssetImportData"": ""[{ \""RelativeFilename\"" : \""../../../../../../Users/User/Downloads/Meshy_AI_Rusty_Teal_Locker_0525170753_texture_fbx/Meshy_AI_Rusty_Teal_Locker_0525170753_texture_fbx/Meshy_AI_Rusty_Teal_Locker_0525170753_texture.fbm/Image_2.jpg\"", \""Timestamp\"" : \""1779730371\"", \""FileMD5\"" : \""6c690d6447747bfd47002709566d5216\"", \""DisplayLabelName\"" : \""\"" }]""}"
/Game/Resources/Environments/Props/AbandonedSchool/SM_Mirror/MI_Mirror,"{""AssetImportData"": ""[{ \""RelativeFilename\"" : \""../../../../../../Users/User/Desktop/포트폴리오/Project Constellation/modeling/mirror/Meshy_AI_Pill_shaped_mirror_0630190853_texture.fbx\"", \""Timestamp\"" : \""1782846533\"", \""FileMD5\"" : \""2cd4ea8934a33e156e90e85c83eb9fd2\"", \""DisplayLabelName\"" : \""\"" }]""}"
/Game/Resources/Environments/Props/AbandonedSchool/SM_Mirror/SM_Mirror,"{""AssetImportData"": ""[{ \""RelativeFilename\"" : \""../../../../../../Users/User/Desktop/포트폴리오/Project Constellation/modeling/mirror/Meshy_AI_Pill_shaped_mirror_0630190853_texture.fbx\"", \""Timestamp\"" : \""1782846533\"", \""FileMD5\"" : \""2cd4ea8934a33e156e90e85c83eb9fd2\"", \""DisplayLabelName\"" : \""\"" }]""}"
/Game/Resources/Environments/Props/AbandonedSchool/SM_Mirror/T_Mirror,"{""AssetImportData"": ""[{ \""RelativeFilename\"" : \""../../../../../../Users/User/Desktop/포트폴리오/Project Constellation/modeling/mirror/Meshy_AI_Pill_shaped_mirror_0630190853_texture.fbm/Image_0.jpg\"", \""Timestamp\"" : \""1782846609\"", \""FileMD5\"" : \""157d49f7b8f745c5094d4c21cd2177a2\"", \""DisplayLabelName\"" : \""\"" }]""}"
/Game/Resources/Environments/Props/AbandonedSchool/SM_Mirror/T_Mirror_Emission,"{""AssetImportData"": ""[{ \""RelativeFilename\"" : \""../../../../../../Users/User/Desktop/포트폴리오/Project Constellation/modeling/mirror/Meshy_AI_Pill_shaped_mirror_0630190853_texture.fbm/Image_3.jpg\"", \""Timestamp\"" : \""1782846609\"", \""FileMD5\"" : \""2e1909ad2702a8e6a1fb59641fee4484\"", \""DisplayLabelName\"" : \""\"" }]""}"
/Game/Resources/Environments/Props/AbandonedSchool/SM_Mirror/T_Mirror_Normal,"{""AssetImportData"": ""[{ \""RelativeFilename\"" : \""../../../../../../Users/User/Desktop/포트폴리오/Project Constellation/modeling/mirror/Meshy_AI_Pill_shaped_mirror_0630190853_texture.fbm/Image_2.jpg\"", \""Timestamp\"" : \""1782846609\"", \""FileMD5\"" : \""4b4a3f6c918e3484627f3365753fe2bd\"", \""DisplayLabelName\"" : \""\"" }]""}"
/Game/Resources/Environments/Props/AbandonedSchool/SM_School_Girl_Statue/SM_School_Girl_Statue,"{""AssetImportData"": ""[{ \""RelativeFilename\"" : \""../../../../../../Users/User/Desktop/포트폴리오/Project Constellation/modeling/school_girl_statue/school_girl_statue.fbx\"", \""Timestamp\"" : \""1783435804\"", \""FileMD5\"" : \""00da2c197b7e16b7be3bcf4b6c38e5e7\"", \""DisplayLabelName\"" : \""\"" }]""}"
/Game/Resources/Environments/Props/AbandonedSchool/SM_School_Girl_Statue/T_School_Girl_Statue,"{""AssetImportData"": ""[{ \""RelativeFilename\"" : \""../../../../../../Users/User/Desktop/포트폴리오/Project Constellation/modeling/school_girl_statue/school_girl_statue/tripo_node_9bcf5191-7325-4f3b-b496-8e14fcb8ab62_BaseColor.jpg\"", \""Timestamp\"" : \""1783435804\"", \""FileMD5\"" : \""e14b4ccdbacc99812051ba33f4ed9a67\"", \""DisplayLabelName\"" : \""\"" }]""}"
/Game/Resources/Environments/Props/AbandonedSchool/SM_School_Girl_Statue/T_School_Girl_Statue_Metalic,"{""AssetImportData"": ""[{ \""RelativeFilename\"" : \""../../../../../../Users/User/Desktop/포트폴리오/Project Constellation/modeling/school_girl_statue/school_girl_statue/anime_girl_3d_model_metallic.JPEG\"", \""Timestamp\"" : \""1783435804\"", \""FileMD5\"" : \""f2041c02e3db85bde348af7e4dd3f2fe\"", \""DisplayLabelName\"" : \""\"" }]""}"
/Game/Resources/Environments/Props/AbandonedSchool/SM_School_Girl_Statue/T_School_Girl_Statue_Normal,"{""AssetImportData"": ""[{ \""RelativeFilename\"" : \""../../../../../../Users/User/Desktop/포트폴리오/Project Constellation/modeling/school_girl_statue/school_girl_statue/tripo_node_9bcf5191-7325-4f3b-b496-8e14fcb8ab62_Normal_Bake.jpg\"", \""Timestamp\"" : \""1783435804\"", \""FileMD5\"" : \""d27fe812d054175ad2fc7633e3e33fbf\"", \""DisplayLabelName\"" : \""\"" }]""}"
/Game/Resources/Environments/Props/AbandonedSchool/SM_School_Girl_Statue/T_School_Girl_Statue_Roughness,"{""AssetImportData"": ""[{ \""RelativeFilename\"" : \""../../../../../../Users/User/Desktop/포트폴리오/Project Constellation/modeling/school_girl_statue/school_girl_statue/anime_girl_3d_model_roughness.JPEG\"", \""Timestamp\"" : \""1783435804\"", \""FileMD5\"" : \""3603f0474c1acb0fbf9a7b161756480d\"", \""DisplayLabelName\"" : \""\"" }]""}"
/Game/Resources/Environments/Props/AbandonedSchool/SM_SkeletonStack/SM_Skeleton_Stack,"{""AssetImportData"": ""[]""}"
/Game/Resources/Environments/Props/AbandonedSchool/SM_Stalactite/MI_Stalactite,"{""AssetImportData"": ""[{ \""RelativeFilename\"" : \""../../../../../../Users/User/Desktop/포트폴리오/Project Constellation/modeling/stalactite/Meshy_AI_Melting_Monoliths_0630191921_texture.fbx\"", \""Timestamp\"" : \""1782847165\"", \""FileMD5\"" : \""8949d191a06e305844a516b4c2e62ec7\"", \""DisplayLabelName\"" : \""\"" }]""}"
/Game/Resources/Environments/Props/AbandonedSchool/SM_Stalactite/SM_Stalactite,"{""AssetImportData"": ""[{ \""RelativeFilename\"" : \""../../../../../../Users/User/Desktop/포트폴리오/Project Constellation/modeling/stalactite/Meshy_AI_Melting_Monoliths_0630191921_texture.fbx\"", \""Timestamp\"" : \""1782847165\"", \""FileMD5\"" : \""8949d191a06e305844a516b4c2e62ec7\"", \""DisplayLabelName\"" : \""\"" }]""}"
/Game/Resources/Environments/Props/AbandonedSchool/SM_Stalactite/T_Stalactite,"{""AssetImportData"": ""[{ \""RelativeFilename\"" : \""../../../../../../Users/User/Desktop/포트폴리오/Project Constellation/modeling/stalactite/Meshy_AI_Melting_Monoliths_0630191921_texture.fbm/Image_0.jpg\"", \""Timestamp\"" : \""1782847276\"", \""FileMD5\"" : \""3471cf51deb6c972f45f03ac20094364\"", \""DisplayLabelName\"" : \""\"" }]""}"
/Game/Resources/Environments/Props/AbandonedSchool/SM_Stalactite/T_Stalactite_Emission,"{""AssetImportData"": ""[{ \""RelativeFilename\"" : \""../../../../../../Users/User/Desktop/포트폴리오/Project Constellation/modeling/stalactite/Meshy_AI_Melting_Monoliths_0630191921_texture.fbm/Image_3.jpg\"", \""Timestamp\"" : \""1782847276\"", \""FileMD5\"" : \""fd94d7dbbfd019d21670f007f56c29dc\"", \""DisplayLabelName\"" : \""\"" }]""}"
/Game/Resources/Environments/Props/AbandonedSchool/SM_Stalactite/T_Stalactite_Normal,"{""AssetImportData"": ""[{ \""RelativeFilename\"" : \""../../../../../../Users/User/Desktop/포트폴리오/Project Constellation/modeling/stalactite/Meshy_AI_Melting_Monoliths_0630191921_texture.fbm/Image_2.jpg\"", \""Timestamp\"" : \""1782847276\"", \""FileMD5\"" : \""f3a7e021d9acfdb39e1e77b5469996a4\"", \""DisplayLabelName\"" : \""\"" }]""}"
/Game/Resources/Environments/Props/AbandonedSchool/SM_Sword_Stuck_At_Ground/MI_Sword_Stuck_At_Ground,"{""AssetImportData"": ""[{ \""RelativeFilename\"" : \""../../../../../../Users/User/Desktop/포트폴리오/Project Constellation/modeling/sword_stuck_at_ground/Meshy_AI_Sword_in_the_Stone_0531130129_texture.fbx\"", \""Timestamp\"" : \""1780232489\"", \""FileMD5\"" : \""6e21a7bd01fe8c77e75720dc97e79dde\"", \""DisplayLabelName\"" : \""\"" }]""}"
/Game/Resources/Environments/Props/AbandonedSchool/SM_Sword_Stuck_At_Ground/SM_Sword_Stuck_At_Ground,"{""AssetImportData"": ""[{ \""RelativeFilename\"" : \""../../../../../../Users/User/Desktop/포트폴리오/Project Constellation/modeling/sword_stuck_at_ground/Meshy_AI_Sword_in_the_Stone_0531130129_texture.fbx\"", \""Timestamp\"" : \""1780232489\"", \""FileMD5\"" : \""6e21a7bd01fe8c77e75720dc97e79dde\"", \""DisplayLabelName\"" : \""\"" }]""}"
/Game/Resources/Environments/Props/AbandonedSchool/SM_Sword_Stuck_At_Ground/T_Sword_Stuck_At_Ground,"{""AssetImportData"": ""[{ \""RelativeFilename\"" : \""../../../../../../Users/User/Desktop/포트폴리오/Project Constellation/modeling/sword_stuck_at_ground/Meshy_AI_Sword_in_the_Stone_0531130129_texture.fbm/Image_0.jpg\"", \""Timestamp\"" : \""1780253389\"", \""FileMD5\"" : \""e7fd79856924ddb6770273f6d3d6395f\"", \""DisplayLabelName\"" : \""\"" }]""}"
/Game/Resources/Environments/Props/AbandonedSchool/SM_Sword_Stuck_At_Ground/T_Sword_Stuck_At_Ground_Emission,"{""AssetImportData"": ""[{ \""RelativeFilename\"" : \""../../../../../../Users/User/Desktop/포트폴리오/Project Constellation/modeling/sword_stuck_at_ground/Meshy_AI_Sword_in_the_Stone_0531130129_texture.fbm/Image_3.jpg\"", \""Timestamp\"" : \""1780253389\"", \""FileMD5\"" : \""8cf758a9a020c9c415eda5c94ba75648\"", \""DisplayLabelName\"" : \""\"" }]""}"
/Game/Resources/Environments/Props/AbandonedSchool/SM_Sword_Stuck_At_Ground/T_Sword_Stuck_At_Ground_Normal,"{""AssetImportData"": ""[{ \""RelativeFilename\"" : \""../../../../../../Users/User/Desktop/포트폴리오/Project Constellation/modeling/sword_stuck_at_ground/Meshy_AI_Sword_in_the_Stone_0531130129_texture.fbm/Image_2.jpg\"", \""Timestamp\"" : \""1780253389\"", \""FileMD5\"" : \""9180aca08161fae2c8f4319f18644603\"", \""DisplayLabelName\"" : \""\"" }]""}"
/Game/Resources/Environments/Props/AbandonedSchool/SM_Window/MI_School_Window,"{""AssetImportData"": ""[{ \""RelativeFilename\"" : \""../../../../../../Users/User/Desktop/포트폴리오/Project Constellation/modeling/window/Meshy_AI_Robot_and_Stars_on_a__0530090305_texture.fbx\"", \""Timestamp\"" : \""1780131787\"", \""FileMD5\"" : \""17a2f5036fc633756f42d6ae15d9dbf0\"", \""DisplayLabelName\"" : \""\"" }]""}"
/Game/Resources/Environments/Props/AbandonedSchool/SM_Window/SM_School_Window,"{""AssetImportData"": ""[{ \""RelativeFilename\"" : \""../../../../../../Users/User/Desktop/포트폴리오/Project Constellation/modeling/window/Meshy_AI_Robot_and_Stars_on_a__0530090305_texture.fbx\"", \""Timestamp\"" : \""1780131787\"", \""FileMD5\"" : \""17a2f5036fc633756f42d6ae15d9dbf0\"", \""DisplayLabelName\"" : \""\"" }]""}"
/Game/Resources/Environments/Props/AbandonedSchool/SM_Window/T_School_Window,"{""AssetImportData"": ""[{ \""RelativeFilename\"" : \""../../../../../../Users/User/Desktop/포트폴리오/Project Constellation/modeling/window/Meshy_AI_Robot_and_Stars_on_a__0530090305_texture.fbm/Image_0.jpg\"", \""Timestamp\"" : \""1780134743\"", \""FileMD5\"" : \""c32eae9533d481a7517039f83de9958d\"", \""DisplayLabelName\"" : \""\"" }]""}"
/Game/Resources/Environments/Props/AbandonedSchool/SM_Window/T_School_Window_Emission,"{""AssetImportData"": ""[{ \""RelativeFilename\"" : \""../../../../../../Users/User/Desktop/포트폴리오/Project Constellation/modeling/window/Meshy_AI_Robot_and_Stars_on_a__0530090305_texture.fbm/Image_3.jpg\"", \""Timestamp\"" : \""1780134743\"", \""FileMD5\"" : \""718c9a274ee4e03ce610c29391c96e40\"", \""DisplayLabelName\"" : \""\"" }]""}"
/Game/Resources/Environments/Props/AbandonedSchool/SM_Window/T_School_Window_Normal,"{""AssetImportData"": ""[{ \""RelativeFilename\"" : \""../../../../../../Users/User/Desktop/포트폴리오/Project Constellation/modeling/window/Meshy_AI_Robot_and_Stars_on_a__0530090305_texture.fbm/Image_2.jpg\"", \""Timestamp\"" : \""1780134743\"", \""FileMD5\"" : \""ce5c91e102653c8b3f71a3568b98fa00\"", \""DisplayLabelName\"" : \""\"" }]""}"
/Game/Resources/Environments/Props/AbandonedSchool/Speaker/MI_Speaker,"{""AssetImportData"": ""[{ \""RelativeFilename\"" : \""../../../../../../Users/User/Desktop/포트폴리오/Project Constellation/modeling/speaker/tripo_convert_5e6d7419-4d65-47d2-b58d-8375d3c9e7ad.fbx\"", \""Timestamp\"" : \""1785248886\"", \""FileMD5\"" : \""0b82d86e308d17a68c5ee2e206f6f63b\"", \""DisplayLabelName\"" : \""\"" }]""}"
/Game/Resources/Environments/Props/AbandonedSchool/Speaker/SM_Speaker,"{""AssetImportData"": ""[{ \""RelativeFilename\"" : \""../../../../../../Users/User/Desktop/포트폴리오/Project Constellation/modeling/speaker/tripo_convert_5e6d7419-4d65-47d2-b58d-8375d3c9e7ad.fbx\"", \""Timestamp\"" : \""1785248886\"", \""FileMD5\"" : \""0b82d86e308d17a68c5ee2e206f6f63b\"", \""DisplayLabelName\"" : \""\"" }]""}"
/Game/Resources/Environments/Props/AbandonedSchool/Speaker/T_Speaker_Basecolor,"{""AssetImportData"": ""[{ \""RelativeFilename\"" : \""../../../../../../Users/User/Desktop/포트폴리오/Project Constellation/modeling/speaker/tripo_convert_5e6d7419-4d65-47d2-b58d-8375d3c9e7ad.fbm/wall_light_3d_model_basecolor.JPEG\"", \""Timestamp\"" : \""1785248886\"", \""FileMD5\"" : \""dae0a42a6f802b03018e3d730fc5e6cc\"", \""DisplayLabelName\"" : \""\"" }]""}"
/Game/Resources/Environments/Props/AbandonedSchool/Speaker/T_Speaker_Normal,"{""AssetImportData"": ""[{ \""RelativeFilename\"" : \""../../../../../../Users/User/Desktop/포트폴리오/Project Constellation/modeling/speaker/tripo_convert_5e6d7419-4d65-47d2-b58d-8375d3c9e7ad.fbm/wall_light_3d_model_normal.JPEG\"", \""Timestamp\"" : \""1785248886\"", \""FileMD5\"" : \""f621c488c97cfa1386a026f536e320ad\"", \""DisplayLabelName\"" : \""\"" }]""}"
/Game/Resources/Environments/Props/AbandonedSchool/Speaker/T_Speaker_Roughness,"{""AssetImportData"": ""[{ \""RelativeFilename\"" : \""../../../../../../Users/User/Desktop/포트폴리오/Project Constellation/modeling/speaker/tripo_convert_5e6d7419-4d65-47d2-b58d-8375d3c9e7ad.fbm/wall_light_3d_model_roughness.JPEG\"", \""Timestamp\"" : \""1785248886\"", \""FileMD5\"" : \""8da84ef9ea019e61deda1a3e13aacc6a\"", \""DisplayLabelName\"" : \""\"" }]""}"
/Game/Resources/Environments/Props/AbandonedSchool/Switch/MI_Switch,"{""AssetImportData"": ""[{ \""RelativeFilename\"" : \""../../../../../../Users/User/Desktop/포트폴리오/Project Constellation/modeling/switch/Meshy_AI_Toggle_light_switch_0719083619_texture.fbx\"", \""Timestamp\"" : \""1784450182\"", \""FileMD5\"" : \""9b5ff444566207554fc9858bfadc9984\"", \""DisplayLabelName\"" : \""\"" }]""}"
/Game/Resources/Environments/Props/AbandonedSchool/Switch/SM_Switch,"{""AssetImportData"": ""[{ \""RelativeFilename\"" : \""../../../../../../Users/User/Desktop/포트폴리오/Project Constellation/modeling/switch/Meshy_AI_Toggle_light_switch_0719083619_texture.fbx\"", \""Timestamp\"" : \""1784450182\"", \""FileMD5\"" : \""9b5ff444566207554fc9858bfadc9984\"", \""DisplayLabelName\"" : \""\"" }]""}"
/Game/Resources/Environments/Props/AbandonedSchool/Switch/T_Switch_Basecolor,"{""AssetImportData"": ""[{ \""RelativeFilename\"" : \""../../../../../../Users/User/Desktop/포트폴리오/Project Constellation/modeling/switch/Meshy_AI_Toggle_light_switch_0719083619_texture.fbm/Image_0.jpg\"", \""Timestamp\"" : \""1784450518\"", \""FileMD5\"" : \""27576c6505184e5ac099c542fbf8dc6d\"", \""DisplayLabelName\"" : \""\"" }]""}"
/Game/Resources/Environments/Props/AbandonedSchool/Switch/T_Switch_Emissive,"{""AssetImportData"": ""[{ \""RelativeFilename\"" : \""../../../../../../Users/User/Desktop/포트폴리오/Project Constellation/modeling/switch/Meshy_AI_Toggle_light_switch_0719083619_texture.fbm/Image_3.jpg\"", \""Timestamp\"" : \""1784450518\"", \""FileMD5\"" : \""36afa3bb9b4f833be4f4a1ec4219e838\"", \""DisplayLabelName\"" : \""\"" }]""}"
/Game/Resources/Environments/Props/AbandonedSchool/Switch/T_Switch_Normal,"{""AssetImportData"": ""[{ \""RelativeFilename\"" : \""../../../../../../Users/User/Desktop/포트폴리오/Project Constellation/modeling/switch/Meshy_AI_Toggle_light_switch_0719083619_texture.fbm/Image_2.jpg\"", \""Timestamp\"" : \""1784450518\"", \""FileMD5\"" : \""6e76b3e42bccf6a83f6bbcc7c89faafe\"", \""DisplayLabelName\"" : \""\"" }]""}"
/Game/Resources/Environments/Props/AbandonedSchool/Switch/T_Switch_Roughness,"{""AssetImportData"": ""[{ \""RelativeFilename\"" : \""../../../../../../Users/User/Desktop/포트폴리오/Project Constellation/modeling/switch/Meshy_AI_Toggle_light_switch_0719083619_texture.fbm/texture_0_roughness.png\"", \""Timestamp\"" : \""1784450518\"", \""FileMD5\"" : \""d599156f652d44bae7debd587c29cc80\"", \""DisplayLabelName\"" : \""\"" }]""}"
/Game/Resources/Environments/Props/AbandonedSchool/Trapdoor/MI_Trapdoor,"{""AssetImportData"": ""[{ \""RelativeFilename\"" : \""../../../../../../Users/User/Desktop/포트폴리오/Project Constellation/modeling/trapdoor/Meshy_AI_Cabinet_door_on_the_f_0718153636_texture.fbx\"", \""Timestamp\"" : \""1784389000\"", \""FileMD5\"" : \""adf03d3417d46372859fe1ff68978e74\"", \""DisplayLabelName\"" : \""\"" }]""}"
/Game/Resources/Environments/Props/AbandonedSchool/Trapdoor/SM_Trapdoor_Body,"{""AssetImportData"": ""[{ \""RelativeFilename\"" : \""../../../../../../Users/User/Desktop/포트폴리오/Project Constellation/modeling/trapdoor/Meshy_AI_Cabinet_door_on_the_f_0718153636_texture.fbx\"", \""Timestamp\"" : \""1784389000\"", \""FileMD5\"" : \""adf03d3417d46372859fe1ff68978e74\"", \""DisplayLabelName\"" : \""\"" }]""}"
/Game/Resources/Environments/Props/AbandonedSchool/Trapdoor/SM_Trapdoor_Door,"{""AssetImportData"": ""[{ \""RelativeFilename\"" : \""../../../../../../Users/User/Desktop/포트폴리오/Project Constellation/modeling/trapdoor/Meshy_AI_Cabinet_door_on_the_f_0718153636_texture.fbx\"", \""Timestamp\"" : \""1784389000\"", \""FileMD5\"" : \""adf03d3417d46372859fe1ff68978e74\"", \""DisplayLabelName\"" : \""\"" }]""}"
/Game/Resources/Environments/Props/AbandonedSchool/Trapdoor/T_Trapdoor_Basecolor,"{""AssetImportData"": ""[{ \""RelativeFilename\"" : \""../../../../../../Users/User/Desktop/포트폴리오/Project Constellation/modeling/trapdoor/Meshy_AI_Cabinet_door_on_the_f_0718153636_texture.fbm/Image_0.jpg\"", \""Timestamp\"" : \""1784403663\"", \""FileMD5\"" : \""b8cffc4ac3a172eb192fb836732708f1\"", \""DisplayLabelName\"" : \""\"" }]""}"
/Game/Resources/Environments/Props/AbandonedSchool/Trapdoor/T_Trapdoor_Emissive,"{""AssetImportData"": ""[{ \""RelativeFilename\"" : \""../../../../../../Users/User/Desktop/포트폴리오/Project Constellation/modeling/trapdoor/Meshy_AI_Cabinet_door_on_the_f_0718153636_texture.fbm/Image_3.jpg\"", \""Timestamp\"" : \""1784403663\"", \""FileMD5\"" : \""0ab48d4ac4f6a59328c37f986160fed3\"", \""DisplayLabelName\"" : \""\"" }]""}"
/Game/Resources/Environments/Props/AbandonedSchool/Trapdoor/T_Trapdoor_Normal,"{""AssetImportData"": ""[{ \""RelativeFilename\"" : \""../../../../../../Users/User/Desktop/포트폴리오/Project Constellation/modeling/trapdoor/Meshy_AI_Cabinet_door_on_the_f_0718153636_texture.fbm/Image_2.jpg\"", \""Timestamp\"" : \""1784403663\"", \""FileMD5\"" : \""c39a305b5608747be6bf5a8d0009ebde\"", \""DisplayLabelName\"" : \""\"" }]""}"
/Game/Resources/Environments/Props/AbandonedSchool/Trapdoor/T_Trapdoor_Roughness,"{""AssetImportData"": ""[{ \""RelativeFilename\"" : \""../../../../../../Users/User/Desktop/포트폴리오/Project Constellation/modeling/trapdoor/Meshy_AI_Cabinet_door_on_the_f_0718153636_texture.fbm/texture_0_roughness.png\"", \""Timestamp\"" : \""1784403663\"", \""FileMD5\"" : \""46e29b31621a09b2ce852a8853df1f6f\"", \""DisplayLabelName\"" : \""\"" }]""}"
/Game/Resources/Environments/Props/Common/Chest/MI_Chest,"{""AssetImportData"": ""[{ \""RelativeFilename\"" : \""../../../../../../Users/User/Desktop/포트폴리오/Project Constellation/modeling/sword_stuck_at_ground/Meshy_AI_Ancient_Wooden_Treasu_0531124438_texture.fbx\"", \""Timestamp\"" : \""1780231482\"", \""FileMD5\"" : \""433aa5d5bc2618fe1ce3a9d9b81f1439\"", \""DisplayLabelName\"" : \""\"" }]""}"
/Game/Resources/Environments/Props/Common/Chest/SM_Chest_Body,"{""AssetImportData"": ""[]""}"
/Game/Resources/Environments/Props/Common/Chest/SM_Chest_Head,"{""AssetImportData"": ""[]""}"
/Game/Resources/Environments/Props/Common/Chest/T_Chest,"{""AssetImportData"": ""[{ \""RelativeFilename\"" : \""../../../../../../Users/User/Desktop/포트폴리오/Project Constellation/modeling/sword_stuck_at_ground/Meshy_AI_Ancient_Wooden_Treasu_0531124438_texture.fbm/Image_0.jpg\"", \""Timestamp\"" : \""1780231629\"", \""FileMD5\"" : \""5a7acbdd4ce7f1c2ee6750451026dd63\"", \""DisplayLabelName\"" : \""\"" }]""}"
/Game/Resources/Environments/Props/Common/Chest/T_Chest_Emission,"{""AssetImportData"": ""[{ \""RelativeFilename\"" : \""../../../../../../Users/User/Desktop/포트폴리오/Project Constellation/modeling/sword_stuck_at_ground/Meshy_AI_Ancient_Wooden_Treasu_0531124438_texture.fbm/Image_3.jpg\"", \""Timestamp\"" : \""1780231629\"", \""FileMD5\"" : \""b5439f1210b4be2b704def1ce917c0c6\"", \""DisplayLabelName\"" : \""\"" }]""}"
/Game/Resources/Environments/Props/Common/Chest/T_Chest_Normal,"{""AssetImportData"": ""[{ \""RelativeFilename\"" : \""../../../../../../Users/User/Desktop/포트폴리오/Project Constellation/modeling/sword_stuck_at_ground/Meshy_AI_Ancient_Wooden_Treasu_0531124438_texture.fbm/Image_2.jpg\"", \""Timestamp\"" : \""1780231629\"", \""FileMD5\"" : \""c22207a0582d6844fb1c2f86d915c9d1\"", \""DisplayLabelName\"" : \""\"" }]""}"
/Game/Resources/Environments/Props/Common/Gunpowder_Barrel/MI_Gunpowder_Barrel_Gunpowder_Barrel,"{""AssetImportData"": ""[{ \""RelativeFilename\"" : \""../../../../../../Users/User/Downloads/gunpowder_barrel/Meshy_AI_Flammable_Barrel_0814180134_texture_fbx/Meshy_AI_Flammable_Barrel_0814180134_texture.fbx\"", \""Timestamp\"" : \""1786730497\"", \""FileMD5\"" : \""08e1cf91b6079a20c05095bdf5150a50\"", \""DisplayLabelName\"" : \""\"" }]""}"
/Game/Resources/Environments/Props/Common/Gunpowder_Barrel/SM_Gunpowder_Barrel,"{""AssetImportData"": ""[{ \""RelativeFilename\"" : \""../../../../../../Users/User/Downloads/gunpowder_barrel/Meshy_AI_Flammable_Barrel_0814180134_texture_fbx/Meshy_AI_Flammable_Barrel_0814180134_texture.fbx\"", \""Timestamp\"" : \""1786730497\"", \""FileMD5\"" : \""08e1cf91b6079a20c05095bdf5150a50\"", \""DisplayLabelName\"" : \""\"" }]""}"
/Game/Resources/Environments/Props/Common/Gunpowder_Barrel/T_Gunpowder_Barrel_Basecolor,"{""AssetImportData"": ""[{ \""RelativeFilename\"" : \""../../../../../../Users/User/Downloads/gunpowder_barrel/Meshy_AI_Flammable_Barrel_0814180134_texture_fbx/Meshy_AI_Flammable_Barrel_0814180134_texture.fbm/base_color.jpg\"", \""Timestamp\"" : \""1786730538\"", \""FileMD5\"" : \""873168d7ea5a040875741600ed1db52c\"", \""DisplayLabelName\"" : \""\"" }]""}"
/Game/Resources/Environments/Props/Common/Gunpowder_Barrel/T_Gunpowder_Barrel_Normal,"{""AssetImportData"": ""[{ \""RelativeFilename\"" : \""../../../../../../Users/User/Downloads/gunpowder_barrel/Meshy_AI_Flammable_Barrel_0814180134_texture_fbx/Meshy_AI_Flammable_Barrel_0814180134_texture.fbm/normal.jpg\"", \""Timestamp\"" : \""1786730538\"", \""FileMD5\"" : \""4b6dc9769022e128fcc6f2513b4af3c8\"", \""DisplayLabelName\"" : \""\"" }]""}"
/Game/Resources/Environments/Props/Common/Gunpowder_Barrel/T_Gunpowder_Barrel_Roughness,"{""AssetImportData"": ""[{ \""RelativeFilename\"" : \""../../../../../../Users/User/Downloads/gunpowder_barrel/Meshy_AI_Flammable_Barrel_0814180134_texture_fbx/Meshy_AI_Flammable_Barrel_0814180134_texture.fbm/texture_0_roughness.png\"", \""Timestamp\"" : \""1786730538\"", \""FileMD5\"" : \""f87c0caf7a2e1ebb0b42198720cafa9a\"", \""DisplayLabelName\"" : \""\"" }]""}"
/Game/Resources/Environments/Props/Common/Kiosk/MI_Kiosk,"{""AssetImportData"": ""[{ \""RelativeFilename\"" : \""../../../../../../Users/User/Desktop/Portfolio/Project Constellation/modeling/kiosk/Meshy_AI_Touchscreen_Kiosk_0811154450_texture.fbx\"", \""Timestamp\"" : \""1786463092\"", \""FileMD5\"" : \""e28b8a218f237a78332c3682097ed017\"", \""DisplayLabelName\"" : \""\"" }]""}"
/Game/Resources/Environments/Props/Common/Kiosk/SM_Kiosk,"{""AssetImportData"": ""[{ \""RelativeFilename\"" : \""../../../../../../Users/User/Desktop/Portfolio/Project Constellation/modeling/kiosk/Meshy_AI_Touchscreen_Kiosk_0811154450_texture.fbx\"", \""Timestamp\"" : \""1786463092\"", \""FileMD5\"" : \""e28b8a218f237a78332c3682097ed017\"", \""DisplayLabelName\"" : \""\"" }]""}"
/Game/Resources/Environments/Props/Common/Kiosk/T_Kiosk_Basecolor,"{""AssetImportData"": ""[{ \""RelativeFilename\"" : \""../../../../../../Users/User/Desktop/Portfolio/Project Constellation/modeling/kiosk/Meshy_AI_Touchscreen_Kiosk_0811154450_texture.fbm/base_color.jpg\"", \""Timestamp\"" : \""1786463767\"", \""FileMD5\"" : \""8bc2b88fe11acc90f76030d09c760f82\"", \""DisplayLabelName\"" : \""\"" }]""}"
/Game/Resources/Environments/Props/Common/Kiosk/T_Kiosk_Normal,"{""AssetImportData"": ""[{ \""RelativeFilename\"" : \""../../../../../../Users/User/Desktop/Portfolio/Project Constellation/modeling/kiosk/Meshy_AI_Touchscreen_Kiosk_0811154450_texture.fbm/normal.jpg\"", \""Timestamp\"" : \""1786463767\"", \""FileMD5\"" : \""9c70a78c4d83a4d7e5644524a16b06c9\"", \""DisplayLabelName\"" : \""\"" }]""}"
/Game/Resources/Environments/Props/Common/Kiosk/T_Kiosk_Roughness,"{""AssetImportData"": ""[{ \""RelativeFilename\"" : \""../../../../../../Users/User/Desktop/Portfolio/Project Constellation/modeling/kiosk/Meshy_AI_Touchscreen_Kiosk_0811154450_texture.fbm/texture_0_roughness.png\"", \""Timestamp\"" : \""1786463767\"", \""FileMD5\"" : \""1fd32926f47ee7ae467053fe77ee1d19\"", \""DisplayLabelName\"" : \""\"" }]""}"
/Game/Resources/Environments/Props/Common/Red_Brick_Wall/T_Red_Brick_Wall_Basecolor,"{""AssetImportData"": ""[{ \""RelativeFilename\"" : \""../../../../../../Users/User/Desktop/포트폴리오/Project Constellation/modeling/red_brick_wall/tripo_convert_0724f403-e360-4474-ad1c-e8a4b7984741.fbm/brick_wall_3d_model_basecolor.JPEG\"", \""Timestamp\"" : \""1784448440\"", \""FileMD5\"" : \""403d472b9d89ed0923fb5108d04f971b\"", \""DisplayLabelName\"" : \""\"" }]""}"
/Game/Resources/Environments/Props/Common/Red_Brick_Wall/T_Red_Brick_Wall_Normal,"{""AssetImportData"": ""[{ \""RelativeFilename\"" : \""../../../../../../Users/User/Desktop/포트폴리오/Project Constellation/modeling/red_brick_wall/tripo_convert_0724f403-e360-4474-ad1c-e8a4b7984741.fbm/brick_wall_3d_model_normal.JPEG\"", \""Timestamp\"" : \""1784448440\"", \""FileMD5\"" : \""78bd1df726cfb848a845ee4c9b13f04f\"", \""DisplayLabelName\"" : \""\"" }]""}"
/Game/Resources/Environments/Props/Common/Red_Brick_Wall/T_Red_Brick_Wall_Roughness,"{""AssetImportData"": ""[{ \""RelativeFilename\"" : \""../../../../../../Users/User/Desktop/포트폴리오/Project Constellation/modeling/red_brick_wall/tripo_convert_0724f403-e360-4474-ad1c-e8a4b7984741.fbm/brick_wall_3d_model_roughness.JPEG\"", \""Timestamp\"" : \""1784448440\"", \""FileMD5\"" : \""c5785aa05b4ffe25458677117daab8a3\"", \""DisplayLabelName\"" : \""\"" }]""}"
/Game/Resources/Environments/Props/Common/Red_Button/MI_Red_Button,"{""AssetImportData"": ""[{ \""RelativeFilename\"" : \""../../../../../../Users/User/Desktop/포트폴리오/Project Constellation/modeling/red_button/tripo_convert_dad335d2-fc8b-4912-8ed1-59d50042dfd7.fbx\"", \""Timestamp\"" : \""1784447758\"", \""FileMD5\"" : \""f716a924671b87a0f36329e7423f0f96\"", \""DisplayLabelName\"" : \""\"" }]""}"
/Game/Resources/Environments/Props/Common/Red_Button/SM_Red_Button,"{""AssetImportData"": ""[{ \""RelativeFilename\"" : \""../../../../../../Users/User/Desktop/포트폴리오/Project Constellation/modeling/red_button/tripo_convert_dad335d2-fc8b-4912-8ed1-59d50042dfd7.fbx\"", \""Timestamp\"" : \""1784447758\"", \""FileMD5\"" : \""f716a924671b87a0f36329e7423f0f96\"", \""DisplayLabelName\"" : \""\"" }]""}"
/Game/Resources/Environments/Props/Common/Red_Button/T_Red_Button_Basecolor,"{""AssetImportData"": ""[{ \""RelativeFilename\"" : \""../../../../../../Users/User/Desktop/포트폴리오/Project Constellation/modeling/red_button/tripo_convert_dad335d2-fc8b-4912-8ed1-59d50042dfd7.fbm/red_push_button_3d_model_basecolor.JPEG\"", \""Timestamp\"" : \""1784447758\"", \""FileMD5\"" : \""7ad9b314d902d2e29c07d32352b06656\"", \""DisplayLabelName\"" : \""\"" }]""}"
/Game/Resources/Environments/Props/Common/Red_Button/T_Red_Button_Normal,"{""AssetImportData"": ""[{ \""RelativeFilename\"" : \""../../../../../../Users/User/Desktop/포트폴리오/Project Constellation/modeling/red_button/tripo_convert_dad335d2-fc8b-4912-8ed1-59d50042dfd7.fbm/red_push_button_3d_model_normal.JPEG\"", \""Timestamp\"" : \""1784447758\"", \""FileMD5\"" : \""9fc8ee2b0814250f2e15a034a518cb85\"", \""DisplayLabelName\"" : \""\"" }]""}"
/Game/Resources/Environments/Props/Common/Red_Button/T_Red_Button_Roughness,"{""AssetImportData"": ""[{ \""RelativeFilename\"" : \""../../../../../../Users/User/Desktop/포트폴리오/Project Constellation/modeling/red_button/tripo_convert_dad335d2-fc8b-4912-8ed1-59d50042dfd7.fbm/red_push_button_3d_model_roughness.JPEG\"", \""Timestamp\"" : \""1784447758\"", \""FileMD5\"" : \""25f7939c623a5ef2bf00fdcbba082340\"", \""DisplayLabelName\"" : \""\"" }]""}"
/Game/Resources/Environments/Props/Common/SM_BattleGate/Mi_BattleGate_Wall,"{""AssetImportData"": ""[{ \""RelativeFilename\"" : \""../../../../../../Users/User/Desktop/포트폴리오/Project Constellation/modeling/glass/Meshy_AI_Frameless_Glass_Panel_0613194902_texture.fbx\"", \""Timestamp\"" : \""1781380142\"", \""FileMD5\"" : \""a93bbc4d6ec784cbeb530cf061010b1d\"", \""DisplayLabelName\"" : \""\"" }]""}"
/Game/Resources/Environments/Props/Common/SM_BattleGate/SM_BattleGate_Wall,"{""AssetImportData"": ""[{ \""RelativeFilename\"" : \""../../../../../../Users/User/Downloads/Free 3D Modular Game Assets For Prototyping/Free 3D Modular Game Assets For Prototyping/Pieces/cube4.fbx\"", \""Timestamp\"" : \""1656971151\"", \""FileMD5\"" : \""ec219cf8e8b8a68b368f3eb75f2ef922\"", \""DisplayLabelName\"" : \""\"" }]""}"
/Game/Resources/Environments/Props/Common/SM_Beanstalk/MI_Beanstalk,"{""AssetImportData"": ""[{ \""RelativeFilename\"" : \""../../../../../../Users/User/Desktop/포트폴리오/Project Constellation/modeling/beanstalk/Meshy_AI_Robot_and_Stars_on_a__0530120549_texture.fbx\"", \""Timestamp\"" : \""1780142752\"", \""FileMD5\"" : \""34a1109d1faf5e461770c1b9a0ce65e0\"", \""DisplayLabelName\"" : \""\"" }]""}"
/Game/Resources/Environments/Props/Common/SM_Beanstalk/SM_Beanstalk,"{""AssetImportData"": ""[{ \""RelativeFilename\"" : \""../../../../../../Users/User/Desktop/포트폴리오/Project Constellation/modeling/beanstalk/Meshy_AI_Robot_and_Stars_on_a__0530120549_texture.fbx\"", \""Timestamp\"" : \""1780142752\"", \""FileMD5\"" : \""34a1109d1faf5e461770c1b9a0ce65e0\"", \""DisplayLabelName\"" : \""\"" }]""}"
/Game/Resources/Environments/Props/Common/SM_Beanstalk/T_Beanstalk,"{""AssetImportData"": ""[{ \""RelativeFilename\"" : \""../../../../../../Users/User/Desktop/포트폴리오/Project Constellation/modeling/beanstalk/Meshy_AI_Robot_and_Stars_on_a__0530120549_texture.fbm/Image_0.jpg\"", \""Timestamp\"" : \""1780143417\"", \""FileMD5\"" : \""4e2742f37757c628b82e8383268cc330\"", \""DisplayLabelName\"" : \""\"" }]""}"
/Game/Resources/Environments/Props/Common/SM_Beanstalk/T_Beanstalk_Emission,"{""AssetImportData"": ""[{ \""RelativeFilename\"" : \""../../../../../../Users/User/Desktop/포트폴리오/Project Constellation/modeling/beanstalk/Meshy_AI_Robot_and_Stars_on_a__0530120549_texture.fbm/Image_3.jpg\"", \""Timestamp\"" : \""1780143417\"", \""FileMD5\"" : \""05eb7130d3f27900bbef18f78d67489c\"", \""DisplayLabelName\"" : \""\"" }]""}"
/Game/Resources/Environments/Props/Common/SM_Beanstalk/T_Beanstalk_Normal,"{""AssetImportData"": ""[{ \""RelativeFilename\"" : \""../../../../../../Users/User/Desktop/포트폴리오/Project Constellation/modeling/beanstalk/Meshy_AI_Robot_and_Stars_on_a__0530120549_texture.fbm/Image_2.jpg\"", \""Timestamp\"" : \""1780143417\"", \""FileMD5\"" : \""7ea96a557144069b003c4a0c58497930\"", \""DisplayLabelName\"" : \""\"" }]""}"
/Game/Resources/Environments/Props/Common/SM_Book/MI_Book,"{""AssetImportData"": ""[{ \""RelativeFilename\"" : \""../../../../../../Users/User/Desktop/포트폴리오/Project Constellation/modeling/book/Meshy_AI_Pastel_Open_Notebook_0620180310_texture.fbx\"", \""Timestamp\"" : \""1781978592\"", \""FileMD5\"" : \""9d6a62bbb44b677fa208df9218f60f75\"", \""DisplayLabelName\"" : \""\"" }]""}"
/Game/Resources/Environments/Props/Common/SM_Book/SM_Book,"{""AssetImportData"": ""[{ \""RelativeFilename\"" : \""../../../../../../Users/User/Desktop/포트폴리오/Project Constellation/modeling/book/Meshy_AI_Pastel_Open_Notebook_0620180310_texture.fbx\"", \""Timestamp\"" : \""1781978592\"", \""FileMD5\"" : \""9d6a62bbb44b677fa208df9218f60f75\"", \""DisplayLabelName\"" : \""\"" }]""}"
/Game/Resources/Environments/Props/Common/SM_Book/T_Book,"{""AssetImportData"": ""[{ \""RelativeFilename\"" : \""../../../../../../Users/User/Desktop/포트폴리오/Project Constellation/modeling/book/Meshy_AI_Pastel_Open_Notebook_0620180310_texture.fbm/Image_0.jpg\"", \""Timestamp\"" : \""1781978624\"", \""FileMD5\"" : \""299d8ac848cb717dcbaf4a3474b1cb47\"", \""DisplayLabelName\"" : \""\"" }]""}"
/Game/Resources/Environments/Props/Common/SM_Book/T_Book_Emission,"{""AssetImportData"": ""[{ \""RelativeFilename\"" : \""../../../../../../Users/User/Desktop/포트폴리오/Project Constellation/modeling/book/Meshy_AI_Pastel_Open_Notebook_0620180310_texture.fbm/Image_3.jpg\"", \""Timestamp\"" : \""1781978624\"", \""FileMD5\"" : \""0ee726ad8b5beb76696479f4b952f6e1\"", \""DisplayLabelName\"" : \""\"" }]""}"
/Game/Resources/Environments/Props/Common/SM_Book/T_Book_Normal,"{""AssetImportData"": ""[{ \""RelativeFilename\"" : \""../../../../../../Users/User/Desktop/포트폴리오/Project Constellation/modeling/book/Meshy_AI_Pastel_Open_Notebook_0620180310_texture.fbm/Image_2.jpg\"", \""Timestamp\"" : \""1781978624\"", \""FileMD5\"" : \""969c9628b8a84080463115757959f00a\"", \""DisplayLabelName\"" : \""\"" }]""}"
/Game/Resources/Environments/Props/Common/SM_Glass/Mi_Glass,"{""AssetImportData"": ""[{ \""RelativeFilename\"" : \""../../../../../../Users/User/Desktop/포트폴리오/Project Constellation/modeling/glass/Meshy_AI_Frameless_Glass_Panel_0613194902_texture.fbx\"", \""Timestamp\"" : \""1781380142\"", \""FileMD5\"" : \""a93bbc4d6ec784cbeb530cf061010b1d\"", \""DisplayLabelName\"" : \""\"" }]""}"
/Game/Resources/Environments/Props/Common/SM_Glass/SM_Glass,"{""AssetImportData"": ""[{ \""RelativeFilename\"" : \""../../../../../../Users/User/Desktop/포트폴리오/Project Constellation/modeling/glass/Meshy_AI_Frameless_Glass_Panel_0613194902_texture.fbx\"", \""Timestamp\"" : \""1781380142\"", \""FileMD5\"" : \""a93bbc4d6ec784cbeb530cf061010b1d\"", \""DisplayLabelName\"" : \""\"" }]""}"
/Game/Resources/Environments/Props/Common/SM_Glass/T_Glass,"{""AssetImportData"": ""[{ \""RelativeFilename\"" : \""../../../../../../Users/User/Desktop/포트폴리오/Project Constellation/modeling/glass/Meshy_AI_Frameless_Glass_Panel_0613194902_texture.fbm/Image_0.jpg\"", \""Timestamp\"" : \""1781380194\"", \""FileMD5\"" : \""60d6f8cc4d6c8fc511ba1f3d1aa5d78a\"", \""DisplayLabelName\"" : \""\"" }]""}"
/Game/Resources/Environments/Props/Common/SM_Glass/T_Glass_Emission,"{""AssetImportData"": ""[{ \""RelativeFilename\"" : \""../../../../../../Users/User/Desktop/포트폴리오/Project Constellation/modeling/glass/Meshy_AI_Frameless_Glass_Panel_0613194902_texture.fbm/Image_3.jpg\"", \""Timestamp\"" : \""1781380194\"", \""FileMD5\"" : \""3fc013abb1c5640e9b31fbe2277fed41\"", \""DisplayLabelName\"" : \""\"" }]""}"
/Game/Resources/Environments/Props/Common/SM_Glass/T_Glass_Normal,"{""AssetImportData"": ""[{ \""RelativeFilename\"" : \""../../../../../../Users/User/Desktop/포트폴리오/Project Constellation/modeling/glass/Meshy_AI_Frameless_Glass_Panel_0613194902_texture.fbm/Image_2.jpg\"", \""Timestamp\"" : \""1781380194\"", \""FileMD5\"" : \""c51eed85b0e662719d847ec448c9ae24\"", \""DisplayLabelName\"" : \""\"" }]""}"
/Game/Resources/Environments/Props/Common/SM_Mushroom/MI_Mushroom,"{""AssetImportData"": ""[{ \""RelativeFilename\"" : \""../../../../../../Users/User/Desktop/포트폴리오/Project Constellation/modeling/mushroom/Meshy_AI_Golden_Mushroom_Clust_0630190906_texture.fbx\"", \""Timestamp\"" : \""1782846553\"", \""FileMD5\"" : \""e5170fab6c3bd1a9fcff8a74f74cdf43\"", \""DisplayLabelName\"" : \""\"" }]""}"
/Game/Resources/Environments/Props/Common/SM_Mushroom/SM_Mushroom,"{""AssetImportData"": ""[{ \""RelativeFilename\"" : \""../../../../../../Users/User/Desktop/포트폴리오/Project Constellation/modeling/mushroom/Meshy_AI_Golden_Mushroom_Clust_0630190906_texture.fbx\"", \""Timestamp\"" : \""1782846553\"", \""FileMD5\"" : \""e5170fab6c3bd1a9fcff8a74f74cdf43\"", \""DisplayLabelName\"" : \""\"" }]""}"
/Game/Resources/Environments/Props/Common/SM_Mushroom/T_Mushroom,"{""AssetImportData"": ""[{ \""RelativeFilename\"" : \""../../../../../../Users/User/Desktop/포트폴리오/Project Constellation/modeling/mushroom/Meshy_AI_Golden_Mushroom_Clust_0630190906_texture.fbm/Image_0.jpg\"", \""Timestamp\"" : \""1782846646\"", \""FileMD5\"" : \""062d9d3035dc3be610e5002cbd155eab\"", \""DisplayLabelName\"" : \""\"" }]""}"
/Game/Resources/Environments/Props/Common/SM_Mushroom/T_Mushroom_Emission,"{""AssetImportData"": ""[{ \""RelativeFilename\"" : \""../../../../../../Users/User/Desktop/포트폴리오/Project Constellation/modeling/mushroom/Meshy_AI_Golden_Mushroom_Clust_0630190906_texture.fbm/Image_3.jpg\"", \""Timestamp\"" : \""1782846646\"", \""FileMD5\"" : \""d45ddc7e9e9e786be22a68784d0b1567\"", \""DisplayLabelName\"" : \""\"" }]""}"
/Game/Resources/Environments/Props/Common/SM_Mushroom/T_Mushroom_Normal,"{""AssetImportData"": ""[{ \""RelativeFilename\"" : \""../../../../../../Users/User/Desktop/포트폴리오/Project Constellation/modeling/mushroom/Meshy_AI_Golden_Mushroom_Clust_0630190906_texture.fbm/Image_2.jpg\"", \""Timestamp\"" : \""1782846646\"", \""FileMD5\"" : \""477f46951cce0f04c6355d7fa289225a\"", \""DisplayLabelName\"" : \""\"" }]""}"
/Game/Resources/Environments/Props/Common/SM_Mushroom_Jump/MI_Mushroom_Jump,"{""AssetImportData"": ""[{ \""RelativeFilename\"" : \""../../../../../../Users/User/Desktop/포트폴리오/Project Constellation/modeling/mushroom_jump/Meshy_AI_Azure_Lantern_Mushroo_0702135151_texture.fbx\"", \""Timestamp\"" : \""1783000316\"", \""FileMD5\"" : \""b8f3995a2af3a7a5f38c4689c530694f\"", \""DisplayLabelName\"" : \""\"" }]""}"
/Game/Resources/Environments/Props/Common/SM_Mushroom_Jump/SM_Mushroom_Jump,"{""AssetImportData"": ""[{ \""RelativeFilename\"" : \""../../../../../../Users/User/Desktop/포트폴리오/Project Constellation/modeling/mushroom_jump/Meshy_AI_Azure_Lantern_Mushroo_0702135151_texture.fbx\"", \""Timestamp\"" : \""1783000316\"", \""FileMD5\"" : \""b8f3995a2af3a7a5f38c4689c530694f\"", \""DisplayLabelName\"" : \""\"" }]""}"
/Game/Resources/Environments/Props/Common/SM_Mushroom_Jump/T_Mushroom_Jump,"{""AssetImportData"": ""[{ \""RelativeFilename\"" : \""../../../../../../Users/User/Desktop/포트폴리오/Project Constellation/modeling/mushroom_jump/Meshy_AI_Azure_Lantern_Mushroo_0702135151_texture.fbm/Image_0.jpg\"", \""Timestamp\"" : \""1783000362\"", \""FileMD5\"" : \""2aa8eb1d208bff06bfd84a151c4f1d93\"", \""DisplayLabelName\"" : \""\"" }]""}"
/Game/Resources/Environments/Props/Common/SM_Mushroom_Jump/T_Mushroom_Jump_Emission,"{""AssetImportData"": ""[{ \""RelativeFilename\"" : \""../../../../../../Users/User/Desktop/포트폴리오/Project Constellation/modeling/mushroom_jump/Meshy_AI_Azure_Lantern_Mushroo_0702135151_texture.fbm/Image_3.jpg\"", \""Timestamp\"" : \""1783000362\"", \""FileMD5\"" : \""a2507abe169ed7feceabedd526b6fbd3\"", \""DisplayLabelName\"" : \""\"" }]""}"
/Game/Resources/Environments/Props/Common/SM_Mushroom_Jump/T_Mushroom_Jump_Normal,"{""AssetImportData"": ""[{ \""RelativeFilename\"" : \""../../../../../../Users/User/Desktop/포트폴리오/Project Constellation/modeling/mushroom_jump/Meshy_AI_Azure_Lantern_Mushroo_0702135151_texture.fbm/Image_2.jpg\"", \""Timestamp\"" : \""1783000362\"", \""FileMD5\"" : \""c0f70c756d66ed7d5acdf8c5e44c9acb\"", \""DisplayLabelName\"" : \""\"" }]""}"
/Game/Resources/Environments/Props/Common/SM_Pile_Of_Stones/MI_Pile_Of_Stones,"{""AssetImportData"": ""[{ \""RelativeFilename\"" : \""../../../../../../Users/User/Desktop/포트폴리오/Project Constellation/modeling/pile_of_stones/Meshy_AI_Rock_Stack_0531190814_texture.fbx\"", \""Timestamp\"" : \""1780254496\"", \""FileMD5\"" : \""a450e77ab51a2bfb023b2c0131ab0b54\"", \""DisplayLabelName\"" : \""\"" }]""}"
/Game/Resources/Environments/Props/Common/SM_Pile_Of_Stones/SM_Pile_Of_Stones,"{""AssetImportData"": ""[{ \""RelativeFilename\"" : \""../../../../../../Users/User/Desktop/포트폴리오/Project Constellation/modeling/pile_of_stones/Meshy_AI_Rock_Stack_0531190814_texture.fbx\"", \""Timestamp\"" : \""1780254496\"", \""FileMD5\"" : \""a450e77ab51a2bfb023b2c0131ab0b54\"", \""DisplayLabelName\"" : \""\"" }]""}"
/Game/Resources/Environments/Props/Common/SM_Pile_Of_Stones/T_Pile_Of_Stones,"{""AssetImportData"": ""[{ \""RelativeFilename\"" : \""../../../../../../Users/User/Desktop/포트폴리오/Project Constellation/modeling/pile_of_stones/Meshy_AI_Rock_Stack_0531190814_texture.fbm/Image_0.jpg\"", \""Timestamp\"" : \""1780254563\"", \""FileMD5\"" : \""d4c49e898ae56d25cd423ab3ddbc4a26\"", \""DisplayLabelName\"" : \""\"" }]""}"
/Game/Resources/Environments/Props/Common/SM_Pile_Of_Stones/T_Pile_Of_Stones_Emission,"{""AssetImportData"": ""[{ \""RelativeFilename\"" : \""../../../../../../Users/User/Desktop/포트폴리오/Project Constellation/modeling/pile_of_stones/Meshy_AI_Rock_Stack_0531190814_texture.fbm/Image_3.jpg\"", \""Timestamp\"" : \""1780254563\"", \""FileMD5\"" : \""e28418d26bda46b4c25338241873ad82\"", \""DisplayLabelName\"" : \""\"" }]""}"
/Game/Resources/Environments/Props/Common/SM_Pile_Of_Stones/T_Pile_Of_Stones_Normal,"{""AssetImportData"": ""[{ \""RelativeFilename\"" : \""../../../../../../Users/User/Desktop/포트폴리오/Project Constellation/modeling/pile_of_stones/Meshy_AI_Rock_Stack_0531190814_texture.fbm/Image_2.jpg\"", \""Timestamp\"" : \""1780254563\"", \""FileMD5\"" : \""5d1b2d5a0a1df0b66a703bc11fd7439a\"", \""DisplayLabelName\"" : \""\"" }]""}"
/Game/Resources/Environments/Props/Common/SM_PushBlock/MI_Push_Block,"{""AssetImportData"": ""[{ \""RelativeFilename\"" : \""../../../../../../Users/User/Desktop/포트폴리오/Project Constellation/modeling/push_block/Meshy_AI_Mint_Geometric_Cube_0704095336_texture.fbx\"", \""Timestamp\"" : \""1783158820\"", \""FileMD5\"" : \""ee7a21e9b6153114de772dbb978afe2a\"", \""DisplayLabelName\"" : \""\"" }]""}"
/Game/Resources/Environments/Props/Common/SM_PushBlock/SM_Push_Block,"{""AssetImportData"": ""[{ \""RelativeFilename\"" : \""../../../../../../Users/User/Desktop/포트폴리오/Project Constellation/modeling/push_block/Meshy_AI_Mint_Geometric_Cube_0704095336_texture.fbx\"", \""Timestamp\"" : \""1783158820\"", \""FileMD5\"" : \""ee7a21e9b6153114de772dbb978afe2a\"", \""DisplayLabelName\"" : \""\"" }]""}"
/Game/Resources/Environments/Props/Common/SM_PushBlock/T_Push_Block,"{""AssetImportData"": ""[{ \""RelativeFilename\"" : \""../../../../../../Users/User/Desktop/포트폴리오/Project Constellation/modeling/push_block/Meshy_AI_Mint_Geometric_Cube_0704095336_texture.fbm/Image_0.jpg\"", \""Timestamp\"" : \""1783231898\"", \""FileMD5\"" : \""3febd068fa9e0643b58a3450f536175d\"", \""DisplayLabelName\"" : \""\"" }]""}"
/Game/Resources/Environments/Props/Common/SM_PushBlock/T_Push_Block_Emission,"{""AssetImportData"": ""[{ \""RelativeFilename\"" : \""../../../../../../Users/User/Desktop/포트폴리오/Project Constellation/modeling/push_block/Meshy_AI_Mint_Geometric_Cube_0704095336_texture.fbm/Image_3.jpg\"", \""Timestamp\"" : \""1783231898\"", \""FileMD5\"" : \""36afa3bb9b4f833be4f4a1ec4219e838\"", \""DisplayLabelName\"" : \""\"" }]""}"
/Game/Resources/Environments/Props/Common/SM_PushBlock/T_Push_Block_Normal,"{""AssetImportData"": ""[{ \""RelativeFilename\"" : \""../../../../../../Users/User/Desktop/포트폴리오/Project Constellation/modeling/push_block/Meshy_AI_Mint_Geometric_Cube_0704095336_texture.fbm/Image_2.jpg\"", \""Timestamp\"" : \""1783231898\"", \""FileMD5\"" : \""65231a1a925d216f71ad3ee6fec128d1\"", \""DisplayLabelName\"" : \""\"" }]""}"
/Game/Resources/Environments/Props/Common/SM_Rope/MI_Rope,"{""AssetImportData"": ""[{ \""RelativeFilename\"" : \""../../../../../../Users/User/Desktop/포트폴리오/Project Constellation/modeling/rope/Meshy_AI_Vertical_Rope_0716162435_texture.fbx\"", \""Timestamp\"" : \""1784219078\"", \""FileMD5\"" : \""45ad1168e5ca49dffee7d590fbd3e895\"", \""DisplayLabelName\"" : \""\"" }]""}"
/Game/Resources/Environments/Props/Common/SM_Rope/SM_Rope,"{""AssetImportData"": ""[{ \""RelativeFilename\"" : \""../../../../../../Users/User/Desktop/포트폴리오/Project Constellation/modeling/rope/Meshy_AI_Vertical_Rope_0716162435_texture.fbx\"", \""Timestamp\"" : \""1784219078\"", \""FileMD5\"" : \""45ad1168e5ca49dffee7d590fbd3e895\"", \""DisplayLabelName\"" : \""\"" }]""}"
/Game/Resources/Environments/Props/Common/SM_Rope/T_Rope_BaseColor,"{""AssetImportData"": ""[{ \""RelativeFilename\"" : \""../../../../../../Users/User/Desktop/포트폴리오/Project Constellation/modeling/rope/Meshy_AI_Vertical_Rope_0716162435_texture.fbm/base_color.jpg\"", \""Timestamp\"" : \""1784219225\"", \""FileMD5\"" : \""0fb32d5ae48cba73a87865539a4351a7\"", \""DisplayLabelName\"" : \""\"" }]""}"
/Game/Resources/Environments/Props/Common/SM_Rope/T_Rope_Emissive,"{""AssetImportData"": ""[{ \""RelativeFilename\"" : \""../../../../../../Users/User/Desktop/포트폴리오/Project Constellation/modeling/rope/Meshy_AI_Vertical_Rope_0716162435_texture.fbm/emissive.jpg\"", \""Timestamp\"" : \""1784219225\"", \""FileMD5\"" : \""0f8556ae81eeceb990a1967ac8b7e596\"", \""DisplayLabelName\"" : \""\"" }]""}"
/Game/Resources/Environments/Props/Common/SM_Rope/T_Rope_Normal,"{""AssetImportData"": ""[{ \""RelativeFilename\"" : \""../../../../../../Users/User/Desktop/포트폴리오/Project Constellation/modeling/rope/Meshy_AI_Vertical_Rope_0716162435_texture.fbm/normal.jpg\"", \""Timestamp\"" : \""1784219225\"", \""FileMD5\"" : \""2b6a9db8a5058e9a2aa47153c2f91175\"", \""DisplayLabelName\"" : \""\"" }]""}"
/Game/Resources/Environments/Props/Common/SM_Rope/T_Rope_Roughness,"{""AssetImportData"": ""[{ \""RelativeFilename\"" : \""../../../../../../Users/User/Desktop/포트폴리오/Project Constellation/modeling/rope/Meshy_AI_Vertical_Rope_0716162435_texture.fbm/texture_0_roughness.png\"", \""Timestamp\"" : \""1784219225\"", \""FileMD5\"" : \""58a111b6e3c9bdad8b4fb11b20125f9a\"", \""DisplayLabelName\"" : \""\"" }]""}"
/Game/Resources/Environments/Props/Common/SM_Star_Object/MI_Star_Object,"{""AssetImportData"": ""[{ \""RelativeFilename\"" : \""../../../../../../Users/User/Desktop/포트폴리오/Project Constellation/modeling/star_object/Star_Object.fbx\"", \""Timestamp\"" : \""1779817715\"", \""FileMD5\"" : \""a0edb994ee2bfaebd87c92ef7d9daba7\"", \""DisplayLabelName\"" : \""\"" }]""}"
/Game/Resources/Environments/Props/Common/SM_Star_Object/Star_Object,"{""AssetImportData"": ""[{ \""RelativeFilename\"" : \""../../../../../../Users/User/Desktop/포트폴리오/Project Constellation/modeling/star_object/Star_Object.fbx\"", \""Timestamp\"" : \""1779817715\"", \""FileMD5\"" : \""a0edb994ee2bfaebd87c92ef7d9daba7\"", \""DisplayLabelName\"" : \""\"" }]""}"
/Game/Resources/Environments/Props/Common/SM_Star_Object/T_Star_Object,"{""AssetImportData"": ""[{ \""RelativeFilename\"" : \""../../../../../../Users/User/Desktop/포트폴리오/Project Constellation/modeling/star_object/Star_Object.fbm/Image_0.jpg\"", \""Timestamp\"" : \""1779817971\"", \""FileMD5\"" : \""ad6e2b4f027b4f158fb724ce86469b35\"", \""DisplayLabelName\"" : \""\"" }]""}"
/Game/Resources/Environments/Props/Common/SM_Star_Object/T_Star_Object_Emission,"{""AssetImportData"": ""[{ \""RelativeFilename\"" : \""../../../../../../Users/User/Desktop/포트폴리오/Project Constellation/modeling/star_object/Star_Object.fbm/Image_3.jpg\"", \""Timestamp\"" : \""1779817971\"", \""FileMD5\"" : \""1d1b91dfb9dc85fff71fe9fb0652955d\"", \""DisplayLabelName\"" : \""\"" }]""}"
/Game/Resources/Environments/Props/Common/SM_Star_Object/T_Star_Object_Normal,"{""AssetImportData"": ""[{ \""RelativeFilename\"" : \""../../../../../../Users/User/Desktop/포트폴리오/Project Constellation/modeling/star_object/Star_Object.fbm/Image_2.jpg\"", \""Timestamp\"" : \""1779817971\"", \""FileMD5\"" : \""a5ab481303b9e2d11cdae683ac3d7d97\"", \""DisplayLabelName\"" : \""\"" }]""}"
/Game/Resources/Environments/Props/Common/SM_Suzume_Door/MI_Suzume_Door,"{""AssetImportData"": ""[{ \""RelativeFilename\"" : \""../../../../../../Users/User/Desktop/포트폴리오/Project Constellation/modeling/suzume_door/Meshy_AI_Weathered_Blue_Door_w_0717094649_texture.fbx\"", \""Timestamp\"" : \""1784281615\"", \""FileMD5\"" : \""292c401a46f10efca6ee4317d2f2991a\"", \""DisplayLabelName\"" : \""\"" }]""}"
/Game/Resources/Environments/Props/Common/SM_Suzume_Door/SM_Suzume_Door,"{""AssetImportData"": ""[{ \""RelativeFilename\"" : \""../../../../../../Users/User/Desktop/포트폴리오/Project Constellation/modeling/suzume_door/Meshy_AI_Weathered_Blue_Door_w_0717094649_texture.fbx\"", \""Timestamp\"" : \""1784281615\"", \""FileMD5\"" : \""292c401a46f10efca6ee4317d2f2991a\"", \""DisplayLabelName\"" : \""\"" }]""}"
/Game/Resources/Environments/Props/Common/SM_Suzume_Door/T_Suzume_Door,"{""AssetImportData"": ""[{ \""RelativeFilename\"" : \""../../../../../../Users/User/Desktop/포트폴리오/Project Constellation/modeling/suzume_door/Meshy_AI_Weathered_Blue_Door_w_0717094649_texture.fbm/Image_0.jpg\"", \""Timestamp\"" : \""1784281675\"", \""FileMD5\"" : \""a53f9c5584e304b435c74e59695dbd27\"", \""DisplayLabelName\"" : \""\"" }]""}"
/Game/Resources/Environments/Props/Common/SM_Suzume_Door/T_Suzume_Door_Emissive,"{""AssetImportData"": ""[{ \""RelativeFilename\"" : \""../../../../../../Users/User/Desktop/포트폴리오/Project Constellation/modeling/suzume_door/Meshy_AI_Weathered_Blue_Door_w_0717094649_texture.fbm/Image_3.jpg\"", \""Timestamp\"" : \""1784281675\"", \""FileMD5\"" : \""df263fd24cb8028d8f446bcc40a8a270\"", \""DisplayLabelName\"" : \""\"" }]""}"
/Game/Resources/Environments/Props/Common/SM_Suzume_Door/T_Suzume_Door_Normal,"{""AssetImportData"": ""[{ \""RelativeFilename\"" : \""../../../../../../Users/User/Desktop/포트폴리오/Project Constellation/modeling/suzume_door/Meshy_AI_Weathered_Blue_Door_w_0717094649_texture.fbm/Image_2.jpg\"", \""Timestamp\"" : \""1784281675\"", \""FileMD5\"" : \""3352d7b81066a5b39fb4369fa7cf3ab1\"", \""DisplayLabelName\"" : \""\"" }]""}"
/Game/Resources/Environments/Props/Common/SM_Suzume_Door/T_Suzume_Door_Roughness,"{""AssetImportData"": ""[{ \""RelativeFilename\"" : \""../../../../../../Users/User/Desktop/포트폴리오/Project Constellation/modeling/suzume_door/Meshy_AI_Weathered_Blue_Door_w_0717094649_texture.fbm/texture_0_roughness.png\"", \""Timestamp\"" : \""1784281675\"", \""FileMD5\"" : \""6023effeae06533641fa46beeab3dfa2\"", \""DisplayLabelName\"" : \""\"" }]""}"
/Game/Resources/Environments/Props/Common/SM_TV/MI_TV,"{""AssetImportData"": ""[{ \""RelativeFilename\"" : \""../../../../../../Users/User/Desktop/포트폴리오/Project Constellation/modeling/tv/Meshy_AI_Vintage_CRT_Monitor_0630100341_texture.fbx\"", \""Timestamp\"" : \""1782813823\"", \""FileMD5\"" : \""b8c1c5f78375e4f202e86d1f7edc3abe\"", \""DisplayLabelName\"" : \""\"" }]""}"
/Game/Resources/Environments/Props/Common/SM_TV/SM_TV,"{""AssetImportData"": ""[{ \""RelativeFilename\"" : \""../../../../../../Users/User/Desktop/포트폴리오/Project Constellation/modeling/tv/Meshy_AI_Vintage_CRT_Monitor_0630100341_texture.fbx\"", \""Timestamp\"" : \""1782813823\"", \""FileMD5\"" : \""b8c1c5f78375e4f202e86d1f7edc3abe\"", \""DisplayLabelName\"" : \""\"" }]""}"
/Game/Resources/Environments/Props/Common/SM_TV/T_TV,"{""AssetImportData"": ""[{ \""RelativeFilename\"" : \""../../../../../../Users/User/Desktop/포트폴리오/Project Constellation/modeling/tv/Meshy_AI_Vintage_CRT_Monitor_0630100341_texture.fbm/Image_0.jpg\"", \""Timestamp\"" : \""1782814601\"", \""FileMD5\"" : \""1cf72cd2571a5f7cd93bfd868e9ba7c0\"", \""DisplayLabelName\"" : \""\"" }]""}"
/Game/Resources/Environments/Props/Common/SM_TV/T_TV_Emission,"{""AssetImportData"": ""[{ \""RelativeFilename\"" : \""../../../../../../Users/User/Desktop/포트폴리오/Project Constellation/modeling/tv/Meshy_AI_Vintage_CRT_Monitor_0630100341_texture.fbm/Image_3.jpg\"", \""Timestamp\"" : \""1782814601\"", \""FileMD5\"" : \""09b2eee614b86796339f892505a22594\"", \""DisplayLabelName\"" : \""\"" }]""}"
/Game/Resources/Environments/Props/Common/SM_TV/T_TV_Normal,"{""AssetImportData"": ""[{ \""RelativeFilename\"" : \""../../../../../../Users/User/Desktop/포트폴리오/Project Constellation/modeling/tv/Meshy_AI_Vintage_CRT_Monitor_0630100341_texture.fbm/Image_2.jpg\"", \""Timestamp\"" : \""1782814601\"", \""FileMD5\"" : \""888786ff78d98d864484fdc95586d62a\"", \""DisplayLabelName\"" : \""\"" }]""}"
/Game/Resources/Environments/Props/Common/SM_TV_Flat/MI_TV_Flat,"{""AssetImportData"": ""[{ \""RelativeFilename\"" : \""../../../../../../Users/User/Desktop/포트폴리오/Project Constellation/modeling/tv_flat/Meshy_AI_Black_Flat_Screen_Mon_0630161418_texture.fbx\"", \""Timestamp\"" : \""1782836059\"", \""FileMD5\"" : \""3efe3f4c4d5dc2c249d879bccd06d5e5\"", \""DisplayLabelName\"" : \""\"" }]""}"
/Game/Resources/Environments/Props/Common/SM_TV_Flat/SM_TV_Flat,"{""AssetImportData"": ""[{ \""RelativeFilename\"" : \""../../../../../../Users/User/Desktop/포트폴리오/Project Constellation/modeling/tv_flat/Meshy_AI_Black_Flat_Screen_Mon_0630161418_texture.fbx\"", \""Timestamp\"" : \""1782836059\"", \""FileMD5\"" : \""3efe3f4c4d5dc2c249d879bccd06d5e5\"", \""DisplayLabelName\"" : \""\"" }]""}"
/Game/Resources/Environments/Props/Common/SM_TV_Flat/T_TV_Flat,"{""AssetImportData"": ""[{ \""RelativeFilename\"" : \""../../../../../../Users/User/Desktop/포트폴리오/Project Constellation/modeling/tv_flat/Meshy_AI_Black_Flat_Screen_Mon_0630161418_texture.fbm/Image_0.jpg\"", \""Timestamp\"" : \""1782836374\"", \""FileMD5\"" : \""9f410e4f2c79d491cd98b56e08b9eb17\"", \""DisplayLabelName\"" : \""\"" }]""}"
/Game/Resources/Environments/Props/Common/SM_TV_Flat/T_TV_Flat_Emission,"{""AssetImportData"": ""[{ \""RelativeFilename\"" : \""../../../../../../Users/User/Desktop/포트폴리오/Project Constellation/modeling/tv_flat/Meshy_AI_Black_Flat_Screen_Mon_0630161418_texture.fbm/Image_3.jpg\"", \""Timestamp\"" : \""1782836374\"", \""FileMD5\"" : \""ef03637b7a518b7a6b9499a5de18f35d\"", \""DisplayLabelName\"" : \""\"" }]""}"
/Game/Resources/Environments/Props/Common/SM_TV_Flat/T_TV_Flat_Normal,"{""AssetImportData"": ""[{ \""RelativeFilename\"" : \""../../../../../../Users/User/Desktop/포트폴리오/Project Constellation/modeling/tv_flat/Meshy_AI_Black_Flat_Screen_Mon_0630161418_texture.fbm/Image_2.jpg\"", \""Timestamp\"" : \""1782836374\"", \""FileMD5\"" : \""def93af691e22b7d390a0bbdbf14cddc\"", \""DisplayLabelName\"" : \""\"" }]""}"
/Game/Resources/Environments/Props/Common/SM_Vending_Machine/MI_Vending_Machine,"{""AssetImportData"": ""[{ \""RelativeFilename\"" : \""../../../../../../Users/User/Desktop/포트폴리오/Project Constellation/modeling/vending_machine/Meshy_AI_Coca_Cola_Vending_Mac_0630150518_texture.fbx\"", \""Timestamp\"" : \""1782831929\"", \""FileMD5\"" : \""f62206216f27bf588f0241e9aca1dbb2\"", \""DisplayLabelName\"" : \""\"" }]""}"
/Game/Resources/Environments/Props/Common/SM_Vending_Machine/SM_Vending_Machine,"{""AssetImportData"": ""[{ \""RelativeFilename\"" : \""../../../../../../Users/User/Desktop/포트폴리오/Project Constellation/modeling/vending_machine/Meshy_AI_Coca_Cola_Vending_Mac_0630150518_texture.fbx\"", \""Timestamp\"" : \""1782831929\"", \""FileMD5\"" : \""f62206216f27bf588f0241e9aca1dbb2\"", \""DisplayLabelName\"" : \""\"" }]""}"
/Game/Resources/Environments/Props/Common/SM_Vending_Machine/T_Vending_Machine,"{""AssetImportData"": ""[{ \""RelativeFilename\"" : \""../../../../../../Users/User/Desktop/포트폴리오/Project Constellation/modeling/vending_machine/Meshy_AI_Coca_Cola_Vending_Mac_0630150518_texture.fbm/Image_0.jpg\"", \""Timestamp\"" : \""1782836025\"", \""FileMD5\"" : \""7e57de3f423d4dc3f7359292ada5118e\"", \""DisplayLabelName\"" : \""\"" }]""}"
/Game/Resources/Environments/Props/Common/SM_Vending_Machine/T_Vending_Machine_Emission,"{""AssetImportData"": ""[{ \""RelativeFilename\"" : \""../../../../../../Users/User/Desktop/포트폴리오/Project Constellation/modeling/vending_machine/Meshy_AI_Coca_Cola_Vending_Mac_0630150518_texture.fbm/Image_3.jpg\"", \""Timestamp\"" : \""1782836025\"", \""FileMD5\"" : \""72fa17076c1ab406f22fffd362f30b8d\"", \""DisplayLabelName\"" : \""\"" }]""}"
/Game/Resources/Environments/Props/Common/SM_Vending_Machine/T_Vending_Machine_Normal,"{""AssetImportData"": ""[{ \""RelativeFilename\"" : \""../../../../../../Users/User/Desktop/포트폴리오/Project Constellation/modeling/vending_machine/Meshy_AI_Coca_Cola_Vending_Mac_0630150518_texture.fbm/Image_2.jpg\"", \""Timestamp\"" : \""1782836025\"", \""FileMD5\"" : \""56c17148598d271c3cda94bf8ddb7397\"", \""DisplayLabelName\"" : \""\"" }]""}"
/Game/Resources/Environments/Props/Common/SM_Vine/MI_Vine,"{""AssetImportData"": ""[{ \""RelativeFilename\"" : \""../../../../../../Users/User/Desktop/포트폴리오/Project Constellation/modeling/vine/Meshy_AI_Hanging_Heartleaf_Phi_0603134006_texture.fbx\"", \""Timestamp\"" : \""1780494010\"", \""FileMD5\"" : \""8db1a2807c36454cec0b6fb3ac429956\"", \""DisplayLabelName\"" : \""\"" }]""}"
/Game/Resources/Environments/Props/Common/SM_Vine/SM_Vine,"{""AssetImportData"": ""[{ \""RelativeFilename\"" : \""../../../../../../Users/User/Desktop/포트폴리오/Project Constellation/modeling/vine/Meshy_AI_Hanging_Heartleaf_Phi_0603134006_texture.fbx\"", \""Timestamp\"" : \""1780494010\"", \""FileMD5\"" : \""8db1a2807c36454cec0b6fb3ac429956\"", \""DisplayLabelName\"" : \""\"" }]""}"
/Game/Resources/Environments/Props/Common/SM_Vine/T_Vine,"{""AssetImportData"": ""[{ \""RelativeFilename\"" : \""../../../../../../Users/User/Desktop/포트폴리오/Project Constellation/modeling/vine/Meshy_AI_Hanging_Heartleaf_Phi_0603134006_texture.fbm/Image_0.jpg\"", \""Timestamp\"" : \""1780494082\"", \""FileMD5\"" : \""d87fb92333d5d95a7f8015ea7262c87e\"", \""DisplayLabelName\"" : \""\"" }]""}"
/Game/Resources/Environments/Props/Common/SM_Vine/T_Vine_Emission,"{""AssetImportData"": ""[{ \""RelativeFilename\"" : \""../../../../../../Users/User/Desktop/포트폴리오/Project Constellation/modeling/vine/Meshy_AI_Hanging_Heartleaf_Phi_0603134006_texture.fbm/Image_3.jpg\"", \""Timestamp\"" : \""1780494082\"", \""FileMD5\"" : \""5ce3318803f62a991e3da7da28e1ed1d\"", \""DisplayLabelName\"" : \""\"" }]""}"
/Game/Resources/Environments/Props/Common/SM_Vine/T_Vine_Normal,"{""AssetImportData"": ""[{ \""RelativeFilename\"" : \""../../../../../../Users/User/Desktop/포트폴리오/Project Constellation/modeling/vine/Meshy_AI_Hanging_Heartleaf_Phi_0603134006_texture.fbm/Image_2.jpg\"", \""Timestamp\"" : \""1780494082\"", \""FileMD5\"" : \""ee0da44c47ec90d5f61e3728178d7961\"", \""DisplayLabelName\"" : \""\"" }]""}"
/Game/Resources/Environments/Props/Common/SM_Wooden_Ladder/MI_Wooden_Ladder,"{""AssetImportData"": ""[{ \""RelativeFilename\"" : \""../../../../../../Users/User/Desktop/포트폴리오/Project Constellation/modeling/wodden_ladder/Meshy_AI_Vertical_Ladder_0603134136_texture.fbx\"", \""Timestamp\"" : \""1780494097\"", \""FileMD5\"" : \""35e32e3af74631385217bbeeb41e6397\"", \""DisplayLabelName\"" : \""\"" }]""}"
/Game/Resources/Environments/Props/Common/SM_Wooden_Ladder/SM_Wooden_Ladder_X,"{""AssetImportData"": ""[{ \""RelativeFilename\"" : \""../../../../../../Users/User/Desktop/포트폴리오/Project Constellation/modeling/wodden_ladder/Meshy_AI_Vertical_Ladder_0603134136_texture.fbx\"", \""Timestamp\"" : \""1780494097\"", \""FileMD5\"" : \""35e32e3af74631385217bbeeb41e6397\"", \""DisplayLabelName\"" : \""\"" }]""}"
/Game/Resources/Environments/Props/Common/SM_Wooden_Ladder/T_Wooden_Ladder,"{""AssetImportData"": ""[{ \""RelativeFilename\"" : \""../../../../../../Users/User/Desktop/포트폴리오/Project Constellation/modeling/wodden_ladder/Meshy_AI_Vertical_Ladder_0603134136_texture.fbm/Image_0.jpg\"", \""Timestamp\"" : \""1780494273\"", \""FileMD5\"" : \""9b5aa40c20f69691f2941d031b418a36\"", \""DisplayLabelName\"" : \""\"" }]""}"
/Game/Resources/Environments/Props/Common/SM_Wooden_Ladder/T_Wooden_Ladder_Normal,"{""AssetImportData"": ""[{ \""RelativeFilename\"" : \""../../../../../../Users/User/Desktop/포트폴리오/Project Constellation/modeling/wodden_ladder/Meshy_AI_Vertical_Ladder_0603134136_texture.fbm/Image_2.jpg\"", \""Timestamp\"" : \""1780494273\"", \""FileMD5\"" : \""d3951a0da20b84382a04ebe7bf8857b7\"", \""DisplayLabelName\"" : \""\"" }]""}"
/Game/Resources/Environments/Props/Common/SM_Wooden_Ladder/_Wooden_Ladder_Emission,"{""AssetImportData"": ""[{ \""RelativeFilename\"" : \""../../../../../../Users/User/Desktop/포트폴리오/Project Constellation/modeling/wodden_ladder/Meshy_AI_Vertical_Ladder_0603134136_texture.fbm/Image_3.jpg\"", \""Timestamp\"" : \""1780494273\"", \""FileMD5\"" : \""c3caa308196d80e5a954053efa05ec9c\"", \""DisplayLabelName\"" : \""\"" }]""}"
/Game/Resources/Environments/Props/Common/Stamina_Orb/MI_Stamina_Orb,"{""AssetImportData"": ""[{ \""RelativeFilename\"" : \""../../../../../../Users/User/Desktop/포트폴리오/Project Constellation/modeling/stamina_orb/magical+energy+orb+3d+model.fbx\"", \""Timestamp\"" : \""1784456006\"", \""FileMD5\"" : \""89ff27541b3557dbb9369764f33269e9\"", \""DisplayLabelName\"" : \""\"" }]""}"
/Game/Resources/Environments/Props/Common/Stamina_Orb/SM_Stamina_Orb,"{""AssetImportData"": ""[{ \""RelativeFilename\"" : \""../../../../../../Users/User/Desktop/포트폴리오/Project Constellation/modeling/stamina_orb/magical+energy+orb+3d+model.fbx\"", \""Timestamp\"" : \""1784456006\"", \""FileMD5\"" : \""89ff27541b3557dbb9369764f33269e9\"", \""DisplayLabelName\"" : \""\"" }]""}"
/Game/Resources/Environments/Props/Common/Stamina_Orb/T_Stamina_Orb_Basecolor,"{""AssetImportData"": ""[{ \""RelativeFilename\"" : \""../../../../../../Users/User/Desktop/포트폴리오/Project Constellation/modeling/stamina_orb/magical+energy+orb+3d+model.fbm/magical+energy+orb+3d+model_basecolor.jpg\"", \""Timestamp\"" : \""1784456006\"", \""FileMD5\"" : \""f63fe9e6bb7cdbb35325c9bd4e2faf8c\"", \""DisplayLabelName\"" : \""\"" }]""}"
/Game/Resources/Environments/Props/Common/Star_Coin/MI_Star_Coin,"{""AssetImportData"": ""[{ \""RelativeFilename\"" : \""../../../../../../Users/User/Downloads/Meshy_AI_Golden_Star_Coin_0727141904_texture_fbx/Meshy_AI_Golden_Star_Coin_0727141904_texture.fbx\"", \""Timestamp\"" : \""1785161948\"", \""FileMD5\"" : \""31edfcd1d6b7d80977094032546e40cb\"", \""DisplayLabelName\"" : \""\"" }]""}"
/Game/Resources/Environments/Props/Common/Star_Coin/SM_Star_Coin,"{""AssetImportData"": ""[{ \""RelativeFilename\"" : \""../../../../../../Users/User/Downloads/Meshy_AI_Golden_Star_Coin_0727141904_texture_fbx/Meshy_AI_Golden_Star_Coin_0727141904_texture.fbx\"", \""Timestamp\"" : \""1785161948\"", \""FileMD5\"" : \""31edfcd1d6b7d80977094032546e40cb\"", \""DisplayLabelName\"" : \""\"" }]""}"
/Game/Resources/Environments/Props/Common/Star_Coin/T_Star_Coin_Basecolor,"{""AssetImportData"": ""[{ \""RelativeFilename\"" : \""../../../../../../Users/User/Downloads/Meshy_AI_Golden_Star_Coin_0727141904_texture_fbx/Meshy_AI_Golden_Star_Coin_0727141904_texture.fbm/base_color.jpg\"", \""Timestamp\"" : \""1785163455\"", \""FileMD5\"" : \""31606be0978c1cb92bf3d2869921ffa6\"", \""DisplayLabelName\"" : \""\"" }]""}"
/Game/Resources/Environments/Props/Common/Star_Coin/T_Star_Coin_Emissive,"{""AssetImportData"": ""[{ \""RelativeFilename\"" : \""../../../../../../Users/User/Downloads/Meshy_AI_Golden_Star_Coin_0727141904_texture_fbx/Meshy_AI_Golden_Star_Coin_0727141904_texture.fbm/emissive.jpg\"", \""Timestamp\"" : \""1785163455\"", \""FileMD5\"" : \""36afa3bb9b4f833be4f4a1ec4219e838\"", \""DisplayLabelName\"" : \""\"" }]""}"
/Game/Resources/Environments/Props/Common/Star_Coin/T_Star_Coin_Normal,"{""AssetImportData"": ""[{ \""RelativeFilename\"" : \""../../../../../../Users/User/Downloads/Meshy_AI_Golden_Star_Coin_0727141904_texture_fbx/Meshy_AI_Golden_Star_Coin_0727141904_texture.fbm/normal.jpg\"", \""Timestamp\"" : \""1785163455\"", \""FileMD5\"" : \""eb14a1280f497d85f01fd59b8bfb3c2c\"", \""DisplayLabelName\"" : \""\"" }]""}"
/Game/Resources/Environments/Props/Common/Star_Coin/T_Star_Coin_Roughness,"{""AssetImportData"": ""[{ \""RelativeFilename\"" : \""../../../../../../Users/User/Downloads/Meshy_AI_Golden_Star_Coin_0727141904_texture_fbx/Meshy_AI_Golden_Star_Coin_0727141904_texture.fbm/texture_0_roughness.png\"", \""Timestamp\"" : \""1785163455\"", \""FileMD5\"" : \""21004ec19a41dd74067e111f1bc0db0a\"", \""DisplayLabelName\"" : \""\"" }]""}"
/Game/Resources/Environments/Props/StartIsland/AbandonedCar/MI_Abandoned_Car_A,"{""AssetImportData"": ""[{ \""RelativeFilename\"" : \""../../../../../../Users/User/Downloads/abandoned_car_a/Meshy_AI_Rooted_Relic_0829051909_texture_fbx/Meshy_AI_Rooted_Relic_0829051909_texture.fbx\"", \""Timestamp\"" : \""1787980752\"", \""FileMD5\"" : \""f794eaf84354c77b90dabea4ca8af959\"", \""DisplayLabelName\"" : \""\"" }]""}"
/Game/Resources/Environments/Props/StartIsland/AbandonedCar/SM_Abandoned_Car_A,"{""AssetImportData"": ""[{ \""RelativeFilename\"" : \""../../../../../../Users/User/Downloads/abandoned_car_a/Meshy_AI_Rooted_Relic_0829051909_texture_fbx/Meshy_AI_Rooted_Relic_0829051909_texture.fbx\"", \""Timestamp\"" : \""1787980752\"", \""FileMD5\"" : \""f794eaf84354c77b90dabea4ca8af959\"", \""DisplayLabelName\"" : \""\"" }]""}"
/Game/Resources/Environments/Props/StartIsland/AbandonedCar/T_Abandoned_Car_A_Basecolor,"{""AssetImportData"": ""[{ \""RelativeFilename\"" : \""../../../../../../Users/User/Downloads/abandoned_car_a/Meshy_AI_Rooted_Relic_0829051909_texture_fbx/Meshy_AI_Rooted_Relic_0829051909_texture.fbm/base_color.jpg\"", \""Timestamp\"" : \""1788283860\"", \""FileMD5\"" : \""f179df4c2fe6069cdfd71a5fec685001\"", \""DisplayLabelName\"" : \""\"" }]""}"
/Game/Resources/Environments/Props/StartIsland/AbandonedCar/T_Abandoned_Car_A_Normal,"{""AssetImportData"": ""[{ \""RelativeFilename\"" : \""../../../../../../Users/User/Downloads/abandoned_car_a/Meshy_AI_Rooted_Relic_0829051909_texture_fbx/Meshy_AI_Rooted_Relic_0829051909_texture.fbm/normal.jpg\"", \""Timestamp\"" : \""1788283860\"", \""FileMD5\"" : \""99cb23b8a9a63a0122a25cbb0879538b\"", \""DisplayLabelName\"" : \""\"" }]""}"
/Game/Resources/Environments/Props/StartIsland/AbandonedCar/T_Abandoned_Car_A_Roughness,"{""AssetImportData"": ""[{ \""RelativeFilename\"" : \""../../../../../../Users/User/Downloads/abandoned_car_a/Meshy_AI_Rooted_Relic_0829051909_texture_fbx/Meshy_AI_Rooted_Relic_0829051909_texture.fbm/texture_0_roughness.png\"", \""Timestamp\"" : \""1788283860\"", \""FileMD5\"" : \""54935a117773a6c197c7edc0edf6d248\"", \""DisplayLabelName\"" : \""\"" }]""}"
/Game/Resources/Environments/Props/StartIsland/Apartment/Prop/ACUnit/MI_Prop_ACUnit,"{""AssetImportData"": ""[{ \""RelativeFilename\"" : \""../../../../../../Users/User/Downloads/SM_Prop_ACUnit/SM_Prop_ACUnit.fbx\"", \""Timestamp\"" : \""1786184518\"", \""FileMD5\"" : \""d5f7eb6d00c21174dd7511e1f02c550e\"", \""DisplayLabelName\"" : \""\"" }]""}"
/Game/Resources/Environments/Props/StartIsland/Apartment/Prop/ACUnit/SM_Prop_ACUnit,"{""AssetImportData"": ""[{ \""RelativeFilename\"" : \""../../../../../../Users/User/Downloads/SM_Prop_ACUnit/SM_Prop_ACUnit.fbx\"", \""Timestamp\"" : \""1786184518\"", \""FileMD5\"" : \""d5f7eb6d00c21174dd7511e1f02c550e\"", \""DisplayLabelName\"" : \""\"" }]""}"
/Game/Resources/Environments/Props/StartIsland/Apartment/Prop/ACUnit/T_Prop_ACUnit_Basecolor,"{""AssetImportData"": ""[{ \""RelativeFilename\"" : \""../../../../../../Users/User/Downloads/SM_Prop_ACUnit/tripo_convert_8b82e398-8d60-45b0-bbfb-644c4c009b61.fbm/air_conditioning_unit_3d_model_basecolor.JPEG\"", \""Timestamp\"" : \""1786184518\"", \""FileMD5\"" : \""4ce6bc7f7b52a46b62a8bcefd5d2bc73\"", \""DisplayLabelName\"" : \""\"" }]""}"
/Game/Resources/Environments/Props/StartIsland/Apartment/Prop/ACUnit/T_Prop_ACUnit_Normal,"{""AssetImportData"": ""[{ \""RelativeFilename\"" : \""../../../../../../Users/User/Downloads/SM_Prop_ACUnit/tripo_convert_8b82e398-8d60-45b0-bbfb-644c4c009b61.fbm/air_conditioning_unit_3d_model_normal.JPEG\"", \""Timestamp\"" : \""1786184518\"", \""FileMD5\"" : \""a6c64c9f4097ba1bab76fdef536d2843\"", \""DisplayLabelName\"" : \""\"" }]""}"
/Game/Resources/Environments/Props/StartIsland/Apartment/Prop/ACUnit/T_Prop_ACUnit_Roughness,"{""AssetImportData"": ""[{ \""RelativeFilename\"" : \""../../../../../../Users/User/Downloads/SM_Prop_ACUnit/tripo_convert_8b82e398-8d60-45b0-bbfb-644c4c009b61.fbm/air_conditioning_unit_3d_model_roughness.JPEG\"", \""Timestamp\"" : \""1786184518\"", \""FileMD5\"" : \""760a9b0faf6c0ed41a602e4057827a91\"", \""DisplayLabelName\"" : \""\"" }]""}"
/Game/Resources/Environments/Props/StartIsland/Bench_Wooden/MI_Bench_Wooden,"{""AssetImportData"": ""[{ \""RelativeFilename\"" : \""../../../../../../Users/User/Downloads/bench_wooden/Meshy_AI_Wooden_Park_Bench_0903154931_texture_fbx/Meshy_AI_Wooden_Park_Bench_0903154931_texture.fbx\"", \""Timestamp\"" : \""1788450572\"", \""FileMD5\"" : \""abb0f621b743f79c56a164ec0a73af76\"", \""DisplayLabelName\"" : \""\"" }]""}"
/Game/Resources/Environments/Props/StartIsland/Bench_Wooden/SM_Bench_Wooden,"{""AssetImportData"": ""[{ \""RelativeFilename\"" : \""../../../../../../Users/User/Downloads/bench_wooden/Meshy_AI_Wooden_Park_Bench_0903154931_texture_fbx/Meshy_AI_Wooden_Park_Bench_0903154931_texture.fbx\"", \""Timestamp\"" : \""1788450572\"", \""FileMD5\"" : \""abb0f621b743f79c56a164ec0a73af76\"", \""DisplayLabelName\"" : \""\"" }]""}"
/Game/Resources/Environments/Props/StartIsland/Bench_Wooden/T_Bench_Wooden_Basecolor,"{""AssetImportData"": ""[{ \""RelativeFilename\"" : \""../../../../../../Users/User/Downloads/bench_wooden/Meshy_AI_Wooden_Park_Bench_0903154931_texture_fbx/Meshy_AI_Wooden_Park_Bench_0903154931_texture.fbm/texture_0.png\"", \""Timestamp\"" : \""1788450617\"", \""FileMD5\"" : \""cf2e8f97fb9f9b03cd0be5d5aa7d8bab\"", \""DisplayLabelName\"" : \""\"" }]""}"
/Game/Resources/Environments/Props/StartIsland/Bench_Wooden/T_Bench_Wooden_Normal,"{""AssetImportData"": ""[{ \""RelativeFilename\"" : \""../../../../../../Users/User/Downloads/bench_wooden/Meshy_AI_Wooden_Park_Bench_0903154931_texture_fbx/Meshy_AI_Wooden_Park_Bench_0903154931_texture.fbm/texture_0_normal.png\"", \""Timestamp\"" : \""1788450617\"", \""FileMD5\"" : \""50e8d7e3d3edd41ef85890605ca131a4\"", \""DisplayLabelName\"" : \""\"" }]""}"
/Game/Resources/Environments/Props/StartIsland/Bench_Wooden/T_Bench_Wooden_Roughness,"{""AssetImportData"": ""[{ \""RelativeFilename\"" : \""../../../../../../Users/User/Downloads/bench_wooden/Meshy_AI_Wooden_Park_Bench_0903154931_texture_fbx/Meshy_AI_Wooden_Park_Bench_0903154931_texture.fbm/texture_0_roughness.png\"", \""Timestamp\"" : \""1788450617\"", \""FileMD5\"" : \""9ec9e3fc2054c181f908189414062fcf\"", \""DisplayLabelName\"" : \""\"" }]""}"
/Game/Resources/Environments/Props/StartIsland/Bush/MI_Bush_A,"{""AssetImportData"": ""[{ \""RelativeFilename\"" : \""../../../../../../Users/User/Downloads/bush/bush.fbx\"", \""Timestamp\"" : \""1786978850\"", \""FileMD5\"" : \""54f3459944fead69192e46e68ba9c301\"", \""DisplayLabelName\"" : \""\"" }]""}"
/Game/Resources/Environments/Props/StartIsland/Bush/SM_Bush_A,"{""AssetImportData"": ""[{ \""RelativeFilename\"" : \""../../../../../../Users/User/Downloads/bush/bush.fbx\"", \""Timestamp\"" : \""1786978850\"", \""FileMD5\"" : \""54f3459944fead69192e46e68ba9c301\"", \""DisplayLabelName\"" : \""\"" }]""}"
/Game/Resources/Environments/Props/StartIsland/Bush/T_Bush_A_Basecolor,"{""AssetImportData"": ""[{ \""RelativeFilename\"" : \""../../../../../../Users/User/Downloads/bush/bush.fbm/base_color.jpg\"", \""Timestamp\"" : \""1786978893\"", \""FileMD5\"" : \""4df0dcfea6c25073dcb70bcfc18b9657\"", \""DisplayLabelName\"" : \""\"" }]""}"
/Game/Resources/Environments/Props/StartIsland/Bush/T_Bush_A_Normal,"{""AssetImportData"": ""[{ \""RelativeFilename\"" : \""../../../../../../Users/User/Downloads/bush/bush.fbm/normal.jpg\"", \""Timestamp\"" : \""1786978893\"", \""FileMD5\"" : \""5716ba623ea8629e39f06d95c3b27db4\"", \""DisplayLabelName\"" : \""\"" }]""}"
/Game/Resources/Environments/Props/StartIsland/Bush/T_Bush_A_Roughness,"{""AssetImportData"": ""[{ \""RelativeFilename\"" : \""../../../../../../Users/User/Downloads/bush/bush.fbm/texture_0_roughness.png\"", \""Timestamp\"" : \""1786978893\"", \""FileMD5\"" : \""5beca661d4c856920258d981564ee2e5\"", \""DisplayLabelName\"" : \""\"" }]""}"
/Game/Resources/Environments/Props/StartIsland/CoffeeTruck/coffee_truck,"{""AssetImportData"": ""[{ \""RelativeFilename\"" : \""../../../../../../Users/User/Downloads/coffee_truck.fbx\"", \""Timestamp\"" : \""1786638866\"", \""FileMD5\"" : \""aeb6db59fbb5c8114e4f176794d7d7ec\"", \""DisplayLabelName\"" : \""\"" }]""}"
/Game/Resources/Environments/Props/StartIsland/CoinLocker/MI_Coin_Locker,"{""AssetImportData"": ""[{ \""RelativeFilename\"" : \""../../../../../../Users/User/Downloads/coin_locker/Meshy_AI_Parcel_Locker_Station_0905092239_texture_fbx/Meshy_AI_Parcel_Locker_Station_0905092239_texture.fbx\"", \""Timestamp\"" : \""1788600161\"", \""FileMD5\"" : \""781ca2f7433fab0af18ccb4ffdc58101\"", \""DisplayLabelName\"" : \""\"" }]""}"
/Game/Resources/Environments/Props/StartIsland/CoinLocker/SM_Coin_Locker,"{""AssetImportData"": ""[{ \""RelativeFilename\"" : \""../../../../../../Users/User/Downloads/coin_locker/Meshy_AI_Parcel_Locker_Station_0905092239_texture_fbx/Meshy_AI_Parcel_Locker_Station_0905092239_texture.fbx\"", \""Timestamp\"" : \""1788600161\"", \""FileMD5\"" : \""781ca2f7433fab0af18ccb4ffdc58101\"", \""DisplayLabelName\"" : \""\"" }]""}"
/Game/Resources/Environments/Props/StartIsland/CoinLocker/T_Coin_Locker_Basecolo,"{""AssetImportData"": ""[{ \""RelativeFilename\"" : \""../../../../../../Users/User/Downloads/coin_locker/Meshy_AI_Parcel_Locker_Station_0905092239_texture_fbx/Meshy_AI_Parcel_Locker_Station_0905092239_texture.fbm/texture_0.png\"", \""Timestamp\"" : \""1788610345\"", \""FileMD5\"" : \""bedeb9cbbc1c705c508654ebead332a3\"", \""DisplayLabelName\"" : \""\"" }]""}"
/Game/Resources/Environments/Props/StartIsland/CoinLocker/T_Coin_Locker_Normal,"{""AssetImportData"": ""[{ \""RelativeFilename\"" : \""../../../../../../Users/User/Downloads/coin_locker/Meshy_AI_Parcel_Locker_Station_0905092239_texture_fbx/Meshy_AI_Parcel_Locker_Station_0905092239_texture.fbm/texture_0_normal.png\"", \""Timestamp\"" : \""1788610345\"", \""FileMD5\"" : \""31d120398fa461ac28acf908e46a63ef\"", \""DisplayLabelName\"" : \""\"" }]""}"
/Game/Resources/Environments/Props/StartIsland/CoinLocker/T_Coin_Locker_Roughness,"{""AssetImportData"": ""[{ \""RelativeFilename\"" : \""../../../../../../Users/User/Downloads/coin_locker/Meshy_AI_Parcel_Locker_Station_0905092239_texture_fbx/Meshy_AI_Parcel_Locker_Station_0905092239_texture.fbm/texture_0_roughness.png\"", \""Timestamp\"" : \""1788610345\"", \""FileMD5\"" : \""f647d5b65746737f443c376e7fcbe42b\"", \""DisplayLabelName\"" : \""\"" }]""}"
/Game/Resources/Environments/Props/StartIsland/Costco/MI_Costco,"{""AssetImportData"": ""[{ \""RelativeFilename\"" : \""../../../../../../Users/User/Downloads/Meshy_AI_Costco_Warehouse_Wate_0817102933_texture_fbx/Meshy_AI_Costco_Warehouse_Wate_0817102933_texture.fbx\"", \""Timestamp\"" : \""1786962573\"", \""FileMD5\"" : \""63aa39457e4ba95584a831c710aac7f7\"", \""DisplayLabelName\"" : \""\"" }]""}"
/Game/Resources/Environments/Props/StartIsland/Costco/SM_Costco,"{""AssetImportData"": ""[{ \""RelativeFilename\"" : \""../../../../../../Users/User/Downloads/Meshy_AI_Costco_Warehouse_Wate_0817102933_texture_fbx/Meshy_AI_Costco_Warehouse_Wate_0817102933_texture.fbx\"", \""Timestamp\"" : \""1786962573\"", \""FileMD5\"" : \""63aa39457e4ba95584a831c710aac7f7\"", \""DisplayLabelName\"" : \""\"" }]""}"
/Game/Resources/Environments/Props/StartIsland/Costco/T_Costco,"{""AssetImportData"": ""[{ \""RelativeFilename\"" : \""../../../../../../Users/User/Downloads/Meshy_AI_Costco_Warehouse_Wate_0817102933_texture_fbx/Meshy_AI_Costco_Warehouse_Wate_0817102933_texture.fbm/texture_0.png\"", \""Timestamp\"" : \""1786963042\"", \""FileMD5\"" : \""547be00158c4a2f1ec684060a57bc7f9\"", \""DisplayLabelName\"" : \""\"" }]""}"
/Game/Resources/Environments/Props/StartIsland/Costco/T_Costco_Normal,"{""AssetImportData"": ""[{ \""RelativeFilename\"" : \""../../../../../../Users/User/Downloads/Meshy_AI_Costco_Warehouse_Wate_0817102933_texture_fbx/Meshy_AI_Costco_Warehouse_Wate_0817102933_texture.fbm/texture_0_normal.png\"", \""Timestamp\"" : \""1786963042\"", \""FileMD5\"" : \""7a077f4d6d92e425ea379e5bd5cbd968\"", \""DisplayLabelName\"" : \""\"" }]""}"
/Game/Resources/Environments/Props/StartIsland/Costco/T_Costco_Roughness,"{""AssetImportData"": ""[{ \""RelativeFilename\"" : \""../../../../../../Users/User/Downloads/Meshy_AI_Costco_Warehouse_Wate_0817102933_texture_fbx/Meshy_AI_Costco_Warehouse_Wate_0817102933_texture.fbm/texture_0_roughness.png\"", \""Timestamp\"" : \""1786963042\"", \""FileMD5\"" : \""9005f7abbdca246f8cd4d744765de926\"", \""DisplayLabelName\"" : \""\"" }]""}"
/Game/Resources/Environments/Props/StartIsland/FlagRed/MI_Flag_Red,"{""AssetImportData"": ""[{ \""RelativeFilename\"" : \""../../../../../../Users/User/Downloads/flag_red/Meshy_AI_Red_Flag_0903142701_texture_fbx/Meshy_AI_Red_Flag_0903142701_texture.fbx\"", \""Timestamp\"" : \""1788445621\"", \""FileMD5\"" : \""a43a193ad49159b8f352fcc0ef2440ac\"", \""DisplayLabelName\"" : \""\"" }]""}"
/Game/Resources/Environments/Props/StartIsland/FlagRed/SM_Flag_Red,"{""AssetImportData"": ""[{ \""RelativeFilename\"" : \""../../../../../../Users/User/Downloads/flag_red/Meshy_AI_Red_Flag_0903142701_texture_fbx/Meshy_AI_Red_Flag_0903142701_texture.fbx\"", \""Timestamp\"" : \""1788445621\"", \""FileMD5\"" : \""a43a193ad49159b8f352fcc0ef2440ac\"", \""DisplayLabelName\"" : \""\"" }]""}"
/Game/Resources/Environments/Props/StartIsland/FlagRed/T_Flag_Red_Basecolor,"{""AssetImportData"": ""[{ \""RelativeFilename\"" : \""../../../../../../Users/User/Downloads/flag_red/Meshy_AI_Red_Flag_0903142701_texture_fbx/Meshy_AI_Red_Flag_0903142701_texture.fbm/texture_0.png\"", \""Timestamp\"" : \""1788445649\"", \""FileMD5\"" : \""d837ed2a8bacf0e117f677233a7d779e\"", \""DisplayLabelName\"" : \""\"" }]""}"
/Game/Resources/Environments/Props/StartIsland/FlagRed/T_Flag_Red_Normal,"{""AssetImportData"": ""[{ \""RelativeFilename\"" : \""../../../../../../Users/User/Downloads/flag_red/Meshy_AI_Red_Flag_0903142701_texture_fbx/Meshy_AI_Red_Flag_0903142701_texture.fbm/texture_0_normal.png\"", \""Timestamp\"" : \""1788445649\"", \""FileMD5\"" : \""350a71ec763b4e78dc915a53f5d1d77a\"", \""DisplayLabelName\"" : \""\"" }]""}"
/Game/Resources/Environments/Props/StartIsland/FlagRed/T_Flag_Red_Roughness,"{""AssetImportData"": ""[{ \""RelativeFilename\"" : \""../../../../../../Users/User/Downloads/flag_red/Meshy_AI_Red_Flag_0903142701_texture_fbx/Meshy_AI_Red_Flag_0903142701_texture.fbm/texture_0_roughness.png\"", \""Timestamp\"" : \""1788445649\"", \""FileMD5\"" : \""64cce8df3418c2ae302039c8f59ad21f\"", \""DisplayLabelName\"" : \""\"" }]""}"
/Game/Resources/Environments/Props/StartIsland/GolfBall/MI_Golf_Ball,"{""AssetImportData"": ""[{ \""RelativeFilename\"" : \""../../../../../../Users/User/Downloads/golf-ball/golf_ball.fbx\"", \""Timestamp\"" : \""1788371131\"", \""FileMD5\"" : \""90e63ed2dfc3b53b49b95ea4093265a9\"", \""DisplayLabelName\"" : \""\"" }]""}"
/Game/Resources/Environments/Props/StartIsland/GolfBall/SM_Golf_Ball,"{""AssetImportData"": ""[{ \""RelativeFilename\"" : \""../../../../../../Users/User/Downloads/golf-ball/golf_ball.fbx\"", \""Timestamp\"" : \""1788371131\"", \""FileMD5\"" : \""90e63ed2dfc3b53b49b95ea4093265a9\"", \""DisplayLabelName\"" : \""\"" }]""}"
/Game/Resources/Environments/Props/StartIsland/GolfBall/T_Golf_Ball_Normal,"{""AssetImportData"": ""[{ \""RelativeFilename\"" : \""../../../../../../Users/User/Downloads/golf-ball/ballOBJ_NORM.jpg\"", \""Timestamp\"" : \""1521115804\"", \""FileMD5\"" : \""f2c1d953525ab4ee7a1c0d6d80ec19ab\"", \""DisplayLabelName\"" : \""\"" }]""}"
/Game/Resources/Environments/Props/StartIsland/Guardrail/MI_Guardrail,"{""AssetImportData"": ""[{ \""RelativeFilename\"" : \""../../../../../../Users/User/Downloads/guard-rail/source/guardRail_lo.fbx\"", \""Timestamp\"" : \""1521186614\"", \""FileMD5\"" : \""549d4584afff349190031b714713ad0f\"", \""DisplayLabelName\"" : \""\"" }]""}"
/Game/Resources/Environments/Props/StartIsland/Guardrail/SM_Guardrail_A,"{""AssetImportData"": ""[{ \""RelativeFilename\"" : \""../../../../../../Users/User/Downloads/guard-rail/source/guardRail_lo.fbx\"", \""Timestamp\"" : \""1521186614\"", \""FileMD5\"" : \""549d4584afff349190031b714713ad0f\"", \""DisplayLabelName\"" : \""\"" }]""}"
/Game/Resources/Environments/Props/StartIsland/Guardrail/SM_Guardrail_B,"{""AssetImportData"": ""[{ \""RelativeFilename\"" : \""../../../../../../Users/User/Downloads/guard-rail/source/guardRail_lo.fbx\"", \""Timestamp\"" : \""1521186614\"", \""FileMD5\"" : \""549d4584afff349190031b714713ad0f\"", \""DisplayLabelName\"" : \""\"" }]""}"
/Game/Resources/Environments/Props/StartIsland/Guardrail/T_Guardrail_Basecolor,"{""AssetImportData"": ""[{ \""RelativeFilename\"" : \""../../../../../../Users/User/Downloads/guard-rail/textures/lambert1_Base_Color.jpg\"", \""Timestamp\"" : \""1521186614\"", \""FileMD5\"" : \""c86a416ac982002c4f9f493428970e25\"", \""DisplayLabelName\"" : \""\"" }]""}"
/Game/Resources/Environments/Props/StartIsland/Guardrail/T_Guardrail_Metalic,"{""AssetImportData"": ""[{ \""RelativeFilename\"" : \""../../../../../../Users/User/Downloads/guard-rail/textures/lambert1_Metallic.jpg\"", \""Timestamp\"" : \""1521186614\"", \""FileMD5\"" : \""62226d2551ee9466a7d68cf849d29b0c\"", \""DisplayLabelName\"" : \""\"" }]""}"
/Game/Resources/Environments/Props/StartIsland/Guardrail/T_Guardrail_Normal,"{""AssetImportData"": ""[{ \""RelativeFilename\"" : \""../../../../../../Users/User/Downloads/guard-rail/textures/lambert1_Normal_DirectX.jpg\"", \""Timestamp\"" : \""1521186614\"", \""FileMD5\"" : \""edfeb4e6bf6397be614c50078d7428cc\"", \""DisplayLabelName\"" : \""\"" }]""}"
/Game/Resources/Environments/Props/StartIsland/Lighthouse/MI_Lighthouse,"{""AssetImportData"": ""[{ \""RelativeFilename\"" : \""../../../../../../Users/User/Downloads/lighthouse/Meshy_AI_Red_Striped_Lighthous_0817123926_texture.fbx\"", \""Timestamp\"" : \""1786970369\"", \""FileMD5\"" : \""a61a2e3e8c29054fb519bc11e1f8fa1d\"", \""DisplayLabelName\"" : \""\"" }]""}"
/Game/Resources/Environments/Props/StartIsland/Lighthouse/SM_Lighthouse,"{""AssetImportData"": ""[{ \""RelativeFilename\"" : \""../../../../../../Users/User/Downloads/lighthouse/Meshy_AI_Red_Striped_Lighthous_0817123926_texture.fbx\"", \""Timestamp\"" : \""1786970369\"", \""FileMD5\"" : \""a61a2e3e8c29054fb519bc11e1f8fa1d\"", \""DisplayLabelName\"" : \""\"" }]""}"
/Game/Resources/Environments/Props/StartIsland/Lighthouse/T_Lighthouse_Basecolor,"{""AssetImportData"": ""[{ \""RelativeFilename\"" : \""../../../../../../Users/User/Downloads/lighthouse/Meshy_AI_Red_Striped_Lighthous_0817123926_texture.fbm/base_color.jpg\"", \""Timestamp\"" : \""1786970434\"", \""FileMD5\"" : \""b94fd7b3a7db1e8fb5fc2bd89b05eb36\"", \""DisplayLabelName\"" : \""\"" }]""}"
/Game/Resources/Environments/Props/StartIsland/Lighthouse/T_Lighthouse_Normal,"{""AssetImportData"": ""[{ \""RelativeFilename\"" : \""../../../../../../Users/User/Downloads/lighthouse/Meshy_AI_Red_Striped_Lighthous_0817123926_texture.fbm/normal.jpg\"", \""Timestamp\"" : \""1786970434\"", \""FileMD5\"" : \""797adcee745f40ca31db8e8618bd4530\"", \""DisplayLabelName\"" : \""\"" }]""}"
/Game/Resources/Environments/Props/StartIsland/Lighthouse/T_Lighthouse_Roughness,"{""AssetImportData"": ""[{ \""RelativeFilename\"" : \""../../../../../../Users/User/Downloads/lighthouse/Meshy_AI_Red_Striped_Lighthous_0817123926_texture.fbm/texture_0_roughness.png\"", \""Timestamp\"" : \""1786970434\"", \""FileMD5\"" : \""6aa81122c64697607a5354be85303e2f\"", \""DisplayLabelName\"" : \""\"" }]""}"
/Game/Resources/Environments/Props/StartIsland/Playground/MI_Playground,"{""AssetImportData"": ""[{ \""RelativeFilename\"" : \""../../../../../../Users/User/Downloads/playground/Meshy_AI_Play_Learn_Grow_Playg_0817144436_texture.fbx\"", \""Timestamp\"" : \""1786977880\"", \""FileMD5\"" : \""9ad750f1b3dc13cf831f0d52f4542712\"", \""DisplayLabelName\"" : \""\"" }]""}"
/Game/Resources/Environments/Props/StartIsland/Playground/SM_Playground,"{""AssetImportData"": ""[{ \""RelativeFilename\"" : \""../../../../../../Users/User/Downloads/playground/Meshy_AI_Play_Learn_Grow_Playg_0817144436_texture.fbx\"", \""Timestamp\"" : \""1786977880\"", \""FileMD5\"" : \""9ad750f1b3dc13cf831f0d52f4542712\"", \""DisplayLabelName\"" : \""\"" }]""}"
/Game/Resources/Environments/Props/StartIsland/Playground/T_Playground_Basecolor,"{""AssetImportData"": ""[{ \""RelativeFilename\"" : \""../../../../../../Users/User/Downloads/playground/Meshy_AI_Play_Learn_Grow_Playg_0817144436_texture.fbm/base_color.jpg\"", \""Timestamp\"" : \""1786978065\"", \""FileMD5\"" : \""e76773e5f664a9ca23a9a497e39edc44\"", \""DisplayLabelName\"" : \""\"" }]""}"
/Game/Resources/Environments/Props/StartIsland/Playground/T_Playground_Normal,"{""AssetImportData"": ""[{ \""RelativeFilename\"" : \""../../../../../../Users/User/Downloads/playground/Meshy_AI_Play_Learn_Grow_Playg_0817144436_texture.fbm/normal.jpg\"", \""Timestamp\"" : \""1786978065\"", \""FileMD5\"" : \""bbcb782962190a4cd3d6b61878b008c6\"", \""DisplayLabelName\"" : \""\"" }]""}"
/Game/Resources/Environments/Props/StartIsland/Playground/T_Playground_Roughness,"{""AssetImportData"": ""[{ \""RelativeFilename\"" : \""../../../../../../Users/User/Downloads/playground/Meshy_AI_Play_Learn_Grow_Playg_0817144436_texture.fbm/texture_0_roughness.png\"", \""Timestamp\"" : \""1786978065\"", \""FileMD5\"" : \""80aec32c33c2c984d77c2a1f6d71e819\"", \""DisplayLabelName\"" : \""\"" }]""}"
/Game/Resources/Environments/Props/StartIsland/Road/SM_Highway_Road,"{""AssetImportData"": ""[{ \""RelativeFilename\"" : \""../../../../../../Users/User/Downloads/highway-road/highway_road.fbx\"", \""Timestamp\"" : \""1708483326\"", \""FileMD5\"" : \""d0bc83e0771bd6a9e550eb34fdfe07c2\"", \""DisplayLabelName\"" : \""\"" }]""}"
/Game/Resources/Environments/Props/StartIsland/Road/T_Highway_Road_Basecolor,"{""AssetImportData"": ""[{ \""RelativeFilename\"" : \""../../../../../../Users/User/Downloads/highway-road/textures/highway_BaseColor.png\"", \""Timestamp\"" : \""1708483326\"", \""FileMD5\"" : \""fa9f92507222542cf027145d2622001d\"", \""DisplayLabelName\"" : \""\"" }]""}"
/Game/Resources/Environments/Props/StartIsland/Road/T_Highway_Road_Normal,"{""AssetImportData"": ""[{ \""RelativeFilename\"" : \""../../../../../../Users/User/Downloads/highway-road/textures/highway_Normal.jpg\"", \""Timestamp\"" : \""1708483326\"", \""FileMD5\"" : \""a9aeb5638c768d86b040955fcc88a1b4\"", \""DisplayLabelName\"" : \""\"" }]""}"
/Game/Resources/Environments/Props/StartIsland/Road/T_Highway_Road_Roughness,"{""AssetImportData"": ""[{ \""RelativeFilename\"" : \""../../../../../../Users/User/Downloads/highway-road/textures/highway_Roughness.png\"", \""Timestamp\"" : \""1708483326\"", \""FileMD5\"" : \""81369c1106f5c5aaa326313223018f9c\"", \""DisplayLabelName\"" : \""\"" }]""}"
/Game/Resources/Environments/Props/StartIsland/Skyship/skyship,"{""AssetImportData"": ""[{ \""RelativeFilename\"" : \""../../../../../../Users/User/Downloads/skyship.fbx\"", \""Timestamp\"" : \""1786638220\"", \""FileMD5\"" : \""54f0eaa4cecc6552edb18e50db753e14\"", \""DisplayLabelName\"" : \""\"" }]""}"
/Game/Resources/Environments/Props/StartIsland/SubwayStation/MI_Subway_Station,"{""AssetImportData"": ""[{ \""RelativeFilename\"" : \""../../../../../../Users/User/Downloads/subway_station/Meshy_AI_Glass_Transit_Shelter_0903174445_texture_fbx/Meshy_AI_Glass_Transit_Shelter_0903174445_texture.fbx\"", \""Timestamp\"" : \""1788457489\"", \""FileMD5\"" : \""5cf8c65fb33200e5df7b263e52899595\"", \""DisplayLabelName\"" : \""\"" }]""}"
/Game/Resources/Environments/Props/StartIsland/SubwayStation/SM_Subway_Station,"{""AssetImportData"": ""[{ \""RelativeFilename\"" : \""../../../../../../Users/User/Downloads/subway_station/Meshy_AI_Glass_Transit_Shelter_0903174445_texture_fbx/Meshy_AI_Glass_Transit_Shelter_0903174445_texture.fbx\"", \""Timestamp\"" : \""1788457489\"", \""FileMD5\"" : \""5cf8c65fb33200e5df7b263e52899595\"", \""DisplayLabelName\"" : \""\"" }]""}"
/Game/Resources/Environments/Props/StartIsland/SubwayStation/subway_station,"{""AssetImportData"": ""[{ \""RelativeFilename\"" : \""../../../../../../Users/User/Downloads/subway_station.fbx\"", \""Timestamp\"" : \""1786638652\"", \""FileMD5\"" : \""40c80dcac249e4dfb0c6a0431d1a3de7\"", \""DisplayLabelName\"" : \""\"" }]""}"
/Game/Resources/Environments/Props/StartIsland/SubwayStation/T_Subway_Station_Basecolor,"{""AssetImportData"": ""[{ \""RelativeFilename\"" : \""../../../../../../Users/User/Downloads/subway_station/Meshy_AI_Glass_Transit_Shelter_0903174445_texture_fbx/Meshy_AI_Glass_Transit_Shelter_0903174445_texture.fbm/texture_0.png\"", \""Timestamp\"" : \""1788458330\"", \""FileMD5\"" : \""26ec28ff91ffff60e80f4c3f952022a1\"", \""DisplayLabelName\"" : \""\"" }]""}"
/Game/Resources/Environments/Props/StartIsland/SubwayStation/T_Subway_Station_Normal,"{""AssetImportData"": ""[{ \""RelativeFilename\"" : \""../../../../../../Users/User/Downloads/subway_station/Meshy_AI_Glass_Transit_Shelter_0903174445_texture_fbx/Meshy_AI_Glass_Transit_Shelter_0903174445_texture.fbm/texture_0_normal.png\"", \""Timestamp\"" : \""1788458330\"", \""FileMD5\"" : \""550ba1e2cfe9244438942c402ecf5675\"", \""DisplayLabelName\"" : \""\"" }]""}"
/Game/Resources/Environments/Props/StartIsland/SubwayStation/T_Subway_Station_Roughness,"{""AssetImportData"": ""[{ \""RelativeFilename\"" : \""../../../../../../Users/User/Downloads/subway_station/Meshy_AI_Glass_Transit_Shelter_0903174445_texture_fbx/Meshy_AI_Glass_Transit_Shelter_0903174445_texture.fbm/texture_0_roughness.png\"", \""Timestamp\"" : \""1788458330\"", \""FileMD5\"" : \""c77ad520b5ecc013ea9a16c6ea6fab5e\"", \""DisplayLabelName\"" : \""\"" }]""}"
/Game/Resources/Environments/Props/StartIsland/SwimmingPool/MI_Swimming_Pool_Stair,"{""AssetImportData"": ""[{ \""RelativeFilename\"" : \""../../../../../../Users/User/Downloads/swimming_pool/source/Swimming Pool.fbx\"", \""Timestamp\"" : \""1596235890\"", \""FileMD5\"" : \""9e658ec363c92fc27a9f44f19bdc935d\"", \""DisplayLabelName\"" : \""\"" }]""}"
/Game/Resources/Environments/Props/StartIsland/SwimmingPool/SM_Swimming_Pool_Stair,"{""AssetImportData"": ""[]""}"
/Game/Resources/Environments/Props/StartIsland/SwimmingPool/T_Swimming_Pool_Tile_Plain_B,"{""AssetImportData"": ""[{ \""RelativeFilename\"" : \""../../../../../../Users/User/Downloads/swimming_pool/source/Swimming Pool.fbm/TexturesCom_TilesPlain0041_1_seamless_S.jpg\"", \""Timestamp\"" : \""1788372887\"", \""FileMD5\"" : \""4be09ecaaf1fe13fb9e74957e27f21bc\"", \""DisplayLabelName\"" : \""\"" }]""}"
/Game/Resources/Environments/Props/StartIsland/TableWooden/MI_Table_Wooden,"{""AssetImportData"": ""[{ \""RelativeFilename\"" : \""../../../../../../Users/User/Downloads/table_wooden/Meshy_AI_Slatted_Wooden_Table_0903164406_texture_fbx/Meshy_AI_Slatted_Wooden_Table_0903164406_texture.fbx\"", \""Timestamp\"" : \""1788453846\"", \""FileMD5\"" : \""cc825e00e5bb89362f8df694451651a2\"", \""DisplayLabelName\"" : \""\"" }]""}"
/Game/Resources/Environments/Props/StartIsland/TableWooden/SM_Table_Wooden,"{""AssetImportData"": ""[{ \""RelativeFilename\"" : \""../../../../../../Users/User/Downloads/table_wooden/Meshy_AI_Slatted_Wooden_Table_0903164406_texture_fbx/Meshy_AI_Slatted_Wooden_Table_0903164406_texture.fbx\"", \""Timestamp\"" : \""1788453846\"", \""FileMD5\"" : \""cc825e00e5bb89362f8df694451651a2\"", \""DisplayLabelName\"" : \""\"" }]""}"
/Game/Resources/Environments/Props/StartIsland/TableWooden/T_Table_Wooden_Basecolor,"{""AssetImportData"": ""[{ \""RelativeFilename\"" : \""../../../../../../Users/User/Downloads/table_wooden/Meshy_AI_Slatted_Wooden_Table_0903164406_texture_fbx/Meshy_AI_Slatted_Wooden_Table_0903164406_texture.fbm/texture_0.png\"", \""Timestamp\"" : \""1788453916\"", \""FileMD5\"" : \""4a19752151899efe5a2210a90db6329e\"", \""DisplayLabelName\"" : \""\"" }]""}"
/Game/Resources/Environments/Props/StartIsland/TableWooden/T_Table_Wooden_Normal,"{""AssetImportData"": ""[{ \""RelativeFilename\"" : \""../../../../../../Users/User/Downloads/table_wooden/Meshy_AI_Slatted_Wooden_Table_0903164406_texture_fbx/Meshy_AI_Slatted_Wooden_Table_0903164406_texture.fbm/texture_0_normal.png\"", \""Timestamp\"" : \""1788453916\"", \""FileMD5\"" : \""4b001b501561f5ba7e894262eba86868\"", \""DisplayLabelName\"" : \""\"" }]""}"
/Game/Resources/Environments/Props/StartIsland/TableWooden/T_Table_Wooden_Roughness,"{""AssetImportData"": ""[{ \""RelativeFilename\"" : \""../../../../../../Users/User/Downloads/table_wooden/Meshy_AI_Slatted_Wooden_Table_0903164406_texture_fbx/Meshy_AI_Slatted_Wooden_Table_0903164406_texture.fbm/texture_0_roughness.png\"", \""Timestamp\"" : \""1788453916\"", \""FileMD5\"" : \""b4843f20edb06b1f7fdd6c4e07d6a227\"", \""DisplayLabelName\"" : \""\"" }]""}"
/Game/Resources/Environments/Props/StartIsland/TalkingTree/MI_Talking_Tree,"{""AssetImportData"": ""[{ \""RelativeFilename\"" : \""../../../../../../Users/User/Downloads/talking_tree/Meshy_AI_Whimsywood_0902171834_texture_fbx/Meshy_AI_Whimsywood_0902171834_texture.fbx\"", \""Timestamp\"" : \""1788369516\"", \""FileMD5\"" : \""4ff3b914a0afa2505e63713fa10ddec1\"", \""DisplayLabelName\"" : \""\"" }]""}"
/Game/Resources/Environments/Props/StartIsland/TalkingTree/SM_Talking_Tree,"{""AssetImportData"": ""[{ \""RelativeFilename\"" : \""../../../../../../Users/User/Downloads/talking_tree/Meshy_AI_Whimsywood_0902171834_texture_fbx/Meshy_AI_Whimsywood_0902171834_texture.fbx\"", \""Timestamp\"" : \""1788369516\"", \""FileMD5\"" : \""4ff3b914a0afa2505e63713fa10ddec1\"", \""DisplayLabelName\"" : \""\"" }]""}"
/Game/Resources/Environments/Props/StartIsland/TalkingTree/T_Talking_Tree_Basecolor,"{""AssetImportData"": ""[{ \""RelativeFilename\"" : \""../../../../../../Users/User/Downloads/talking_tree/Meshy_AI_Whimsywood_0902171834_texture_fbx/Meshy_AI_Whimsywood_0902171834_texture.fbm/base_color.jpg\"", \""Timestamp\"" : \""1788369563\"", \""FileMD5\"" : \""5afd30015eb66529afa14bec74ec6ff1\"", \""DisplayLabelName\"" : \""\"" }]""}"
/Game/Resources/Environments/Props/StartIsland/TalkingTree/T_Talking_Tree_Normal,"{""AssetImportData"": ""[{ \""RelativeFilename\"" : \""../../../../../../Users/User/Downloads/talking_tree/Meshy_AI_Whimsywood_0902171834_texture_fbx/Meshy_AI_Whimsywood_0902171834_texture.fbm/normal.jpg\"", \""Timestamp\"" : \""1788369563\"", \""FileMD5\"" : \""995b86abd84aa5c4866d950f2735a012\"", \""DisplayLabelName\"" : \""\"" }]""}"
/Game/Resources/Environments/Props/StartIsland/TalkingTree/T_Talking_Tree_Roughness,"{""AssetImportData"": ""[{ \""RelativeFilename\"" : \""../../../../../../Users/User/Downloads/talking_tree/Meshy_AI_Whimsywood_0902171834_texture_fbx/Meshy_AI_Whimsywood_0902171834_texture.fbm/texture_0_roughness.png\"", \""Timestamp\"" : \""1788369563\"", \""FileMD5\"" : \""2bdafa0739f5a383b0aa6448dce55738\"", \""DisplayLabelName\"" : \""\"" }]""}"
/Game/Resources/Environments/Props/StartIsland/Tree/MI_Tree_Normal_A,"{""AssetImportData"": ""[{ \""RelativeFilename\"" : \""../../../../../../Users/User/Downloads/tree_normal/Meshy_AI_Golden_Canopy_0817142209_texture.fbx\"", \""Timestamp\"" : \""1786976532\"", \""FileMD5\"" : \""95d0a21bd2fd93a1c7f691702a43e8c8\"", \""DisplayLabelName\"" : \""\"" }]""}"
/Game/Resources/Environments/Props/StartIsland/Tree/SM_Tree_Normal_A,"{""AssetImportData"": ""[{ \""RelativeFilename\"" : \""../../../../../../Users/User/Downloads/tree_normal/Meshy_AI_Golden_Canopy_0817142209_texture.fbx\"", \""Timestamp\"" : \""1786976532\"", \""FileMD5\"" : \""95d0a21bd2fd93a1c7f691702a43e8c8\"", \""DisplayLabelName\"" : \""\"" }]""}"
/Game/Resources/Environments/Props/StartIsland/Tree/T_Tree_Normal_A,"{""AssetImportData"": ""[{ \""RelativeFilename\"" : \""../../../../../../Users/User/Downloads/tree_normal/Meshy_AI_Golden_Canopy_0817142209_texture.fbm/base_color.jpg\"", \""Timestamp\"" : \""1786976580\"", \""FileMD5\"" : \""1291a12cf89965c155283628a60b4b47\"", \""DisplayLabelName\"" : \""\"" }]""}"
/Game/Resources/Environments/Props/StartIsland/Tree/T_Tree_Normal_A_Normal,"{""AssetImportData"": ""[{ \""RelativeFilename\"" : \""../../../../../../Users/User/Downloads/tree_normal/Meshy_AI_Golden_Canopy_0817142209_texture.fbm/normal.jpg\"", \""Timestamp\"" : \""1786976580\"", \""FileMD5\"" : \""fb45c8857b57f9f48eba13bb583205b0\"", \""DisplayLabelName\"" : \""\"" }]""}"
/Game/Resources/Environments/Props/StartIsland/Tree/T_Tree_Normal_A_Roughness,"{""AssetImportData"": ""[{ \""RelativeFilename\"" : \""../../../../../../Users/User/Downloads/tree_normal/Meshy_AI_Golden_Canopy_0817142209_texture.fbm/texture_0_roughness.png\"", \""Timestamp\"" : \""1786976580\"", \""FileMD5\"" : \""40e35477651ab38013200d70cbc21ab0\"", \""DisplayLabelName\"" : \""\"" }]""}"
/Game/Resources/Environments/Props/StartIsland/WoodenBridge/wooden_bridge,"{""AssetImportData"": ""[{ \""RelativeFilename\"" : \""../../../../../../Users/User/Downloads/wooden_bridge.fbx\"", \""Timestamp\"" : \""1786641262\"", \""FileMD5\"" : \""e671028f4c21ff6c32696ec421df1eeb\"", \""DisplayLabelName\"" : \""\"" }]""}"
/Game/Resources/Fonts/HyliaSerifBeta-Regular,"{""AssetImportData"": ""[{ \""RelativeFilename\"" : \""../../../../../../Users/User/Downloads/Hylia Serif Beta v0-009/HyliaSerifBeta-Regular.otf\"", \""Timestamp\"" : \""-62135596800\"", \""FileMD5\"" : \""\"", \""DisplayLabelName\"" : \""\"" }]""}"
/Game/Resources/UI/Choice_Field,"{""AssetImportData"": ""[{ \""RelativeFilename\"" : \""../../../../../../Users/User/Downloads/Choice_Field.png\"", \""Timestamp\"" : \""1782054504\"", \""FileMD5\"" : \""cfa1fd080f60d55f4b606677ca05fa4a\"", \""DisplayLabelName\"" : \""\"" }]""}"
/Game/Resources/UI/coin_icon,"{""AssetImportData"": ""[{ \""RelativeFilename\"" : \""../../../../../../Users/User/Downloads/coin_icon.png\"", \""Timestamp\"" : \""1786286350\"", \""FileMD5\"" : \""e525568f8f1b40dbef6d50bd2631e61b\"", \""DisplayLabelName\"" : \""\"" }]""}"
/Game/Resources/UI/Description,"{""AssetImportData"": ""[{ \""RelativeFilename\"" : \""../../../../../../Users/User/Downloads/Description.png\"", \""Timestamp\"" : \""1780418416\"", \""FileMD5\"" : \""fb3c40a7a66b365dfe4c7587981eb91a\"", \""DisplayLabelName\"" : \""\"" }]""}"
/Game/Resources/UI/Dialogue_Field,"{""AssetImportData"": ""[{ \""RelativeFilename\"" : \""../../../../../../Users/User/Downloads/Dialogue_Field.png\"", \""Timestamp\"" : \""1782054374\"", \""FileMD5\"" : \""f26707e794ee924c606963437f191f17\"", \""DisplayLabelName\"" : \""\"" }]""}"
/Game/Resources/UI/TextBoxDownArrow,"{""AssetImportData"": ""[{ \""RelativeFilename\"" : \""../../../../../../Users/User/Downloads/TextBoxDownArrow.png\"", \""Timestamp\"" : \""1782054439\"", \""FileMD5\"" : \""c7db2343d4b9e06d0cdcfaa47b9c2144\"", \""DisplayLabelName\"" : \""\"" }]""}"
/Game/Resources/UI/Title_Background,"{""AssetImportData"": ""[{ \""RelativeFilename\"" : \""../../../../../../Users/User/Desktop/포트폴리오/Project Constellation/illust/Title_Background.png\"", \""Timestamp\"" : \""1785257333\"", \""FileMD5\"" : \""885da70a24fa46e14e3dcd7eb482184b\"", \""DisplayLabelName\"" : \""\"" }]""}"
/Game/Resources/UI/Tutorial_Attack,"{""AssetImportData"": ""[{ \""RelativeFilename\"" : \""../../../../../../Users/User/Downloads/Tutorial_Attack.png\"", \""Timestamp\"" : \""1785330733\"", \""FileMD5\"" : \""ddf0d6cd85d5ee398c2bb98c812b95d6\"", \""DisplayLabelName\"" : \""\"" }]""}"
/Game/Resources/UI/Tutorial_Interact,"{""AssetImportData"": ""[{ \""RelativeFilename\"" : \""../../../../../../Users/User/Downloads/Tutorial_Interact.png\"", \""Timestamp\"" : \""1785331595\"", \""FileMD5\"" : \""4cec2c5f93fa14e9ae9c2c582f074560\"", \""DisplayLabelName\"" : \""\"" }]""}"
/Game/Resources/UI/Tutorial_Jump,"{""AssetImportData"": ""[{ \""RelativeFilename\"" : \""../../../../../../Users/User/Downloads/Tutorial_Jump.png\"", \""Timestamp\"" : \""1785330593\"", \""FileMD5\"" : \""48ec87c12f0a21b75328f2fb9bdcf0f9\"", \""DisplayLabelName\"" : \""\"" }]""}"
/Game/Resources/UI/Tutorial_Move,"{""AssetImportData"": ""[{ \""RelativeFilename\"" : \""../../../../../../Users/User/Desktop/포트폴리오/Project Constellation/illust/Move_Tutorial.png\"", \""Timestamp\"" : \""1785259845\"", \""FileMD5\"" : \""2ce3126e21f4521c285301b99f8980c5\"", \""DisplayLabelName\"" : \""\"" }]""}"
/Game/Resources/UI/Tutorial_Transform,"{""AssetImportData"": ""[{ \""RelativeFilename\"" : \""../../../../../../Users/User/Downloads/Tutorial_Transform.png\"", \""Timestamp\"" : \""1785331176\"", \""FileMD5\"" : \""e0449dafe1d8fc94ec2ffb633dc0c866\"", \""DisplayLabelName\"" : \""\"" }]""}"
/Game/Resources/VFX/FXVarietyPack/EpicContent/Meshes/SM_Base,"{""AssetImportData"": ""[{ \""RelativeFilename\"" : \""../../../../ArtSource/Rocket/Samples/Demolets/DemoRoom/Room/SM_Base.FBX\"", \""Timestamp\"" : \""1392923562\"", \""FileMD5\"" : \""\"", \""DisplayLabelName\"" : \""\"" }]""}"
/Game/Resources/VFX/FXVarietyPack/EpicContent/Meshes/SM_Base2,"{""AssetImportData"": ""[{ \""RelativeFilename\"" : \""../../../../ArtSource/Rocket/Samples/Demolets/DemoRoom/Room/SM_Base2.FBX\"", \""Timestamp\"" : \""1392924068\"", \""FileMD5\"" : \""\"", \""DisplayLabelName\"" : \""\"" }]""}"
/Game/Resources/VFX/FXVarietyPack/EpicContent/Meshes/SM_BaseRoom,"{""AssetImportData"": ""[{ \""RelativeFilename\"" : \""../../../../ArtSource/Rocket/Samples/Demolets/DemoRoom/Room/SM_BaseRoom.FBX\"", \""Timestamp\"" : \""1392924446\"", \""FileMD5\"" : \""\"", \""DisplayLabelName\"" : \""\"" }]""}"
/Game/Resources/VFX/FXVarietyPack/EpicContent/Meshes/SM_Base_FlatWall,"{""AssetImportData"": ""[{ \""RelativeFilename\"" : \""../../../../../Tech/mathhall/SM_Base_FlatWall.FBX\"", \""Timestamp\"" : \""1395780213\"", \""FileMD5\"" : \""\"", \""DisplayLabelName\"" : \""\"" }]""}"
/Game/Resources/VFX/FXVarietyPack/EpicContent/Meshes/SM_DemoDivider1,"{""AssetImportData"": ""[{ \""RelativeFilename\"" : \""../../../../ArtSource/Rocket/Samples/Demolets/DemoRoom/Room/SM_DemoDivider_1.FBX\"", \""Timestamp\"" : \""1392929291\"", \""FileMD5\"" : \""\"", \""DisplayLabelName\"" : \""\"" }]""}"
/Game/Resources/VFX/FXVarietyPack/EpicContent/Meshes/SM_DemoDivider2,"{""AssetImportData"": ""[{ \""RelativeFilename\"" : \""../../../../ArtSource/Rocket/Samples/Demolets/DemoRoom/Room/SM_DemoDivider_2.FBX\"", \""Timestamp\"" : \""1392929498\"", \""FileMD5\"" : \""\"", \""DisplayLabelName\"" : \""\"" }]""}"
/Game/Resources/VFX/FXVarietyPack/EpicContent/Meshes/SM_DemoRoomBackWall,"{""AssetImportData"": ""[{ \""RelativeFilename\"" : \""../../../../ArtSource/Rocket/Samples/Demolets/DemoRoom/Room/SM_DemoRoomBackWall.FBX\"", \""Timestamp\"" : \""1392931075\"", \""FileMD5\"" : \""\"", \""DisplayLabelName\"" : \""\"" }]""}"
/Game/Resources/VFX/FXVarietyPack/EpicContent/Meshes/SM_DemoRoomBackWall2,"{""AssetImportData"": ""[{ \""RelativeFilename\"" : \""../../../../ArtSource/Rocket/Samples/Demolets/DemoRoom/Room/SM_DemoRoomBackWall2.FBX\"", \""Timestamp\"" : \""1392931064\"", \""FileMD5\"" : \""\"", \""DisplayLabelName\"" : \""\"" }]""}"
/Game/Resources/VFX/FXVarietyPack/EpicContent/Meshes/SM_DemoRoomClamp,"{""AssetImportData"": ""[{ \""RelativeFilename\"" : \""../../../../ArtSource/Rocket/Samples/Demolets/DemoRoom/Room/SM_DemoRoomClamp.FBX\"", \""Timestamp\"" : \""1392931483\"", \""FileMD5\"" : \""\"", \""DisplayLabelName\"" : \""\"" }]""}"
/Game/Resources/VFX/FXVarietyPack/EpicContent/Meshes/SM_DemoRoomClamp2,"{""AssetImportData"": ""[{ \""RelativeFilename\"" : \""../../../../ArtSource/Rocket/Samples/Demolets/DemoRoom/Room/SM_DemoRoomClamp2.FBX\"", \""Timestamp\"" : \""1392929976\"", \""FileMD5\"" : \""\"", \""DisplayLabelName\"" : \""\"" }]""}"
/Game/Resources/VFX/FXVarietyPack/EpicContent/Meshes/SM_DemoRoomL,"{""AssetImportData"": ""[{ \""RelativeFilename\"" : \""../../../../ArtSource/Rocket/Samples/Demolets/DemoRoom/Room/SM_DemoRoomL.FBX\"", \""Timestamp\"" : \""1392932881\"", \""FileMD5\"" : \""\"", \""DisplayLabelName\"" : \""\"" }]""}"
/Game/Resources/VFX/FXVarietyPack/EpicContent/Meshes/SM_DemoRoomLTrim,"{""AssetImportData"": ""[{ \""RelativeFilename\"" : \""../../../../ArtSource/Rocket/Samples/Demolets/DemoRoom/Room/SM_DemoRoomLTrim.FBX\"", \""Timestamp\"" : \""1392930709\"", \""FileMD5\"" : \""\"", \""DisplayLabelName\"" : \""\"" }]""}"
/Game/Resources/VFX/FXVarietyPack/EpicContent/Meshes/SM_DemoRoomTrim,"{""AssetImportData"": ""[{ \""RelativeFilename\"" : \""../../../../ArtSource/Rocket/Samples/Demolets/DemoRoom/Room/SM_DemoRoomTrim.FBX\"", \""Timestamp\"" : \""1392931403\"", \""FileMD5\"" : \""\"", \""DisplayLabelName\"" : \""\"" }]""}"
/Game/Resources/VFX/FXVarietyPack/EpicContent/Meshes/SM_DemoRoomTrim2,"{""AssetImportData"": ""[{ \""RelativeFilename\"" : \""../../../../ArtSource/Rocket/Samples/Demolets/DemoRoom/Room/SM_DemoRoomTrim2.FBX\"", \""Timestamp\"" : \""1392930786\"", \""FileMD5\"" : \""\"", \""DisplayLabelName\"" : \""\"" }]""}"
/Game/Resources/VFX/FXVarietyPack/EpicContent/Meshes/SM_DemoRoomTrimAdd,"{""AssetImportData"": ""[{ \""RelativeFilename\"" : \""../../../../ArtSource/Rocket/Samples/Demolets/DemoRoom/Room/SM_DemoRoomTrimAdd.FBX\"", \""Timestamp\"" : \""1392930193\"", \""FileMD5\"" : \""\"", \""DisplayLabelName\"" : \""\"" }]""}"
/Game/Resources/VFX/FXVarietyPack/EpicContent/Meshes/SM_DemoRoomU,"{""AssetImportData"": ""[{ \""RelativeFilename\"" : \""../../../../ArtSource/Rocket/Samples/Demolets/DemoRoom/Room/SM_DemoRoomU.FBX\"", \""Timestamp\"" : \""1392930499\"", \""FileMD5\"" : \""\"", \""DisplayLabelName\"" : \""\"" }]""}"
/Game/Resources/VFX/FXVarietyPack/EpicContent/Meshes/SM_DemoRoomU2,"{""AssetImportData"": ""[{ \""RelativeFilename\"" : \""../../../../ArtSource/Rocket/Samples/Demolets/DemoRoom/Room/SM_DemoRoomU2.FBX\"", \""Timestamp\"" : \""1392930449\"", \""FileMD5\"" : \""\"", \""DisplayLabelName\"" : \""\"" }]""}"
/Game/Resources/VFX/FXVarietyPack/EpicContent/Meshes/SM_DemoRoomU_Hole,"{""AssetImportData"": ""[{ \""RelativeFilename\"" : \""../../../../ArtSource/Rocket/Samples/Demolets/DemoRoom/Room/SM_DemoRoomU_Hole.FBX\"", \""Timestamp\"" : \""1392930565\"", \""FileMD5\"" : \""\"", \""DisplayLabelName\"" : \""\"" }]""}"
/Game/Resources/VFX/FXVarietyPack/EpicContent/Meshes/SM_NamePlate,"{""AssetImportData"": ""[{ \""RelativeFilename\"" : \""../../../../ArtSource/Rocket/Samples/Demolets/DemoRoom/Room/SM_NamePlate.FBX\"", \""Timestamp\"" : \""1392924628\"", \""FileMD5\"" : \""\"", \""DisplayLabelName\"" : \""\"" }]""}"
/Game/Resources/VFX/FXVarietyPack/EpicContent/Meshes/SM_URoom_Wall,"{""AssetImportData"": ""[{ \""RelativeFilename\"" : \""../../../../ArtSource/Rocket/Samples/Demolets/DemoRoom/Room/SM_URoom_Wall.FBX\"", \""Timestamp\"" : \""1392931031\"", \""FileMD5\"" : \""\"", \""DisplayLabelName\"" : \""\"" }]""}"
/Game/Resources/VFX/FXVarietyPack/EpicContent/Meshes/SM_URoom_Wall2,"{""AssetImportData"": ""[{ \""RelativeFilename\"" : \""../../../../ArtSource/Rocket/Samples/Demolets/DemoRoom/Room/SM_URoom_Wall2.FBX\"", \""Timestamp\"" : \""1392930954\"", \""FileMD5\"" : \""\"", \""DisplayLabelName\"" : \""\"" }]""}"
/Game/Resources/VFX/FXVarietyPack/EpicContent/Textures/T_Pattern_M,"{""AssetImportData"": ""[{ \""RelativeFilename\"" : \""../../../../../Rocket Art Source Files/1_Demolet/Room/T_Pattern_M.psd\"", \""Timestamp\"" : \""-2006054656\"", \""FileMD5\"" : \""\"", \""DisplayLabelName\"" : \""\"" }]""}"
/Game/Resources/VFX/FXVarietyPack/EpicContent/Textures/T_RoomTiles_M,"{""AssetImportData"": ""[{ \""RelativeFilename\"" : \""../../../../../Rocket Art Source Files/1_Demolet/Room/T_RoomTiles_M.psd\"", \""Timestamp\"" : \""-2006054656\"", \""FileMD5\"" : \""\"", \""DisplayLabelName\"" : \""\"" }]""}"
/Game/Resources/VFX/FXVarietyPack/EpicContent/Textures/T_RoomTiles_N,"{""AssetImportData"": ""[{ \""RelativeFilename\"" : \""../../../../../Rocket Art Source Files/1_Demolet/Room/T_RoomTiles_N.psd\"", \""Timestamp\"" : \""-2006054656\"", \""FileMD5\"" : \""\"", \""DisplayLabelName\"" : \""\"" }]""}"
/Game/Resources/VFX/FXVarietyPack/EpicContent/Textures/T_UnrealEngineDecal,"{""AssetImportData"": ""[{ \""RelativeFilename\"" : \""../../../../../Rocket Art Source Files/1_Demolet/Room/T_UnrealEngineDecal.psd\"", \""Timestamp\"" : \""-2006054656\"", \""FileMD5\"" : \""\"", \""DisplayLabelName\"" : \""\"" }]""}"
/Game/Resources/VFX/FXVarietyPack/Meshes/SM_ky_auraWall_distB_kai,"{""AssetImportData"": ""[{ \""RelativeFilename\"" : \""../../../../../../t19999/Desktop/01_desk/3d/140820_particle_base/SM_auraWall_distB_kai.fbx\"", \""Timestamp\"" : \""1455532804\"", \""FileMD5\"" : \""\"", \""DisplayLabelName\"" : \""\"" }]""}"
/Game/Resources/VFX/FXVarietyPack/Meshes/SM_ky_circleDist06,"{""AssetImportData"": ""[{ \""RelativeFilename\"" : \""../../../../../../t19999/Desktop/01_desk/3d/140820_particle_base/SM_ky_circleDist06.fbx\"", \""Timestamp\"" : \""1476608250\"", \""FileMD5\"" : \""784fc1d40076672418e9e36375b4a2b5\"", \""DisplayLabelName\"" : \""\"" }]""}"
/Game/Resources/VFX/FXVarietyPack/Meshes/SM_ky_cylinderBend07,"{""AssetImportData"": ""[{ \""RelativeFilename\"" : \""../../../../../../t19999/Desktop/01_desk/3d/140820_particle_base/SM_ky_cylinderBend07.fbx\"", \""Timestamp\"" : \""1481008548\"", \""FileMD5\"" : \""19b484481918c716efd8fea8e7945f9f\"", \""DisplayLabelName\"" : \""\"" }]""}"
/Game/Resources/VFX/FXVarietyPack/Meshes/SM_ky_cylinder_lowPoly_dist,"{""AssetImportData"": ""[{ \""RelativeFilename\"" : \""../../../../../../t19999/Desktop/01_desk/3d/140820_particle_base/SM_ky_cylinder_lowPoly_dist.fbx\"", \""Timestamp\"" : \""1464740275\"", \""FileMD5\"" : \""a0f721f27fcb0e0acb41c72fafa943bd\"", \""DisplayLabelName\"" : \""\"" }]""}"
/Game/Resources/VFX/FXVarietyPack/Meshes/SM_ky_cylinder_superLow,"{""AssetImportData"": ""[{ \""RelativeFilename\"" : \""../../../../../../t19999/Desktop/01_desk/3d/140820_particle_base/SM_ky_circle_superLow.fbx\"", \""Timestamp\"" : \""1458886442\"", \""FileMD5\"" : \""5040145001100020d020205000500050\"", \""DisplayLabelName\"" : \""\"" }]""}"
/Game/Resources/VFX/FXVarietyPack/Meshes/SM_ky_planeBend,"{""AssetImportData"": ""[{ \""RelativeFilename\"" : \""../../../../../../t19999/Desktop/01_desk/3d/140820_particle_base/SM_ky_planeBend.fbx\"", \""Timestamp\"" : \""1462951985\"", \""FileMD5\"" : \""be6722fb88be58584f030227b99130d1\"", \""DisplayLabelName\"" : \""\"" }]""}"
/Game/Resources/VFX/FXVarietyPack/Meshes/SM_ky_quads,"{""AssetImportData"": ""[{ \""RelativeFilename\"" : \""../../../../../../t19999/Desktop/01_desk/3d/140820_particle_base/SM_ky_quads.fbx\"", \""Timestamp\"" : \""1464091353\"", \""FileMD5\"" : \""c48c7ea7c94ca21edef8bc9c28f5d7bd\"", \""DisplayLabelName\"" : \""\"" }]""}"
/Game/Resources/VFX/FXVarietyPack/Meshes/SM_ky_quad_centerRot,"{""AssetImportData"": ""[{ \""RelativeFilename\"" : \""../../../../../../t19999/Desktop/01_desk/3d/140820_particle_base/SM_quad_centerRot.fbx\"", \""Timestamp\"" : \""1454824028\"", \""FileMD5\"" : \""\"", \""DisplayLabelName\"" : \""\"" }]""}"
/Game/Resources/VFX/FXVarietyPack/Meshes/SM_ky_tornado07,"{""AssetImportData"": ""[{ \""RelativeFilename\"" : \""../../../../../../t19999/Desktop/01_desk/3d/140820_particle_base/SM_ky_tornado07.fbx\"", \""Timestamp\"" : \""1540069152\"", \""FileMD5\"" : \""cc99f4fb75c1a934bf29e72111b5b416\"", \""DisplayLabelName\"" : \""\"" }]""}"
/Game/Resources/VFX/FXVarietyPack/Meshes/SM_ky_windSmokeVertRot,"{""AssetImportData"": ""[{ \""RelativeFilename\"" : \""../../../../../../t19999/Desktop/01_desk/3d/140820_particle_base/SM_ky_windSmokeVertRot.fbx\"", \""Timestamp\"" : \""1460759187\"", \""FileMD5\"" : \""b7b89389c45ad2722b60f3a8c824de4f\"", \""DisplayLabelName\"" : \""\"" }]""}"
/Game/Resources/VFX/FXVarietyPack/Textures/T_ky_aura011_4x4,"{""AssetImportData"": ""[{ \""RelativeFilename\"" : \""../../../../../../t19999/Desktop/material/tmp/T_ky_aura101_4x4.png\"", \""Timestamp\"" : \""1540597630\"", \""FileMD5\"" : \""d08d5a633a7b471058f69f68d8d33cab\"", \""DisplayLabelName\"" : \""\"" }]""}"
/Game/Resources/VFX/FXVarietyPack/Textures/T_ky_auraWallWhite_4x4,"{""AssetImportData"": ""[{ \""RelativeFilename\"" : \""../../../../../../t19999/Desktop/prj_unity/140820_particleCreate/Assets/Textures/cartoon/v2/auraWallWhite_4x4.png\"", \""Timestamp\"" : \""-2006054656\"", \""FileMD5\"" : \""\"", \""DisplayLabelName\"" : \""\"" }]""}"
/Game/Resources/VFX/FXVarietyPack/Textures/T_ky_bg,"{""AssetImportData"": ""[{ \""RelativeFilename\"" : \""../../../../../../t19999/Desktop/T_ky_bg.png\"", \""Timestamp\"" : \""-2006054656\"", \""FileMD5\"" : \""\"", \""DisplayLabelName\"" : \""\"" }]""}"
/Game/Resources/VFX/FXVarietyPack/Textures/T_ky_bg_LC,"{""AssetImportData"": ""[{ \""RelativeFilename\"" : \""../../../../../../t19999/Desktop/T_ky_bg.png\"", \""Timestamp\"" : \""-2006054656\"", \""FileMD5\"" : \""\"", \""DisplayLabelName\"" : \""\"" }]""}"
/Game/Resources/VFX/FXVarietyPack/Textures/T_ky_chantDecoC,"{""AssetImportData"": ""[{ \""RelativeFilename\"" : \""../../../../../../t19999/Desktop/T_ky_chantB.png\"", \""Timestamp\"" : \""1458344703\"", \""FileMD5\"" : \""5000340001200000d010200000000000\"", \""DisplayLabelName\"" : \""\"" }]""}"
/Game/Resources/VFX/FXVarietyPack/Textures/T_ky_circle01_4x4,"{""AssetImportData"": ""[{ \""RelativeFilename\"" : \""../../../../../../t19999/Desktop/T_ky_circle01_4x4.png\"", \""Timestamp\"" : \""1469351502\"", \""FileMD5\"" : \""eab4d1123cf3df0fa41350a1ae60546b\"", \""DisplayLabelName\"" : \""\"" }]""}"
/Game/Resources/VFX/FXVarietyPack/Textures/T_ky_circle9_4x4,"{""AssetImportData"": ""[{ \""RelativeFilename\"" : \""../../../../../../t19999/Desktop/prj_unity/140820_particleCreate/Assets/Textures/FP/mepVol4/circle9_4x4.png\"", \""Timestamp\"" : \""-2006054656\"", \""FileMD5\"" : \""\"", \""DisplayLabelName\"" : \""\"" }]""}"
/Game/Resources/VFX/FXVarietyPack/Textures/T_ky_circleDust,"{""AssetImportData"": ""[{ \""RelativeFilename\"" : \""../../../../../../t19999/Desktop/prj_unity/140820_particleCreate/Assets/Textures/kiseki/circleDust.png\"", \""Timestamp\"" : \""-2006054656\"", \""FileMD5\"" : \""\"", \""DisplayLabelName\"" : \""\"" }]""}"
/Game/Resources/VFX/FXVarietyPack/Textures/T_ky_decoLines,"{""AssetImportData"": ""[{ \""RelativeFilename\"" : \""../../../../../../t19999/Desktop/prj_unreal/pic/decoLines.png\"", \""Timestamp\"" : \""-2006054656\"", \""FileMD5\"" : \""\"", \""DisplayLabelName\"" : \""\"" }]""}"
/Game/Resources/VFX/FXVarietyPack/Textures/T_ky_decoLinesB,"{""AssetImportData"": ""[{ \""RelativeFilename\"" : \""../../../../../../t19999/Desktop/prj_unreal/pic/decoLinesB.png\"", \""Timestamp\"" : \""-2006054656\"", \""FileMD5\"" : \""\"", \""DisplayLabelName\"" : \""\"" }]""}"
/Game/Resources/VFX/FXVarietyPack/Textures/T_ky_deco_doom,"{""AssetImportData"": ""[{ \""RelativeFilename\"" : \""../../../../../../t19999/Desktop/deco_samp.png\"", \""Timestamp\"" : \""-2006054656\"", \""FileMD5\"" : \""\"", \""DisplayLabelName\"" : \""\"" }]""}"
/Game/Resources/VFX/FXVarietyPack/Textures/T_ky_deco_rainbow,"{""AssetImportData"": ""[{ \""RelativeFilename\"" : \""../../../../../../t19999/Desktop/prj_unreal/pic/deco_rainbow.png\"", \""Timestamp\"" : \""-2006054656\"", \""FileMD5\"" : \""\"", \""DisplayLabelName\"" : \""\"" }]""}"
/Game/Resources/VFX/FXVarietyPack/Textures/T_ky_dist_noise,"{""AssetImportData"": ""[{ \""RelativeFilename\"" : \""../../../../../../t19999/Desktop/T_ky_dist_noise.TGA\"", \""Timestamp\"" : \""1499812265\"", \""FileMD5\"" : \""768dac4bf6698321b38c96628f0c8d50\"", \""DisplayLabelName\"" : \""\"" }]""}"
/Game/Resources/VFX/FXVarietyPack/Textures/T_ky_dust01_4x4,"{""AssetImportData"": ""[{ \""RelativeFilename\"" : \""../../../../../../t19999/Desktop/T_ky_dust01_4x4.png\"", \""Timestamp\"" : \""1468496765\"", \""FileMD5\"" : \""a844164c458c232a80ef9a49f4303afa\"", \""DisplayLabelName\"" : \""\"" }]""}"
/Game/Resources/VFX/FXVarietyPack/Textures/T_ky_dust_longStar,"{""AssetImportData"": ""[{ \""RelativeFilename\"" : \""../../../../../../t19999/Desktop/prj_unreal/00pic/dust_longStar.png\"", \""Timestamp\"" : \""-2006054656\"", \""FileMD5\"" : \""\"", \""DisplayLabelName\"" : \""\"" }]""}"
/Game/Resources/VFX/FXVarietyPack/Textures/T_ky_flare25_4x4,"{""AssetImportData"": ""[{ \""RelativeFilename\"" : \""../../../../../../t19999/Desktop/material/tmp/T_ky_flare25_4x4.png\"", \""Timestamp\"" : \""1540534129\"", \""FileMD5\"" : \""92f1647ab271f35231782d4048e9affb\"", \""DisplayLabelName\"" : \""\"" }]""}"
/Game/Resources/VFX/FXVarietyPack/Textures/T_ky_flare3,"{""AssetImportData"": ""[{ \""RelativeFilename\"" : \""../../../../../../t19999/Desktop/T_ky_flare3.png\"", \""Timestamp\"" : \""1464071730\"", \""FileMD5\"" : \""5789290eb8928e44dd35035f5d7d15a1\"", \""DisplayLabelName\"" : \""\"" }]""}"
/Game/Resources/VFX/FXVarietyPack/Textures/T_ky_flareVert,"{""AssetImportData"": ""[{ \""RelativeFilename\"" : \""../../../../../../t19999/Desktop/prj_unreal/00pic/T_ky_flareVert.png\"", \""Timestamp\"" : \""1463919056\"", \""FileMD5\"" : \""56c62ee9e687f9f3b8294cc794d32188\"", \""DisplayLabelName\"" : \""\"" }]""}"
/Game/Resources/VFX/FXVarietyPack/Textures/T_ky_flareVertical02,"{""AssetImportData"": ""[{ \""RelativeFilename\"" : \""../../../../../../t19999/Desktop/T_ky_flareVertical02.png\"", \""Timestamp\"" : \""1477484793\"", \""FileMD5\"" : \""eea88f451d576519cc4ab66819f501bc\"", \""DisplayLabelName\"" : \""\"" }]""}"
/Game/Resources/VFX/FXVarietyPack/Textures/T_ky_flareVertical03_4x4,"{""AssetImportData"": ""[{ \""RelativeFilename\"" : \""../../../../../../t19999/Desktop/T_ky_fire06_4x4.png\"", \""Timestamp\"" : \""1486201016\"", \""FileMD5\"" : \""69c128653240b37ce712140cc422e4aa\"", \""DisplayLabelName\"" : \""\"" }]""}"
/Game/Resources/VFX/FXVarietyPack/Textures/T_ky_flare_a,"{""AssetImportData"": ""[{ \""RelativeFilename\"" : \""../../../../../../t19999/Desktop/prj_unreal/pic/flare.png\"", \""Timestamp\"" : \""-2006054656\"", \""FileMD5\"" : \""\"", \""DisplayLabelName\"" : \""\"" }]""}"
/Game/Resources/VFX/FXVarietyPack/Textures/T_ky_lightning02_4x4,"{""AssetImportData"": ""[{ \""RelativeFilename\"" : \""../../../../../../t19999/Desktop/material/tmp/T_ky_lightning02_4x4.png\"", \""Timestamp\"" : \""1540281589\"", \""FileMD5\"" : \""16ae5ba612b57c12fd2ec7da8c4f6073\"", \""DisplayLabelName\"" : \""\"" }]""}"
/Game/Resources/VFX/FXVarietyPack/Textures/T_ky_lightningDust01_4x4,"{""AssetImportData"": ""[{ \""RelativeFilename\"" : \""../../../../../../t19999/Desktop/material/tmp/T_ky_lightningDust_4x4.png\"", \""Timestamp\"" : \""1540295636\"", \""FileMD5\"" : \""b8396391a995b48d6661c426023f6f4b\"", \""DisplayLabelName\"" : \""\"" }]""}"
/Game/Resources/VFX/FXVarietyPack/Textures/T_ky_magicCircle020,"{""AssetImportData"": ""[{ \""RelativeFilename\"" : \""../../../../../../t19999/Desktop/T_ky_magicCircle20.png\"", \""Timestamp\"" : \""1540444777\"", \""FileMD5\"" : \""b988cf4cbaab302fd33e1fef0bdd8668\"", \""DisplayLabelName\"" : \""\"" }]""}"
/Game/Resources/VFX/FXVarietyPack/Textures/T_ky_maskCircle,"{""AssetImportData"": ""[{ \""RelativeFilename\"" : \""../../../../../../t19999/Desktop/prj_unreal/00pic/maskCircle.png\"", \""Timestamp\"" : \""-2006054656\"", \""FileMD5\"" : \""\"", \""DisplayLabelName\"" : \""\"" }]""}"
/Game/Resources/VFX/FXVarietyPack/Textures/T_ky_maskRGB3,"{""AssetImportData"": ""[{ \""RelativeFilename\"" : \""../../../../../../t19999/Desktop/prj_unreal/00pic/maskRGB3.png\"", \""Timestamp\"" : \""1465779026\"", \""FileMD5\"" : \""d1952261d23579cfebb0d0cbe2951bc2\"", \""DisplayLabelName\"" : \""\"" }]""}"
/Game/Resources/VFX/FXVarietyPack/Textures/T_ky_maskRGB5,"{""AssetImportData"": ""[{ \""RelativeFilename\"" : \""../../../../../../t19999/Desktop/prj_unreal/00pic/T_ky_maskRGB5.png\"", \""Timestamp\"" : \""1461311238\"", \""FileMD5\"" : \""1afd601170a56eaddf59c7feb254a8b9\"", \""DisplayLabelName\"" : \""\"" }]""}"
/Game/Resources/VFX/FXVarietyPack/Textures/T_ky_noise,"{""AssetImportData"": ""[{ \""RelativeFilename\"" : \""../../../../../../t19999/Desktop/prj_unreal/pic/noise.png\"", \""Timestamp\"" : \""-2006054656\"", \""FileMD5\"" : \""\"", \""DisplayLabelName\"" : \""\"" }]""}"
/Game/Resources/VFX/FXVarietyPack/Textures/T_ky_noise13_sml_nor,"{""AssetImportData"": ""[{ \""RelativeFilename\"" : \""../../../../../../t19999/Desktop/prj_unreal/00pic/T_ky_noise13_sml_nor.png\"", \""Timestamp\"" : \""1459385900\"", \""FileMD5\"" : \""c775d626606ef90af63ae3c1821eeff1\"", \""DisplayLabelName\"" : \""\"" }]""}"
/Game/Resources/VFX/FXVarietyPack/Textures/T_ky_noise17,"{""AssetImportData"": ""[{ \""RelativeFilename\"" : \""../../../../../../t19999/Desktop/T_ky_noise17.png\"", \""Timestamp\"" : \""1540181614\"", \""FileMD5\"" : \""64771bc9b0f4c4dff11b2faf6ee480e8\"", \""DisplayLabelName\"" : \""\"" }]""}"
/Game/Resources/VFX/FXVarietyPack/Textures/T_ky_noise3,"{""AssetImportData"": ""[{ \""RelativeFilename\"" : \""../../../../../../t19999/Desktop/prj_unreal/pic/noise3.png\"", \""Timestamp\"" : \""-2006054656\"", \""FileMD5\"" : \""\"", \""DisplayLabelName\"" : \""\"" }]""}"
/Game/Resources/VFX/FXVarietyPack/Textures/T_ky_noise4,"{""AssetImportData"": ""[{ \""RelativeFilename\"" : \""../../../../../../t19999/Desktop/prj_unreal/pic/noise4.png\"", \""Timestamp\"" : \""-2006054656\"", \""FileMD5\"" : \""\"", \""DisplayLabelName\"" : \""\"" }]""}"
/Game/Resources/VFX/FXVarietyPack/Textures/T_ky_noise5,"{""AssetImportData"": ""[{ \""RelativeFilename\"" : \""../../../../../../t19999/Desktop/prj_unreal/pic/noise5.png\"", \""Timestamp\"" : \""-2006054656\"", \""FileMD5\"" : \""\"", \""DisplayLabelName\"" : \""\"" }]""}"
/Game/Resources/VFX/FXVarietyPack/Textures/T_ky_noise6,"{""AssetImportData"": ""[{ \""RelativeFilename\"" : \""../../../../../../t19999/Desktop/prj_unreal/pic/noise6.png\"", \""Timestamp\"" : \""-2006054656\"", \""FileMD5\"" : \""\"", \""DisplayLabelName\"" : \""\"" }]""}"
/Game/Resources/VFX/FXVarietyPack/Textures/T_ky_shine01_4x4,"{""AssetImportData"": ""[{ \""RelativeFilename\"" : \""../../../../../../t19999/Desktop/T_ky_shine01_4x4.png\"", \""Timestamp\"" : \""1479858019\"", \""FileMD5\"" : \""5f64401a8fa39b151424dfac566327f8\"", \""DisplayLabelName\"" : \""\"" }]""}"
/Game/Resources/VFX/FXVarietyPack/Textures/T_ky_shockWave03_4x4,"{""AssetImportData"": ""[{ \""RelativeFilename\"" : \""../../../../../../t19999/Desktop/T_ky_shockWave03_4x4.png\"", \""Timestamp\"" : \""1470464975\"", \""FileMD5\"" : \""f438cad75b92d8613389c9dad87436ee\"", \""DisplayLabelName\"" : \""\"" }]""}"
/Game/Resources/VFX/FXVarietyPack/Textures/T_ky_shockwave10_4x4,"{""AssetImportData"": ""[{ \""RelativeFilename\"" : \""../../../../../../t19999/Desktop/T_ky_shockwave10_4x4.png\"", \""Timestamp\"" : \""1486424540\"", \""FileMD5\"" : \""dbed7e79da516bf57740f5d88bdb6898\"", \""DisplayLabelName\"" : \""\"" }]""}"
/Game/Resources/VFX/FXVarietyPack/Textures/T_ky_shockwave12_4x4,"{""AssetImportData"": ""[{ \""RelativeFilename\"" : \""../../../../../../t19999/Desktop/material/tmp/T_ky_shockwave12_4x4.png\"", \""Timestamp\"" : \""1541156009\"", \""FileMD5\"" : \""e79f8b19acedf2b8822a70a354378444\"", \""DisplayLabelName\"" : \""\"" }]""}"
/Game/Resources/VFX/FXVarietyPack/Textures/T_ky_smoke03,"{""AssetImportData"": ""[{ \""RelativeFilename\"" : \""../../../../../../t19999/Desktop/T_ky_smoke03.png\"", \""Timestamp\"" : \""1470116033\"", \""FileMD5\"" : \""61afe36845ac910ede8b3c9f0ac7e279\"", \""DisplayLabelName\"" : \""\"" }]""}"
/Game/Resources/VFX/FXVarietyPack/Textures/T_ky_smoke1,"{""AssetImportData"": ""[{ \""RelativeFilename\"" : \""../../../../../../t19999/Desktop/T_ky_smoke1.png\"", \""Timestamp\"" : \""1464219493\"", \""FileMD5\"" : \""385fae5d1494ae6ec9a745789a2e9570\"", \""DisplayLabelName\"" : \""\"" }]""}"
/Game/Resources/VFX/FXVarietyPack/Textures/T_ky_smoke2,"{""AssetImportData"": ""[{ \""RelativeFilename\"" : \""../../../../../../t19999/Desktop/prj_unreal/pic/smoke2.png\"", \""Timestamp\"" : \""-2006054656\"", \""FileMD5\"" : \""\"", \""DisplayLabelName\"" : \""\"" }]""}"
/Game/Resources/VFX/FXVarietyPack/Textures/T_ky_smoke_kai,"{""AssetImportData"": ""[{ \""RelativeFilename\"" : \""../../../../../../t19999/Desktop/prj_unreal/pic/smoke_kai.png\"", \""Timestamp\"" : \""-2006054656\"", \""FileMD5\"" : \""\"", \""DisplayLabelName\"" : \""\"" }]""}"
/Game/Resources/VFX/FXVarietyPack/Textures/T_ky_stone02_2x2,"{""AssetImportData"": ""[{ \""RelativeFilename\"" : \""../../../../../../t19999/Desktop/T_ky_stone02_2x2.png\"", \""Timestamp\"" : \""1470728756\"", \""FileMD5\"" : \""490a4ca950345fb55ce5de80677d3848\"", \""DisplayLabelName\"" : \""\"" }]""}"
/Game/Resources/VFX/FXVarietyPack/Textures/T_ky_vortex04_4x4,"{""AssetImportData"": ""[{ \""RelativeFilename\"" : \""../../../../../../t19999/Desktop/T_ky_vortex04_4x4.png\"", \""Timestamp\"" : \""1470894325\"", \""FileMD5\"" : \""b925340c54db3b9b0770178e24ce5627\"", \""DisplayLabelName\"" : \""\"" }]""}"
/Game/Resources/VFX/LightShaftGenie/Meshes/SM_LightBeam_Cone,"{""AssetImportData"": ""[{ \""RelativeFilename\"" : \""D:/CG/Personal Projects/LightshaftGenie/SM_LightBeam_Cone.fbx\"", \""Timestamp\"" : \""1724172792\"", \""FileMD5\"" : \""f13dfa1da426de4708e96440f2a24f9c\"", \""DisplayLabelName\"" : \""\"" }]""}"
/Game/Resources/VFX/LightShaftGenie/Meshes/SM_LightBeam_Cube,"{""AssetImportData"": ""[{ \""RelativeFilename\"" : \""D:/CG/Personal Projects/LightshaftGenie/SM_LightBeam_Cube.fbx\"", \""Timestamp\"" : \""1724172811\"", \""FileMD5\"" : \""d380fd8fcd343296f7f8df457677b9e6\"", \""DisplayLabelName\"" : \""\"" }]""}"
/Game/Resources/VFX/LightShaftGenie/Meshes/SM_LightBeam_Cube_Tape,"{""AssetImportData"": ""[{ \""RelativeFilename\"" : \""D:/CG/Personal Projects/LightshaftGenie/SM_LightBeam_Cube_Tape.fbx\"", \""Timestamp\"" : \""1724197526\"", \""FileMD5\"" : \""d3addeb54bce95d00de5fe1a52b7ee4e\"", \""DisplayLabelName\"" : \""\"" }]""}"
/Game/Resources/VFX/LightShaftGenie/Meshes/SM_LightBeam_Cylinder,"{""AssetImportData"": ""[{ \""RelativeFilename\"" : \""D:/CG/Personal Projects/LightshaftGenie/SM_LightBeam_Cylinder.fbx\"", \""Timestamp\"" : \""1724172841\"", \""FileMD5\"" : \""eb77561a24b3fc699c0d31917be50d6c\"", \""DisplayLabelName\"" : \""\"" }]""}"
/Game/Resources/VFX/LightShaftGenie/Meshes/SM_LightBeam_Plane,"{""AssetImportData"": ""[{ \""RelativeFilename\"" : \""D:/CG/Personal Projects/LightshaftGenie/SM_LightBeam_Plane.fbx\"", \""Timestamp\"" : \""1724172853\"", \""FileMD5\"" : \""f7f59b2b7306484341dddba41d90e293\"", \""DisplayLabelName\"" : \""\"" }]""}"
/Game/Resources/VFX/LightShaftGenie/Textures/T_Noise_01_BW,"{""AssetImportData"": ""[{ \""RelativeFilename\"" : \""D:/CG/Personal Projects/LightshaftGenie/Texture/Noise_01/T_Noise_01_BW.jpg\"", \""Timestamp\"" : \""1772306113\"", \""FileMD5\"" : \""152bd194486d52ce1ab2a3598d1ec6bb\"", \""DisplayLabelName\"" : \""\"" }]""}"
/Game/Resources/VFX/LightShaftGenie/Textures/T_Noise_01_M_Color,"{""AssetImportData"": ""[{ \""RelativeFilename\"" : \""D:/CG/Personal Projects/LightshaftGenie/Texture/Noise_01/T_Noise_01_M_Color.png\"", \""Timestamp\"" : \""1724357428\"", \""FileMD5\"" : \""995fd727e2f19435928df6e5a633cdc1\"", \""DisplayLabelName\"" : \""\"" }]""}"
/Game/Resources/VFX/LightShaftGenie/Textures/Icon/T_UI_LSG,"{""AssetImportData"": ""[{ \""RelativeFilename\"" : \""D:/CG/Personal Projects/LightshaftGenie/Icon/T_UI_LSG.png\"", \""Timestamp\"" : \""1771588581\"", \""FileMD5\"" : \""3719acf1fbdcf25af7cc6213daf30717\"", \""DisplayLabelName\"" : \""\"" }]""}"
/Game/Resources/VFX/SwordTrailVFX_Resources/Textures/T_Base_LC,"{""AssetImportData"": ""[]""}"
/Game/Resources/VFX/SwordTrailVFX_Resources/Textures/Mask/T_TrailMask_01,"{""AssetImportData"": ""[]""}"
/Game/Resources/VFX/SwordTrailVFX_Resources/Textures/Mask/T_TrailMask_04,"{""AssetImportData"": ""[]""}"
/Game/Resources/VFX/SwordTrailVFX_Resources/Textures/Mask/T_TrailMask_05,"{""AssetImportData"": ""[]""}"
/Game/Resources/VFX/SwordTrailVFX_Resources/Textures/Mask/T_TrailMask_06,"{""AssetImportData"": ""[]""}"
/Game/Resources/VFX/SwordTrailVFX_Resources/Textures/Mask/T_TrailMask_17,"{""AssetImportData"": ""[]""}"
/Game/Resources/VFX/SwordTrailVFX_Resources/Textures/RTs/RT_Draw_N_01,"{""AssetImportData"": ""[]""}"
/Game/Resources/Weapons/MI_Weapon_Sword,"{""AssetImportData"": ""[{ \""RelativeFilename\"" : \""../../../../../../Users/User/Desktop/포트폴리오/Project Constellation/modeling/sword/Meshy_AI_Medieval_Longsword_0603141811_texture.fbx\"", \""Timestamp\"" : \""1780496291\"", \""FileMD5\"" : \""2d14b0f47db77a5a9fb3912c18693739\"", \""DisplayLabelName\"" : \""\"" }]""}"
/Game/Resources/Weapons/SM_Weapon_Sword,"{""AssetImportData"": ""[{ \""RelativeFilename\"" : \""../../../../../../Users/User/Desktop/포트폴리오/Project Constellation/modeling/sword/Meshy_AI_Medieval_Longsword_0603141811_texture.fbx\"", \""Timestamp\"" : \""1780496291\"", \""FileMD5\"" : \""2d14b0f47db77a5a9fb3912c18693739\"", \""DisplayLabelName\"" : \""\"" }]""}"
/Game/Resources/Weapons/T_Weapon_Sword,"{""AssetImportData"": ""[{ \""RelativeFilename\"" : \""../../../../../../Users/User/Desktop/포트폴리오/Project Constellation/modeling/sword/Meshy_AI_Medieval_Longsword_0603141811_texture.fbm/Image_0.jpg\"", \""Timestamp\"" : \""1780496437\"", \""FileMD5\"" : \""4de19ad8b017733c0cb44bf1388d692f\"", \""DisplayLabelName\"" : \""\"" }]""}"
/Game/Resources/Weapons/T_Weapon_Sword_Emission,"{""AssetImportData"": ""[{ \""RelativeFilename\"" : \""../../../../../../Users/User/Desktop/포트폴리오/Project Constellation/modeling/sword/Meshy_AI_Medieval_Longsword_0603141811_texture.fbm/Image_3.jpg\"", \""Timestamp\"" : \""1780496437\"", \""FileMD5\"" : \""ed06449990a5fff22e196bd5d100bda9\"", \""DisplayLabelName\"" : \""\"" }]""}"
/Game/Resources/Weapons/T_Weapon_Sword_Normal,"{""AssetImportData"": ""[{ \""RelativeFilename\"" : \""../../../../../../Users/User/Desktop/포트폴리오/Project Constellation/modeling/sword/Meshy_AI_Medieval_Longsword_0603141811_texture.fbm/Image_2.jpg\"", \""Timestamp\"" : \""1780496437\"", \""FileMD5\"" : \""c6903f7854abd6bc7d172a7b6dbe1960\"", \""DisplayLabelName\"" : \""\"" }]""}"
