status,classification,package,classes,bytes,MiB,path,group,referencer_count,referencers,dependencies,text_evidence,external_owner,indexed_asset
unused_group,미사용 후보: 후보끼리만 참조,/Game/Resources/Environments/Props/Common/SM_Mushroom/SM_Mushroom,StaticMesh,42786454,40.804,Content/Resources/Environments/Props/Common/SM_Mushroom/SM_Mushroom.uasset,C0003,1,/Game/Blueprints/Actor/Common/BP_Mushroom,/Game/Resources/Environments/Props/Common/SM_Mushroom/MI_Mushroom,dev/resource_audit.json,,True
unused_group,미사용 후보: 후보끼리만 참조,/Game/Resources/Characters/NPC/Lightning_Counter/T_Lightning_Counter_Basecolor,Texture2D,37034008,35.318,Content/Resources/Characters/NPC/Lightning_Counter/T_Lightning_Counter_Basecolor.uasset,C0001,1,/Game/Resources/Characters/NPC/Lightning_Counter/MI_Lightning_Counter,,dev/resource_audit.json,,True
unused_group,미사용 후보: 후보끼리만 참조,/Game/Resources/Environments/Props/AbandonedSchool/SM_Stalactite/SM_Stalactite,StaticMesh,29546099,28.177,Content/Resources/Environments/Props/AbandonedSchool/SM_Stalactite/SM_Stalactite.uasset,C0004,1,/Game/Blueprints/Actor/AbandonedSchool/BP_Stalactite,/Game/Resources/Environments/Props/AbandonedSchool/SM_Stalactite/MI_Stalactite,dev/resource_audit.json,,True
unused_group,미사용 후보: 후보끼리만 참조,/Game/Resources/Characters/NPC/Lightning_Counter/SKM_Lightning_Counter,SkeletalMesh,28461045,27.143,Content/Resources/Characters/NPC/Lightning_Counter/SKM_Lightning_Counter.uasset,C0001,1,/Game/Resources/Characters/NPC/Lightning_Counter/SK_Lightning_Counter,/Game/Resources/Characters/NPC/Lightning_Counter/MI_Lightning_Counter;/Game/Resources/Characters/NPC/Lightning_Counter/SK_Lightning_Counter,dev/resource_audit.json,,True
unused_group,미사용 후보: 후보끼리만 참조,/Game/Resources/Environments/Props/AbandonedSchool/Clock_Tower_Prop/SM_AbandonedSchool_ClockTower_SpiralStair,StaticMesh,26650785,25.416,Content/Resources/Environments/Props/AbandonedSchool/Clock_Tower_Prop/SM_AbandonedSchool_ClockTower_SpiralStair.uasset,C0006,1,/Game/Resources/Environments/Props/AbandonedSchool/Clock_Tower_Prop/Clock_Tower_Prop_B_4_4AC5F0C4,/Game/Resources/Environments/Props/AbandonedSchool/Clock_Tower_Prop/MI_Clock_Tower_Prop_B,dev/CaveJumpBottomArt/before.json;dev/CaveJumpTopArt/all-before.json;dev/CaveJumpTopArt/pass2-before.json;dev/CaveJumpTopArt/pass3-before.json;dev/CaveStartArt/region-before.json;dev/ctr_probe.json;dev/lc_probe.json;dev/resource_audit.json,,True
unused_group,미사용 후보: 후보끼리만 참조,/Game/Resources/Environments/Props/AbandonedSchool/Clock_Tower_Prop/SM_AbandonedSchool_ClockTower_MachineB,StaticMesh,24472487,23.339,Content/Resources/Environments/Props/AbandonedSchool/Clock_Tower_Prop/SM_AbandonedSchool_ClockTower_MachineB.uasset,C0007,1,/Game/Resources/Environments/Props/AbandonedSchool/Clock_Tower_Prop/Clock_Tower_Prop_B_6_B7A70F49,/Game/Resources/Environments/Props/AbandonedSchool/Clock_Tower_Prop/MI_Clock_Tower_Prop_B,dev/resource_audit.json,,True
unused_group,미사용 후보: 후보끼리만 참조,/Game/Resources/Environments/Props/Common/SM_Beanstalk/SM_Beanstalk,StaticMesh,18021305,17.186,Content/Resources/Environments/Props/Common/SM_Beanstalk/SM_Beanstalk.uasset,C0005,1,/Game/Blueprints/Actor/Common/BP_BeanStalk,/Game/Resources/Environments/Props/Common/SM_Beanstalk/MI_Beanstalk,dev/resource_audit.json,,True
unused_group,미사용 후보: 후보끼리만 참조,/Game/Resources/Environments/Items/Bicycle/obj10,SkeletalMesh,14167210,13.511,Content/Resources/Environments/Items/Bicycle/obj10.uasset,C0013,2,/Game/Resources/Environments/Items/Bicycle/obj10_PhysicsAsset;/Game/Resources/Environments/Items/Bicycle/obj10_Skeleton,/Game/Resources/Environments/Items/Bicycle/MI_Bicycle_Old;/Game/Resources/Environments/Items/Bicycle/obj10_Skeleton,dev/resource_audit.json,,True
unused_group,미사용 후보: 후보끼리만 참조,/Game/Resources/Environments/Props/AbandonedSchool/School_Classroom_Music_Prop/T_School_Classroom_Music_Prop_Basecolor,Texture2D,13510117,12.884,Content/Resources/Environments/Props/AbandonedSchool/School_Classroom_Music_Prop/T_School_Classroom_Music_Prop_Basecolor.uasset,C0002,1,/Game/Resources/Environments/Props/AbandonedSchool/School_Classroom_Music_Prop/MI_School_Classroom_Music_Prop,,dev/resource_audit.json,,True
unused_group,미사용 후보: 후보끼리만 참조,/Game/Resources/Environments/Items/Bicycle/obj20,SkeletalMesh,13223150,12.611,Content/Resources/Environments/Items/Bicycle/obj20.uasset,C0015,2,/Game/Resources/Environments/Items/Bicycle/obj20_PhysicsAsset;/Game/Resources/Environments/Items/Bicycle/obj20_Skeleton,/Game/Resources/Environments/Items/Bicycle/MI_Bicycle_Old;/Game/Resources/Environments/Items/Bicycle/obj20_Skeleton,dev/resource_audit.json,,True
unused_group,미사용 후보: 후보끼리만 참조,/Game/Resources/Environments/Props/AbandonedSchool/School_Classroom_Music_Prop/SM_AbandonedSchool_Music_Prop_Blackboard,StaticMesh,10747769,10.25,Content/Resources/Environments/Props/AbandonedSchool/School_Classroom_Music_Prop/SM_AbandonedSchool_Music_Prop_Blackboard.uasset,C0002,1,/Game/Resources/Environments/Props/AbandonedSchool/School_Classroom_Music_Prop/tripo_convert_7f762b94-0834-4015-be68-b7c2adf5d1d9_0_269AA5EC,/Game/Resources/Environments/Props/AbandonedSchool/School_Classroom_Music_Prop/MI_School_Classroom_Music_Prop,dev/resource_audit.json,,True
unused_group,미사용 후보: 후보끼리만 참조,/Game/Resources/Characters/NPC/Lightning_Counter/T_Lightning_Counter_Normal,Texture2D,9894869,9.436,Content/Resources/Characters/NPC/Lightning_Counter/T_Lightning_Counter_Normal.uasset,C0001,1,/Game/Resources/Characters/NPC/Lightning_Counter/MI_Lightning_Counter,,dev/resource_audit.json,,True
unused_group,미사용 후보: 후보끼리만 참조,/Game/Resources/Environments/Props/AbandonedSchool/SM_Stalactite/T_Stalactite_Normal,Texture2D,8511942,8.118,Content/Resources/Environments/Props/AbandonedSchool/SM_Stalactite/T_Stalactite_Normal.uasset,C0004,1,/Game/Resources/Environments/Props/AbandonedSchool/SM_Stalactite/MI_Stalactite,,dev/resource_audit.json,,True
unused_group,미사용 후보: 후보끼리만 참조,/Game/Resources/Environments/Props/Common/SM_Beanstalk/T_Beanstalk,Texture2D,8430693,8.04,Content/Resources/Environments/Props/Common/SM_Beanstalk/T_Beanstalk.uasset,C0005,1,/Game/Resources/Environments/Props/Common/SM_Beanstalk/MI_Beanstalk,,dev/resource_audit.json,,True
unused_group,미사용 후보: 후보끼리만 참조,/Game/Resources/Environments/Props/AbandonedSchool/School_Classroom_Music_Prop/T_School_Classroom_Music_Prop_Normal,Texture2D,8349312,7.963,Content/Resources/Environments/Props/AbandonedSchool/School_Classroom_Music_Prop/T_School_Classroom_Music_Prop_Normal.uasset,C0002,1,/Game/Resources/Environments/Props/AbandonedSchool/School_Classroom_Music_Prop/MI_School_Classroom_Music_Prop,,dev/resource_audit.json,,True
unused_group,미사용 후보: 후보끼리만 참조,/Game/Resources/Environments/Props/AbandonedSchool/School_Classroom_Prop/T_School_Classroom_Prop_A_Normal,Texture2D,8151875,7.774,Content/Resources/Environments/Props/AbandonedSchool/School_Classroom_Prop/T_School_Classroom_Prop_A_Normal.uasset,C0009,1,/Game/Resources/Environments/Props/AbandonedSchool/School_Classroom_Prop/MI_School_Classroom_Prop_A,,dev/resource_audit.json,,True
unused_group,미사용 후보: 후보끼리만 참조,/Game/Resources/Environments/Props/Common/SM_Beanstalk/T_Beanstalk_Normal,Texture2D,8113841,7.738,Content/Resources/Environments/Props/Common/SM_Beanstalk/T_Beanstalk_Normal.uasset,C0005,1,/Game/Resources/Environments/Props/Common/SM_Beanstalk/MI_Beanstalk,,dev/resource_audit.json,,True
unused_group,미사용 후보: 후보끼리만 참조,/Game/Resources/Environments/Props/Common/SM_Mushroom/T_Mushroom_Normal,Texture2D,7980988,7.611,Content/Resources/Environments/Props/Common/SM_Mushroom/T_Mushroom_Normal.uasset,C0003,1,/Game/Resources/Environments/Props/Common/SM_Mushroom/MI_Mushroom,,dev/resource_audit.json,,True
unused_group,미사용 후보: 후보끼리만 참조,/Game/Resources/Environments/Props/AbandonedSchool/SM_Sword_Stuck_At_Ground/T_Sword_Stuck_At_Ground_Normal,Texture2D,7926940,7.56,Content/Resources/Environments/Props/AbandonedSchool/SM_Sword_Stuck_At_Ground/T_Sword_Stuck_At_Ground_Normal.uasset,C0010,1,/Game/Resources/Environments/Props/AbandonedSchool/SM_Sword_Stuck_At_Ground/MI_Sword_Stuck_At_Ground,,dev/resource_audit.json,,True
unused_group,미사용 후보: 후보끼리만 참조,/Game/Resources/Environments/Props/AbandonedSchool/School_Classroom_Prop/T_School_Classroom_Prop_A_BaseColor,Texture2D,7629878,7.276,Content/Resources/Environments/Props/AbandonedSchool/School_Classroom_Prop/T_School_Classroom_Prop_A_BaseColor.uasset,C0009,1,/Game/Resources/Environments/Props/AbandonedSchool/School_Classroom_Prop/MI_School_Classroom_Prop_A,,dev/resource_audit.json,,True
unused_group,미사용 후보: 후보끼리만 참조,/Game/Resources/Environments/Props/AbandonedSchool/SM_Stalactite/T_Stalactite,Texture2D,7571340,7.221,Content/Resources/Environments/Props/AbandonedSchool/SM_Stalactite/T_Stalactite.uasset,C0004,1,/Game/Resources/Environments/Props/AbandonedSchool/SM_Stalactite/MI_Stalactite,,dev/resource_audit.json,,True
unused_group,미사용 후보: 후보끼리만 참조,/Game/Resources/Environments/Props/Common/SM_Mushroom/T_Mushroom,Texture2D,7283279,6.946,Content/Resources/Environments/Props/Common/SM_Mushroom/T_Mushroom.uasset,C0003,1,/Game/Resources/Environments/Props/Common/SM_Mushroom/MI_Mushroom,,dev/resource_audit.json,,True
unused_group,미사용 후보: 후보끼리만 참조,/Game/Resources/Environments/Props/AbandonedSchool/SM_Sword_Stuck_At_Ground/T_Sword_Stuck_At_Ground,Texture2D,6678053,6.369,Content/Resources/Environments/Props/AbandonedSchool/SM_Sword_Stuck_At_Ground/T_Sword_Stuck_At_Ground.uasset,C0010,1,/Game/Resources/Environments/Props/AbandonedSchool/SM_Sword_Stuck_At_Ground/MI_Sword_Stuck_At_Ground,,dev/resource_audit.json,,True
unused_group,미사용 후보: 후보끼리만 참조,/Game/Resources/Environments/Props/StartIsland/Tree/T_Tree_Normal_A,Texture2D,5988650,5.711,Content/Resources/Environments/Props/StartIsland/Tree/T_Tree_Normal_A.uasset,C0014,1,/Game/Resources/Environments/Props/StartIsland/Tree/MI_Tree_Normal_A,,dev/resource_audit.json,,True
unused_group,미사용 후보: 후보끼리만 참조,/Game/Resources/Environments/Items/Bicycle/obj21,SkeletalMesh,5520069,5.264,Content/Resources/Environments/Items/Bicycle/obj21.uasset,C0016,2,/Game/Resources/Environments/Items/Bicycle/obj21_PhysicsAsset;/Game/Resources/Environments/Items/Bicycle/obj21_Skeleton,/Game/Resources/Environments/Items/Bicycle/MI_Bicycle_Old;/Game/Resources/Environments/Items/Bicycle/obj21_Skeleton,dev/resource_audit.json,,True
unused_group,미사용 후보: 후보끼리만 참조,/Game/Resources/Environments/Props/StartIsland/Tree/T_Tree_Normal_A_Normal,Texture2D,4965664,4.736,Content/Resources/Environments/Props/StartIsland/Tree/T_Tree_Normal_A_Normal.uasset,C0014,1,/Game/Resources/Environments/Props/StartIsland/Tree/MI_Tree_Normal_A,,dev/resource_audit.json,,True
unused_group,미사용 후보: 후보끼리만 참조,/Game/Resources/Environments/Props/AbandonedSchool/School_Classroom_Music_Prop/T_School_Classroom_Music_Prop_Roughness,Texture2D,4525342,4.316,Content/Resources/Environments/Props/AbandonedSchool/School_Classroom_Music_Prop/T_School_Classroom_Music_Prop_Roughness.uasset,C0002,1,/Game/Resources/Environments/Props/AbandonedSchool/School_Classroom_Music_Prop/MI_School_Classroom_Music_Prop,,dev/resource_audit.json,,True
unused_group,미사용 후보: 후보끼리만 참조,/Game/Resources/Environments/Props/AbandonedSchool/School_Classroom_Music_Prop/SM_AbandonedSchool_Music_Prop_Toolbox,StaticMesh,4357909,4.156,Content/Resources/Environments/Props/AbandonedSchool/School_Classroom_Music_Prop/SM_AbandonedSchool_Music_Prop_Toolbox.uasset,C0002,1,/Game/Resources/Environments/Props/AbandonedSchool/School_Classroom_Music_Prop/tripo_convert_7f762b94-0834-4015-be68-b7c2adf5d1d9_22_98B83540,/Game/Resources/Environments/Props/AbandonedSchool/School_Classroom_Music_Prop/MI_School_Classroom_Music_Prop,dev/resource_audit.json,,True
unused_group,미사용 후보: 후보끼리만 참조,/Game/Resources/Environments/Props/AbandonedSchool/School_Classroom_Music_Prop/SM_AbandonedSchool_Music_Prop_Xylophone,StaticMesh,4263297,4.066,Content/Resources/Environments/Props/AbandonedSchool/School_Classroom_Music_Prop/SM_AbandonedSchool_Music_Prop_Xylophone.uasset,C0002,1,/Game/Resources/Environments/Props/AbandonedSchool/School_Classroom_Music_Prop/tripo_convert_7f762b94-0834-4015-be68-b7c2adf5d1d9_18_75014C0E,/Game/Resources/Environments/Props/AbandonedSchool/School_Classroom_Music_Prop/MI_School_Classroom_Music_Prop,dev/resource_audit.json,,True
unused_group,미사용 후보: 후보끼리만 참조,/Game/Resources/Environments/Items/Bicycle/obj11,SkeletalMesh,4240361,4.044,Content/Resources/Environments/Items/Bicycle/obj11.uasset,C0018,2,/Game/Resources/Environments/Items/Bicycle/obj11_PhysicsAsset;/Game/Resources/Environments/Items/Bicycle/obj11_Skeleton,/Game/Resources/Environments/Items/Bicycle/MI_Bicycle_Old;/Game/Resources/Environments/Items/Bicycle/obj11_Skeleton,dev/resource_audit.json,,True
unused_group,미사용 후보: 후보끼리만 참조,/Game/Resources/Environments/Props/AbandonedSchool/School_Classroom_Music_Prop/SM_AbandonedSchool_Music_Prop_ViolinCase,StaticMesh,3878393,3.699,Content/Resources/Environments/Props/AbandonedSchool/School_Classroom_Music_Prop/SM_AbandonedSchool_Music_Prop_ViolinCase.uasset,C0002,1,/Game/Resources/Environments/Props/AbandonedSchool/School_Classroom_Music_Prop/SM_AbandonedSchool_Music_Prop_ViolinCover,/Game/Resources/Environments/Props/AbandonedSchool/School_Classroom_Music_Prop/MI_School_Classroom_Music_Prop,dev/resource_audit.json,,True
unused_group,미사용 후보: 후보끼리만 참조,/Game/Resources/Environments/Props/AbandonedSchool/School_Classroom_Music_Prop/SM_AbandonedSchool_Music_Prop_Books,StaticMesh,3682708,3.512,Content/Resources/Environments/Props/AbandonedSchool/School_Classroom_Music_Prop/SM_AbandonedSchool_Music_Prop_Books.uasset,C0002,1,/Game/Resources/Environments/Props/AbandonedSchool/School_Classroom_Music_Prop/tripo_convert_7f762b94-0834-4015-be68-b7c2adf5d1d9_17_DA0AB26C,/Game/Resources/Environments/Props/AbandonedSchool/School_Classroom_Music_Prop/MI_School_Classroom_Music_Prop,dev/CaveStartArt/candidate-assets.txt;dev/resource_audit.json,,True
unused_group,미사용 후보: 후보끼리만 참조,/Game/Resources/Environments/Items/Bicycle/obj28,SkeletalMesh,3418537,3.26,Content/Resources/Environments/Items/Bicycle/obj28.uasset,C0019,2,/Game/Resources/Environments/Items/Bicycle/obj28_PhysicsAsset;/Game/Resources/Environments/Items/Bicycle/obj28_Skeleton,/Game/Resources/Environments/Items/Bicycle/MI_Bicycle_Old;/Game/Resources/Environments/Items/Bicycle/obj28_Skeleton,dev/resource_audit.json,,True
unused_group,미사용 후보: 후보끼리만 참조,/Game/Resources/Environments/Props/AbandonedSchool/SM_Sword_Stuck_At_Ground/SM_Sword_Stuck_At_Ground,StaticMesh,3379316,3.223,Content/Resources/Environments/Props/AbandonedSchool/SM_Sword_Stuck_At_Ground/SM_Sword_Stuck_At_Ground.uasset,C0010,1,/Game/Blueprints/Actor/AbandonedSchool/BP_Sword_Stuck_At_Ground,/Game/Resources/Environments/Props/AbandonedSchool/SM_Sword_Stuck_At_Ground/MI_Sword_Stuck_At_Ground,dev/resource_audit.json,,True
unused_group,미사용 후보: 후보끼리만 참조,/Game/Resources/Environments/Props/AbandonedSchool/School_Classroom_Music_Prop/SM_AbandonedSchool_Music_Prop_TrumpetCase,StaticMesh,3374085,3.218,Content/Resources/Environments/Props/AbandonedSchool/School_Classroom_Music_Prop/SM_AbandonedSchool_Music_Prop_TrumpetCase.uasset,C0002,1,/Game/Resources/Environments/Props/AbandonedSchool/School_Classroom_Music_Prop/tripo_convert_7f762b94-0834-4015-be68-b7c2adf5d1d9_27_A6C555F6,/Game/Resources/Environments/Props/AbandonedSchool/School_Classroom_Music_Prop/MI_School_Classroom_Music_Prop,dev/resource_audit.json,,True
unused_group,미사용 후보: 후보끼리만 참조,/Game/Resources/Characters/NPC/Lightning_Counter/T_Lightning_Counter_Roughness,Texture2D,3181363,3.034,Content/Resources/Characters/NPC/Lightning_Counter/T_Lightning_Counter_Roughness.uasset,C0001,1,/Game/Resources/Characters/NPC/Lightning_Counter/MI_Lightning_Counter,,dev/resource_audit.json,,True
unused_group,미사용 후보: 후보끼리만 참조,/Game/Resources/Environments/Props/AbandonedSchool/School_Classroom_Music_Prop/SM_AbandonedSchool_Music_Prop_Cello,StaticMesh,3127665,2.983,Content/Resources/Environments/Props/AbandonedSchool/School_Classroom_Music_Prop/SM_AbandonedSchool_Music_Prop_Cello.uasset,C0002,1,/Game/Resources/Environments/Props/AbandonedSchool/School_Classroom_Music_Prop/tripo_convert_7f762b94-0834-4015-be68-b7c2adf5d1d9_19_4BFB0C70,/Game/Resources/Environments/Props/AbandonedSchool/School_Classroom_Music_Prop/MI_School_Classroom_Music_Prop,dev/resource_audit.json,,True
unused_group,미사용 후보: 후보끼리만 참조,/Game/Resources/Environments/Props/AbandonedSchool/School_Classroom_Music_Prop/SM_AbandonedSchool_Music_Prop_Doublebass,StaticMesh,3085709,2.943,Content/Resources/Environments/Props/AbandonedSchool/School_Classroom_Music_Prop/SM_AbandonedSchool_Music_Prop_Doublebass.uasset,C0002,1,/Game/Resources/Environments/Props/AbandonedSchool/School_Classroom_Music_Prop/tripo_convert_7f762b94-0834-4015-be68-b7c2adf5d1d9_23_8723844E,/Game/Resources/Environments/Props/AbandonedSchool/School_Classroom_Music_Prop/MI_School_Classroom_Music_Prop,dev/resource_audit.json,,True
unused_group,미사용 후보: 후보끼리만 참조,/Game/Resources/Environments/Items/Bicycle/obj14,SkeletalMesh,3041554,2.901,Content/Resources/Environments/Items/Bicycle/obj14.uasset,C0020,2,/Game/Resources/Environments/Items/Bicycle/obj14_PhysicsAsset;/Game/Resources/Environments/Items/Bicycle/obj14_Skeleton,/Game/Resources/Environments/Items/Bicycle/MI_Bicycle_Old;/Game/Resources/Environments/Items/Bicycle/obj14_Skeleton,dev/resource_audit.json,,True
unused_group,미사용 후보: 후보끼리만 참조,/Game/Resources/Environments/Items/Bicycle/obj17,SkeletalMesh,3040489,2.9,Content/Resources/Environments/Items/Bicycle/obj17.uasset,C0021,2,/Game/Resources/Environments/Items/Bicycle/obj17_PhysicsAsset;/Game/Resources/Environments/Items/Bicycle/obj17_Skeleton,/Game/Resources/Environments/Items/Bicycle/MI_Bicycle_Old;/Game/Resources/Environments/Items/Bicycle/obj17_Skeleton,dev/resource_audit.json,,True
unused_group,미사용 후보: 후보끼리만 참조,/Game/Resources/Environments/Props/AbandonedSchool/Clock_Tower_Prop/SM_AbandonedSchool_ClockTower_Pillar,StaticMesh,2995835,2.857,Content/Resources/Environments/Props/AbandonedSchool/Clock_Tower_Prop/SM_AbandonedSchool_ClockTower_Pillar.uasset,C0022,1,/Game/Resources/Environments/Props/AbandonedSchool/Clock_Tower_Prop/Clock_Tower_Prop_B_5_025BA01C,/Game/Resources/Environments/Props/AbandonedSchool/Clock_Tower_Prop/MI_Clock_Tower_Prop_B,dev/resource_audit.json,,True
unused_group,미사용 후보: 후보끼리만 참조,/Game/Resources/Environments/Props/AbandonedSchool/Clock_Tower_Prop/SM_AbandonedSchool_ClockTower_GearAxisA,StaticMesh,2882223,2.749,Content/Resources/Environments/Props/AbandonedSchool/Clock_Tower_Prop/SM_AbandonedSchool_ClockTower_GearAxisA.uasset,C0023,1,/Game/Resources/Environments/Props/AbandonedSchool/Clock_Tower_Prop/Clock_Tower_Prop_B_11_D8D8A5DE,/Game/Resources/Environments/Props/AbandonedSchool/Clock_Tower_Prop/MI_Clock_Tower_Prop_B,dev/resource_audit.json,,True
unused_group,미사용 후보: 후보끼리만 참조,/Game/Resources/Environments/Props/AbandonedSchool/School_Classroom_Music_Prop/SM_AbandonedSchool_Music_Prop_Drum,StaticMesh,2749103,2.622,Content/Resources/Environments/Props/AbandonedSchool/School_Classroom_Music_Prop/SM_AbandonedSchool_Music_Prop_Drum.uasset,C0002,1,/Game/Resources/Environments/Props/AbandonedSchool/School_Classroom_Music_Prop/tripo_convert_7f762b94-0834-4015-be68-b7c2adf5d1d9_24_66E429AD,/Game/Resources/Environments/Props/AbandonedSchool/School_Classroom_Music_Prop/MI_School_Classroom_Music_Prop,dev/resource_audit.json,,True
unused_group,미사용 후보: 후보끼리만 참조,/Game/Resources/Environments/Props/AbandonedSchool/School_Classroom_Music_Prop/SM_AbandonedSchool_Music_Prop_Trumpet,StaticMesh,2648799,2.526,Content/Resources/Environments/Props/AbandonedSchool/School_Classroom_Music_Prop/SM_AbandonedSchool_Music_Prop_Trumpet.uasset,C0002,1,/Game/Resources/Environments/Props/AbandonedSchool/School_Classroom_Music_Prop/tripo_convert_7f762b94-0834-4015-be68-b7c2adf5d1d9_12_EE532D02,/Game/Resources/Environments/Props/AbandonedSchool/School_Classroom_Music_Prop/MI_School_Classroom_Music_Prop,dev/resource_audit.json,,True
unused_group,미사용 후보: 후보끼리만 참조,/Game/Resources/Environments/Props/AbandonedSchool/Clock_Tower_Prop/SM_AbandonedSchool_ClockTower_RailStair,StaticMesh,2621175,2.5,Content/Resources/Environments/Props/AbandonedSchool/Clock_Tower_Prop/SM_AbandonedSchool_ClockTower_RailStair.uasset,C0024,1,/Game/Resources/Environments/Props/AbandonedSchool/Clock_Tower_Prop/Clock_Tower_Prop_B_10_1AF4402E,/Game/Resources/Environments/Props/AbandonedSchool/Clock_Tower_Prop/MI_Clock_Tower_Prop_B,dev/resource_audit.json,,True
unused_group,미사용 후보: 후보끼리만 참조,/Game/Resources/Environments/Items/Bicycle/obj9,SkeletalMesh,2383794,2.273,Content/Resources/Environments/Items/Bicycle/obj9.uasset,C0025,2,/Game/Resources/Environments/Items/Bicycle/obj9_PhysicsAsset;/Game/Resources/Environments/Items/Bicycle/obj9_Skeleton,/Game/Resources/Environments/Items/Bicycle/MI_Bicycle_Old;/Game/Resources/Environments/Items/Bicycle/obj9_Skeleton,dev/resource_audit.json,,True
unused_group,미사용 후보: 후보끼리만 참조,/Game/Resources/Environments/Props/AbandonedSchool/School_Classroom_Music_Prop/SM_AbandonedSchool_Music_Prop_MusicStand,StaticMesh,2237783,2.134,Content/Resources/Environments/Props/AbandonedSchool/School_Classroom_Music_Prop/SM_AbandonedSchool_Music_Prop_MusicStand.uasset,C0002,1,/Game/Resources/Environments/Props/AbandonedSchool/School_Classroom_Music_Prop/tripo_convert_7f762b94-0834-4015-be68-b7c2adf5d1d9_1_8064A70E,/Game/Resources/Environments/Props/AbandonedSchool/School_Classroom_Music_Prop/MI_School_Classroom_Music_Prop,dev/resource_audit.json,,True
unused_group,미사용 후보: 후보끼리만 참조,/Game/Resources/Environments/Items/Bicycle/obj40,SkeletalMesh,2226868,2.124,Content/Resources/Environments/Items/Bicycle/obj40.uasset,C0027,2,/Game/Resources/Environments/Items/Bicycle/obj40_PhysicsAsset;/Game/Resources/Environments/Items/Bicycle/obj40_Skeleton,/Game/Resources/Environments/Items/Bicycle/MI_Bicycle_Old;/Game/Resources/Environments/Items/Bicycle/obj40_Skeleton,dev/resource_audit.json,,True
unused_group,미사용 후보: 후보끼리만 참조,/Game/Resources/Environments/Props/AbandonedSchool/School_Classroom_Music_Prop/SM_AbandonedSchool_Music_Prop_Violin,StaticMesh,2084716,1.988,Content/Resources/Environments/Props/AbandonedSchool/School_Classroom_Music_Prop/SM_AbandonedSchool_Music_Prop_Violin.uasset,C0002,1,/Game/Resources/Environments/Props/AbandonedSchool/School_Classroom_Music_Prop/tripo_convert_7f762b94-0834-4015-be68-b7c2adf5d1d9_14_FC64DDEE,/Game/Resources/Environments/Props/AbandonedSchool/School_Classroom_Music_Prop/MI_School_Classroom_Music_Prop,dev/resource_audit.json,,True
unused_group,미사용 후보: 후보끼리만 참조,/Game/Resources/Environments/Props/AbandonedSchool/School_Classroom_Prop/T_School_Classroom_Prop_A_Roughness,Texture2D,1713278,1.634,Content/Resources/Environments/Props/AbandonedSchool/School_Classroom_Prop/T_School_Classroom_Prop_A_Roughness.uasset,C0009,1,/Game/Resources/Environments/Props/AbandonedSchool/School_Classroom_Prop/MI_School_Classroom_Prop_A,,dev/resource_audit.json,,True
unused_group,미사용 후보: 후보끼리만 참조,/Game/Resources/Environments/Props/AbandonedSchool/Clock_Tower_Prop/SM_AbandonedSchool_ClockTower_RailA,StaticMesh,1690617,1.612,Content/Resources/Environments/Props/AbandonedSchool/Clock_Tower_Prop/SM_AbandonedSchool_ClockTower_RailA.uasset,C0028,1,/Game/Resources/Environments/Props/AbandonedSchool/Clock_Tower_Prop/Clock_Tower_Prop_B_0_C6B463C9,/Game/Resources/Environments/Props/AbandonedSchool/Clock_Tower_Prop/MI_Clock_Tower_Prop_B,dev/resource_audit.json,,True
unused_group,미사용 후보: 후보끼리만 참조,/Game/Resources/Environments/Props/Common/SM_Mushroom/T_Mushroom_Emission,Texture2D,1675556,1.598,Content/Resources/Environments/Props/Common/SM_Mushroom/T_Mushroom_Emission.uasset,C0003,1,/Game/Resources/Environments/Props/Common/SM_Mushroom/MI_Mushroom,,dev/resource_audit.json,,True
unused_group,미사용 후보: 후보끼리만 참조,/Game/Resources/Environments/Items/Bicycle/obj6,SkeletalMesh,1623981,1.549,Content/Resources/Environments/Items/Bicycle/obj6.uasset,C0030,2,/Game/Resources/Environments/Items/Bicycle/obj6_PhysicsAsset;/Game/Resources/Environments/Items/Bicycle/obj6_Skeleton,/Game/Resources/Environments/Items/Bicycle/MI_Bicycle_Old;/Game/Resources/Environments/Items/Bicycle/obj6_Skeleton,dev/resource_audit.json,,True
unused_group,미사용 후보: 후보끼리만 참조,/Game/Resources/Environments/Props/StartIsland/SwimmingPool/T_Swimming_Pool_Tile_Plain_B,Texture2D,1536197,1.465,Content/Resources/Environments/Props/StartIsland/SwimmingPool/T_Swimming_Pool_Tile_Plain_B.uasset,C0029,1,/Game/Resources/Environments/Props/StartIsland/SwimmingPool/MI_Swimming_Pool_Stair,,dev/resource_audit.json,,True
unused_group,미사용 후보: 후보끼리만 참조,/Game/Resources/Environments/Props/StartIsland/Tree/T_Tree_Normal_A_Roughness,Texture2D,1535769,1.465,Content/Resources/Environments/Props/StartIsland/Tree/T_Tree_Normal_A_Roughness.uasset,C0014,1,/Game/Resources/Environments/Props/StartIsland/Tree/MI_Tree_Normal_A,,dev/resource_audit.json,,True
unused_group,미사용 후보: 후보끼리만 참조,/Game/Resources/Environments/Props/AbandonedSchool/School_Classroom_Music_Prop/SM_AbandonedSchool_Music_Prop_Cymbals,StaticMesh,1415701,1.35,Content/Resources/Environments/Props/AbandonedSchool/School_Classroom_Music_Prop/SM_AbandonedSchool_Music_Prop_Cymbals.uasset,C0002,1,/Game/Resources/Environments/Props/AbandonedSchool/School_Classroom_Music_Prop/tripo_convert_7f762b94-0834-4015-be68-b7c2adf5d1d9_28_FFE4018A,/Game/Resources/Environments/Props/AbandonedSchool/School_Classroom_Music_Prop/MI_School_Classroom_Music_Prop,dev/resource_audit.json,,True
unused_group,미사용 후보: 후보끼리만 참조,/Game/Resources/Environments/Items/Bicycle/obj12,SkeletalMesh,1358040,1.295,Content/Resources/Environments/Items/Bicycle/obj12.uasset,C0031,2,/Game/Resources/Environments/Items/Bicycle/obj12_PhysicsAsset;/Game/Resources/Environments/Items/Bicycle/obj12_Skeleton,/Game/Resources/Environments/Items/Bicycle/MI_Bicycle_Old;/Game/Resources/Environments/Items/Bicycle/obj12_Skeleton,dev/resource_audit.json,,True
unused_group,미사용 후보: 후보끼리만 참조,/Game/Resources/Environments/Items/Bicycle/obj29,SkeletalMesh,1329062,1.267,Content/Resources/Environments/Items/Bicycle/obj29.uasset,C0032,2,/Game/Resources/Environments/Items/Bicycle/obj29_PhysicsAsset;/Game/Resources/Environments/Items/Bicycle/obj29_Skeleton,/Game/Resources/Environments/Items/Bicycle/MI_Bicycle_Old;/Game/Resources/Environments/Items/Bicycle/obj29_Skeleton,dev/resource_audit.json,,True
unused_group,미사용 후보: 후보끼리만 참조,/Game/Resources/Environments/Props/Common/SM_Beanstalk/T_Beanstalk_Emission,Texture2D,1328529,1.267,Content/Resources/Environments/Props/Common/SM_Beanstalk/T_Beanstalk_Emission.uasset,C0005,1,/Game/Resources/Environments/Props/Common/SM_Beanstalk/MI_Beanstalk,,dev/resource_audit.json,,True
unused_group,미사용 후보: 후보끼리만 참조,/Game/Resources/Environments/Props/AbandonedSchool/School_Classroom_Prop/SM_AbandonedSchool_Classroom_Prop_Computer,StaticMesh,1309320,1.249,Content/Resources/Environments/Props/AbandonedSchool/School_Classroom_Prop/SM_AbandonedSchool_Classroom_Prop_Computer.uasset,C0009,1,/Game/Levels/_GENERATED/User/Merge_A85996E0,/Game/Resources/Environments/Props/AbandonedSchool/School_Classroom_Prop/MI_School_Classroom_Prop_A,dev/resource_audit.json,,True
unused_group,미사용 후보: 후보끼리만 참조,/Game/Resources/Environments/Props/AbandonedSchool/School_Classroom_Music_Prop/SM_AbandonedSchool_Music_Prop_MusicStandCoverB,StaticMesh,1289731,1.23,Content/Resources/Environments/Props/AbandonedSchool/School_Classroom_Music_Prop/SM_AbandonedSchool_Music_Prop_MusicStandCoverB.uasset,C0002,1,/Game/Resources/Environments/Props/AbandonedSchool/School_Classroom_Music_Prop/tripo_convert_7f762b94-0834-4015-be68-b7c2adf5d1d9_15_ED6C6113,/Game/Resources/Environments/Props/AbandonedSchool/School_Classroom_Music_Prop/MI_School_Classroom_Music_Prop,dev/resource_audit.json,,True
unused_group,미사용 후보: 후보끼리만 참조,/Game/Resources/Environments/Items/Bicycle/obj3,SkeletalMesh,1267489,1.209,Content/Resources/Environments/Items/Bicycle/obj3.uasset,C0033,2,/Game/Resources/Environments/Items/Bicycle/obj3_PhysicsAsset;/Game/Resources/Environments/Items/Bicycle/obj3_Skeleton,/Game/Resources/Environments/Items/Bicycle/MI_Bicycle_Old;/Game/Resources/Environments/Items/Bicycle/obj3_Skeleton,dev/resource_audit.json,,True
unused_group,미사용 후보: 후보끼리만 참조,/Game/Resources/Environments/Items/Bicycle/obj5,SkeletalMesh,1266577,1.208,Content/Resources/Environments/Items/Bicycle/obj5.uasset,C0034,2,/Game/Resources/Environments/Items/Bicycle/obj5_PhysicsAsset;/Game/Resources/Environments/Items/Bicycle/obj5_Skeleton,/Game/Resources/Environments/Items/Bicycle/MI_Bicycle_Old;/Game/Resources/Environments/Items/Bicycle/obj5_Skeleton,dev/resource_audit.json,,True
unused_group,미사용 후보: 후보끼리만 참조,/Game/Resources/Environments/Items/Bicycle/obj7,SkeletalMesh,1246310,1.189,Content/Resources/Environments/Items/Bicycle/obj7.uasset,C0035,2,/Game/Resources/Environments/Items/Bicycle/obj7_PhysicsAsset;/Game/Resources/Environments/Items/Bicycle/obj7_Skeleton,/Game/Resources/Environments/Items/Bicycle/MI_Bicycle_Old;/Game/Resources/Environments/Items/Bicycle/obj7_Skeleton,dev/resource_audit.json,,True
unused_group,미사용 후보: 후보끼리만 참조,/Game/Resources/Environments/Items/Bicycle/obj8,SkeletalMesh,1216970,1.161,Content/Resources/Environments/Items/Bicycle/obj8.uasset,C0036,2,/Game/Resources/Environments/Items/Bicycle/obj8_PhysicsAsset;/Game/Resources/Environments/Items/Bicycle/obj8_Skeleton,/Game/Resources/Environments/Items/Bicycle/MI_Bicycle_Old;/Game/Resources/Environments/Items/Bicycle/obj8_Skeleton,dev/resource_audit.json,,True
unused_group,미사용 후보: 후보끼리만 참조,/Game/Resources/Environments/Props/AbandonedSchool/Clock_Tower_Prop/SM_AbandonedSchool_ClockTower_BoxFrame,StaticMesh,1207895,1.152,Content/Resources/Environments/Props/AbandonedSchool/Clock_Tower_Prop/SM_AbandonedSchool_ClockTower_BoxFrame.uasset,C0037,1,/Game/Resources/Environments/Props/AbandonedSchool/Clock_Tower_Prop/Clock_Tower_Prop_B_12_E041BBEA,/Game/Resources/Environments/Props/AbandonedSchool/Clock_Tower_Prop/MI_Clock_Tower_Prop_B,dev/resource_audit.json,,True
unused_group,미사용 후보: 후보끼리만 참조,/Game/Resources/Environments/Props/AbandonedSchool/Clock_Tower_Prop/SM_AbandonedSchool_ClockTower_RailB,StaticMesh,1092470,1.042,Content/Resources/Environments/Props/AbandonedSchool/Clock_Tower_Prop/SM_AbandonedSchool_ClockTower_RailB.uasset,C0038,1,/Game/Resources/Environments/Props/AbandonedSchool/Clock_Tower_Prop/Clock_Tower_Prop_B_1_F2C465EE,/Game/Resources/Environments/Props/AbandonedSchool/Clock_Tower_Prop/MI_Clock_Tower_Prop_B,dev/resource_audit.json,,True
unused_group,미사용 후보: 후보끼리만 참조,/Game/Resources/Environments/Props/AbandonedSchool/School_Classroom_Music_Prop/SM_AbandonedSchool_Music_Prop_MusicStandCoverA,StaticMesh,1071445,1.022,Content/Resources/Environments/Props/AbandonedSchool/School_Classroom_Music_Prop/SM_AbandonedSchool_Music_Prop_MusicStandCoverA.uasset,C0002,1,/Game/Resources/Environments/Props/AbandonedSchool/School_Classroom_Music_Prop/tripo_convert_7f762b94-0834-4015-be68-b7c2adf5d1d9_13_F013F219,/Game/Resources/Environments/Props/AbandonedSchool/School_Classroom_Music_Prop/MI_School_Classroom_Music_Prop,dev/resource_audit.json,,True
unused_group,미사용 후보: 후보끼리만 참조,/Game/Resources/Environments/Props/StartIsland/Tree/SM_Tree_Normal_A,StaticMesh,971418,0.926,Content/Resources/Environments/Props/StartIsland/Tree/SM_Tree_Normal_A.uasset,C0014,1,/Game/Blueprints/Actor/StartIsland/SMF_Tree,/Game/Resources/Environments/Props/StartIsland/Tree/MI_Tree_Normal_A,dev/resource_audit.json,,True
unused_group,미사용 후보: 후보끼리만 참조,/Game/Resources/Environments/Items/Bicycle/obj4,SkeletalMesh,876298,0.836,Content/Resources/Environments/Items/Bicycle/obj4.uasset,C0040,2,/Game/Resources/Environments/Items/Bicycle/obj4_PhysicsAsset;/Game/Resources/Environments/Items/Bicycle/obj4_Skeleton,/Game/Resources/Environments/Items/Bicycle/MI_Bicycle_Old;/Game/Resources/Environments/Items/Bicycle/obj4_Skeleton,dev/resource_audit.json,,True
unused_group,미사용 후보: 후보끼리만 참조,/Game/Resources/Environments/Items/Bicycle/obj13,SkeletalMesh,724086,0.691,Content/Resources/Environments/Items/Bicycle/obj13.uasset,C0041,2,/Game/Resources/Environments/Items/Bicycle/obj13_PhysicsAsset;/Game/Resources/Environments/Items/Bicycle/obj13_Skeleton,/Game/Resources/Environments/Items/Bicycle/MI_Bicycle_Old;/Game/Resources/Environments/Items/Bicycle/obj13_Skeleton,dev/resource_audit.json,,True
unused_group,미사용 후보: 후보끼리만 참조,/Game/Resources/Environments/Items/Bicycle/obj42,SkeletalMesh,692269,0.66,Content/Resources/Environments/Items/Bicycle/obj42.uasset,C0042,2,/Game/Resources/Environments/Items/Bicycle/obj42_PhysicsAsset;/Game/Resources/Environments/Items/Bicycle/obj42_Skeleton,/Game/Resources/Environments/Items/Bicycle/MI_Bicycle_Old;/Game/Resources/Environments/Items/Bicycle/obj42_Skeleton,dev/resource_audit.json,,True
unused_group,미사용 후보: 후보끼리만 참조,/Game/Resources/Environments/Items/Bicycle/obj34,SkeletalMesh,652879,0.623,Content/Resources/Environments/Items/Bicycle/obj34.uasset,C0043,2,/Game/Resources/Environments/Items/Bicycle/obj34_PhysicsAsset;/Game/Resources/Environments/Items/Bicycle/obj34_Skeleton,/Game/Resources/Environments/Items/Bicycle/MI_Bicycle_Old;/Game/Resources/Environments/Items/Bicycle/obj34_Skeleton,dev/resource_audit.json,,True
unused_group,미사용 후보: 후보끼리만 참조,/Game/Resources/Environments/Items/Bicycle/obj39,SkeletalMesh,641303,0.612,Content/Resources/Environments/Items/Bicycle/obj39.uasset,C0044,2,/Game/Resources/Environments/Items/Bicycle/obj39_PhysicsAsset;/Game/Resources/Environments/Items/Bicycle/obj39_Skeleton,/Game/Resources/Environments/Items/Bicycle/MI_Bicycle_Old;/Game/Resources/Environments/Items/Bicycle/obj39_Skeleton,dev/resource_audit.json,,True
unused_group,미사용 후보: 후보끼리만 참조,/Game/Resources/Environments/Items/Bicycle/obj18,SkeletalMesh,624591,0.596,Content/Resources/Environments/Items/Bicycle/obj18.uasset,C0045,2,/Game/Resources/Environments/Items/Bicycle/obj18_PhysicsAsset;/Game/Resources/Environments/Items/Bicycle/obj18_Skeleton,/Game/Resources/Environments/Items/Bicycle/MI_Bicycle_Old;/Game/Resources/Environments/Items/Bicycle/obj18_Skeleton,dev/resource_audit.json,,True
unused_group,미사용 후보: 후보끼리만 참조,/Game/Resources/Environments/Items/Bicycle/obj16,SkeletalMesh,574224,0.548,Content/Resources/Environments/Items/Bicycle/obj16.uasset,C0046,2,/Game/Resources/Environments/Items/Bicycle/obj16_PhysicsAsset;/Game/Resources/Environments/Items/Bicycle/obj16_Skeleton,/Game/Resources/Environments/Items/Bicycle/MI_Bicycle_Old;/Game/Resources/Environments/Items/Bicycle/obj16_Skeleton,dev/resource_audit.json,,True
unused_group,미사용 후보: 후보끼리만 참조,/Game/Resources/Environments/Items/Bicycle/obj2,SkeletalMesh,560817,0.535,Content/Resources/Environments/Items/Bicycle/obj2.uasset,C0047,2,/Game/Resources/Environments/Items/Bicycle/obj2_PhysicsAsset;/Game/Resources/Environments/Items/Bicycle/obj2_Skeleton,/Game/Resources/Environments/Items/Bicycle/MI_Bicycle_Old;/Game/Resources/Environments/Items/Bicycle/obj2_Skeleton,dev/resource_audit.json,,True
unused_group,미사용 후보: 후보끼리만 참조,/Game/Resources/Environments/Items/Bicycle/obj30,SkeletalMesh,545808,0.521,Content/Resources/Environments/Items/Bicycle/obj30.uasset,C0048,2,/Game/Resources/Environments/Items/Bicycle/obj30_PhysicsAsset;/Game/Resources/Environments/Items/Bicycle/obj30_Skeleton,/Game/Resources/Environments/Items/Bicycle/MI_Bicycle_Old;/Game/Resources/Environments/Items/Bicycle/obj30_Skeleton,dev/resource_audit.json,,True
unused_group,미사용 후보: 후보끼리만 참조,/Game/Resources/Environments/Items/Bicycle/obj36,SkeletalMesh,539896,0.515,Content/Resources/Environments/Items/Bicycle/obj36.uasset,C0049,2,/Game/Resources/Environments/Items/Bicycle/obj36_PhysicsAsset;/Game/Resources/Environments/Items/Bicycle/obj36_Skeleton,/Game/Resources/Environments/Items/Bicycle/MI_Bicycle_Old;/Game/Resources/Environments/Items/Bicycle/obj36_Skeleton,dev/resource_audit.json,,True
unused_group,미사용 후보: 후보끼리만 참조,/Game/Resources/Environments/Items/Bicycle/obj26,SkeletalMesh,537039,0.512,Content/Resources/Environments/Items/Bicycle/obj26.uasset,C0050,2,/Game/Resources/Environments/Items/Bicycle/obj26_PhysicsAsset;/Game/Resources/Environments/Items/Bicycle/obj26_Skeleton,/Game/Resources/Environments/Items/Bicycle/MI_Bicycle_Old;/Game/Resources/Environments/Items/Bicycle/obj26_Skeleton,dev/resource_audit.json,,True
unused_group,미사용 후보: 후보끼리만 참조,/Game/Resources/Environments/Items/Bicycle/obj37,SkeletalMesh,533088,0.508,Content/Resources/Environments/Items/Bicycle/obj37.uasset,C0051,2,/Game/Resources/Environments/Items/Bicycle/obj37_PhysicsAsset;/Game/Resources/Environments/Items/Bicycle/obj37_Skeleton,/Game/Resources/Environments/Items/Bicycle/MI_Bicycle_Old;/Game/Resources/Environments/Items/Bicycle/obj37_Skeleton,dev/resource_audit.json,,True
unused_group,미사용 후보: 후보끼리만 참조,/Game/Resources/Environments/Items/Bicycle/obj25,SkeletalMesh,524972,0.501,Content/Resources/Environments/Items/Bicycle/obj25.uasset,C0052,2,/Game/Resources/Environments/Items/Bicycle/obj25_PhysicsAsset;/Game/Resources/Environments/Items/Bicycle/obj25_Skeleton,/Game/Resources/Environments/Items/Bicycle/MI_Bicycle_Old;/Game/Resources/Environments/Items/Bicycle/obj25_Skeleton,dev/resource_audit.json,,True
unused_group,미사용 후보: 후보끼리만 참조,/Game/Resources/Environments/Items/Bicycle/obj23,SkeletalMesh,513983,0.49,Content/Resources/Environments/Items/Bicycle/obj23.uasset,C0053,2,/Game/Resources/Environments/Items/Bicycle/obj23_PhysicsAsset;/Game/Resources/Environments/Items/Bicycle/obj23_Skeleton,/Game/Resources/Environments/Items/Bicycle/MI_Bicycle_Old;/Game/Resources/Environments/Items/Bicycle/obj23_Skeleton,dev/resource_audit.json,,True
unused_group,미사용 후보: 후보끼리만 참조,/Game/Resources/Environments/Items/Bicycle/obj31,SkeletalMesh,508287,0.485,Content/Resources/Environments/Items/Bicycle/obj31.uasset,C0054,2,/Game/Resources/Environments/Items/Bicycle/obj31_PhysicsAsset;/Game/Resources/Environments/Items/Bicycle/obj31_Skeleton,/Game/Resources/Environments/Items/Bicycle/MI_Bicycle_Old;/Game/Resources/Environments/Items/Bicycle/obj31_Skeleton,dev/resource_audit.json,,True
unused_group,미사용 후보: 후보끼리만 참조,/Game/Resources/Environments/Items/Bicycle/obj32,SkeletalMesh,506931,0.483,Content/Resources/Environments/Items/Bicycle/obj32.uasset,C0055,2,/Game/Resources/Environments/Items/Bicycle/obj32_PhysicsAsset;/Game/Resources/Environments/Items/Bicycle/obj32_Skeleton,/Game/Resources/Environments/Items/Bicycle/MI_Bicycle_Old;/Game/Resources/Environments/Items/Bicycle/obj32_Skeleton,dev/resource_audit.json,,True
unused_group,미사용 후보: 후보끼리만 참조,/Game/Resources/Environments/Items/Bicycle/obj35,SkeletalMesh,430554,0.411,Content/Resources/Environments/Items/Bicycle/obj35.uasset,C0058,2,/Game/Resources/Environments/Items/Bicycle/obj35_PhysicsAsset;/Game/Resources/Environments/Items/Bicycle/obj35_Skeleton,/Game/Resources/Environments/Items/Bicycle/MI_Bicycle_Old;/Game/Resources/Environments/Items/Bicycle/obj35_Skeleton,dev/resource_audit.json,,True
unused_group,미사용 후보: 후보끼리만 참조,/Game/Resources/Environments/Items/Bicycle/obj24,SkeletalMesh,413346,0.394,Content/Resources/Environments/Items/Bicycle/obj24.uasset,C0059,2,/Game/Resources/Environments/Items/Bicycle/obj24_PhysicsAsset;/Game/Resources/Environments/Items/Bicycle/obj24_Skeleton,/Game/Resources/Environments/Items/Bicycle/MI_Bicycle_Old;/Game/Resources/Environments/Items/Bicycle/obj24_Skeleton,dev/resource_audit.json,,True
unused_group,미사용 후보: 후보끼리만 참조,/Game/Resources/Environments/Items/Bicycle/obj41,SkeletalMesh,412691,0.394,Content/Resources/Environments/Items/Bicycle/obj41.uasset,C0060,2,/Game/Resources/Environments/Items/Bicycle/obj41_PhysicsAsset;/Game/Resources/Environments/Items/Bicycle/obj41_Skeleton,/Game/Resources/Environments/Items/Bicycle/MI_Bicycle_Old;/Game/Resources/Environments/Items/Bicycle/obj41_Skeleton,dev/resource_audit.json,,True
unused_group,미사용 후보: 후보끼리만 참조,/Game/Resources/Environments/Items/Bicycle/obj15,SkeletalMesh,407715,0.389,Content/Resources/Environments/Items/Bicycle/obj15.uasset,C0061,2,/Game/Resources/Environments/Items/Bicycle/obj15_PhysicsAsset;/Game/Resources/Environments/Items/Bicycle/obj15_Skeleton,/Game/Resources/Environments/Items/Bicycle/MI_Bicycle_Old;/Game/Resources/Environments/Items/Bicycle/obj15_Skeleton,dev/resource_audit.json,,True
unused_group,미사용 후보: 후보끼리만 참조,/Game/Resources/Environments/Items/Bicycle/obj19,SkeletalMesh,389550,0.372,Content/Resources/Environments/Items/Bicycle/obj19.uasset,C0062,2,/Game/Resources/Environments/Items/Bicycle/obj19_PhysicsAsset;/Game/Resources/Environments/Items/Bicycle/obj19_Skeleton,/Game/Resources/Environments/Items/Bicycle/MI_Bicycle_Old;/Game/Resources/Environments/Items/Bicycle/obj19_Skeleton,dev/resource_audit.json,,True
unused_group,미사용 후보: 후보끼리만 참조,/Game/Resources/Environments/Items/Bicycle/obj43,SkeletalMesh,337145,0.322,Content/Resources/Environments/Items/Bicycle/obj43.uasset,C0063,2,/Game/Resources/Environments/Items/Bicycle/obj43_PhysicsAsset;/Game/Resources/Environments/Items/Bicycle/obj43_Skeleton,/Game/Resources/Environments/Items/Bicycle/MI_Bicycle_Old;/Game/Resources/Environments/Items/Bicycle/obj43_Skeleton,dev/resource_audit.json,,True
unused_group,미사용 후보: 후보끼리만 참조,/Game/Resources/Environments/Items/Bicycle/obj38,SkeletalMesh,317578,0.303,Content/Resources/Environments/Items/Bicycle/obj38.uasset,C0064,2,/Game/Resources/Environments/Items/Bicycle/obj38_PhysicsAsset;/Game/Resources/Environments/Items/Bicycle/obj38_Skeleton,/Game/Resources/Environments/Items/Bicycle/MI_Bicycle_Old;/Game/Resources/Environments/Items/Bicycle/obj38_Skeleton,dev/resource_audit.json,,True
unused_group,미사용 후보: 후보끼리만 참조,/Game/Resources/Environments/Items/Bicycle/obj27,SkeletalMesh,246339,0.235,Content/Resources/Environments/Items/Bicycle/obj27.uasset,C0065,2,/Game/Resources/Environments/Items/Bicycle/obj27_PhysicsAsset;/Game/Resources/Environments/Items/Bicycle/obj27_Skeleton,/Game/Resources/Environments/Items/Bicycle/MI_Bicycle_Old;/Game/Resources/Environments/Items/Bicycle/obj27_Skeleton,dev/resource_audit.json,,True
unused_group,미사용 후보: 후보끼리만 참조,/Game/Resources/Environments/Items/Bicycle/obj22,SkeletalMesh,228371,0.218,Content/Resources/Environments/Items/Bicycle/obj22.uasset,C0066,2,/Game/Resources/Environments/Items/Bicycle/obj22_PhysicsAsset;/Game/Resources/Environments/Items/Bicycle/obj22_Skeleton,/Game/Resources/Environments/Items/Bicycle/MI_Bicycle_Old;/Game/Resources/Environments/Items/Bicycle/obj22_Skeleton,dev/resource_audit.json,,True
unused_group,미사용 후보: 후보끼리만 참조,/Game/Resources/Environments/Props/AbandonedSchool/School_Classroom_Prop/T_School_Classroom_Prop_A_Emissive,Texture2D,141260,0.135,Content/Resources/Environments/Props/AbandonedSchool/School_Classroom_Prop/T_School_Classroom_Prop_A_Emissive.uasset,C0009,1,/Game/Resources/Environments/Props/AbandonedSchool/School_Classroom_Prop/MI_School_Classroom_Prop_A,,dev/resource_audit.json,,True
unused_group,미사용 후보: 후보끼리만 참조,/Game/Resources/Environments/Items/Bicycle/obj33,SkeletalMesh,98165,0.094,Content/Resources/Environments/Items/Bicycle/obj33.uasset,C0079,2,/Game/Resources/Environments/Items/Bicycle/obj33_PhysicsAsset;/Game/Resources/Environments/Items/Bicycle/obj33_Skeleton,/Game/Resources/Environments/Items/Bicycle/MI_Bicycle_Old;/Game/Resources/Environments/Items/Bicycle/obj33_Skeleton,dev/resource_audit.json,,True
unused_group,미사용 후보: 후보끼리만 참조,/Game/Resources/Characters/NPC/Lightning_Counter/MI_Lightning_Counter,MaterialInstanceConstant,88985,0.085,Content/Resources/Characters/NPC/Lightning_Counter/MI_Lightning_Counter.uasset,C0001,1,/Game/Resources/Characters/NPC/Lightning_Counter/SKM_Lightning_Counter,/Game/Resources/Characters/NPC/Lightning_Counter/T_Lightning_Counter_Basecolor;/Game/Resources/Characters/NPC/Lightning_Counter/T_Lightning_Counter_Normal;/Game/Resources/Characters/NPC/Lightning_Counter/T_Lightning_Counter_Roughness;/Game/Resources/Common/Materials/M_Base,dev/resource_audit.json,,True
unused_group,미사용 후보: 후보끼리만 참조,/Game/Resources/Environments/Props/AbandonedSchool/SM_Stalactite/T_Stalactite_Emission,Texture2D,80498,0.077,Content/Resources/Environments/Props/AbandonedSchool/SM_Stalactite/T_Stalactite_Emission.uasset,C0004,1,/Game/Resources/Environments/Props/AbandonedSchool/SM_Stalactite/MI_Stalactite,,dev/resource_audit.json,,True
unused_group,미사용 후보: 후보끼리만 참조,/Game/Resources/Environments/Props/StartIsland/SwimmingPool/MI_Swimming_Pool_Stair,MaterialInstanceConstant,79488,0.076,Content/Resources/Environments/Props/StartIsland/SwimmingPool/MI_Swimming_Pool_Stair.uasset,C0029,1,/Game/Resources/Environments/Props/StartIsland/SwimmingPool/SM_Swimming_Pool_Stair,/Game/Resources/Common/Materials/M_Base;/Game/Resources/Environments/Props/StartIsland/SwimmingPool/T_Swimming_Pool_Tile_Plain_B,dev/resource_audit.json,,True
unused_group,미사용 후보: 후보끼리만 참조,/Game/Resources/Environments/Props/StartIsland/Tree/MI_Tree_Normal_A,MaterialInstanceConstant,77179,0.074,Content/Resources/Environments/Props/StartIsland/Tree/MI_Tree_Normal_A.uasset,C0014,1,/Game/Resources/Environments/Props/StartIsland/Tree/SM_Tree_Normal_A,/Game/Resources/Common/Materials/M_Base;/Game/Resources/Environments/Props/StartIsland/Tree/T_Tree_Normal_A;/Game/Resources/Environments/Props/StartIsland/Tree/T_Tree_Normal_A_Normal;/Game/Resources/Environments/Props/StartIsland/Tree/T_Tree_Normal_A_Roughness,dev/resource_audit.json,,True
unused_group,미사용 후보: 후보끼리만 참조,/Game/Resources/Environments/Props/AbandonedSchool/School_Classroom_Prop/MI_School_Classroom_Prop_A,MaterialInstanceConstant,76428,0.073,Content/Resources/Environments/Props/AbandonedSchool/School_Classroom_Prop/MI_School_Classroom_Prop_A.uasset,C0009,1,/Game/Resources/Environments/Props/AbandonedSchool/School_Classroom_Prop/SM_AbandonedSchool_Classroom_Prop_Computer,/Game/Resources/Environments/Props/AbandonedSchool/School_Classroom_Prop/T_School_Classroom_Prop_A_BaseColor;/Game/Resources/Environments/Props/AbandonedSchool/School_Classroom_Prop/T_School_Classroom_Prop_A_Emissive;/Game/Resources/Environments/Props/AbandonedSchool/School_Classroom_Prop/T_School_Classroom_Prop_A_Normal;/Game/Resources/Environments/Props/AbandonedSchool/School_Classroom_Prop/T_School_Classroom_Prop_A_Roughness,dev/resource_audit.json,,True
unused_group,미사용 후보: 후보끼리만 참조,/Game/Resources/Environments/Props/AbandonedSchool/School_Classroom_Music_Prop/MI_School_Classroom_Music_Prop,MaterialInstanceConstant,74179,0.071,Content/Resources/Environments/Props/AbandonedSchool/School_Classroom_Music_Prop/MI_School_Classroom_Music_Prop.uasset,C0002,16,/Game/Resources/Environments/Props/AbandonedSchool/School_Classroom_Music_Prop/SM_AbandonedSchool_Music_Prop_Blackboard;/Game/Resources/Environments/Props/AbandonedSchool/School_Classroom_Music_Prop/SM_AbandonedSchool_Music_Prop_Books;/Game/Resources/Environments/Props/AbandonedSchool/School_Classroom_Music_Prop/SM_AbandonedSchool_Music_Prop_Cello;/Game/Resources/Environments/Props/AbandonedSchool/School_Classroom_Music_Prop/SM_AbandonedSchool_Music_Prop_Cymbals;/Game/Resources/Environments/Props/AbandonedSchool/School_Classroom_Music_Prop/SM_AbandonedSchool_Music_Prop_Doublebass;/Game/Resources/Environments/Props/AbandonedSchool/School_Classroom_Music_Prop/SM_AbandonedSchool_Music_Prop_Drum;/Game/Resources/Environments/Props/AbandonedSchool/School_Classroom_Music_Prop/SM_AbandonedSchool_Music_Prop_MusicStand;/Game/Resources/Environments/Props/AbandonedSchool/School_Classroom_Music_Prop/SM_AbandonedSchool_Music_Prop_MusicStandCoverA;/Game/Resources/Environments/Props/AbandonedSchool/School_Classroom_Music_Prop/SM_AbandonedSchool_Music_Prop_MusicStandCoverB;/Game/Resources/Environments/Props/AbandonedSchool/School_Classroom_Music_Prop/SM_AbandonedSchool_Music_Prop_Toolbox;/Game/Resources/Environments/Props/AbandonedSchool/School_Classroom_Music_Prop/SM_AbandonedSchool_Music_Prop_Trumpet;/Game/Resources/Environments/Props/AbandonedSchool/School_Classroom_Music_Prop/SM_AbandonedSchool_Music_Prop_TrumpetCase;/Game/Resources/Environments/Props/AbandonedSchool/School_Classroom_Music_Prop/SM_AbandonedSchool_Music_Prop_Violin;/Game/Resources/Environments/Props/AbandonedSchool/School_Classroom_Music_Prop/SM_AbandonedSchool_Music_Prop_ViolinCase;/Game/Resources/Environments/Props/AbandonedSchool/School_Classroom_Music_Prop/SM_AbandonedSchool_Music_Prop_Xylophone;/Game/Resources/Environments/Props/AbandonedSchool/School_Classroom_Music_Prop/tripo_mat_7f762b94,/Game/Resources/Environments/Props/AbandonedSchool/School_Classroom_Music_Prop/T_School_Classroom_Music_Prop_Basecolor;/Game/Resources/Environments/Props/AbandonedSchool/School_Classroom_Music_Prop/T_School_Classroom_Music_Prop_Normal;/Game/Resources/Environments/Props/AbandonedSchool/School_Classroom_Music_Prop/T_School_Classroom_Music_Prop_Roughness,dev/resource_audit.json,,True
unused_group,미사용 후보: 후보끼리만 참조,/Game/Resources/Environments/Props/AbandonedSchool/SM_Stalactite/MI_Stalactite,MaterialInstanceConstant,73609,0.07,Content/Resources/Environments/Props/AbandonedSchool/SM_Stalactite/MI_Stalactite.uasset,C0004,1,/Game/Resources/Environments/Props/AbandonedSchool/SM_Stalactite/SM_Stalactite,/Game/Resources/Environments/Props/AbandonedSchool/SM_Stalactite/T_Stalactite;/Game/Resources/Environments/Props/AbandonedSchool/SM_Stalactite/T_Stalactite_Emission;/Game/Resources/Environments/Props/AbandonedSchool/SM_Stalactite/T_Stalactite_Normal,dev/resource_audit.json,,True
unused_group,미사용 후보: 후보끼리만 참조,/Game/Resources/Environments/Props/Common/SM_Mushroom/MI_Mushroom,MaterialInstanceConstant,73034,0.07,Content/Resources/Environments/Props/Common/SM_Mushroom/MI_Mushroom.uasset,C0003,1,/Game/Resources/Environments/Props/Common/SM_Mushroom/SM_Mushroom,/Game/Resources/Environments/Props/Common/SM_Mushroom/T_Mushroom;/Game/Resources/Environments/Props/Common/SM_Mushroom/T_Mushroom_Emission;/Game/Resources/Environments/Props/Common/SM_Mushroom/T_Mushroom_Normal,dev/resource_audit.json,,True
unused_group,미사용 후보: 후보끼리만 참조,/Game/Resources/Environments/Props/Common/SM_Beanstalk/MI_Beanstalk,MaterialInstanceConstant,72934,0.07,Content/Resources/Environments/Props/Common/SM_Beanstalk/MI_Beanstalk.uasset,C0005,1,/Game/Resources/Environments/Props/Common/SM_Beanstalk/SM_Beanstalk,/Game/Resources/Environments/Props/Common/SM_Beanstalk/T_Beanstalk;/Game/Resources/Environments/Props/Common/SM_Beanstalk/T_Beanstalk_Emission;/Game/Resources/Environments/Props/Common/SM_Beanstalk/T_Beanstalk_Normal,dev/resource_audit.json,,True
unused_group,미사용 후보: 후보끼리만 참조,/Game/Resources/Environments/Props/AbandonedSchool/SM_Sword_Stuck_At_Ground/MI_Sword_Stuck_At_Ground,MaterialInstanceConstant,70992,0.068,Content/Resources/Environments/Props/AbandonedSchool/SM_Sword_Stuck_At_Ground/MI_Sword_Stuck_At_Ground.uasset,C0010,1,/Game/Resources/Environments/Props/AbandonedSchool/SM_Sword_Stuck_At_Ground/SM_Sword_Stuck_At_Ground,/Game/Resources/Environments/Props/AbandonedSchool/SM_Sword_Stuck_At_Ground/T_Sword_Stuck_At_Ground;/Game/Resources/Environments/Props/AbandonedSchool/SM_Sword_Stuck_At_Ground/T_Sword_Stuck_At_Ground_Emission;/Game/Resources/Environments/Props/AbandonedSchool/SM_Sword_Stuck_At_Ground/T_Sword_Stuck_At_Ground_Normal,dev/resource_audit.json,,True
unused_group,미사용 후보: 후보끼리만 참조,/Game/Resources/Environments/Props/AbandonedSchool/SM_Sword_Stuck_At_Ground/T_Sword_Stuck_At_Ground_Emission,Texture2D,63637,0.061,Content/Resources/Environments/Props/AbandonedSchool/SM_Sword_Stuck_At_Ground/T_Sword_Stuck_At_Ground_Emission.uasset,C0010,1,/Game/Resources/Environments/Props/AbandonedSchool/SM_Sword_Stuck_At_Ground/MI_Sword_Stuck_At_Ground,,dev/resource_audit.json,,True
unused_group,미사용 후보: 후보끼리만 참조,/Game/Resources/Characters/Monster/Slime_Normal/Animation/AS_Slime_Jump,AnimSequence,26904,0.026,Content/Resources/Characters/Monster/Slime_Normal/Animation/AS_Slime_Jump.uasset,C0084,1,/Game/Resources/Characters/Monster/Slime_Normal/Animation/AM_Slime_Jump,/Game/Resources/Characters/Monster/Slime_Normal/SKM_Slime_Normal;/Game/Resources/Characters/Monster/Slime_Normal/SK_Slime_Normal,dev/resource_audit.json,,True
unused_group,미사용 후보: 후보끼리만 참조,/Game/Resources/Environments/Props/StartIsland/SwimmingPool/SM_Swimming_Pool_Stair,StaticMesh,23317,0.022,Content/Resources/Environments/Props/StartIsland/SwimmingPool/SM_Swimming_Pool_Stair.uasset,C0029,1,/Game/Levels/_GENERATED/User/Combined_DDF68B4E,/Game/Resources/Environments/Props/StartIsland/SwimmingPool/MI_Swimming_Pool_Stair,dev/resource_audit.json,,True
unused_group,미사용 후보: 후보끼리만 참조,/Game/Resources/Characters/NPC/Lightning_Counter/SK_Lightning_Counter,Skeleton,8642,0.008,Content/Resources/Characters/NPC/Lightning_Counter/SK_Lightning_Counter.uasset,C0001,1,/Game/Resources/Characters/NPC/Lightning_Counter/SKM_Lightning_Counter,/Game/Resources/Characters/NPC/Lightning_Counter/SKM_Lightning_Counter,dev/resource_audit.json,,True
unused_group,미사용 후보: 후보끼리만 참조,/Game/Resources/Environments/Items/Bicycle/obj29_Skeleton,Skeleton,7286,0.007,Content/Resources/Environments/Items/Bicycle/obj29_Skeleton.uasset,C0032,1,/Game/Resources/Environments/Items/Bicycle/obj29,/Game/Resources/Environments/Items/Bicycle/obj29,dev/resource_audit.json,,True
unused_group,미사용 후보: 후보끼리만 참조,/Game/Resources/Environments/Items/Bicycle/obj28_Skeleton,Skeleton,6885,0.007,Content/Resources/Environments/Items/Bicycle/obj28_Skeleton.uasset,C0019,1,/Game/Resources/Environments/Items/Bicycle/obj28,/Game/Resources/Environments/Items/Bicycle/obj28,dev/resource_audit.json,,True
unused_group,미사용 후보: 후보끼리만 참조,/Game/Resources/Environments/Items/Bicycle/obj14_Skeleton,Skeleton,6874,0.007,Content/Resources/Environments/Items/Bicycle/obj14_Skeleton.uasset,C0020,1,/Game/Resources/Environments/Items/Bicycle/obj14,/Game/Resources/Environments/Items/Bicycle/obj14,dev/resource_audit.json,,True
unused_group,미사용 후보: 후보끼리만 참조,/Game/Resources/Environments/Items/Bicycle/obj17_Skeleton,Skeleton,6848,0.007,Content/Resources/Environments/Items/Bicycle/obj17_Skeleton.uasset,C0021,1,/Game/Resources/Environments/Items/Bicycle/obj17,/Game/Resources/Environments/Items/Bicycle/obj17,dev/resource_audit.json,,True
unused_group,미사용 후보: 후보끼리만 참조,/Game/Resources/Environments/Items/Bicycle/obj42_Skeleton,Skeleton,6678,0.006,Content/Resources/Environments/Items/Bicycle/obj42_Skeleton.uasset,C0042,1,/Game/Resources/Environments/Items/Bicycle/obj42,/Game/Resources/Environments/Items/Bicycle/obj42,dev/resource_audit.json,,True
unused_group,미사용 후보: 후보끼리만 참조,/Game/Resources/Environments/Items/Bicycle/obj6_Skeleton,Skeleton,6554,0.006,Content/Resources/Environments/Items/Bicycle/obj6_Skeleton.uasset,C0030,1,/Game/Resources/Environments/Items/Bicycle/obj6,/Game/Resources/Environments/Items/Bicycle/obj6,dev/resource_audit.json,,True
unused_group,미사용 후보: 후보끼리만 참조,/Game/Resources/Environments/Items/Bicycle/obj3_Skeleton,Skeleton,6415,0.006,Content/Resources/Environments/Items/Bicycle/obj3_Skeleton.uasset,C0033,1,/Game/Resources/Environments/Items/Bicycle/obj3,/Game/Resources/Environments/Items/Bicycle/obj3,dev/resource_audit.json,,True
unused_group,미사용 후보: 후보끼리만 참조,/Game/Resources/Environments/Items/Bicycle/obj40_Skeleton,Skeleton,6407,0.006,Content/Resources/Environments/Items/Bicycle/obj40_Skeleton.uasset,C0027,1,/Game/Resources/Environments/Items/Bicycle/obj40,/Game/Resources/Environments/Items/Bicycle/obj40,dev/resource_audit.json,,True
unused_group,미사용 후보: 후보끼리만 참조,/Game/Resources/Environments/Items/Bicycle/obj5_Skeleton,Skeleton,6359,0.006,Content/Resources/Environments/Items/Bicycle/obj5_Skeleton.uasset,C0034,1,/Game/Resources/Environments/Items/Bicycle/obj5,/Game/Resources/Environments/Items/Bicycle/obj5,dev/resource_audit.json,,True
unused_group,미사용 후보: 후보끼리만 참조,/Game/Resources/Environments/Items/Bicycle/obj16_Skeleton,Skeleton,6357,0.006,Content/Resources/Environments/Items/Bicycle/obj16_Skeleton.uasset,C0046,1,/Game/Resources/Environments/Items/Bicycle/obj16,/Game/Resources/Environments/Items/Bicycle/obj16,dev/resource_audit.json,,True
unused_group,미사용 후보: 후보끼리만 참조,/Game/Resources/Environments/Items/Bicycle/obj38_Skeleton,Skeleton,6262,0.006,Content/Resources/Environments/Items/Bicycle/obj38_Skeleton.uasset,C0064,1,/Game/Resources/Environments/Items/Bicycle/obj38,/Game/Resources/Environments/Items/Bicycle/obj38,dev/resource_audit.json,,True
unused_group,미사용 후보: 후보끼리만 참조,/Game/Resources/Environments/Items/Bicycle/obj8_Skeleton,Skeleton,6218,0.006,Content/Resources/Environments/Items/Bicycle/obj8_Skeleton.uasset,C0036,1,/Game/Resources/Environments/Items/Bicycle/obj8,/Game/Resources/Environments/Items/Bicycle/obj8,dev/resource_audit.json,,True
unused_group,미사용 후보: 후보끼리만 참조,/Game/Resources/Environments/Items/Bicycle/obj7_Skeleton,Skeleton,6002,0.006,Content/Resources/Environments/Items/Bicycle/obj7_Skeleton.uasset,C0035,1,/Game/Resources/Environments/Items/Bicycle/obj7,/Game/Resources/Environments/Items/Bicycle/obj7,dev/resource_audit.json,,True
unused_group,미사용 후보: 후보끼리만 참조,/Game/Resources/Environments/Items/Bicycle/obj9_Skeleton,Skeleton,5950,0.006,Content/Resources/Environments/Items/Bicycle/obj9_Skeleton.uasset,C0025,1,/Game/Resources/Environments/Items/Bicycle/obj9,/Game/Resources/Environments/Items/Bicycle/obj9,dev/resource_audit.json,,True
unused_group,미사용 후보: 후보끼리만 참조,/Game/Resources/Environments/Items/Bicycle/obj39_Skeleton,Skeleton,5903,0.006,Content/Resources/Environments/Items/Bicycle/obj39_Skeleton.uasset,C0044,1,/Game/Resources/Environments/Items/Bicycle/obj39,/Game/Resources/Environments/Items/Bicycle/obj39,dev/resource_audit.json,,True
unused_group,미사용 후보: 후보끼리만 참조,/Game/Resources/Environments/Items/Bicycle/obj12_Skeleton,Skeleton,5899,0.006,Content/Resources/Environments/Items/Bicycle/obj12_Skeleton.uasset,C0031,1,/Game/Resources/Environments/Items/Bicycle/obj12,/Game/Resources/Environments/Items/Bicycle/obj12,dev/resource_audit.json,,True
unused_group,미사용 후보: 후보끼리만 참조,/Game/Resources/Environments/Items/Bicycle/obj25_Skeleton,Skeleton,5815,0.006,Content/Resources/Environments/Items/Bicycle/obj25_Skeleton.uasset,C0052,1,/Game/Resources/Environments/Items/Bicycle/obj25,/Game/Resources/Environments/Items/Bicycle/obj25,dev/resource_audit.json,,True
unused_group,미사용 후보: 후보끼리만 참조,/Game/Resources/Environments/Items/Bicycle/obj2_Skeleton,Skeleton,5795,0.006,Content/Resources/Environments/Items/Bicycle/obj2_Skeleton.uasset,C0047,1,/Game/Resources/Environments/Items/Bicycle/obj2,/Game/Resources/Environments/Items/Bicycle/obj2,dev/resource_audit.json,,True
unused_group,미사용 후보: 후보끼리만 참조,/Game/Resources/Environments/Items/Bicycle/obj20_Skeleton,Skeleton,5775,0.006,Content/Resources/Environments/Items/Bicycle/obj20_Skeleton.uasset,C0015,1,/Game/Resources/Environments/Items/Bicycle/obj20,/Game/Resources/Environments/Items/Bicycle/obj20,dev/resource_audit.json,,True
unused_group,미사용 후보: 후보끼리만 참조,/Game/Resources/Environments/Items/Bicycle/obj4_Skeleton,Skeleton,5729,0.005,Content/Resources/Environments/Items/Bicycle/obj4_Skeleton.uasset,C0040,1,/Game/Resources/Environments/Items/Bicycle/obj4,/Game/Resources/Environments/Items/Bicycle/obj4,dev/resource_audit.json,,True
unused_group,미사용 후보: 후보끼리만 참조,/Game/Resources/Environments/Items/Bicycle/obj15_Skeleton,Skeleton,5726,0.005,Content/Resources/Environments/Items/Bicycle/obj15_Skeleton.uasset,C0061,1,/Game/Resources/Environments/Items/Bicycle/obj15,/Game/Resources/Environments/Items/Bicycle/obj15,dev/resource_audit.json,,True
unused_group,미사용 후보: 후보끼리만 참조,/Game/Resources/Environments/Items/Bicycle/obj37_Skeleton,Skeleton,5709,0.005,Content/Resources/Environments/Items/Bicycle/obj37_Skeleton.uasset,C0051,1,/Game/Resources/Environments/Items/Bicycle/obj37,/Game/Resources/Environments/Items/Bicycle/obj37,dev/resource_audit.json,,True
unused_group,미사용 후보: 후보끼리만 참조,/Game/Resources/Environments/Items/Bicycle/obj36_Skeleton,Skeleton,5645,0.005,Content/Resources/Environments/Items/Bicycle/obj36_Skeleton.uasset,C0049,1,/Game/Resources/Environments/Items/Bicycle/obj36,/Game/Resources/Environments/Items/Bicycle/obj36,dev/resource_audit.json,,True
unused_group,미사용 후보: 후보끼리만 참조,/Game/Resources/Environments/Items/Bicycle/obj19_Skeleton,Skeleton,5502,0.005,Content/Resources/Environments/Items/Bicycle/obj19_Skeleton.uasset,C0062,1,/Game/Resources/Environments/Items/Bicycle/obj19,/Game/Resources/Environments/Items/Bicycle/obj19,dev/resource_audit.json,,True
unused_group,미사용 후보: 후보끼리만 참조,/Game/Resources/Environments/Items/Bicycle/obj27_Skeleton,Skeleton,5473,0.005,Content/Resources/Environments/Items/Bicycle/obj27_Skeleton.uasset,C0065,1,/Game/Resources/Environments/Items/Bicycle/obj27,/Game/Resources/Environments/Items/Bicycle/obj27,dev/resource_audit.json,,True
unused_group,미사용 후보: 후보끼리만 참조,/Game/Resources/Environments/Items/Bicycle/obj11_Skeleton,Skeleton,5431,0.005,Content/Resources/Environments/Items/Bicycle/obj11_Skeleton.uasset,C0018,1,/Game/Resources/Environments/Items/Bicycle/obj11,/Game/Resources/Environments/Items/Bicycle/obj11,dev/resource_audit.json,,True
unused_group,미사용 후보: 후보끼리만 참조,/Game/Resources/Environments/Items/Bicycle/obj21_Skeleton,Skeleton,5389,0.005,Content/Resources/Environments/Items/Bicycle/obj21_Skeleton.uasset,C0016,1,/Game/Resources/Environments/Items/Bicycle/obj21,/Game/Resources/Environments/Items/Bicycle/obj21,dev/resource_audit.json,,True
unused_group,미사용 후보: 후보끼리만 참조,/Game/Resources/Environments/Items/Bicycle/obj24_Skeleton,Skeleton,5371,0.005,Content/Resources/Environments/Items/Bicycle/obj24_Skeleton.uasset,C0059,1,/Game/Resources/Environments/Items/Bicycle/obj24,/Game/Resources/Environments/Items/Bicycle/obj24,dev/resource_audit.json,,True
unused_group,미사용 후보: 후보끼리만 참조,/Game/Resources/Environments/Items/Bicycle/obj13_Skeleton,Skeleton,5319,0.005,Content/Resources/Environments/Items/Bicycle/obj13_Skeleton.uasset,C0041,1,/Game/Resources/Environments/Items/Bicycle/obj13,/Game/Resources/Environments/Items/Bicycle/obj13,dev/resource_audit.json,,True
unused_group,미사용 후보: 후보끼리만 참조,/Game/Resources/Environments/Items/Bicycle/obj18_Skeleton,Skeleton,5293,0.005,Content/Resources/Environments/Items/Bicycle/obj18_Skeleton.uasset,C0045,1,/Game/Resources/Environments/Items/Bicycle/obj18,/Game/Resources/Environments/Items/Bicycle/obj18,dev/resource_audit.json,,True
unused_group,미사용 후보: 후보끼리만 참조,/Game/Resources/Environments/Items/Bicycle/obj34_Skeleton,Skeleton,5221,0.005,Content/Resources/Environments/Items/Bicycle/obj34_Skeleton.uasset,C0043,1,/Game/Resources/Environments/Items/Bicycle/obj34,/Game/Resources/Environments/Items/Bicycle/obj34,dev/resource_audit.json,,True
unused_group,미사용 후보: 후보끼리만 참조,/Game/Resources/Environments/Items/Bicycle/obj41_Skeleton,Skeleton,5181,0.005,Content/Resources/Environments/Items/Bicycle/obj41_Skeleton.uasset,C0060,1,/Game/Resources/Environments/Items/Bicycle/obj41,/Game/Resources/Environments/Items/Bicycle/obj41,dev/resource_audit.json,,True
unused_group,미사용 후보: 후보끼리만 참조,/Game/Resources/Environments/Items/Bicycle/obj43_Skeleton,Skeleton,5175,0.005,Content/Resources/Environments/Items/Bicycle/obj43_Skeleton.uasset,C0063,1,/Game/Resources/Environments/Items/Bicycle/obj43,/Game/Resources/Environments/Items/Bicycle/obj43,dev/resource_audit.json,,True
unused_group,미사용 후보: 후보끼리만 참조,/Game/Resources/Environments/Items/Bicycle/obj23_Skeleton,Skeleton,5146,0.005,Content/Resources/Environments/Items/Bicycle/obj23_Skeleton.uasset,C0053,1,/Game/Resources/Environments/Items/Bicycle/obj23,/Game/Resources/Environments/Items/Bicycle/obj23,dev/resource_audit.json,,True
unused_group,미사용 후보: 후보끼리만 참조,/Game/Resources/Environments/Items/Bicycle/obj32_Skeleton,Skeleton,5136,0.005,Content/Resources/Environments/Items/Bicycle/obj32_Skeleton.uasset,C0055,1,/Game/Resources/Environments/Items/Bicycle/obj32,/Game/Resources/Environments/Items/Bicycle/obj32,dev/resource_audit.json,,True
unused_group,미사용 후보: 후보끼리만 참조,/Game/Resources/Environments/Items/Bicycle/obj26_Skeleton,Skeleton,5095,0.005,Content/Resources/Environments/Items/Bicycle/obj26_Skeleton.uasset,C0050,1,/Game/Resources/Environments/Items/Bicycle/obj26,/Game/Resources/Environments/Items/Bicycle/obj26,dev/resource_audit.json,,True
unused_group,미사용 후보: 후보끼리만 참조,/Game/Resources/Environments/Items/Bicycle/obj35_Skeleton,Skeleton,5003,0.005,Content/Resources/Environments/Items/Bicycle/obj35_Skeleton.uasset,C0058,1,/Game/Resources/Environments/Items/Bicycle/obj35,/Game/Resources/Environments/Items/Bicycle/obj35,dev/resource_audit.json,,True
unused_group,미사용 후보: 후보끼리만 참조,/Game/Resources/Environments/Items/Bicycle/obj22_Skeleton,Skeleton,4981,0.005,Content/Resources/Environments/Items/Bicycle/obj22_Skeleton.uasset,C0066,1,/Game/Resources/Environments/Items/Bicycle/obj22,/Game/Resources/Environments/Items/Bicycle/obj22,dev/resource_audit.json,,True
unused_group,미사용 후보: 후보끼리만 참조,/Game/Resources/Environments/Items/Bicycle/obj10_Skeleton,Skeleton,4980,0.005,Content/Resources/Environments/Items/Bicycle/obj10_Skeleton.uasset,C0013,1,/Game/Resources/Environments/Items/Bicycle/obj10,/Game/Resources/Environments/Items/Bicycle/obj10,dev/resource_audit.json,,True
unused_group,미사용 후보: 후보끼리만 참조,/Game/Resources/Environments/Items/Bicycle/obj30_Skeleton,Skeleton,4945,0.005,Content/Resources/Environments/Items/Bicycle/obj30_Skeleton.uasset,C0048,1,/Game/Resources/Environments/Items/Bicycle/obj30,/Game/Resources/Environments/Items/Bicycle/obj30,dev/resource_audit.json,,True
unused_group,미사용 후보: 후보끼리만 참조,/Game/Resources/Environments/Items/Bicycle/obj31_Skeleton,Skeleton,4873,0.005,Content/Resources/Environments/Items/Bicycle/obj31_Skeleton.uasset,C0054,1,/Game/Resources/Environments/Items/Bicycle/obj31,/Game/Resources/Environments/Items/Bicycle/obj31,dev/resource_audit.json,,True
unused_group,미사용 후보: 후보끼리만 참조,/Game/Resources/Environments/Items/Bicycle/obj33_Skeleton,Skeleton,4745,0.005,Content/Resources/Environments/Items/Bicycle/obj33_Skeleton.uasset,C0079,1,/Game/Resources/Environments/Items/Bicycle/obj33,/Game/Resources/Environments/Items/Bicycle/obj33,dev/resource_audit.json,,True
unused_group,미사용 후보: 후보끼리만 참조,/Game/Resources/Environments/Props/AbandonedSchool/School_Classroom_Music_Prop/SM_AbandonedSchool_Music_Prop_ViolinCover,ObjectRedirector,1835,0.002,Content/Resources/Environments/Props/AbandonedSchool/School_Classroom_Music_Prop/SM_AbandonedSchool_Music_Prop_ViolinCover.uasset,C0002,1,/Game/Resources/Environments/Props/AbandonedSchool/School_Classroom_Music_Prop/tripo_convert_7f762b94-0834-4015-be68-b7c2adf5d1d9_11_4C119839,/Game/Resources/Environments/Props/AbandonedSchool/School_Classroom_Music_Prop/SM_AbandonedSchool_Music_Prop_ViolinCase,dev/resource_audit.json,,True
unused_group,미사용 후보: 후보끼리만 참조,/Game/Landscape/Foilage/SM_Common_Tree_01_FoliageType,ObjectRedirector,1555,0.001,Content/Landscape/Foilage/SM_Common_Tree_01_FoliageType.uasset,C0099,1,/Game/Landscape/Stylized_PBR_Nature/Foliage/FoliageTypes/SM_Common_Tree_01_FoliageType,/Game/Landscape/Foilage/FoilageTypes/Trees/SM_Common_Tree_01_FoliageType,dev/resource_audit.json,,True
unused_group,미사용 후보: 후보끼리만 참조,/Game/Landscape/Foilage/SM_Common_Tree_02_FoliageType,ObjectRedirector,1555,0.001,Content/Landscape/Foilage/SM_Common_Tree_02_FoliageType.uasset,C0100,1,/Game/Landscape/Stylized_PBR_Nature/Foliage/FoliageTypes/SM_Common_Tree_02_FoliageType,/Game/Landscape/Foilage/FoilageTypes/Trees/SM_Common_Tree_02_FoliageType,dev/resource_audit.json,,True
unused_group,미사용 후보: 후보끼리만 참조,/Game/Landscape/Foilage/SM_Common_Tree_03_FoliageType,ObjectRedirector,1555,0.001,Content/Landscape/Foilage/SM_Common_Tree_03_FoliageType.uasset,C0101,1,/Game/Landscape/Stylized_PBR_Nature/Foliage/FoliageTypes/SM_Common_Tree_03_FoliageType,/Game/Landscape/Foilage/FoilageTypes/Trees/SM_Common_Tree_03_FoliageType,dev/resource_audit.json,,True
unused_group,미사용 후보: 후보끼리만 참조,/Game/Landscape/Foilage/SM_Common_Tree_04_FoliageType,ObjectRedirector,1555,0.001,Content/Landscape/Foilage/SM_Common_Tree_04_FoliageType.uasset,C0102,1,/Game/Landscape/Stylized_PBR_Nature/Foliage/FoliageTypes/SM_Common_Tree_04_FoliageType,/Game/Landscape/Foilage/FoilageTypes/Trees/SM_Common_Tree_04_FoliageType,dev/resource_audit.json,,True
unused_group,미사용 후보: 후보끼리만 참조,/Game/Landscape/Foilage/SM_Common_Tree_05_FoliageType,ObjectRedirector,1555,0.001,Content/Landscape/Foilage/SM_Common_Tree_05_FoliageType.uasset,C0103,1,/Game/Landscape/Stylized_PBR_Nature/Foliage/FoliageTypes/SM_Common_Tree_05_FoliageType,/Game/Landscape/Foilage/FoilageTypes/Trees/SM_Common_Tree_05_FoliageType,dev/resource_audit.json,,True
unused_group,미사용 후보: 후보끼리만 참조,/Game/Landscape/Foilage/SM_Common_Tree_06_FoliageType,ObjectRedirector,1555,0.001,Content/Landscape/Foilage/SM_Common_Tree_06_FoliageType.uasset,C0104,1,/Game/Landscape/Stylized_PBR_Nature/Foliage/FoliageTypes/SM_Common_Tree_06_FoliageType,/Game/Landscape/Foilage/FoilageTypes/Trees/SM_Common_Tree_06_FoliageType,dev/resource_audit.json,,True
unused_group,미사용 후보: 후보끼리만 참조,/Game/Landscape/Foilage/SM_Common_Tree_07_FoliageType,ObjectRedirector,1555,0.001,Content/Landscape/Foilage/SM_Common_Tree_07_FoliageType.uasset,C0105,1,/Game/Landscape/Stylized_PBR_Nature/Foliage/FoliageTypes/SM_Common_Tree_07_FoliageType,/Game/Landscape/Foilage/FoilageTypes/Trees/SM_Common_Tree_07_FoliageType,dev/resource_audit.json,,True
unused_group,미사용 후보: 후보끼리만 참조,/Game/Landscape/Foilage/SM_Common_Tree_08_FoliageType,ObjectRedirector,1555,0.001,Content/Landscape/Foilage/SM_Common_Tree_08_FoliageType.uasset,C0106,1,/Game/Landscape/Stylized_PBR_Nature/Foliage/FoliageTypes/SM_Common_Tree_08_FoliageType,/Game/Landscape/Foilage/FoilageTypes/Trees/SM_Common_Tree_08_FoliageType,dev/resource_audit.json,,True
unused_group,미사용 후보: 후보끼리만 참조,/Game/Landscape/Foilage/SM_Common_Tree_09_FoliageType,ObjectRedirector,1555,0.001,Content/Landscape/Foilage/SM_Common_Tree_09_FoliageType.uasset,C0107,1,/Game/Landscape/Stylized_PBR_Nature/Foliage/FoliageTypes/SM_Common_Tree_09_FoliageType,/Game/Landscape/Foilage/FoilageTypes/Trees/SM_Common_Tree_09_FoliageType,dev/resource_audit.json,,True
unused_group,미사용 후보: 후보끼리만 참조,/Game/Landscape/Foilage/SM_Common_Tree_10_FoliageType,ObjectRedirector,1555,0.001,Content/Landscape/Foilage/SM_Common_Tree_10_FoliageType.uasset,C0108,1,/Game/Landscape/Stylized_PBR_Nature/Foliage/FoliageTypes/SM_Common_Tree_10_FoliageType,/Game/Landscape/Foilage/FoilageTypes/Trees/SM_Common_Tree_10_FoliageType,dev/resource_audit.json,,True
unused_group,미사용 후보: 후보끼리만 참조,/Game/Landscape/Foilage/SM_Common_Tree_11_FoliageType,ObjectRedirector,1555,0.001,Content/Landscape/Foilage/SM_Common_Tree_11_FoliageType.uasset,C0109,1,/Game/Landscape/Stylized_PBR_Nature/Foliage/FoliageTypes/SM_Common_Tree_11_FoliageType,/Game/Landscape/Foilage/FoilageTypes/Trees/SM_Common_Tree_11_FoliageType,dev/resource_audit.json,,True
unused_group,미사용 후보: 후보끼리만 참조,/Game/Landscape/Foilage/SM_Pine_Tree_1_FoliageType,ObjectRedirector,1531,0.001,Content/Landscape/Foilage/SM_Pine_Tree_1_FoliageType.uasset,C0110,1,/Game/Landscape/Stylized_PBR_Nature/Foliage/FoliageTypes/SM_Pine_Tree_1_FoliageType,/Game/Landscape/Foilage/FoilageTypes/Trees/SM_Pine_Tree_1_FoliageType,dev/resource_audit.json,,True
unused_group,미사용 후보: 후보끼리만 참조,/Game/Landscape/Foilage/SM_Pine_Tree_2_FoliageType,ObjectRedirector,1531,0.001,Content/Landscape/Foilage/SM_Pine_Tree_2_FoliageType.uasset,C0111,1,/Game/Landscape/Stylized_PBR_Nature/Foliage/FoliageTypes/SM_Pine_Tree_2_FoliageType,/Game/Landscape/Foilage/FoilageTypes/Trees/SM_Pine_Tree_2_FoliageType,dev/resource_audit.json,,True
unused_group,미사용 후보: 후보끼리만 참조,/Game/Landscape/Foilage/SM_Pine_Tree_3_FoliageType,ObjectRedirector,1531,0.001,Content/Landscape/Foilage/SM_Pine_Tree_3_FoliageType.uasset,C0112,1,/Game/Landscape/Stylized_PBR_Nature/Foliage/FoliageTypes/SM_Pine_Tree_3_FoliageType,/Game/Landscape/Foilage/FoilageTypes/Trees/SM_Pine_Tree_3_FoliageType,dev/resource_audit.json,,True
unused_group,미사용 후보: 후보끼리만 참조,/Game/Landscape/Foilage/SM_Pine_Tree_4_FoliageType,ObjectRedirector,1531,0.001,Content/Landscape/Foilage/SM_Pine_Tree_4_FoliageType.uasset,C0113,1,/Game/Landscape/Stylized_PBR_Nature/Foliage/FoliageTypes/SM_Pine_Tree_4_FoliageType,/Game/Landscape/Foilage/FoilageTypes/Trees/SM_Pine_Tree_4_FoliageType,dev/resource_audit.json,,True
unused_group,미사용 후보: 후보끼리만 참조,/Game/Landscape/Foilage/SM_Clover_FoliageType,ObjectRedirector,1517,0.001,Content/Landscape/Foilage/SM_Clover_FoliageType.uasset,C0132,1,/Game/Landscape/Stylized_PBR_Nature/Foliage/FoliageTypes/SM_Clover_FoliageType,/Game/Landscape/Foilage/FoilageTypes/Bushes_GroundCover/SM_Clover_FoliageType,dev/resource_audit.json,,True
unused_group,미사용 후보: 후보끼리만 참조,/Game/Landscape/Foilage/SM_R_Rock_01_FoliageType,ObjectRedirector,1515,0.001,Content/Landscape/Foilage/SM_R_Rock_01_FoliageType.uasset,C0116,1,/Game/Landscape/Stylized_PBR_Nature/Rocks/FoliageTypes/SM_R_Rock_01_FoliageType,/Game/Landscape/Foilage/FoilageTypes/Rocks/SM_R_Rock_01_FoliageType,dev/resource_audit.json,,True
unused_group,미사용 후보: 후보끼리만 참조,/Game/Landscape/Foilage/SM_R_Rock_02_FoliageType,ObjectRedirector,1515,0.001,Content/Landscape/Foilage/SM_R_Rock_02_FoliageType.uasset,C0117,1,/Game/Landscape/Stylized_PBR_Nature/Rocks/FoliageTypes/SM_R_Rock_02_FoliageType,/Game/Landscape/Foilage/FoilageTypes/Rocks/SM_R_Rock_02_FoliageType,dev/resource_audit.json,,True
unused_group,미사용 후보: 후보끼리만 참조,/Game/Landscape/Foilage/SM_R_Rock_03_FoliageType,ObjectRedirector,1515,0.001,Content/Landscape/Foilage/SM_R_Rock_03_FoliageType.uasset,C0118,1,/Game/Landscape/Stylized_PBR_Nature/Rocks/FoliageTypes/SM_R_Rock_03_FoliageType,/Game/Landscape/Foilage/FoilageTypes/Rocks/SM_R_Rock_03_FoliageType,dev/resource_audit.json,,True
unused_group,미사용 후보: 후보끼리만 참조,/Game/Landscape/Foilage/SM_R_Rock_04_FoliageType,ObjectRedirector,1515,0.001,Content/Landscape/Foilage/SM_R_Rock_04_FoliageType.uasset,C0119,1,/Game/Landscape/Stylized_PBR_Nature/Rocks/FoliageTypes/SM_R_Rock_04_FoliageType,/Game/Landscape/Foilage/FoilageTypes/Rocks/SM_R_Rock_04_FoliageType,dev/resource_audit.json,,True
unused_group,미사용 후보: 후보끼리만 참조,/Game/Landscape/Foilage/SM_R_Rock_05_FoliageType,ObjectRedirector,1515,0.001,Content/Landscape/Foilage/SM_R_Rock_05_FoliageType.uasset,C0120,1,/Game/Landscape/Stylized_PBR_Nature/Rocks/FoliageTypes/SM_R_Rock_05_FoliageType,/Game/Landscape/Foilage/FoilageTypes/Rocks/SM_R_Rock_05_FoliageType,dev/resource_audit.json,,True
unused_group,미사용 후보: 후보끼리만 참조,/Game/Landscape/Foilage/SM_S_Rock_01_FoliageType,ObjectRedirector,1515,0.001,Content/Landscape/Foilage/SM_S_Rock_01_FoliageType.uasset,C0121,1,/Game/Landscape/Stylized_PBR_Nature/Rocks/FoliageTypes/SM_S_Rock_01_FoliageType,/Game/Landscape/Foilage/FoilageTypes/Rocks/SM_S_Rock_01_FoliageType,dev/resource_audit.json,,True
unused_group,미사용 후보: 후보끼리만 참조,/Game/Landscape/Foilage/SM_S_Rock_02_FoliageType,ObjectRedirector,1515,0.001,Content/Landscape/Foilage/SM_S_Rock_02_FoliageType.uasset,C0122,1,/Game/Landscape/Stylized_PBR_Nature/Rocks/FoliageTypes/SM_S_Rock_02_FoliageType,/Game/Landscape/Foilage/FoilageTypes/Rocks/SM_S_Rock_02_FoliageType,dev/resource_audit.json,,True
unused_group,미사용 후보: 후보끼리만 참조,/Game/Landscape/Foilage/SM_S_Rock_03_FoliageType,ObjectRedirector,1515,0.001,Content/Landscape/Foilage/SM_S_Rock_03_FoliageType.uasset,C0123,1,/Game/Landscape/Stylized_PBR_Nature/Rocks/FoliageTypes/SM_S_Rock_03_FoliageType,/Game/Landscape/Foilage/FoilageTypes/Rocks/SM_S_Rock_03_FoliageType,dev/resource_audit.json,,True
unused_group,미사용 후보: 후보끼리만 참조,/Game/Landscape/Foilage/SM_S_Rock_04_FoliageType,ObjectRedirector,1515,0.001,Content/Landscape/Foilage/SM_S_Rock_04_FoliageType.uasset,C0124,1,/Game/Landscape/Stylized_PBR_Nature/Rocks/FoliageTypes/SM_S_Rock_04_FoliageType,/Game/Landscape/Foilage/FoilageTypes/Rocks/SM_S_Rock_04_FoliageType,dev/resource_audit.json,,True
unused_group,미사용 후보: 후보끼리만 참조,/Game/Landscape/Foilage/SM_S_Rock_05_FoliageType,ObjectRedirector,1515,0.001,Content/Landscape/Foilage/SM_S_Rock_05_FoliageType.uasset,C0125,1,/Game/Landscape/Stylized_PBR_Nature/Rocks/FoliageTypes/SM_S_Rock_05_FoliageType,/Game/Landscape/Foilage/FoilageTypes/Rocks/SM_S_Rock_05_FoliageType,dev/resource_audit.json,,True
unused_group,미사용 후보: 후보끼리만 참조,/Game/Landscape/Foilage/SM_S_Rock_06_FoliageType,ObjectRedirector,1515,0.001,Content/Landscape/Foilage/SM_S_Rock_06_FoliageType.uasset,C0126,1,/Game/Landscape/Stylized_PBR_Nature/Rocks/FoliageTypes/SM_S_Rock_06_FoliageType,/Game/Landscape/Foilage/FoilageTypes/Rocks/SM_S_Rock_06_FoliageType,dev/resource_audit.json,,True
unused_group,미사용 후보: 후보끼리만 참조,/Game/Landscape/Foilage/SM_S_Rock_07_FoliageType,ObjectRedirector,1515,0.001,Content/Landscape/Foilage/SM_S_Rock_07_FoliageType.uasset,C0127,1,/Game/Landscape/Stylized_PBR_Nature/Rocks/FoliageTypes/SM_S_Rock_07_FoliageType,/Game/Landscape/Foilage/FoilageTypes/Rocks/SM_S_Rock_07_FoliageType,dev/resource_audit.json,,True
unused_group,미사용 후보: 후보끼리만 참조,/Game/Landscape/Foilage/SM_S_Rock_08_FoliageType,ObjectRedirector,1515,0.001,Content/Landscape/Foilage/SM_S_Rock_08_FoliageType.uasset,C0128,1,/Game/Landscape/Stylized_PBR_Nature/Rocks/FoliageTypes/SM_S_Rock_08_FoliageType,/Game/Landscape/Foilage/FoilageTypes/Rocks/SM_S_Rock_08_FoliageType,dev/resource_audit.json,,True
unused_group,미사용 후보: 후보끼리만 참조,/Game/Landscape/Foilage/SM_S_Rock_09_FoliageType,ObjectRedirector,1515,0.001,Content/Landscape/Foilage/SM_S_Rock_09_FoliageType.uasset,C0129,1,/Game/Landscape/Stylized_PBR_Nature/Rocks/FoliageTypes/SM_S_Rock_09_FoliageType,/Game/Landscape/Foilage/FoilageTypes/Rocks/SM_S_Rock_09_FoliageType,dev/resource_audit.json,,True
unused_group,미사용 후보: 후보끼리만 참조,/Game/Landscape/Foilage/SM_S_Rock_10_FoliageType,ObjectRedirector,1515,0.001,Content/Landscape/Foilage/SM_S_Rock_10_FoliageType.uasset,C0130,1,/Game/Landscape/Stylized_PBR_Nature/Rocks/FoliageTypes/SM_S_Rock_10_FoliageType,/Game/Landscape/Foilage/FoilageTypes/Rocks/SM_S_Rock_10_FoliageType,dev/resource_audit.json,,True
unused_group,미사용 후보: 후보끼리만 참조,/Game/Landscape/Foilage/SM_S_Rock_11_FoliageType,ObjectRedirector,1515,0.001,Content/Landscape/Foilage/SM_S_Rock_11_FoliageType.uasset,C0131,1,/Game/Landscape/Stylized_PBR_Nature/Rocks/FoliageTypes/SM_S_Rock_11_FoliageType,/Game/Landscape/Foilage/FoilageTypes/Rocks/SM_S_Rock_11_FoliageType,dev/resource_audit.json,,True
unused_group,미사용 후보: 후보끼리만 참조,/Game/Landscape/Foilage/SM_Grass_FoliageType,ObjectRedirector,1509,0.001,Content/Landscape/Foilage/SM_Grass_FoliageType.uasset,C0133,1,/Game/Landscape/Stylized_PBR_Nature/Foliage/FoliageTypes/SM_Grass_FoliageType,/Game/Landscape/Foilage/FoilageTypes/Bushes_GroundCover/SM_Grass_FoliageType,dev/resource_audit.json,,True
unused_group,미사용 후보: 후보끼리만 참조,/Game/Landscape/Foilage/SM_Bush_FoliageType,ObjectRedirector,1501,0.001,Content/Landscape/Foilage/SM_Bush_FoliageType.uasset,C0134,1,/Game/Landscape/Stylized_PBR_Nature/Foliage/FoliageTypes/SM_Bush_FoliageType,/Game/Landscape/Foilage/FoilageTypes/Bushes_GroundCover/SM_Bush_FoliageType,dev/resource_audit.json,,True
unused_group,미사용 후보: 후보끼리만 참조,/Game/Landscape/Foilage/SM_Fern_FoliageType,ObjectRedirector,1501,0.001,Content/Landscape/Foilage/SM_Fern_FoliageType.uasset,C0135,1,/Game/Landscape/Stylized_PBR_Nature/Foliage/FoliageTypes/SM_Fern_FoliageType,/Game/Landscape/Foilage/FoilageTypes/Bushes_GroundCover/SM_Fern_FoliageType,dev/resource_audit.json,,True
unused_leaf,미사용 후보: 외부 참조 0,/Game/Resources/Environments/Props/Common/Red_Brick_Wall/T_Red_Brick_Wall_Basecolor,Texture2D,21618117,20.617,Content/Resources/Environments/Props/Common/Red_Brick_Wall/T_Red_Brick_Wall_Basecolor.uasset,C0008,0,,,dev/CaveStartArt/candidate-assets.txt;dev/cleanup_selection.json;dev/resource_audit.json,,True
unused_leaf,미사용 후보: 외부 참조 0,/Game/Resources/Environments/Props/Common/Red_Brick_Wall/T_Red_Brick_Wall_Normal,Texture2D,14712361,14.031,Content/Resources/Environments/Props/Common/Red_Brick_Wall/T_Red_Brick_Wall_Normal.uasset,C0012,0,,,dev/CaveStartArt/candidate-assets.txt;dev/cleanup_selection.json;dev/resource_audit.json,,True
unused_leaf,미사용 후보: 외부 참조 0,/Game/Resources/Common/Textures/T_Metal041A_1K_NormalDX,Texture2D,4363501,4.161,Content/Resources/Common/Textures/T_Metal041A_1K_NormalDX.uasset,C0017,0,,,dev/cleanup_selection.json;dev/resource_audit.json,,True
unused_leaf,미사용 후보: 외부 참조 0,/Game/Resources/Environments/Props/Common/Red_Brick_Wall/T_Red_Brick_Wall_Roughness,Texture2D,2375307,2.265,Content/Resources/Environments/Props/Common/Red_Brick_Wall/T_Red_Brick_Wall_Roughness.uasset,C0026,0,,,dev/CaveStartArt/candidate-assets.txt;dev/cleanup_selection.json;dev/resource_audit.json,,True
unused_leaf,미사용 후보: 외부 참조 0,/Game/Resources/Common/Textures/T_Wood_009_Mahogany_NORM,Texture2D,974554,0.929,Content/Resources/Common/Textures/T_Wood_009_Mahogany_NORM.uasset,C0039,0,,,dev/cleanup_selection.json;dev/resource_audit.json,,True
unused_leaf,미사용 후보: 외부 참조 0,/Game/Resources/Common/Textures/T_Metal041A_1K_Roughness,Texture2D,456644,0.435,Content/Resources/Common/Textures/T_Metal041A_1K_Roughness.uasset,C0057,0,,,dev/cleanup_selection.json;dev/resource_audit.json,,True
unused_leaf,미사용 후보: 외부 참조 0,/Game/PCG/OpenWorld/PCG_Foliage_Main,PCGGraph,189349,0.181,Content/PCG/OpenWorld/PCG_Foliage_Main.uasset,C0069,0,,/Game/Blueprints/System/BP_Spline;/Game/Landscape/Stylized_PBR_Nature/Foliage/Assets/SM_Bush;/Game/Landscape/Stylized_PBR_Nature/Foliage/Assets/SM_Clover;/Game/Landscape/Stylized_PBR_Nature/Foliage/Assets/SM_Common_Tree_03;/Game/Landscape/Stylized_PBR_Nature/Foliage/Assets/SM_Fern;/Game/Landscape/Stylized_PBR_Nature/Foliage/Assets/SM_Grass;/Game/Landscape/Stylized_PBR_Nature/Foliage/Assets/SM_Pine_Tree_2;/Game/Landscape/Stylized_PBR_Nature/Rocks/Assets/SM_S_Rock_02;/Game/Landscape/Stylized_PBR_Nature/Rocks/Assets/SM_S_Rock_05;/Game/Landscape/Stylized_PBR_Nature/Rocks/Assets/SM_S_Rock_09,dev/PCGApartment/claude-handoff.md;dev/resource_audit.json,,True
unused_leaf,미사용 후보: 외부 참조 0,/Game/Resources/Characters/NPC/Skeleton/Skeleton_Anim,AnimSequence,155031,0.148,Content/Resources/Characters/NPC/Skeleton/Skeleton_Anim.uasset,C0073,0,,/Game/Resources/Characters/NPC/Skeleton/SK_Skeleton,dev/resource_audit.json,,True
unused_leaf,미사용 후보: 외부 참조 0,/Game/Resources/LevelSequence/Slime_LevelSequence,LevelSequence,27746,0.026,Content/Resources/LevelSequence/Slime_LevelSequence.uasset,C0085,0,,/Game/Resources/Characters/Monster/Slime_Normal/SKM_Slime_Normal,dev/resource_audit.json,,True
unused_leaf,미사용 후보: 외부 참조 0,/Game/Resources/Characters/Monster/Slime_Normal/SKM_Slime_Normal_CtrlRig,ControlRigBlueprint,23444,0.022,Content/Resources/Characters/Monster/Slime_Normal/SKM_Slime_Normal_CtrlRig.uasset,C0087,0,,/Game/Resources/Characters/Monster/Slime_Normal/SKM_Slime_Normal;/Game/Resources/Characters/Monster/Slime_Normal/SK_Slime_Normal,dev/resource_audit.json,,True
unused_leaf,미사용 후보: 외부 참조 0,/Game/Data/ST_DynamicMeshData,UserDefinedStruct,10936,0.01,Content/Data/ST_DynamicMeshData.uasset,C0090,0,,/Game/Blueprints/System/Enum/E_DynamicMeshType,dev/resource_audit.json,,True
unused_leaf,미사용 후보: 외부 참조 0,/Game/Resources/Characters/Monster/Slime_Normal/Animation/AM_Slime_Jump,AnimMontage,8977,0.009,Content/Resources/Characters/Monster/Slime_Normal/Animation/AM_Slime_Jump.uasset,C0084,0,,/Game/Resources/Characters/Monster/Slime_Normal/Animation/AS_Slime_Jump;/Game/Resources/Characters/Monster/Slime_Normal/SK_Slime_Normal,dev/resource_audit.json,,True
unused_leaf,미사용 후보: 외부 참조 0,/Game/Resources/Characters/Monster/Slime_Normal/Animation/AM_Slime_Move,AnimMontage,8956,0.009,Content/Resources/Characters/Monster/Slime_Normal/Animation/AM_Slime_Move.uasset,C0093,0,,/Game/Resources/Characters/Monster/Slime_Normal/Animation/AS_Slime_Move;/Game/Resources/Characters/Monster/Slime_Normal/SK_Slime_Normal,dev/resource_audit.json,,True
unused_leaf,미사용 후보: 외부 참조 0,/Game/Resources/Characters/Monster/Slime_Normal/Animation/AM_Slime_Idle,AnimMontage,8932,0.009,Content/Resources/Characters/Monster/Slime_Normal/Animation/AM_Slime_Idle.uasset,C0094,0,,/Game/Resources/Characters/Monster/Slime_Normal/Animation/AS_Slime_Idle;/Game/Resources/Characters/Monster/Slime_Normal/SK_Slime_Normal,dev/resource_audit.json,,True
unused_leaf,미사용 후보: 외부 참조 0,/Game/Resources/Characters/Monster/Slime_Normal/Animation/AM_Slime_Dead,AnimMontage,8460,0.008,Content/Resources/Characters/Monster/Slime_Normal/Animation/AM_Slime_Dead.uasset,C0095,0,,/Game/Resources/Characters/Monster/Slime_Normal/Animation/AS_Slime_Dead;/Game/Resources/Characters/Monster/Slime_Normal/SK_Slime_Normal,dev/resource_audit.json,,True
unused_leaf,미사용 후보: 외부 참조 0,/Game/Resources/Environments/Items/Bicycle/obj29_PhysicsAsset,PhysicsAsset,6723,0.006,Content/Resources/Environments/Items/Bicycle/obj29_PhysicsAsset.uasset,C0032,0,,/Game/Resources/Environments/Items/Bicycle/obj29,dev/resource_audit.json,,True
unused_leaf,미사용 후보: 외부 참조 0,/Game/Resources/Environments/Items/Bicycle/obj14_PhysicsAsset,PhysicsAsset,6250,0.006,Content/Resources/Environments/Items/Bicycle/obj14_PhysicsAsset.uasset,C0020,0,,/Game/Resources/Environments/Items/Bicycle/obj14,dev/resource_audit.json,,True
unused_leaf,미사용 후보: 외부 참조 0,/Game/Resources/Environments/Items/Bicycle/obj17_PhysicsAsset,PhysicsAsset,6248,0.006,Content/Resources/Environments/Items/Bicycle/obj17_PhysicsAsset.uasset,C0021,0,,/Game/Resources/Environments/Items/Bicycle/obj17,dev/resource_audit.json,,True
unused_leaf,미사용 후보: 외부 참조 0,/Game/Resources/Environments/Items/Bicycle/obj28_PhysicsAsset,PhysicsAsset,6227,0.006,Content/Resources/Environments/Items/Bicycle/obj28_PhysicsAsset.uasset,C0019,0,,/Game/Resources/Environments/Items/Bicycle/obj28,dev/resource_audit.json,,True
unused_leaf,미사용 후보: 외부 참조 0,/Game/Resources/Environments/Items/Bicycle/obj42_PhysicsAsset,PhysicsAsset,6115,0.006,Content/Resources/Environments/Items/Bicycle/obj42_PhysicsAsset.uasset,C0042,0,,/Game/Resources/Environments/Items/Bicycle/obj42,dev/resource_audit.json,,True
unused_leaf,미사용 후보: 외부 참조 0,/Game/Resources/Environments/Items/Bicycle/obj6_PhysicsAsset,PhysicsAsset,5928,0.006,Content/Resources/Environments/Items/Bicycle/obj6_PhysicsAsset.uasset,C0030,0,,/Game/Resources/Environments/Items/Bicycle/obj6,dev/resource_audit.json,,True
unused_leaf,미사용 후보: 외부 참조 0,/Game/Resources/Environments/Items/Bicycle/obj3_PhysicsAsset,PhysicsAsset,5853,0.006,Content/Resources/Environments/Items/Bicycle/obj3_PhysicsAsset.uasset,C0033,0,,/Game/Resources/Environments/Items/Bicycle/obj3,dev/resource_audit.json,,True
unused_leaf,미사용 후보: 외부 참조 0,/Game/Resources/Environments/Items/Bicycle/obj40_PhysicsAsset,PhysicsAsset,5819,0.006,Content/Resources/Environments/Items/Bicycle/obj40_PhysicsAsset.uasset,C0027,0,,/Game/Resources/Environments/Items/Bicycle/obj40,dev/resource_audit.json,,True
unused_leaf,미사용 후보: 외부 참조 0,/Game/Resources/Environments/Items/Bicycle/obj5_PhysicsAsset,PhysicsAsset,5760,0.005,Content/Resources/Environments/Items/Bicycle/obj5_PhysicsAsset.uasset,C0034,0,,/Game/Resources/Environments/Items/Bicycle/obj5,dev/resource_audit.json,,True
unused_leaf,미사용 후보: 외부 참조 0,/Game/Resources/Environments/Items/Bicycle/obj16_PhysicsAsset,PhysicsAsset,5712,0.005,Content/Resources/Environments/Items/Bicycle/obj16_PhysicsAsset.uasset,C0046,0,,/Game/Resources/Environments/Items/Bicycle/obj16,dev/resource_audit.json,,True
unused_leaf,미사용 후보: 외부 참조 0,/Game/Resources/Environments/Items/Bicycle/obj38_PhysicsAsset,PhysicsAsset,5600,0.005,Content/Resources/Environments/Items/Bicycle/obj38_PhysicsAsset.uasset,C0064,0,,/Game/Resources/Environments/Items/Bicycle/obj38,dev/resource_audit.json,,True
unused_leaf,미사용 후보: 외부 참조 0,/Game/Resources/Environments/Items/Bicycle/obj8_PhysicsAsset,PhysicsAsset,5560,0.005,Content/Resources/Environments/Items/Bicycle/obj8_PhysicsAsset.uasset,C0036,0,,/Game/Resources/Environments/Items/Bicycle/obj8,dev/resource_audit.json,,True
unused_leaf,미사용 후보: 외부 참조 0,/Game/Resources/Environments/Items/Bicycle/obj7_PhysicsAsset,PhysicsAsset,5440,0.005,Content/Resources/Environments/Items/Bicycle/obj7_PhysicsAsset.uasset,C0035,0,,/Game/Resources/Environments/Items/Bicycle/obj7,dev/resource_audit.json,,True
unused_leaf,미사용 후보: 외부 참조 0,/Game/Resources/Environments/Items/Bicycle/obj9_PhysicsAsset,PhysicsAsset,5388,0.005,Content/Resources/Environments/Items/Bicycle/obj9_PhysicsAsset.uasset,C0025,0,,/Game/Resources/Environments/Items/Bicycle/obj9,dev/resource_audit.json,,True
unused_leaf,미사용 후보: 외부 참조 0,/Game/Resources/Environments/Items/Bicycle/obj12_PhysicsAsset,PhysicsAsset,5336,0.005,Content/Resources/Environments/Items/Bicycle/obj12_PhysicsAsset.uasset,C0031,0,,/Game/Resources/Environments/Items/Bicycle/obj12,dev/resource_audit.json,,True
unused_leaf,미사용 후보: 외부 참조 0,/Game/Resources/Environments/Items/Bicycle/obj39_PhysicsAsset,PhysicsAsset,5294,0.005,Content/Resources/Environments/Items/Bicycle/obj39_PhysicsAsset.uasset,C0044,0,,/Game/Resources/Environments/Items/Bicycle/obj39,dev/resource_audit.json,,True
unused_leaf,미사용 후보: 외부 참조 0,/Game/Resources/Environments/Items/Bicycle/obj25_PhysicsAsset,PhysicsAsset,5252,0.005,Content/Resources/Environments/Items/Bicycle/obj25_PhysicsAsset.uasset,C0052,0,,/Game/Resources/Environments/Items/Bicycle/obj25,dev/resource_audit.json,,True
unused_leaf,미사용 후보: 외부 참조 0,/Game/Resources/Environments/Items/Bicycle/obj20_PhysicsAsset,PhysicsAsset,5152,0.005,Content/Resources/Environments/Items/Bicycle/obj20_PhysicsAsset.uasset,C0015,0,,/Game/Resources/Environments/Items/Bicycle/obj20,dev/resource_audit.json,,True
unused_leaf,미사용 후보: 외부 참조 0,/Game/Resources/Environments/Items/Bicycle/obj2_PhysicsAsset,PhysicsAsset,5148,0.005,Content/Resources/Environments/Items/Bicycle/obj2_PhysicsAsset.uasset,C0047,0,,/Game/Resources/Environments/Items/Bicycle/obj2,dev/resource_audit.json,,True
unused_leaf,미사용 후보: 외부 참조 0,/Game/Resources/Environments/Items/Bicycle/obj37_PhysicsAsset,PhysicsAsset,5146,0.005,Content/Resources/Environments/Items/Bicycle/obj37_PhysicsAsset.uasset,C0051,0,,/Game/Resources/Environments/Items/Bicycle/obj37,dev/resource_audit.json,,True
unused_leaf,미사용 후보: 외부 참조 0,/Game/Resources/Environments/Items/Bicycle/obj15_PhysicsAsset,PhysicsAsset,5118,0.005,Content/Resources/Environments/Items/Bicycle/obj15_PhysicsAsset.uasset,C0061,0,,/Game/Resources/Environments/Items/Bicycle/obj15,dev/resource_audit.json,,True
unused_leaf,미사용 후보: 외부 참조 0,/Game/Resources/Environments/Items/Bicycle/obj4_PhysicsAsset,PhysicsAsset,5091,0.005,Content/Resources/Environments/Items/Bicycle/obj4_PhysicsAsset.uasset,C0040,0,,/Game/Resources/Environments/Items/Bicycle/obj4,dev/resource_audit.json,,True
unused_leaf,미사용 후보: 외부 참조 0,/Game/Resources/Environments/Items/Bicycle/obj36_PhysicsAsset,PhysicsAsset,5082,0.005,Content/Resources/Environments/Items/Bicycle/obj36_PhysicsAsset.uasset,C0049,0,,/Game/Resources/Environments/Items/Bicycle/obj36,dev/resource_audit.json,,True
unused_leaf,미사용 후보: 외부 참조 0,/Game/Resources/Environments/Items/Bicycle/obj19_PhysicsAsset,PhysicsAsset,4939,0.005,Content/Resources/Environments/Items/Bicycle/obj19_PhysicsAsset.uasset,C0062,0,,/Game/Resources/Environments/Items/Bicycle/obj19,dev/resource_audit.json,,True
unused_leaf,미사용 후보: 외부 참조 0,/Game/Resources/Environments/Items/Bicycle/obj27_PhysicsAsset,PhysicsAsset,4910,0.005,Content/Resources/Environments/Items/Bicycle/obj27_PhysicsAsset.uasset,C0065,0,,/Game/Resources/Environments/Items/Bicycle/obj27,dev/resource_audit.json,,True
unused_leaf,미사용 후보: 외부 참조 0,/Game/Resources/Environments/Items/Bicycle/obj11_PhysicsAsset,PhysicsAsset,4868,0.005,Content/Resources/Environments/Items/Bicycle/obj11_PhysicsAsset.uasset,C0018,0,,/Game/Resources/Environments/Items/Bicycle/obj11,dev/resource_audit.json,,True
unused_leaf,미사용 후보: 외부 참조 0,/Game/Resources/Environments/Items/Bicycle/obj24_PhysicsAsset,PhysicsAsset,4808,0.005,Content/Resources/Environments/Items/Bicycle/obj24_PhysicsAsset.uasset,C0059,0,,/Game/Resources/Environments/Items/Bicycle/obj24,dev/resource_audit.json,,True
unused_leaf,미사용 후보: 외부 참조 0,/Game/Resources/Environments/Items/Bicycle/obj21_PhysicsAsset,PhysicsAsset,4781,0.005,Content/Resources/Environments/Items/Bicycle/obj21_PhysicsAsset.uasset,C0016,0,,/Game/Resources/Environments/Items/Bicycle/obj21,dev/resource_audit.json,,True
unused_leaf,미사용 후보: 외부 참조 0,/Game/Resources/Environments/Items/Bicycle/obj13_PhysicsAsset,PhysicsAsset,4756,0.005,Content/Resources/Environments/Items/Bicycle/obj13_PhysicsAsset.uasset,C0041,0,,/Game/Resources/Environments/Items/Bicycle/obj13,dev/resource_audit.json,,True
unused_leaf,미사용 후보: 외부 참조 0,/Game/Resources/Environments/Items/Bicycle/obj18_PhysicsAsset,PhysicsAsset,4730,0.005,Content/Resources/Environments/Items/Bicycle/obj18_PhysicsAsset.uasset,C0045,0,,/Game/Resources/Environments/Items/Bicycle/obj18,dev/resource_audit.json,,True
unused_leaf,미사용 후보: 외부 참조 0,/Game/Resources/Environments/Items/Bicycle/obj34_PhysicsAsset,PhysicsAsset,4658,0.004,Content/Resources/Environments/Items/Bicycle/obj34_PhysicsAsset.uasset,C0043,0,,/Game/Resources/Environments/Items/Bicycle/obj34,dev/resource_audit.json,,True
unused_leaf,미사용 후보: 외부 참조 0,/Game/Resources/Environments/Items/Bicycle/obj43_PhysicsAsset,PhysicsAsset,4612,0.004,Content/Resources/Environments/Items/Bicycle/obj43_PhysicsAsset.uasset,C0063,0,,/Game/Resources/Environments/Items/Bicycle/obj43,dev/resource_audit.json,,True
unused_leaf,미사용 후보: 외부 참조 0,/Game/Resources/Environments/Items/Bicycle/obj23_PhysicsAsset,PhysicsAsset,4583,0.004,Content/Resources/Environments/Items/Bicycle/obj23_PhysicsAsset.uasset,C0053,0,,/Game/Resources/Environments/Items/Bicycle/obj23,dev/resource_audit.json,,True
unused_leaf,미사용 후보: 외부 참조 0,/Game/Resources/Environments/Items/Bicycle/obj32_PhysicsAsset,PhysicsAsset,4573,0.004,Content/Resources/Environments/Items/Bicycle/obj32_PhysicsAsset.uasset,C0055,0,,/Game/Resources/Environments/Items/Bicycle/obj32,dev/resource_audit.json,,True
unused_leaf,미사용 후보: 외부 참조 0,/Game/Resources/Environments/Items/Bicycle/obj41_PhysicsAsset,PhysicsAsset,4536,0.004,Content/Resources/Environments/Items/Bicycle/obj41_PhysicsAsset.uasset,C0060,0,,/Game/Resources/Environments/Items/Bicycle/obj41,dev/resource_audit.json,,True
unused_leaf,미사용 후보: 외부 참조 0,/Game/Landscape/StylizedGrassByMayu/RoundedGrass/LandscapeGrassType/LGT_RoundedGrass,LandscapeGrassType,4489,0.004,Content/Landscape/StylizedGrassByMayu/RoundedGrass/LandscapeGrassType/LGT_RoundedGrass.uasset,C0096,0,,/Game/Landscape/StylizedGrassByMayu/RoundedGrass/Mesh/SM_RoundedGrassMesh,dev/resource_audit.json,,True
unused_leaf,미사용 후보: 외부 참조 0,/Game/Resources/Environments/Items/Bicycle/obj26_PhysicsAsset,PhysicsAsset,4468,0.004,Content/Resources/Environments/Items/Bicycle/obj26_PhysicsAsset.uasset,C0050,0,,/Game/Resources/Environments/Items/Bicycle/obj26,dev/resource_audit.json,,True
unused_leaf,미사용 후보: 외부 참조 0,/Game/Landscape/StylizedGrassByMayu/Grass_01/LandscapeGrassType/LGT_Grass_01,LandscapeGrassType,4463,0.004,Content/Landscape/StylizedGrassByMayu/Grass_01/LandscapeGrassType/LGT_Grass_01.uasset,C0097,0,,/Game/Landscape/StylizedGrassByMayu/Grass_01/Mesh/SM_StylizedWorld_Grass,dev/resource_audit.json,,True
unused_leaf,미사용 후보: 외부 참조 0,/Game/Resources/Environments/Items/Bicycle/obj35_PhysicsAsset,PhysicsAsset,4440,0.004,Content/Resources/Environments/Items/Bicycle/obj35_PhysicsAsset.uasset,C0058,0,,/Game/Resources/Environments/Items/Bicycle/obj35,dev/resource_audit.json,,True
unused_leaf,미사용 후보: 외부 참조 0,/Game/Resources/Environments/Items/Bicycle/obj22_PhysicsAsset,PhysicsAsset,4418,0.004,Content/Resources/Environments/Items/Bicycle/obj22_PhysicsAsset.uasset,C0066,0,,/Game/Resources/Environments/Items/Bicycle/obj22,dev/resource_audit.json,,True
unused_leaf,미사용 후보: 외부 참조 0,/Game/Resources/Environments/Items/Bicycle/obj10_PhysicsAsset,PhysicsAsset,4371,0.004,Content/Resources/Environments/Items/Bicycle/obj10_PhysicsAsset.uasset,C0013,0,,/Game/Resources/Environments/Items/Bicycle/obj10,dev/resource_audit.json,,True
unused_leaf,미사용 후보: 외부 참조 0,/Game/Resources/Environments/Items/Bicycle/obj31_PhysicsAsset,PhysicsAsset,4310,0.004,Content/Resources/Environments/Items/Bicycle/obj31_PhysicsAsset.uasset,C0054,0,,/Game/Resources/Environments/Items/Bicycle/obj31,dev/resource_audit.json,,True
unused_leaf,미사용 후보: 외부 참조 0,/Game/Resources/Environments/Items/Bicycle/obj30_PhysicsAsset,PhysicsAsset,4257,0.004,Content/Resources/Environments/Items/Bicycle/obj30_PhysicsAsset.uasset,C0048,0,,/Game/Resources/Environments/Items/Bicycle/obj30,dev/resource_audit.json,,True
unused_leaf,미사용 후보: 외부 참조 0,/Game/Resources/Environments/Items/Bicycle/obj33_PhysicsAsset,PhysicsAsset,4182,0.004,Content/Resources/Environments/Items/Bicycle/obj33_PhysicsAsset.uasset,C0079,0,,/Game/Resources/Environments/Items/Bicycle/obj33,dev/resource_audit.json,,True
unused_leaf,미사용 후보: 외부 참조 0,/Game/Resources/Environments/Props/AbandonedSchool/School_Classroom_Music_Prop/tripo_convert_7f762b94-0834-4015-be68-b7c2adf5d1d9_13_F013F219,ObjectRedirector,1964,0.002,Content/Resources/Environments/Props/AbandonedSchool/School_Classroom_Music_Prop/tripo_convert_7f762b94-0834-4015-be68-b7c2adf5d1d9_13_F013F219.uasset,C0002,0,,/Game/Resources/Environments/Props/AbandonedSchool/School_Classroom_Music_Prop/SM_AbandonedSchool_Music_Prop_MusicStandCoverA,dev/resource_audit.json,,True
unused_leaf,미사용 후보: 외부 참조 0,/Game/Resources/Environments/Props/AbandonedSchool/School_Classroom_Music_Prop/tripo_convert_7f762b94-0834-4015-be68-b7c2adf5d1d9_15_ED6C6113,ObjectRedirector,1964,0.002,Content/Resources/Environments/Props/AbandonedSchool/School_Classroom_Music_Prop/tripo_convert_7f762b94-0834-4015-be68-b7c2adf5d1d9_15_ED6C6113.uasset,C0002,0,,/Game/Resources/Environments/Props/AbandonedSchool/School_Classroom_Music_Prop/SM_AbandonedSchool_Music_Prop_MusicStandCoverB,dev/resource_audit.json,,True
unused_leaf,미사용 후보: 외부 참조 0,/Game/Resources/Environments/Props/AbandonedSchool/School_Classroom_Music_Prop/tripo_convert_7f762b94-0834-4015-be68-b7c2adf5d1d9_11_4C119839,ObjectRedirector,1944,0.002,Content/Resources/Environments/Props/AbandonedSchool/School_Classroom_Music_Prop/tripo_convert_7f762b94-0834-4015-be68-b7c2adf5d1d9_11_4C119839.uasset,C0002,0,,/Game/Resources/Environments/Props/AbandonedSchool/School_Classroom_Music_Prop/SM_AbandonedSchool_Music_Prop_ViolinCover,dev/resource_audit.json,,True
unused_leaf,미사용 후보: 외부 참조 0,/Game/Resources/Environments/Props/AbandonedSchool/School_Classroom_Music_Prop/tripo_convert_7f762b94-0834-4015-be68-b7c2adf5d1d9_27_A6C555F6,ObjectRedirector,1944,0.002,Content/Resources/Environments/Props/AbandonedSchool/School_Classroom_Music_Prop/tripo_convert_7f762b94-0834-4015-be68-b7c2adf5d1d9_27_A6C555F6.uasset,C0002,0,,/Game/Resources/Environments/Props/AbandonedSchool/School_Classroom_Music_Prop/SM_AbandonedSchool_Music_Prop_TrumpetCase,dev/resource_audit.json,,True
unused_leaf,미사용 후보: 외부 참조 0,/Game/Resources/Environments/Props/AbandonedSchool/School_Classroom_Music_Prop/tripo_convert_7f762b94-0834-4015-be68-b7c2adf5d1d9_23_8723844E,ObjectRedirector,1940,0.002,Content/Resources/Environments/Props/AbandonedSchool/School_Classroom_Music_Prop/tripo_convert_7f762b94-0834-4015-be68-b7c2adf5d1d9_23_8723844E.uasset,C0002,0,,/Game/Resources/Environments/Props/AbandonedSchool/School_Classroom_Music_Prop/SM_AbandonedSchool_Music_Prop_Doublebass,dev/resource_audit.json,,True
unused_leaf,미사용 후보: 외부 참조 0,/Game/Resources/Environments/Props/AbandonedSchool/School_Classroom_Music_Prop/tripo_convert_7f762b94-0834-4015-be68-b7c2adf5d1d9_18_75014C0E,ObjectRedirector,1936,0.002,Content/Resources/Environments/Props/AbandonedSchool/School_Classroom_Music_Prop/tripo_convert_7f762b94-0834-4015-be68-b7c2adf5d1d9_18_75014C0E.uasset,C0002,0,,/Game/Resources/Environments/Props/AbandonedSchool/School_Classroom_Music_Prop/SM_AbandonedSchool_Music_Prop_Xylophone,dev/resource_audit.json,,True
unused_leaf,미사용 후보: 외부 참조 0,/Game/Resources/Environments/Props/AbandonedSchool/School_Classroom_Music_Prop/tripo_convert_7f762b94-0834-4015-be68-b7c2adf5d1d9_0_269AA5EC,ObjectRedirector,1935,0.002,Content/Resources/Environments/Props/AbandonedSchool/School_Classroom_Music_Prop/tripo_convert_7f762b94-0834-4015-be68-b7c2adf5d1d9_0_269AA5EC.uasset,C0002,0,,/Game/Resources/Environments/Props/AbandonedSchool/School_Classroom_Music_Prop/SM_AbandonedSchool_Music_Prop_Blackboard,dev/resource_audit.json,,True
unused_leaf,미사용 후보: 외부 참조 0,/Game/Resources/Environments/Props/AbandonedSchool/School_Classroom_Music_Prop/tripo_convert_7f762b94-0834-4015-be68-b7c2adf5d1d9_1_8064A70E,ObjectRedirector,1935,0.002,Content/Resources/Environments/Props/AbandonedSchool/School_Classroom_Music_Prop/tripo_convert_7f762b94-0834-4015-be68-b7c2adf5d1d9_1_8064A70E.uasset,C0002,0,,/Game/Resources/Environments/Props/AbandonedSchool/School_Classroom_Music_Prop/SM_AbandonedSchool_Music_Prop_MusicStand,dev/resource_audit.json,,True
unused_leaf,미사용 후보: 외부 참조 0,/Game/Resources/Environments/Props/AbandonedSchool/School_Classroom_Music_Prop/tripo_convert_7f762b94-0834-4015-be68-b7c2adf5d1d9_12_EE532D02,ObjectRedirector,1928,0.002,Content/Resources/Environments/Props/AbandonedSchool/School_Classroom_Music_Prop/tripo_convert_7f762b94-0834-4015-be68-b7c2adf5d1d9_12_EE532D02.uasset,C0002,0,,/Game/Resources/Environments/Props/AbandonedSchool/School_Classroom_Music_Prop/SM_AbandonedSchool_Music_Prop_Trumpet,dev/resource_audit.json,,True
unused_leaf,미사용 후보: 외부 참조 0,/Game/Resources/Environments/Props/AbandonedSchool/School_Classroom_Music_Prop/tripo_convert_7f762b94-0834-4015-be68-b7c2adf5d1d9_22_98B83540,ObjectRedirector,1928,0.002,Content/Resources/Environments/Props/AbandonedSchool/School_Classroom_Music_Prop/tripo_convert_7f762b94-0834-4015-be68-b7c2adf5d1d9_22_98B83540.uasset,C0002,0,,/Game/Resources/Environments/Props/AbandonedSchool/School_Classroom_Music_Prop/SM_AbandonedSchool_Music_Prop_Toolbox,dev/resource_audit.json,,True
unused_leaf,미사용 후보: 외부 참조 0,/Game/Resources/Environments/Props/AbandonedSchool/School_Classroom_Music_Prop/tripo_convert_7f762b94-0834-4015-be68-b7c2adf5d1d9_28_FFE4018A,ObjectRedirector,1928,0.002,Content/Resources/Environments/Props/AbandonedSchool/School_Classroom_Music_Prop/tripo_convert_7f762b94-0834-4015-be68-b7c2adf5d1d9_28_FFE4018A.uasset,C0002,0,,/Game/Resources/Environments/Props/AbandonedSchool/School_Classroom_Music_Prop/SM_AbandonedSchool_Music_Prop_Cymbals,dev/resource_audit.json,,True
unused_leaf,미사용 후보: 외부 참조 0,/Game/Resources/Environments/Props/AbandonedSchool/School_Classroom_Music_Prop/tripo_convert_7f762b94-0834-4015-be68-b7c2adf5d1d9_14_FC64DDEE,ObjectRedirector,1924,0.002,Content/Resources/Environments/Props/AbandonedSchool/School_Classroom_Music_Prop/tripo_convert_7f762b94-0834-4015-be68-b7c2adf5d1d9_14_FC64DDEE.uasset,C0002,0,,/Game/Resources/Environments/Props/AbandonedSchool/School_Classroom_Music_Prop/SM_AbandonedSchool_Music_Prop_Violin,dev/resource_audit.json,,True
unused_leaf,미사용 후보: 외부 참조 0,/Game/Resources/Environments/Props/AbandonedSchool/School_Classroom_Music_Prop/tripo_convert_7f762b94-0834-4015-be68-b7c2adf5d1d9_17_DA0AB26C,ObjectRedirector,1920,0.002,Content/Resources/Environments/Props/AbandonedSchool/School_Classroom_Music_Prop/tripo_convert_7f762b94-0834-4015-be68-b7c2adf5d1d9_17_DA0AB26C.uasset,C0002,0,,/Game/Resources/Environments/Props/AbandonedSchool/School_Classroom_Music_Prop/SM_AbandonedSchool_Music_Prop_Books,dev/resource_audit.json,,True
unused_leaf,미사용 후보: 외부 참조 0,/Game/Resources/Environments/Props/AbandonedSchool/School_Classroom_Music_Prop/tripo_convert_7f762b94-0834-4015-be68-b7c2adf5d1d9_19_4BFB0C70,ObjectRedirector,1920,0.002,Content/Resources/Environments/Props/AbandonedSchool/School_Classroom_Music_Prop/tripo_convert_7f762b94-0834-4015-be68-b7c2adf5d1d9_19_4BFB0C70.uasset,C0002,0,,/Game/Resources/Environments/Props/AbandonedSchool/School_Classroom_Music_Prop/SM_AbandonedSchool_Music_Prop_Cello,dev/resource_audit.json,,True
unused_leaf,미사용 후보: 외부 참조 0,/Game/Resources/Environments/Props/AbandonedSchool/School_Classroom_Music_Prop/tripo_convert_7f762b94-0834-4015-be68-b7c2adf5d1d9_24_66E429AD,ObjectRedirector,1916,0.002,Content/Resources/Environments/Props/AbandonedSchool/School_Classroom_Music_Prop/tripo_convert_7f762b94-0834-4015-be68-b7c2adf5d1d9_24_66E429AD.uasset,C0002,0,,/Game/Resources/Environments/Props/AbandonedSchool/School_Classroom_Music_Prop/SM_AbandonedSchool_Music_Prop_Drum,dev/resource_audit.json,,True
unused_leaf,미사용 후보: 외부 참조 0,/Game/Resources/Environments/Props/AbandonedSchool/Clock_Tower_Prop/Clock_Tower_Prop_B_4_4AC5F0C4,ObjectRedirector,1731,0.002,Content/Resources/Environments/Props/AbandonedSchool/Clock_Tower_Prop/Clock_Tower_Prop_B_4_4AC5F0C4.uasset,C0006,0,,/Game/Resources/Environments/Props/AbandonedSchool/Clock_Tower_Prop/SM_AbandonedSchool_ClockTower_SpiralStair,dev/resource_audit.json,,True
unused_leaf,미사용 후보: 외부 참조 0,/Game/Resources/Environments/Props/AbandonedSchool/Clock_Tower_Prop/Clock_Tower_Prop_B_10_1AF4402E,ObjectRedirector,1728,0.002,Content/Resources/Environments/Props/AbandonedSchool/Clock_Tower_Prop/Clock_Tower_Prop_B_10_1AF4402E.uasset,C0024,0,,/Game/Resources/Environments/Props/AbandonedSchool/Clock_Tower_Prop/SM_AbandonedSchool_ClockTower_RailStair,dev/resource_audit.json,,True
unused_leaf,미사용 후보: 외부 참조 0,/Game/Resources/Environments/Props/AbandonedSchool/Clock_Tower_Prop/Clock_Tower_Prop_B_11_D8D8A5DE,ObjectRedirector,1728,0.002,Content/Resources/Environments/Props/AbandonedSchool/Clock_Tower_Prop/Clock_Tower_Prop_B_11_D8D8A5DE.uasset,C0023,0,,/Game/Resources/Environments/Props/AbandonedSchool/Clock_Tower_Prop/SM_AbandonedSchool_ClockTower_GearAxisA,dev/resource_audit.json,,True
unused_leaf,미사용 후보: 외부 참조 0,/Game/Resources/Environments/Props/AbandonedSchool/Clock_Tower_Prop/Clock_Tower_Prop_B_12_E041BBEA,ObjectRedirector,1724,0.002,Content/Resources/Environments/Props/AbandonedSchool/Clock_Tower_Prop/Clock_Tower_Prop_B_12_E041BBEA.uasset,C0037,0,,/Game/Resources/Environments/Props/AbandonedSchool/Clock_Tower_Prop/SM_AbandonedSchool_ClockTower_BoxFrame,dev/resource_audit.json,,True
unused_leaf,미사용 후보: 외부 참조 0,/Game/Resources/Environments/Props/AbandonedSchool/Clock_Tower_Prop/Clock_Tower_Prop_B_9_E0FF7E40,ObjectRedirector,1723,0.002,Content/Resources/Environments/Props/AbandonedSchool/Clock_Tower_Prop/Clock_Tower_Prop_B_9_E0FF7E40.uasset,C0140,0,,/Game/Resources/Environments/Props/AbandonedSchool/Clock_Tower_Prop/SM_AbandonedSchool_ClockTower_GearAxisB,dev/resource_audit.json,,True
unused_leaf,미사용 후보: 외부 참조 0,/Game/Resources/Environments/Props/AbandonedSchool/Clock_Tower_Prop/Clock_Tower_Prop_B_6_B7A70F49,ObjectRedirector,1719,0.002,Content/Resources/Environments/Props/AbandonedSchool/Clock_Tower_Prop/Clock_Tower_Prop_B_6_B7A70F49.uasset,C0007,0,,/Game/Resources/Environments/Props/AbandonedSchool/Clock_Tower_Prop/SM_AbandonedSchool_ClockTower_MachineB,dev/resource_audit.json,,True
unused_leaf,미사용 후보: 외부 참조 0,/Game/Resources/Environments/Props/AbandonedSchool/Clock_Tower_Prop/Clock_Tower_Prop_B_5_025BA01C,ObjectRedirector,1711,0.002,Content/Resources/Environments/Props/AbandonedSchool/Clock_Tower_Prop/Clock_Tower_Prop_B_5_025BA01C.uasset,C0022,0,,/Game/Resources/Environments/Props/AbandonedSchool/Clock_Tower_Prop/SM_AbandonedSchool_ClockTower_Pillar,dev/resource_audit.json,,True
unused_leaf,미사용 후보: 외부 참조 0,/Game/Resources/Environments/Props/AbandonedSchool/School_Classroom_Music_Prop/tripo_mat_7f762b94,ObjectRedirector,1708,0.002,Content/Resources/Environments/Props/AbandonedSchool/School_Classroom_Music_Prop/tripo_mat_7f762b94.uasset,C0002,0,,/Game/Resources/Environments/Props/AbandonedSchool/School_Classroom_Music_Prop/MI_School_Classroom_Music_Prop,dev/resource_audit.json,,True
unused_leaf,미사용 후보: 외부 참조 0,/Game/Resources/Environments/Props/AbandonedSchool/Clock_Tower_Prop/Clock_Tower_Prop_B_0_C6B463C9,ObjectRedirector,1707,0.002,Content/Resources/Environments/Props/AbandonedSchool/Clock_Tower_Prop/Clock_Tower_Prop_B_0_C6B463C9.uasset,C0028,0,,/Game/Resources/Environments/Props/AbandonedSchool/Clock_Tower_Prop/SM_AbandonedSchool_ClockTower_RailA,dev/resource_audit.json,,True
unused_leaf,미사용 후보: 외부 참조 0,/Game/Resources/Environments/Props/AbandonedSchool/Clock_Tower_Prop/Clock_Tower_Prop_B_1_F2C465EE,ObjectRedirector,1707,0.002,Content/Resources/Environments/Props/AbandonedSchool/Clock_Tower_Prop/Clock_Tower_Prop_B_1_F2C465EE.uasset,C0038,0,,/Game/Resources/Environments/Props/AbandonedSchool/Clock_Tower_Prop/SM_AbandonedSchool_ClockTower_RailB,dev/resource_audit.json,,True
unused_leaf,미사용 후보: 외부 참조 0,/Game/Resources/Environments/Props/AbandonedSchool/Clock_Tower_Prop/Clock_Tower_Prop_B_2_2A26FDB7,ObjectRedirector,1707,0.002,Content/Resources/Environments/Props/AbandonedSchool/Clock_Tower_Prop/Clock_Tower_Prop_B_2_2A26FDB7.uasset,C0141,0,,/Game/Resources/Environments/Props/AbandonedSchool/Clock_Tower_Prop/SM_AbandonedSchool_ClockTower_Stair,dev/resource_audit.json,,True
unused_leaf,미사용 후보: 외부 참조 0,/Game/Resources/Environments/Architecture/Dummy/SM_School_Corridor_Dummy_Normal,ObjectRedirector,1649,0.002,Content/Resources/Environments/Architecture/Dummy/SM_School_Corridor_Dummy_Normal.uasset,C0142,0,,/Game/Resources/Environments/Architecture/Dummy/SM_School_Corridor_Dummy_Normal_Legacy,dev/resource_audit.json,,True
unused_leaf,미사용 후보: 외부 참조 0,/Game/Resources/LevelSequence/LS_AbandonedSchool_Checkpoint_Event,ObjectRedirector,1649,0.002,Content/Resources/LevelSequence/LS_AbandonedSchool_Checkpoint_Event.uasset,C0143,0,,/Game/Resources/LevelSequence/LS_AbandonedSchool_Checkpoint_Event_Choice_Yes,dev/resource_audit.json,,True
unused_leaf,미사용 후보: 외부 참조 0,/Game/Landscape/Stylized_PBR_Nature/Foliage/FoliageTypes/SM_Common_Tree_01_FoliageType,ObjectRedirector,1583,0.002,Content/Landscape/Stylized_PBR_Nature/Foliage/FoliageTypes/SM_Common_Tree_01_FoliageType.uasset,C0099,0,,/Game/Landscape/Foilage/SM_Common_Tree_01_FoliageType,dev/resource_audit.json,,True
unused_leaf,미사용 후보: 외부 참조 0,/Game/Landscape/Stylized_PBR_Nature/Foliage/FoliageTypes/SM_Common_Tree_02_FoliageType,ObjectRedirector,1583,0.002,Content/Landscape/Stylized_PBR_Nature/Foliage/FoliageTypes/SM_Common_Tree_02_FoliageType.uasset,C0100,0,,/Game/Landscape/Foilage/SM_Common_Tree_02_FoliageType,dev/resource_audit.json,,True
unused_leaf,미사용 후보: 외부 참조 0,/Game/Landscape/Stylized_PBR_Nature/Foliage/FoliageTypes/SM_Common_Tree_03_FoliageType,ObjectRedirector,1583,0.002,Content/Landscape/Stylized_PBR_Nature/Foliage/FoliageTypes/SM_Common_Tree_03_FoliageType.uasset,C0101,0,,/Game/Landscape/Foilage/SM_Common_Tree_03_FoliageType,dev/resource_audit.json,,True
unused_leaf,미사용 후보: 외부 참조 0,/Game/Landscape/Stylized_PBR_Nature/Foliage/FoliageTypes/SM_Common_Tree_04_FoliageType,ObjectRedirector,1583,0.002,Content/Landscape/Stylized_PBR_Nature/Foliage/FoliageTypes/SM_Common_Tree_04_FoliageType.uasset,C0102,0,,/Game/Landscape/Foilage/SM_Common_Tree_04_FoliageType,dev/resource_audit.json,,True
unused_leaf,미사용 후보: 외부 참조 0,/Game/Landscape/Stylized_PBR_Nature/Foliage/FoliageTypes/SM_Common_Tree_05_FoliageType,ObjectRedirector,1583,0.002,Content/Landscape/Stylized_PBR_Nature/Foliage/FoliageTypes/SM_Common_Tree_05_FoliageType.uasset,C0103,0,,/Game/Landscape/Foilage/SM_Common_Tree_05_FoliageType,dev/resource_audit.json,,True
unused_leaf,미사용 후보: 외부 참조 0,/Game/Landscape/Stylized_PBR_Nature/Foliage/FoliageTypes/SM_Common_Tree_06_FoliageType,ObjectRedirector,1583,0.002,Content/Landscape/Stylized_PBR_Nature/Foliage/FoliageTypes/SM_Common_Tree_06_FoliageType.uasset,C0104,0,,/Game/Landscape/Foilage/SM_Common_Tree_06_FoliageType,dev/resource_audit.json,,True
unused_leaf,미사용 후보: 외부 참조 0,/Game/Landscape/Stylized_PBR_Nature/Foliage/FoliageTypes/SM_Common_Tree_07_FoliageType,ObjectRedirector,1583,0.002,Content/Landscape/Stylized_PBR_Nature/Foliage/FoliageTypes/SM_Common_Tree_07_FoliageType.uasset,C0105,0,,/Game/Landscape/Foilage/SM_Common_Tree_07_FoliageType,dev/resource_audit.json,,True
unused_leaf,미사용 후보: 외부 참조 0,/Game/Landscape/Stylized_PBR_Nature/Foliage/FoliageTypes/SM_Common_Tree_08_FoliageType,ObjectRedirector,1583,0.002,Content/Landscape/Stylized_PBR_Nature/Foliage/FoliageTypes/SM_Common_Tree_08_FoliageType.uasset,C0106,0,,/Game/Landscape/Foilage/SM_Common_Tree_08_FoliageType,dev/resource_audit.json,,True
unused_leaf,미사용 후보: 외부 참조 0,/Game/Landscape/Stylized_PBR_Nature/Foliage/FoliageTypes/SM_Common_Tree_09_FoliageType,ObjectRedirector,1583,0.002,Content/Landscape/Stylized_PBR_Nature/Foliage/FoliageTypes/SM_Common_Tree_09_FoliageType.uasset,C0107,0,,/Game/Landscape/Foilage/SM_Common_Tree_09_FoliageType,dev/resource_audit.json,,True
unused_leaf,미사용 후보: 외부 참조 0,/Game/Landscape/Stylized_PBR_Nature/Foliage/FoliageTypes/SM_Common_Tree_10_FoliageType,ObjectRedirector,1583,0.002,Content/Landscape/Stylized_PBR_Nature/Foliage/FoliageTypes/SM_Common_Tree_10_FoliageType.uasset,C0108,0,,/Game/Landscape/Foilage/SM_Common_Tree_10_FoliageType,dev/resource_audit.json,,True
unused_leaf,미사용 후보: 외부 참조 0,/Game/Landscape/Stylized_PBR_Nature/Foliage/FoliageTypes/SM_Common_Tree_11_FoliageType,ObjectRedirector,1583,0.002,Content/Landscape/Stylized_PBR_Nature/Foliage/FoliageTypes/SM_Common_Tree_11_FoliageType.uasset,C0109,0,,/Game/Landscape/Foilage/SM_Common_Tree_11_FoliageType,dev/resource_audit.json,,True
unused_leaf,미사용 후보: 외부 참조 0,/Game/Landscape/Stylized_PBR_Nature/Foliage/FoliageTypes/SM_Pine_Tree_1_FoliageType,ObjectRedirector,1559,0.001,Content/Landscape/Stylized_PBR_Nature/Foliage/FoliageTypes/SM_Pine_Tree_1_FoliageType.uasset,C0110,0,,/Game/Landscape/Foilage/SM_Pine_Tree_1_FoliageType,dev/resource_audit.json,,True
unused_leaf,미사용 후보: 외부 참조 0,/Game/Landscape/Stylized_PBR_Nature/Foliage/FoliageTypes/SM_Pine_Tree_2_FoliageType,ObjectRedirector,1559,0.001,Content/Landscape/Stylized_PBR_Nature/Foliage/FoliageTypes/SM_Pine_Tree_2_FoliageType.uasset,C0111,0,,/Game/Landscape/Foilage/SM_Pine_Tree_2_FoliageType,dev/resource_audit.json,,True
unused_leaf,미사용 후보: 외부 참조 0,/Game/Landscape/Stylized_PBR_Nature/Foliage/FoliageTypes/SM_Pine_Tree_3_FoliageType,ObjectRedirector,1559,0.001,Content/Landscape/Stylized_PBR_Nature/Foliage/FoliageTypes/SM_Pine_Tree_3_FoliageType.uasset,C0112,0,,/Game/Landscape/Foilage/SM_Pine_Tree_3_FoliageType,dev/resource_audit.json,,True
unused_leaf,미사용 후보: 외부 참조 0,/Game/Landscape/Stylized_PBR_Nature/Foliage/FoliageTypes/SM_Pine_Tree_4_FoliageType,ObjectRedirector,1559,0.001,Content/Landscape/Stylized_PBR_Nature/Foliage/FoliageTypes/SM_Pine_Tree_4_FoliageType.uasset,C0113,0,,/Game/Landscape/Foilage/SM_Pine_Tree_4_FoliageType,dev/resource_audit.json,,True
unused_leaf,미사용 후보: 외부 참조 0,/Game/Resources/Environments/Props/AbandonedSchool/SM_Locker/SM_Locker_Door_Legacy,ObjectRedirector,1555,0.001,Content/Resources/Environments/Props/AbandonedSchool/SM_Locker/SM_Locker_Door_Legacy.uasset,C0144,0,,/Game/Resources/Environments/Props/AbandonedSchool/SM_Locker/SM_Locker_Door,dev/resource_audit.json,,True
unused_leaf,미사용 후보: 외부 참조 0,/Game/Landscape/Stylized_PBR_Nature/Rocks/FoliageTypes/SM_R_Rock_01_FoliageType,ObjectRedirector,1539,0.001,Content/Landscape/Stylized_PBR_Nature/Rocks/FoliageTypes/SM_R_Rock_01_FoliageType.uasset,C0116,0,,/Game/Landscape/Foilage/SM_R_Rock_01_FoliageType,dev/resource_audit.json,,True
unused_leaf,미사용 후보: 외부 참조 0,/Game/Landscape/Stylized_PBR_Nature/Rocks/FoliageTypes/SM_R_Rock_02_FoliageType,ObjectRedirector,1539,0.001,Content/Landscape/Stylized_PBR_Nature/Rocks/FoliageTypes/SM_R_Rock_02_FoliageType.uasset,C0117,0,,/Game/Landscape/Foilage/SM_R_Rock_02_FoliageType,dev/resource_audit.json,,True
unused_leaf,미사용 후보: 외부 참조 0,/Game/Landscape/Stylized_PBR_Nature/Rocks/FoliageTypes/SM_R_Rock_03_FoliageType,ObjectRedirector,1539,0.001,Content/Landscape/Stylized_PBR_Nature/Rocks/FoliageTypes/SM_R_Rock_03_FoliageType.uasset,C0118,0,,/Game/Landscape/Foilage/SM_R_Rock_03_FoliageType,dev/resource_audit.json,,True
unused_leaf,미사용 후보: 외부 참조 0,/Game/Landscape/Stylized_PBR_Nature/Rocks/FoliageTypes/SM_R_Rock_04_FoliageType,ObjectRedirector,1539,0.001,Content/Landscape/Stylized_PBR_Nature/Rocks/FoliageTypes/SM_R_Rock_04_FoliageType.uasset,C0119,0,,/Game/Landscape/Foilage/SM_R_Rock_04_FoliageType,dev/resource_audit.json,,True
unused_leaf,미사용 후보: 외부 참조 0,/Game/Landscape/Stylized_PBR_Nature/Rocks/FoliageTypes/SM_R_Rock_05_FoliageType,ObjectRedirector,1539,0.001,Content/Landscape/Stylized_PBR_Nature/Rocks/FoliageTypes/SM_R_Rock_05_FoliageType.uasset,C0120,0,,/Game/Landscape/Foilage/SM_R_Rock_05_FoliageType,dev/resource_audit.json,,True
unused_leaf,미사용 후보: 외부 참조 0,/Game/Landscape/Stylized_PBR_Nature/Rocks/FoliageTypes/SM_S_Rock_01_FoliageType,ObjectRedirector,1539,0.001,Content/Landscape/Stylized_PBR_Nature/Rocks/FoliageTypes/SM_S_Rock_01_FoliageType.uasset,C0121,0,,/Game/Landscape/Foilage/SM_S_Rock_01_FoliageType,dev/resource_audit.json,,True
unused_leaf,미사용 후보: 외부 참조 0,/Game/Landscape/Stylized_PBR_Nature/Rocks/FoliageTypes/SM_S_Rock_02_FoliageType,ObjectRedirector,1539,0.001,Content/Landscape/Stylized_PBR_Nature/Rocks/FoliageTypes/SM_S_Rock_02_FoliageType.uasset,C0122,0,,/Game/Landscape/Foilage/SM_S_Rock_02_FoliageType,dev/resource_audit.json,,True
unused_leaf,미사용 후보: 외부 참조 0,/Game/Landscape/Stylized_PBR_Nature/Rocks/FoliageTypes/SM_S_Rock_03_FoliageType,ObjectRedirector,1539,0.001,Content/Landscape/Stylized_PBR_Nature/Rocks/FoliageTypes/SM_S_Rock_03_FoliageType.uasset,C0123,0,,/Game/Landscape/Foilage/SM_S_Rock_03_FoliageType,dev/resource_audit.json,,True
unused_leaf,미사용 후보: 외부 참조 0,/Game/Landscape/Stylized_PBR_Nature/Rocks/FoliageTypes/SM_S_Rock_04_FoliageType,ObjectRedirector,1539,0.001,Content/Landscape/Stylized_PBR_Nature/Rocks/FoliageTypes/SM_S_Rock_04_FoliageType.uasset,C0124,0,,/Game/Landscape/Foilage/SM_S_Rock_04_FoliageType,dev/resource_audit.json,,True
unused_leaf,미사용 후보: 외부 참조 0,/Game/Landscape/Stylized_PBR_Nature/Rocks/FoliageTypes/SM_S_Rock_05_FoliageType,ObjectRedirector,1539,0.001,Content/Landscape/Stylized_PBR_Nature/Rocks/FoliageTypes/SM_S_Rock_05_FoliageType.uasset,C0125,0,,/Game/Landscape/Foilage/SM_S_Rock_05_FoliageType,dev/resource_audit.json,,True
unused_leaf,미사용 후보: 외부 참조 0,/Game/Landscape/Stylized_PBR_Nature/Rocks/FoliageTypes/SM_S_Rock_06_FoliageType,ObjectRedirector,1539,0.001,Content/Landscape/Stylized_PBR_Nature/Rocks/FoliageTypes/SM_S_Rock_06_FoliageType.uasset,C0126,0,,/Game/Landscape/Foilage/SM_S_Rock_06_FoliageType,dev/resource_audit.json,,True
unused_leaf,미사용 후보: 외부 참조 0,/Game/Landscape/Stylized_PBR_Nature/Rocks/FoliageTypes/SM_S_Rock_07_FoliageType,ObjectRedirector,1539,0.001,Content/Landscape/Stylized_PBR_Nature/Rocks/FoliageTypes/SM_S_Rock_07_FoliageType.uasset,C0127,0,,/Game/Landscape/Foilage/SM_S_Rock_07_FoliageType,dev/resource_audit.json,,True
unused_leaf,미사용 후보: 외부 참조 0,/Game/Landscape/Stylized_PBR_Nature/Rocks/FoliageTypes/SM_S_Rock_08_FoliageType,ObjectRedirector,1539,0.001,Content/Landscape/Stylized_PBR_Nature/Rocks/FoliageTypes/SM_S_Rock_08_FoliageType.uasset,C0128,0,,/Game/Landscape/Foilage/SM_S_Rock_08_FoliageType,dev/resource_audit.json,,True
unused_leaf,미사용 후보: 외부 참조 0,/Game/Landscape/Stylized_PBR_Nature/Rocks/FoliageTypes/SM_S_Rock_09_FoliageType,ObjectRedirector,1539,0.001,Content/Landscape/Stylized_PBR_Nature/Rocks/FoliageTypes/SM_S_Rock_09_FoliageType.uasset,C0129,0,,/Game/Landscape/Foilage/SM_S_Rock_09_FoliageType,dev/resource_audit.json,,True
unused_leaf,미사용 후보: 외부 참조 0,/Game/Landscape/Stylized_PBR_Nature/Rocks/FoliageTypes/SM_S_Rock_10_FoliageType,ObjectRedirector,1539,0.001,Content/Landscape/Stylized_PBR_Nature/Rocks/FoliageTypes/SM_S_Rock_10_FoliageType.uasset,C0130,0,,/Game/Landscape/Foilage/SM_S_Rock_10_FoliageType,dev/resource_audit.json,,True
unused_leaf,미사용 후보: 외부 참조 0,/Game/Landscape/Stylized_PBR_Nature/Rocks/FoliageTypes/SM_S_Rock_11_FoliageType,ObjectRedirector,1539,0.001,Content/Landscape/Stylized_PBR_Nature/Rocks/FoliageTypes/SM_S_Rock_11_FoliageType.uasset,C0131,0,,/Game/Landscape/Foilage/SM_S_Rock_11_FoliageType,dev/resource_audit.json,,True
unused_leaf,미사용 후보: 외부 참조 0,/Game/Landscape/Stylized_PBR_Nature/Foliage/FoliageTypes/SM_Clover_FoliageType,ObjectRedirector,1519,0.001,Content/Landscape/Stylized_PBR_Nature/Foliage/FoliageTypes/SM_Clover_FoliageType.uasset,C0132,0,,/Game/Landscape/Foilage/SM_Clover_FoliageType,dev/resource_audit.json,,True
unused_leaf,미사용 후보: 외부 참조 0,/Game/Landscape/Stylized_PBR_Nature/Foliage/FoliageTypes/SM_Grass_FoliageType,ObjectRedirector,1511,0.001,Content/Landscape/Stylized_PBR_Nature/Foliage/FoliageTypes/SM_Grass_FoliageType.uasset,C0133,0,,/Game/Landscape/Foilage/SM_Grass_FoliageType,dev/resource_audit.json,,True
unused_leaf,미사용 후보: 외부 참조 0,/Game/Landscape/Stylized_PBR_Nature/Foliage/FoliageTypes/SM_Bush_FoliageType,ObjectRedirector,1503,0.001,Content/Landscape/Stylized_PBR_Nature/Foliage/FoliageTypes/SM_Bush_FoliageType.uasset,C0134,0,,/Game/Landscape/Foilage/SM_Bush_FoliageType,dev/OpenWorldFoliage/claude-handoff.md;dev/OpenWorldFoliage/claude-report.md;dev/resource_audit.json,,True
unused_leaf,미사용 후보: 외부 참조 0,/Game/Landscape/Stylized_PBR_Nature/Foliage/FoliageTypes/SM_Fern_FoliageType,ObjectRedirector,1503,0.001,Content/Landscape/Stylized_PBR_Nature/Foliage/FoliageTypes/SM_Fern_FoliageType.uasset,C0135,0,,/Game/Landscape/Foilage/SM_Fern_FoliageType,dev/resource_audit.json,,True
unused_leaf,미사용 후보: 외부 참조 0,/Game/Resources/Environments/Props/StartIsland/Flag_Red/SM_Flag_Red,ObjectRedirector,1455,0.001,Content/Resources/Environments/Props/StartIsland/Flag_Red/SM_Flag_Red.uasset,C0146,0,,/Game/Resources/Environments/Props/StartIsland/FlagRed/SM_Flag_Red,dev/resource_audit.json,,True
unused_tooling,맵 미사용·제작 스크립트 언급: 검토,/Game/LuosCaves/Sounds/S_Credits_Loop2,SoundWave,15644987,14.92,Content/LuosCaves/Sounds/S_Credits_Loop2.uasset,C0011,1,/Game/LuosCaves/Sounds/S_Interest_Mix_Cue,,dev/CaveStartArt/finish_materials.py;dev/resource_audit.json,,True
unused_tooling,맵 미사용·제작 스크립트 언급: 검토,/Game/Blueprints/Actor/Common/BP_BattleZone_GateAuto,Blueprint,507098,0.484,Content/Blueprints/Actor/Common/BP_BattleZone_GateAuto.uasset,C0056,0,,/Game/Blueprints/Character/Monster/BP_Monster;/Game/Blueprints/Character/PC/BP_Player_Heroine;/Game/Blueprints/System/ActorComponent/Ac_Stats;/Game/Blueprints/System/BP_BattleManager;/Game/Blueprints/System/GI_System;/Game/Resources/Environments/Props/Common/SM_BattleGate/SM_BattleGate_Wall,dev/PCGApartment/claude-handoff.md;dev/resource_audit.json;dev/tv_bp_probe.py,,True
unused_tooling,맵 미사용·제작 스크립트 언급: 검토,/Game/Art/ClockTowerRoof/SM_CTR_ClosedCylinderMachineGear,StaticMesh,194918,0.186,Content/Art/ClockTowerRoof/SM_CTR_ClosedCylinderMachineGear.uasset,C0068,0,,/Game/Resources/Environments/Props/AbandonedSchool/Clock_Tower_Prop/MI_Clock_Tower_Prop_B,dev/ResourceCatalog/build_catalog.py;dev/cleanup_verification.json;dev/ctcenter_apply.py;dev/ctr_apply.py;dev/ctr_fix.py;dev/ctr_shellfinal.py;dev/ctr_v2.py;dev/ctrefine_apply.py;dev/ctrefine_apply2.py;dev/ctrefine_apply3.py;dev/ctrepair_apply.py;dev/ctrl_apply.py;dev/resource_audit.json,,True
unused_tooling,맵 미사용·제작 스크립트 언급: 검토,/Game/Art/ClockTowerRoof/SM_CTR_MachinePart1,StaticMesh,173000,0.165,Content/Art/ClockTowerRoof/SM_CTR_MachinePart1.uasset,C0070,0,,/Game/Resources/Environments/Props/AbandonedSchool/Clock_Tower_Machine/MI_Clock_Tower_Machine,dev/ResourceCatalog/build_catalog.py;dev/cleanup_verification.json;dev/ctcenter_apply.py;dev/ctr_apply.py;dev/ctr_fix.py;dev/ctr_shellfinal.py;dev/ctr_v2.py;dev/ctrefine_apply.py;dev/ctrefine_apply2.py;dev/ctrefine_apply3.py;dev/ctrepair_apply.py;dev/ctrl_apply.py;dev/resource_audit.json,,True
unused_tooling,맵 미사용·제작 스크립트 언급: 검토,/Game/Art/ClockTowerRoof/SM_CTR_MachinePart2,StaticMesh,171197,0.163,Content/Art/ClockTowerRoof/SM_CTR_MachinePart2.uasset,C0071,0,,/Game/Resources/Environments/Props/AbandonedSchool/Clock_Tower_Machine/MI_Clock_Tower_Machine,dev/ResourceCatalog/build_catalog.py;dev/cleanup_verification.json;dev/ctcenter_apply.py;dev/ctr_apply.py;dev/ctr_fix.py;dev/ctr_shellfinal.py;dev/ctr_v2.py;dev/ctrefine_apply.py;dev/ctrefine_apply2.py;dev/ctrefine_apply3.py;dev/ctrepair_apply.py;dev/ctrl_apply.py;dev/resource_audit.json,,True
unused_tooling,맵 미사용·제작 스크립트 언급: 검토,/Game/Art/ClockTowerRoof/Backup_BP_Clock_Tower_Machine,Blueprint,169120,0.161,Content/Art/ClockTowerRoof/Backup_BP_Clock_Tower_Machine.uasset,C0072,0,,/Game/Blueprints/Interface/BPI_Switchable;/Game/Resources/Environments/Props/AbandonedSchool/Clock_Tower_Machine/Clock_Tower_Machine_Axis;/Game/Resources/Environments/Props/AbandonedSchool/Clock_Tower_Machine/Clock_Tower_Machine_Frame_Frame_Right;/Game/Resources/Environments/Props/AbandonedSchool/Clock_Tower_Machine/Clock_Tower_Machine_Frame_Left;/Game/Resources/Environments/Props/AbandonedSchool/Clock_Tower_Machine/Clock_Tower_Machine_Gear;/Game/Resources/Environments/Props/AbandonedSchool/Clock_Tower_Machine/Clock_Tower_Machine_Handle;/Game/Resources/Environments/Props/AbandonedSchool/Clock_Tower_Prop/SM_AbandonedSchool_ClockTower_GearAxisB;/Game/Resources/Environments/Props/AbandonedSchool/Clock_Tower_Prop/SM_AbandonedSchool_ClockTower_Motor,dev/ResourceCatalog/build_catalog.py;dev/cleanup_verification.json;dev/ctcenter_apply.py;dev/ctr_apply.py;dev/ctr_fix.py;dev/ctr_shellfinal.py;dev/ctr_v2.py;dev/ctrefine_apply.py;dev/ctrefine_apply2.py;dev/ctrefine_apply3.py;dev/ctrepair_apply.py;dev/ctrl_apply.py;dev/resource_audit.json,,True
unused_tooling,맵 미사용·제작 스크립트 언급: 검토,/Game/Blueprints/System/BP_Spline_Static,Blueprint,150865,0.144,Content/Blueprints/System/BP_Spline_Static.uasset,C0074,0,,/Game/Resources/Environments/Architecture/Dummy/SM_School_Corridor_Dummy_Normal_Legacy,dev/PCGApartment/claude-handoff.md;dev/resource_audit.json;dev/tv_bp_probe.py,,True
unused_tooling,맵 미사용·제작 스크립트 언급: 검토,/Game/Blueprints/Actor/Common/BP_DynamicSpiralStair,Blueprint,132021,0.126,Content/Blueprints/Actor/Common/BP_DynamicSpiralStair.uasset,C0075,0,,,dev/PCGApartment/claude-handoff.md;dev/resource_audit.json;dev/tv_bp_probe.py,,True
unused_tooling,맵 미사용·제작 스크립트 언급: 검토,/Game/Blueprints/Actor/Common/BP_DynamicSpiralWall,Blueprint,123361,0.118,Content/Blueprints/Actor/Common/BP_DynamicSpiralWall.uasset,C0076,0,,,dev/PCGApartment/claude-handoff.md;dev/resource_audit.json;dev/tv_bp_probe.py,,True
unused_tooling,맵 미사용·제작 스크립트 언급: 검토,/Game/Art/ClockTowerRoof/SM_CTR_MachinePart3,StaticMesh,115196,0.11,Content/Art/ClockTowerRoof/SM_CTR_MachinePart3.uasset,C0077,0,,/Game/Resources/Environments/Props/AbandonedSchool/Clock_Tower_Machine/MI_Clock_Tower_Machine,dev/ResourceCatalog/build_catalog.py;dev/cleanup_verification.json;dev/ctcenter_apply.py;dev/ctr_apply.py;dev/ctr_fix.py;dev/ctr_shellfinal.py;dev/ctr_v2.py;dev/ctrefine_apply.py;dev/ctrefine_apply2.py;dev/ctrefine_apply3.py;dev/ctrepair_apply.py;dev/ctrl_apply.py;dev/resource_audit.json,,True
unused_tooling,맵 미사용·제작 스크립트 언급: 검토,/Game/Blueprints/Actor/Common/BP_DynamicBaseShape,Blueprint,110895,0.106,Content/Blueprints/Actor/Common/BP_DynamicBaseShape.uasset,C0067,2,/Game/Blueprints/Actor/Common/BP_DynamicBox;/Game/Blueprints/Actor/Common/BP_DynamicCylinder,,dev/PCGApartment/claude-handoff.md;dev/resource_audit.json;dev/tv_bp_probe.py,,True
unused_tooling,맵 미사용·제작 스크립트 언급: 검토,/Game/Art/ClockTowerRoof/SM_CTR_MachinePart4,StaticMesh,106411,0.101,Content/Art/ClockTowerRoof/SM_CTR_MachinePart4.uasset,C0080,0,,/Game/Resources/Environments/Props/AbandonedSchool/Clock_Tower_Prop/MI_ClockTower_Motor,dev/ResourceCatalog/build_catalog.py;dev/cleanup_verification.json;dev/ctcenter_apply.py;dev/ctr_apply.py;dev/ctr_fix.py;dev/ctr_shellfinal.py;dev/ctr_v2.py;dev/ctrefine_apply.py;dev/ctrefine_apply2.py;dev/ctrefine_apply3.py;dev/ctrepair_apply.py;dev/ctrl_apply.py;dev/resource_audit.json,,True
unused_tooling,맵 미사용·제작 스크립트 언급: 검토,/Game/Blueprints/System/ActorComponent/Ac_SlimeMove,Blueprint,106102,0.101,Content/Blueprints/System/ActorComponent/Ac_SlimeMove.uasset,C0078,1,/Game/Blueprints/System/ActorComponent/Ac_WallMove,/Game/Blueprints/Character/PC/BP_PlayerCharacter;/Game/Blueprints/Character/PC/BP_Player_Slime,dev/PCGApartment/claude-handoff.md;dev/resource_audit.json;dev/tv_bp_probe.py,,True
unused_tooling,맵 미사용·제작 스크립트 언급: 검토,/Game/Art/ClockTowerRoof/SM_CTR_MachinePart5,StaticMesh,99402,0.095,Content/Art/ClockTowerRoof/SM_CTR_MachinePart5.uasset,C0081,0,,/Game/Resources/Environments/Props/AbandonedSchool/Clock_Tower_Machine/MI_Clock_Tower_Machine,dev/ResourceCatalog/build_catalog.py;dev/cleanup_verification.json;dev/ctcenter_apply.py;dev/ctr_apply.py;dev/ctr_fix.py;dev/ctr_shellfinal.py;dev/ctr_v2.py;dev/ctrefine_apply.py;dev/ctrefine_apply2.py;dev/ctrefine_apply3.py;dev/ctrepair_apply.py;dev/ctrl_apply.py;dev/resource_audit.json,,True
unused_tooling,맵 미사용·제작 스크립트 언급: 검토,/Game/Art/ClockTowerRoof/SM_CTR_MachinePart6,StaticMesh,98152,0.094,Content/Art/ClockTowerRoof/SM_CTR_MachinePart6.uasset,C0082,0,,/Game/Resources/Environments/Props/AbandonedSchool/Clock_Tower_Machine/MI_Clock_Tower_Machine,dev/ResourceCatalog/build_catalog.py;dev/cleanup_verification.json;dev/ctcenter_apply.py;dev/ctr_apply.py;dev/ctr_fix.py;dev/ctr_shellfinal.py;dev/ctr_v2.py;dev/ctrefine_apply.py;dev/ctrefine_apply2.py;dev/ctrefine_apply3.py;dev/ctrepair_apply.py;dev/ctrl_apply.py;dev/resource_audit.json,,True
unused_tooling,맵 미사용·제작 스크립트 언급: 검토,/Game/Blueprints/Actor/Common/BP_DynamicCylinder,Blueprint,53774,0.051,Content/Blueprints/Actor/Common/BP_DynamicCylinder.uasset,C0067,0,,/Game/Blueprints/Actor/Common/BP_DynamicBaseShape,dev/PCGApartment/claude-handoff.md;dev/resource_audit.json;dev/tv_bp_probe.py,,True
unused_tooling,맵 미사용·제작 스크립트 언급: 검토,/Game/LuosCaves/BluePrints/BP_CameraChanger,Blueprint,47008,0.045,Content/LuosCaves/BluePrints/BP_CameraChanger.uasset,C0083,0,,,dev/CaveStartArt/finish_materials.py;dev/resource_audit.json,,True
unused_tooling,맵 미사용·제작 스크립트 언급: 검토,/Game/Blueprints/Actor/Common/BP_DynamicBox,Blueprint,44371,0.042,Content/Blueprints/Actor/Common/BP_DynamicBox.uasset,C0067,0,,/Game/Blueprints/Actor/Common/BP_DynamicBaseShape,dev/PCGApartment/claude-handoff.md;dev/resource_audit.json;dev/tv_bp_probe.py,,True
unused_tooling,맵 미사용·제작 스크립트 언급: 검토,/Game/Blueprints/Actor/Common/BP_Mushroom,Blueprint,31203,0.03,Content/Blueprints/Actor/Common/BP_Mushroom.uasset,C0003,0,,/Game/Resources/Environments/Props/Common/SM_Mushroom/SM_Mushroom,dev/PCGApartment/claude-handoff.md;dev/resource_audit.json;dev/tv_bp_probe.py,,True
unused_tooling,맵 미사용·제작 스크립트 언급: 검토,/Game/Blueprints/Actor/AbandonedSchool/BP_Stalactite,Blueprint,30881,0.029,Content/Blueprints/Actor/AbandonedSchool/BP_Stalactite.uasset,C0004,0,,/Game/Resources/Environments/Props/AbandonedSchool/SM_Stalactite/SM_Stalactite,dev/PCGApartment/claude-handoff.md;dev/resource_audit.json;dev/tv_bp_probe.py,,True
unused_tooling,맵 미사용·제작 스크립트 언급: 검토,/Game/Blueprints/Actor/Common/BP_BeanStalk,Blueprint,29817,0.028,Content/Blueprints/Actor/Common/BP_BeanStalk.uasset,C0005,0,,/Game/Resources/Environments/Props/Common/SM_Beanstalk/SM_Beanstalk,dev/PCGApartment/claude-handoff.md;dev/resource_audit.json;dev/tv_bp_probe.py,,True
unused_tooling,맵 미사용·제작 스크립트 언급: 검토,/Game/Blueprints/Actor/AbandonedSchool/BP_Sword_Stuck_At_Ground,Blueprint,29537,0.028,Content/Blueprints/Actor/AbandonedSchool/BP_Sword_Stuck_At_Ground.uasset,C0010,0,,/Game/Resources/Environments/Props/AbandonedSchool/SM_Sword_Stuck_At_Ground/SM_Sword_Stuck_At_Ground,dev/PCGApartment/claude-handoff.md;dev/resource_audit.json;dev/tv_bp_probe.py,,True
unused_tooling,맵 미사용·제작 스크립트 언급: 검토,/Game/LuosCaves/BluePrints/BP_CamRoto,Blueprint,23492,0.022,Content/LuosCaves/BluePrints/BP_CamRoto.uasset,C0086,0,,,dev/CaveStartArt/finish_materials.py;dev/resource_audit.json,,True
unused_tooling,맵 미사용·제작 스크립트 언급: 검토,/Game/Resources/Environments/Architecture/Dummy/SM_Dummy_Cone_Large,StaticMesh,16388,0.016,Content/Resources/Environments/Architecture/Dummy/SM_Dummy_Cone_Large.uasset,C0088,0,,,ArtSource/SubwayEntrance/Design/integration_survey.json;ArtSource/SubwayEntrance/Design/site_survey.json;Content/Python/apply_subway_entrance.py;dev/resource_audit.json,,True
unused_tooling,맵 미사용·제작 스크립트 언급: 검토,/Game/LuosCaves/Sounds/S_Footsteps_Metal_Cue,SoundCue,14605,0.014,Content/LuosCaves/Sounds/S_Footsteps_Metal_Cue.uasset,C0089,0,,,dev/CaveStartArt/finish_materials.py;dev/resource_audit.json,,True
unused_tooling,맵 미사용·제작 스크립트 언급: 검토,/Game/LuosCaves/Sounds/S_Footsteps_Gravel_Cue,SoundCue,12666,0.012,Content/LuosCaves/Sounds/S_Footsteps_Gravel_Cue.uasset,C0091,0,,,dev/CaveStartArt/finish_materials.py;dev/resource_audit.json,,True
unused_tooling,맵 미사용·제작 스크립트 언급: 검토,/Game/Blueprints/Actor/StartIsland/SMF_Tree,FoliageType_InstancedStaticMesh,10067,0.01,Content/Blueprints/Actor/StartIsland/SMF_Tree.uasset,C0014,0,,/Game/Resources/Environments/Props/StartIsland/Tree/SM_Tree_Normal_A,dev/PCGApartment/claude-handoff.md;dev/resource_audit.json;dev/tv_bp_probe.py,,True
unused_tooling,맵 미사용·제작 스크립트 언급: 검토,/Game/LuosCaves/Sounds/S_Interest_Mix_Cue,SoundCue,9866,0.009,Content/LuosCaves/Sounds/S_Interest_Mix_Cue.uasset,C0011,0,,/Game/LuosCaves/Sounds/S_Credits_Loop2,dev/CaveStartArt/finish_materials.py;dev/resource_audit.json,,True
unused_tooling,맵 미사용·제작 스크립트 언급: 검토,/Game/Blueprints/Interface/BPI_CharacterState,Blueprint,9245,0.009,Content/Blueprints/Interface/BPI_CharacterState.uasset,C0092,0,,,dev/PCGApartment/claude-handoff.md;dev/resource_audit.json;dev/tv_bp_probe.py,,True
unused_tooling,맵 미사용·제작 스크립트 언급: 검토,/Game/Blueprints/System/FBXPipelineCharacter,InterchangeGenericAssetsPipeline,4164,0.004,Content/Blueprints/System/FBXPipelineCharacter.uasset,C0098,0,,,dev/PCGApartment/claude-handoff.md;dev/resource_audit.json;dev/tv_bp_probe.py,,True
unused_tooling,맵 미사용·제작 스크립트 언급: 검토,/Game/LuosCaves/Sounds/S_Flashlight_Toggle_Cue,SoundCue,3057,0.003,Content/LuosCaves/Sounds/S_Flashlight_Toggle_Cue.uasset,C0114,0,,,dev/CaveStartArt/finish_materials.py;dev/resource_audit.json,,True
unused_tooling,맵 미사용·제작 스크립트 언급: 검토,/Game/LuosCaves/Sounds/S_Floodlamps_Toggle_Cue,SoundCue,3057,0.003,Content/LuosCaves/Sounds/S_Floodlamps_Toggle_Cue.uasset,C0115,0,,,dev/CaveStartArt/finish_materials.py;dev/resource_audit.json,,True
unused_tooling,맵 미사용·제작 스크립트 언급: 검토,/Game/Blueprints/System/Enum/E_DynamicMeshType,UserDefinedEnum,3010,0.003,Content/Blueprints/System/Enum/E_DynamicMeshType.uasset,C0090,1,/Game/Data/ST_DynamicMeshData,,dev/PCGApartment/claude-handoff.md;dev/resource_audit.json;dev/tv_bp_probe.py,,True
unused_tooling,맵 미사용·제작 스크립트 언급: 검토,/Game/Blueprints/Actor/AbandonedSchool/BP_School_Locker_Half,ObjectRedirector;ObjectRedirector;ObjectRedirector,2668,0.003,Content/Blueprints/Actor/AbandonedSchool/BP_School_Locker_Half.uasset,C0136,0,,/Game/Blueprints/Actor/AbandonedSchool/BP_School_Locker_Open,dev/PCGApartment/claude-handoff.md;dev/resource_audit.json;dev/tv_bp_probe.py,,True
unused_tooling,맵 미사용·제작 스크립트 언급: 검토,/Game/Blueprints/Character/Monster/AI/AIC_Monster,ObjectRedirector;ObjectRedirector;ObjectRedirector,2491,0.002,Content/Blueprints/Character/Monster/AI/AIC_Monster.uasset,C0137,0,,/Game/Blueprints/Character/Monster/AI/AIC_Monster_Base,dev/PCGApartment/claude-handoff.md;dev/resource_audit.json;dev/tv_bp_probe.py,,True
unused_tooling,맵 미사용·제작 스크립트 언급: 검토,/Game/Blueprints/System/ActorComponent/Ac_WallMove,ObjectRedirector;ObjectRedirector;ObjectRedirector,2450,0.002,Content/Blueprints/System/ActorComponent/Ac_WallMove.uasset,C0078,0,,/Game/Blueprints/System/ActorComponent/Ac_SlimeMove,dev/PCGApartment/claude-handoff.md;dev/resource_audit.json;dev/tv_bp_probe.py,,True
unused_tooling,맵 미사용·제작 스크립트 언급: 검토,/Game/Blueprints/Actor/Common/BP_PhysicsSkeleton,ObjectRedirector;ObjectRedirector;ObjectRedirector,2447,0.002,Content/Blueprints/Actor/Common/BP_PhysicsSkeleton.uasset,C0138,0,,/Game/Blueprints/Character/NPC/BP_PhysicsSkeleton,dev/PCGApartment/claude-handoff.md;dev/resource_audit.json;dev/tv_bp_probe.py,,True
unused_tooling,맵 미사용·제작 스크립트 언급: 검토,/Game/Blueprints/Character/PC/BP_Player,ObjectRedirector;ObjectRedirector;ObjectRedirector,2425,0.002,Content/Blueprints/Character/PC/BP_Player.uasset,C0139,0,,/Game/Blueprints/Character/PC/BP_Player_Heroine,dev/PCGApartment/claude-handoff.md;dev/resource_audit.json;dev/tv_bp_probe.py,,True
unused_tooling,맵 미사용·제작 스크립트 언급: 검토,/Game/Levels/_GENERATED/User/Merge_A85996E0,ObjectRedirector,1596,0.002,Content/Levels/_GENERATED/User/Merge_A85996E0.uasset,C0009,0,,/Game/Resources/Environments/Props/AbandonedSchool/School_Classroom_Prop/SM_AbandonedSchool_Classroom_Prop_Computer,dev/ResourceCatalog/build_catalog.py;dev/resource_audit.json,,True
unused_tooling,맵 미사용·제작 스크립트 언급: 검토,/Game/Levels/_GENERATED/User/Combined_DDF68B4E,ObjectRedirector,1505,0.001,Content/Levels/_GENERATED/User/Combined_DDF68B4E.uasset,C0029,0,,/Game/Resources/Environments/Props/StartIsland/SwimmingPool/SM_Swimming_Pool_Stair,dev/ResourceCatalog/build_catalog.py;dev/resource_audit.json,,True
unused_tooling,맵 미사용·제작 스크립트 언급: 검토,/Game/Levels/_GENERATED/User/Boolean_5A073161,ObjectRedirector,1466,0.001,Content/Levels/_GENERATED/User/Boolean_5A073161.uasset,C0145,0,,/Game/Resources/Environments/Props/AbandonedSchool/SM_Locker/SM_Locker_Door,dev/ResourceCatalog/build_catalog.py;dev/resource_audit.json,,True
unused_tooling,맵 미사용·제작 스크립트 언급: 검토,/Game/Blueprints/Character/Monster/AI/BT_Monster,ObjectRedirector,1420,0.001,Content/Blueprints/Character/Monster/AI/BT_Monster.uasset,C0147,0,,/Game/Blueprints/Character/Monster/AI/BT_Monster_Base,dev/PCGApartment/claude-handoff.md;dev/resource_audit.json;dev/tv_bp_probe.py,,True
unused_tooling,맵 미사용·제작 스크립트 언급: 검토,/Game/Blueprints/System/Data/ST_LevelSequenceOption,ObjectRedirector,1397,0.001,Content/Blueprints/System/Data/ST_LevelSequenceOption.uasset,C0148,0,,/Game/Data/ST_LevelSequenceOption,dev/PCGApartment/claude-handoff.md;dev/resource_audit.json;dev/tv_bp_probe.py,,True
unused_tooling,맵 미사용·제작 스크립트 언급: 검토,/Game/Blueprints/System/Data/ST_LevelSequenceData,ObjectRedirector,1381,0.001,Content/Blueprints/System/Data/ST_LevelSequenceData.uasset,C0149,0,,/Game/Data/ST_LevelSequenceData,dev/PCGApartment/claude-handoff.md;dev/resource_audit.json;dev/tv_bp_probe.py,,True
