package,class,bytes,sha256
/Game/Art/ArtClassroomSide/M_OldMetal,Material,9188,851585ad8de85c34ce80f1811b3972c689cdcb884612e894ad7adf012eaf43f5
/Game/Art/ArtClassroomSide/SM_PlasterBust,StaticMesh,1096668,17996ea45e1d20372c9c8363b5aeaaa3311e445ee33405b5add043a3b1b2bddf
/Game/Art/CaveJumpBottom/SM_BottomCaveOverhang,StaticMesh,90156,51bfbbc8d3011ddeb097f6e2ffb8cac675c4c63a0f023b2bea922bb7d0a0b282
/Game/Art/CaveJumpBottom/SM_BottomCaveWalls,StaticMesh,115678,672a45dc7556a9cd5765416d764b717346d07f1e7a9e8db6eb9ed21de7e952cf
/Game/Art/CaveJumpBottom/SM_PassageFracture,StaticMesh,79805,8d48df686a384e765028cc2b9332e61b6edc45a12459691d709f53eb977b9496
/Game/Art/CaveJumpTop/M_CeilingStone,Material,20404,fcded69dde75320013b8de1810f916e6604a019b95eb9fc8c10abcb1b9c5690e
/Game/Art/CaveJumpTop/M_ExitGlow,Material,7699,92663f0b3d45595932662061de5b9a49dee745948c3a53ad62045184fc1595fa
/Game/Art/CaveJumpTop/M_VariedCeiling,Material,20630,2b080bade06a15c52656d0306df1eadef818090c17642e5d99580b30dd7ae93c
/Game/Art/CaveJumpTop/SM_Edge20,StaticMesh,82215,9aee4e2b48fbced1ccc2a9c49e9f216f1f9b4620ab68cb45ccafeb0cc1ebf11a
/Game/Art/CaveJumpTop/SM_Edge256,StaticMesh,78849,019dec2c798d50b392da5b62be49596061a9e7f1b7c545f7aede3ea48546ac3f
/Game/Art/CaveJumpTop/SM_Edge69,StaticMesh,80613,cc9aaa4d6ced8315b95a3de13234c4c220d995d4210cc7a664bae7494c3c4090
/Game/Art/CaveJumpTop/SM_Edge70,StaticMesh,80135,f34f35da7d481cd2ea547c33cd69781c6acd19ea623dd53c9fafd7881ac985df
/Game/Art/CaveJumpTop/SM_Edge71,StaticMesh,79460,46224ca66a3dfe3373bba50eb294db8bb42a3e0ba610ab8f00c88ce3c94f1a67
/Game/Art/CaveJumpTop/SM_Edge72,StaticMesh,79071,f24b1f87f841f3bb945160c2aa9afa6307de3aafa4ffb4ec460ad16a82bb6e2e
/Game/Art/CaveJumpTop/SM_Edge73,StaticMesh,89116,1f40d4eb4d95b5fee5b34c52fa5310c8a55445d66dc8aec86fc1ba227e8cc1a9
/Game/Art/CaveJumpTop/SM_ExitCeiling,StaticMesh,118818,5879484ebc16a1d94e8208c43883880934e33714f404124599b6a6081999f0fe
/Game/Art/CaveJumpTop/SM_ExitGlow,StaticMesh,74836,ec737744b433845eff2947e2224034bf7587a29cc7a55e42e0f9a42f92b02d7c
/Game/Art/CaveJumpTop/SM_ExitShaft,StaticMesh,86535,cccaaf79ca5dbd797f6df02a7be804e9d39569574b1e28af87a7f1681ffe35fc
/Game/Art/CaveJumpTop/SM_JumpCeiling,StaticMesh,110801,930517269a4f13a99bdc79e425baf289b23887fe275a0a9cae6807ab697bfd86
/Game/Art/CaveJumpTop/SM_JumpRim20,StaticMesh,82226,ea4cc6cfde5a8e63aefa233a44fc6e0faf7354e5d6774bdb523bdcfaf466e4aa
/Game/Art/CaveJumpTop/SM_JumpRim256,StaticMesh,82190,560010c123e13d2e083344a8e5e1dc810c5f22a62f757745f95c92f148636371
/Game/Art/CaveJumpTop/SM_JumpRim69,StaticMesh,82308,3ea9331fb7755e107bd2284c9ff4c58b5e9f651a61edd1da23f3a8aed26e60b6
/Game/Art/CaveJumpTop/SM_JumpRim70,StaticMesh,81877,945c6e44f5bb01546f7811c3a70a1100df9b687b58912d8e9cc9eed8eaa2cf1e
/Game/Art/CaveJumpTop/SM_JumpRim71,StaticMesh,82085,ee9b6195caa0095db69bb345834d3ea4134e5e35817017c451a4cf5745de5f39
/Game/Art/CaveJumpTop/SM_JumpRim72,StaticMesh,81836,b4bf16e34ed3ef3162970193e03fe9902e056ce7d57575747f160052ccf206b0
/Game/Art/CaveJumpTop/SM_JumpRim73,StaticMesh,81735,47d43059827d02ddde804197916d6dfceeb26b1109dd15e4a87f621a90f946fb
/Game/Art/CaveJumpTop/SM_LeftIntrusions,StaticMesh,95759,f2e1b83b4fa2894b840566e77afa82818b97e13401ffc9c15169a70e61c196b7
/Game/Art/ClassroomTV/M_BP_TVWarning,Material,20159,1d5628a4a0b01d1d1718ef54d1455ef0bff692d9a5060f10a8bbe91dca6fcd5e
/Game/Art/ClassroomTV/M_TVBoardFinal,Material,11674,7aa92fedbadd8327be84964412788122b815f99159da9e4ee8c63f8fd2fd40c3
/Game/Art/ClassroomTV/M_TVBoardGreen,Material,8786,c6564af322ea78e7840f744d76a56d4f496b9344f1813cb7dd5585aad8d80a74
/Game/Art/ClassroomTV/M_TVWhiteChalk,Material,9633,4123602bd5dc2f844b1204b8464cdf28e728ef7d3d5862764415a330dac94165
/Game/Art/ClassroomTV/SM_TVWarningBoard,StaticMesh,149440,29c106f529d61f34a64773b6eea05dd46e228b34c3d91356e10f2263cb203110
/Game/Art/ClockTowerInterior/SM_ClockTowerInteriorSlots,StaticMesh,79351,97103378c7ac7ed1a0c912f73a8f34fa5cca7f185c7f1649ba8b2dd4209e4dfd
/Game/Art/ClockTowerInterior/SM_ClockTowerWindowOpenings,StaticMesh,89754,841a4a08829d8545c66b0ed5f28ffcf1e384744ba9fbfbe1e9f9776dc3be399c
/Game/Art/ClockTowerRoof/SM_CTR_FittedMachineGear,StaticMesh,184622,345121663978cd6b6355ffe73e802a7623a2e441b4143788b59f9e26842992df
/Game/Art/ClockTowerRoof/SM_CTR_FittedWallGear,StaticMesh,1181562,392b35f0f02aa149b1fac4ff419ace9f1d9d98e873695fa4c48e90f2d48dc46e
/Game/Art/ClockTowerRoof/SM_CTR_IntegratedMachineGear,StaticMesh,185338,e8a031f3e608cca22679ae4418280cff6672e53e9772da790ac2df1f9effb58d
/Game/Art/ClockTowerRoof/SM_CTR_IntegratedWallGear,StaticMesh,1181866,35dff4a2fb61d031b89b7a7e2076548357d4cc60206a447425c1d66fdfdc29dc
/Game/Art/ClockTowerRoof/SM_CTR_MachinePart0,StaticMesh,134267,f7893f0ecbc3e48f63a27345d6078c7ee5f55a3ade8a52649865ff52b2a6b448
/Game/Art/ClockTowerRoof/SM_CTR_NaturalMachineGear,StaticMesh,186315,9a40b4a7600874d03f05f7e558c22efb173441b7ed12efd591eec53dca34350f
/Game/Art/ClockTowerRoof/SM_CTR_NaturalWallGear,StaticMesh,1183521,3bf20e2b0ab4d9e840aa49f944f372a1788a577f084d3a3679979de6d2c8b11e
/Game/Art/ClockTowerRoof/SM_CTR_RebuiltLanding,StaticMesh,74446,ed3f4a25d1f0cf6959ecd58f72af366652909fe895dd19fb1cb80d01e796b875
/Game/Art/ClockTowerRoof/SM_CTR_RebuiltSpiral,StaticMesh,407993,13ad591ce154a2ada6e404c8bcfced50907a7e09d4d381df099ed6a471711f25
/Game/Art/ClockTowerRoof/SM_CTR_SolidMachineGear,StaticMesh,140661,0eabe110387ae16bacc989d66d04b3b5b0a06ed72e74ce6cf79564b5a539005a
/Game/Art/ClockTowerRoof/SM_CTR_SolidWallGear,StaticMesh,1142640,8ff0c2f1845e0f693583e866691c129919b419fbf1a011ea0620deefe29a293a
/Game/Art/ClockTowerRoof/SM_CTR_WallGear,StaticMesh,1104272,6f0f896a4cbe4a086dbed5f4afcefa05725a3c433150ef5e93378fca42caa8f3
/Game/Art/ClockTowerRoof/SM_CTR_WallGearV2,StaticMesh,1100728,60c552735353abd654dbfe8504764e2a37397913159a6709649eec2433ed2b5e
/Game/Art/ClockTowerRoof/SM_CTR_WideSpiralStair,StaticMesh,23151031,6281e0d892c117660dec767f120af02c8fb759e4f699405a90512d15c426a26f
/Game/Art/ClockTowerRoof/SM_ClockTowerRoofInterior,StaticMesh,96291,a75e099f4e2fe5ccf5d150d74dae311e8c82c1ed0bb79092250ee2a33a51961d
/Game/Art/ClockTowerRoof/SM_ClockTowerRoofInteriorV2,StaticMesh,92737,e17f9c7c14ed011ac0aee7f2872d014f20f9fdfa6f874d6c2e4913c507f9d87b
/Game/Art/Dump/Feedback/SM_DumpGarbageBag,StaticMesh,90209,9925195cd15f59bb7e1715eba4debf72c8e069fbc85c650b5e645b0c7690affc
/Game/Art/Dump/Feedback/SM_DumpPackedBags,StaticMesh,4281154,7f93021801fe43e305499506453c4c7da89b4f590744b11e8bdb38c06784b351
/Game/Art/ElevatorHubGround/Pass2/SM_HubDumpFixedShell341,StaticMesh,128208,8c3db3948883749ca0a08ef6481121e6698e867f2b0b872feeaa4c389c69c794
/Game/Art/ElevatorHubGround/Pass2/SM_HubP2BrokenStair278,StaticMesh,248714,e75f60bc51d69d4770c91363479480cc29cfddbb6ddf00095166626b8bc4a519
/Game/Art/ElevatorHubGround/Pass2/SM_HubP2BrokenStair319,StaticMesh,211483,1efe4fb2addcde39889ef15fae4049a60d4bdb3999d9e0d704b75bed0a819f13
/Game/Art/ElevatorHubGround/Pass2/SM_HubP2RockCollar341,StaticMesh,1468169,41bfcb64bf966232e034ab1a3da115a8ef04a8ee8befae745ec4383dcca5ae09
/Game/Art/ElevatorHubGround/Pass2/SM_HubP2Shell341,StaticMesh,140578,3d414114d44751f2d9ff8f3a9e812a4827e3c628a6cd6de531f4b5060cdee642
/Game/Art/ElevatorHubGround/Pass2/SM_HubP2SolidBrokenStair278,StaticMesh,2187427,c2b32652c3d6dde62f66f638189b2d9fa5fc61bd4a891e783269c026ab73aae5
/Game/Art/ElevatorHubGround/Pass2/SM_HubP2SolidBrokenStair319,StaticMesh,2181898,730e3479294231807ab8d852b25733122feabb06b4682c8ec10bf557aa64285c
/Game/Art/ElevatorHubGround/SM_Hub321Breach,StaticMesh,92424,0c7ccd9b4d7fc5046bb8c0e58f4f198a53e3b9d4c8e6640ab87d01cd8f74a0c9
/Game/Art/ElevatorHubGround/SM_Hub341Breach,StaticMesh,95998,9309edad79e4a17fc9dd9d6d7b249a508dd4258a519d59955fb494d7244cf395
/Game/Art/ElevatorHubGround/SM_HubCeilingLining,StaticMesh,76822,50bfdd061a47f02e739f4ac0fb210d84b4704a36d23253daebd544b170ddc1cf
/Game/Art/ElevatorHubGround/SM_HubCrispStair278,StaticMesh,84361,a5702dda2fe11196c2fc232a32873158b8006814729ea4a5f32d0adcc13fcf3e
/Game/Art/ElevatorHubGround/SM_HubCrispStair319,StaticMesh,84361,5516e57abcb6ea3fdc4109c25d70b4e84e71a7bb00bd86fc49b6219895f8f697
/Game/Art/ElevatorHubGround/SM_HubOrganicBreach321,StaticMesh,90102,c0e8ec0981366ccb4f83b70fb528063ee77f82d899cb2b27ff96621fe7bb0d39
/Game/Art/ElevatorHubGround/SM_HubOrganicBreach341,StaticMesh,94197,8e764b7618072d71a0696f5cb39397e720706ec1a09f852a8a6a47e3abe3e772
/Game/Art/ElevatorHubGround/SM_HubSpeakerBody,StaticMesh,390517,94179e2ab0424d65ff816234b17306f080d256049a1efc37599b454c8ed1e53b
/Game/Art/ElevatorHubGround/SM_HubWornStair278,StaticMesh,84573,a51197f76b051281017ac595ccef4f732eec7ac7ad35f08be3330dc9337e5bf1
/Game/Art/ElevatorHubGround/SM_HubWornStair319,StaticMesh,84572,c20ba5a6afaba9dde5bf6ef9f33386b5f7075f0f03a69e0b53ecb67c42ba3339
/Game/Art/ElevatorHubUpper/Pass2/SM_HP2_Basement,StaticMesh,86894,72f4d4991f3f1331152bd4f6cfd3889140b115b82d040105c95117d407131efe
/Game/Art/ElevatorHubUpper/Pass2/SM_HP2_Pillar,StaticMesh,98053,7692c0ed6945f0bd10716df188741998b94d499a496b5fdbb7440f05a6809aef
/Game/Art/ElevatorHubUpper/SM_HU_CabinGlass,StaticMesh,79055,a126ebcab5498ae8a44299735c1a6aa2d0ec6d961b21347747c0b878fcd4bb72
/Game/Art/ElevatorHubUpper/SM_HU_CabinGlow,StaticMesh,82189,37678785cd142e5130d4818c48e781690cf9b75b79f08ecfca254c5c55263f51
/Game/Art/ElevatorHubUpper/SM_HU_CabinMetal,StaticMesh,118457,e58169339b74de48e9213fa60e56d3289bf91211bd484fd36742af41a58ef868
/Game/Art/ElevatorHubUpper/SM_HU_OrganicCrown,StaticMesh,770129,7f6f3356500c4bae242b141a0fa95e81e07edfb448f3ac2603502ff51c6e531e
/Game/Art/MusicClassroom/SM_ChalkNotation,StaticMesh,573563,77517edee4eae80c4b3ed3f618ed79f5a72db3551bd5e2b72aacdf1344f86b88
/Game/Art/SchoolCave/MI_Moss,MaterialInstanceConstant,8177,378321646d47d9a4f2ccab749c3b3807df3c2401c8ad10514f85c86439a9401c
/Game/Art/SchoolCave/MI_SoftFloor,MaterialInstanceConstant,7555,44117864850e1b05546233bea10c7cb9ad11f2f0f5a0d259757dbd9d6c7135c7
/Game/Art/SchoolCave/MI_SoftPlaster,MaterialInstanceConstant,8350,ee63528d3f99b1e069978a5528327900a1dcbacbd15b0aff8153418c3b9321b6
/Game/Art/SchoolCave/MI_StillWater,MaterialInstanceConstant,8724,11683a728dc6867dc35dacc103b1449213e331455be566df80136f275b36ba8f
/Game/Art/SchoolCave/M_SoftStone,Material,11082,4e277c93926d82681e0dc2ec22071c169b0de3d47abbadfefa154bd5627f308f
/Game/Art/SchoolCave/Pass2/M_PaintedStone,Material,20163,561f37e52bc9881fc3a5208b97b76c0f770643c197283e8fb9f989ab10b16fa5
/Game/Art/SchoolCave/Pass2/SM_ClimbingLeaves,StaticMesh,102272,4f86394fec2b2afd122efce589c45430fa87c34835ecb060fe10232f0db0801e
/Game/Art/SchoolCave/Pass2/SM_ClimbingLeavesV2,StaticMesh,100624,2866842021331b569f4b7ba73671429e027e0422c3f053809dfca2c58937584d
/Game/Art/SchoolCave/Pass2/SM_ClimbingLeavesV3,StaticMesh,148097,d6fe80340a49a5470ca3f9eacebc4d4c959ab046ee0d97a2b7811f5ae521923a
/Game/Art/SchoolCave/Pass2/SM_ClimbingRoots,StaticMesh,176720,8020f57d629dbdd5093323eb827a8bc0c4b266dcbaada09cac90f4d3afcb0801
/Game/Art/SchoolCave/Pass2/SM_ClimbingRootsV2,StaticMesh,179948,62e8394b2a56026f624f5561a4329eadf3ce19c3d6d55bd186a2dfda4259c615
/Game/Art/SchoolCave/Pass2/SM_ClimbingRootsV3,StaticMesh,182440,23bb8739a4b9cc84ccda308e13923d24c17278ab94b56748dd468e624a9b3006
/Game/Art/SchoolCave/Pass2/SM_LayeredCaveRib,StaticMesh,175244,e23f04a61f23a9b494b5b8f566534af8a98b7c7b6788d93e3dd2326ad598f753
/Game/Art/SchoolCave/Pass2/T_PaintedStone,Texture2D,1122425,73962492650b8c7a76397d89e075dcb0317632d1d34db2e4d14c66adf0bc5319
/Game/Art/SchoolCave/Pass3/M_LedgeStone,Material,20211,59ac121d206dc65f16290640c89fcf8fdab2fba137dfa4287ee7f46dfda9b5bc
/Game/Art/SchoolCave/Pass3/M_WindowRecess,Material,14032,a0b2d269a5d2153066988dd5bfc89f496755d412d666a5e558ecac5b7e02e52a
/Game/Art/SchoolCave/Pass3/SM_BrokenLedge0,StaticMesh,102765,8fa10661f17bed81fdd25c2bdc8d928a40ab4e665aac252dba1e41b70bc83da1
/Game/Art/SchoolCave/Pass3/SM_BrokenLedge1,StaticMesh,103987,82c4ed47e177c336cc6f9b37bad7e7df7d7940d579a0c7d78cb0a18cda7b2b20
/Game/Art/SchoolCave/Pass3/SM_BrokenLedge2,StaticMesh,104304,be56fdd5bc68da2d40febe6633051b06465f6fdf731cd4bdff1f9dc86a75cc4d
/Game/Art/SchoolCave/Pass3/SM_OpenSkylightRim,StaticMesh,82838,1fbef7bdcab0ec93d977f218f36419c12aaceaf05c731a6d8a9820400058c2cd
/Game/Art/SchoolCave/Pass3/SM_Rubble0,StaticMesh,83133,571d8cd9581642309ad298e29173ac2c562b2ca38dbd6677091c58394f7e4408
/Game/Art/SchoolCave/Pass3/SM_Rubble1,StaticMesh,83878,89aa63d172caa63a896f63bdce34eb33d1c20c043e589a9fa61b07411f164e9e
/Game/Art/SchoolCave/Pass3/SM_Rubble2,StaticMesh,82648,a550ebfb5ad423878cdc4d0a5c1934775b9da66ef0b1034327cfe4dbb94fe39d
/Game/Art/SchoolCave/SM_CaveRib,StaticMesh,19085,cf07635ba9ab30efb3ff082e0d6512d6fc6dbe2040fb7757e11362dd42832ad9
/Game/Art/SchoolCave/SM_ShallowPuddle,StaticMesh,17894,dc0e7f83be41c414cd71436e1965a9c72b65d8e8e10b3bf01a4c01d5fcf89a43
/Game/Environment/OldKoreanBuildingA/Meshes/Furn_Stair_Steel_300,StaticMesh,33895,f6cc84a22cb56510afac8d4df57290bbf45383ff77f7f0e9d7eb8988dcf34624
/Game/Environment/OldKoreanBuildingA/Meshes/SM_Window_Frame,StaticMesh,17488,47884abd341d1d9ceb6e12041bbec5e2d513406e69d6c11db9d7d155dceed457
/Game/Environment/OldKoreanBuildingB/Blockout/Meshes/SM_KB_Landing_410x200,StaticMesh,17018,6caec7361882222164981c09bc367cbd4fd45605920a6a7e2b326df0b0ec555d
/Game/Environment/OldKoreanBuildingB/Blockout/Meshes/SM_KB_Wall_Solid_300,StaticMesh,16949,64e7ea9dece2abae3ff4dc28c30bdd6d90bb40458304005cd30331f2e0f8dcf7
/Game/Environment/OldKoreanBuildingB/Blockout/Meshes/SM_KB_Wall_Solid_360,StaticMesh,16900,1f414a6c9f505361bd0af1818a87c58d4f8ff1c133c8902fcdcf52d0214ebeaf
/Game/Fab/Megascans/3D/Mossy_Rocks_tjmudcfda/High/tjmudcfda_tier_1/Materials/MI_tjmudcfda,MaterialInstanceConstant,83523,e69a11d51e8d0751c6399008e7effe28a1b64f65dad2b2def9681a2c88e4e1df
/Game/Fab/Megascans/3D/Mossy_Rocks_tjmudcfda/High/tjmudcfda_tier_1/StaticMeshes/tjmudcfda_tier_1,StaticMesh,1480035,dd3adc74f4b13806686c40b16d4fd8dfc8a1075074a3ab9cf55b3ae9fc32c69c
/Game/Fab/Megascans/3D/Mossy_Rocks_tjmudcfda/High/tjmudcfda_tier_1/Textures/T_tjmudcfda_4K_B,Texture2D,32872894,96d8b999b352a50e9dd051ae56c930662b1be970c629f383e13e48f3b9d1b2f9
/Game/Fab/Megascans/3D/Mossy_Rocks_tjmudcfda/High/tjmudcfda_tier_1/Textures/T_tjmudcfda_4K_F,Texture2D,5632245,143f1cbd7cbdd80f79ae6b64c92a906a5bb07a632dc0f0417ee8919b482e4c23
/Game/Fab/Megascans/3D/Mossy_Rocks_tjmudcfda/High/tjmudcfda_tier_1/Textures/T_tjmudcfda_4K_H,Texture2D,6841974,cf8f1e3f7881384fcf09ec65fe552b2021ca8bf8a33395ea024dbfb31e70d642
/Game/Fab/Megascans/3D/Mossy_Rocks_tjmudcfda/High/tjmudcfda_tier_1/Textures/T_tjmudcfda_4K_N,Texture2D,39778314,ec8439dc23872930f19ddb5af082697bfcc6fdf9e7bb339846780b299b170fd7
/Game/Fab/Megascans/3D/Mossy_Rocks_tjmudcfda/High/tjmudcfda_tier_1/Textures/T_tjmudcfda_4K_ORM,Texture2D,26137487,25e071d1893df1ff69935e0e835377a383e4eb69578741364abf511cef23002a
/Game/Fab/Megascans/Surfaces/Damaged_Wall_Plaster_uc2lddzcw/High/uc2lddzcw_tier_1/Materials/MI_uc2lddzcw,MaterialInstanceConstant,86178,97d2d6c472d32b4cce2588537ff3a704c6ad766515f5e8c0e39ba988d599c91a
/Game/Fab/Megascans/Surfaces/Damaged_Wall_Plaster_uc2lddzcw/High/uc2lddzcw_tier_1/Textures/T_uc2lddzcw_4K_B,Texture2D,32728114,77528c52ca4df774f0c29cfce9db77de4ebfeeaf1d4009c053e8dac7c86f4d7a
/Game/Fab/Megascans/Surfaces/Damaged_Wall_Plaster_uc2lddzcw/High/uc2lddzcw_tier_1/Textures/T_uc2lddzcw_4K_H,Texture2D,4336054,9b2d0cb1624396d9ef08fc7ba34523f75c623e626d73382e0a8cbca00928400d
/Game/Fab/Megascans/Surfaces/Damaged_Wall_Plaster_uc2lddzcw/High/uc2lddzcw_tier_1/Textures/T_uc2lddzcw_4K_N,Texture2D,33286756,7373bd6af2ce8824799903d504db695b1a0e2bea5cf423016866981aaa858512
/Game/Fab/Megascans/Surfaces/Damaged_Wall_Plaster_uc2lddzcw/High/uc2lddzcw_tier_1/Textures/T_uc2lddzcw_4K_ORM,Texture2D,14138161,c974f98e5ef0069ede9756137d6486d1a06cffaa42349430162da6aeab08e891
/Game/Landscape/Cliff/MI_Cliff_B_Hollow,MaterialInstanceConstant,87672,345ac1bbbcf1a26c4245dfaf8d258b399216a57762302955459fc631dabb33a3
/Game/Landscape/Cliff/SM_Cliff_A,StaticMesh,1992793,27c9fde58ff7d51d9a47287480390c5296a41b78406e9164dc9ae6a66de7ad68
/Game/Landscape/Cliff/SM_Cliff_B,StaticMesh,1990727,3f55f64d823f524eeb2ab613491c223dc0380eb8a69de99c0feb0060ad104ca5
/Game/Landscape/Cliff/SM_Cliff_B_Hollow,StaticMesh,1863025,9035b99d1382475910b8068bad26a49da26543961b8a865378af4a06ae4fe0b1
/Game/Landscape/Cliff/SM_Cliff_C,StaticMesh,906237,a04bf6e751250a5e5262fde0165365c649fb608dc7c8bccb2dd0b15a27444fce
/Game/Landscape/Cliff/T_Cliff_A_Metalic,Texture2D,1753264,43fa6cb86bcc7a4222e5236a233a8079484b79fdc895fa2379db1fcc9af0d602
/Game/Landscape/Cliff/T_Cliff_B_Hollow_Basecolor,Texture2D,11773386,5027ba29c6423c790416e6198b12a025569bab29cb04ece3e573440c565c0d87
/Game/Landscape/Cliff/T_Cliff_B_Hollow_Normal,Texture2D,2169356,d0f69b5827ce7172ec5e6fbfc0e035fb6d9636dad50b4174008a6a003d1abb5c
/Game/Landscape/Cliff/T_Cliff_B_Hollow_Roughness,Texture2D,537271,6e8fd8f478bb17a9f5a9c5162326672c5fe22472cbeebc923f4eff6e8970cd7b
/Game/Landscape/StylizedGrassByMayu/Landscape/Texture/T_LandscapeGrassTexture,Texture2D,6080582,641739d4b82456160eb2516b2881810909f6f536d4b2e4a44dc60a3daf9a2338
/Game/Levels/_GENERATED/Baked/SM_BP_DynamicBox_C_1,StaticMesh,27965,7b1cabcc3e440954671b3b8cc4ee5017ce92df213ce98936dab496b69e4b2d67
/Game/Levels/_GENERATED/Baked/SM_BP_DynamicBox_C_4,StaticMesh,26511,d027da5e953412b8def41cb1650e1074a04b9f229ae91801260bce8cdc8bd01b
/Game/Levels/_GENERATED/Baked/SM_BP_DynamicBox_C_6,StaticMesh,26679,e2e61356fe37cefadb09fece57ee1c20fa46108351be51ba458ca59323152850
/Game/Levels/_GENERATED/Baked/SM_BP_DynamicCylinder_C_0,StaticMesh,33543,c243012cf8f52e00fe1a86ed510a18a17bbf5c07d19a946dce82ea0dd0ae2de4
/Game/Levels/_GENERATED/Baked/SM_BP_DynamicCylinder_C_1,StaticMesh,35856,f14a9ea8b95d184f4af065676e42604e5dea73baeb0babe43395b41f01cf2efa
/Game/Levels/_GENERATED/Baked/SM_BP_DynamicCylinder_C_2,StaticMesh,25040,db35376bc5d5a1f9871df3d4f4a886be47bded6a795b19536bc6b1948941d2e9
/Game/Levels/_GENERATED/Baked/SM_BP_DynamicCylinder_C_4,StaticMesh,35140,6eacc8ff07288f3aa61bfee55fe0be21d341c97eeb9505a541a3619d261ec95f
/Game/Levels/_GENERATED/Baked/SM_BP_DynamicSpiralWall_C_1,StaticMesh,25517,9ce58f321eba54b92dbd32eaed6f4de093fb25694d282a2c273218d283af64ff
/Game/Levels/_GENERATED/User/Boolean_043B2F4E,StaticMesh,19997,e5350a7461225c11d262fe008377c8b481174e26811e7d587fadfd324954fefa
/Game/Levels/_GENERATED/User/Boolean_094CA057,StaticMesh,14608,c8f93993bae1899d65d2b65c3ae3cd3e7b809cd0b9cb8e8eb47f773e05db5f50
/Game/Levels/_GENERATED/User/Boolean_0A2392E6,StaticMesh,16963,9a654292bb3701a219e52e58479ee2a12ac5df39389f828f8f6b3486bd5559e6
/Game/Levels/_GENERATED/User/Boolean_15AAE46D,StaticMesh,14954,60991aec38d7902b74da9e4410c085f391d13a802b0c2002088becb53b2b5dfb
/Game/Levels/_GENERATED/User/Boolean_15EC23F7,StaticMesh,16473,c71ffa02d4a32508b5d7157fbc552a9370b3bb12f1a8121f8e21d34152faad87
/Game/Levels/_GENERATED/User/Boolean_1C823880,StaticMesh,19906,1846cf7c0b69cfb3855ac0362b62eb6ec90da4b8132c0fd5b1251dda33c04de7
/Game/Levels/_GENERATED/User/Boolean_1D9B5548,StaticMesh,28865,0c77117c7a32cb6e0a26cec661053833da318c3856a82c40d24b932e91a55cff
/Game/Levels/_GENERATED/User/Boolean_275B0E0B,StaticMesh,15028,927f6e1f8b3f5d3638d4721053160d54298942dfc896500580982e95b272876d
/Game/Levels/_GENERATED/User/Boolean_2CFCB237,StaticMesh,16496,1c00e50a510bf5854a25d1ae476aa5727023ed57e01225909c99de6209906ce5
/Game/Levels/_GENERATED/User/Boolean_2D5B3B4F,StaticMesh,17386,792704bbff1f4ad4f04d903761dd1981e690414c2f4617a41895f735a21c65f5
/Game/Levels/_GENERATED/User/Boolean_3008A227,StaticMesh,31063,ad1c1ac85930ee7e40ba1dc90dde038f077a314b494c1875c465fc55d9c15ff2
/Game/Levels/_GENERATED/User/Boolean_32DAFC7C,StaticMesh,21526,11d923f0422ea2ab16b94c4e0626be2c7200ecf23bed698eda520b148fcbb8fc
/Game/Levels/_GENERATED/User/Boolean_3ED95717,StaticMesh,14989,b5ef68e42fcd372f5c8232ef75bc0c0d6de4f9d81ac930dec22fc13a8c48a53b
/Game/Levels/_GENERATED/User/Boolean_403EAE08,StaticMesh,24584,24843d936f141bf4079716e50febee360fc44823c6acfecb75afa284a7e37e6e
/Game/Levels/_GENERATED/User/Boolean_44FC22B5,StaticMesh,17126,ac83646adcbc071dbda73893bd83efb032bd7e031cbb3ff373876d0774faebbd
/Game/Levels/_GENERATED/User/Boolean_4673A566,StaticMesh,16371,5ec856710ba235614c7af8cd11f3b3dd1d8cc38f6bec655012b656a1b015be05
/Game/Levels/_GENERATED/User/Boolean_4714C3FE,StaticMesh,16231,3b6338998e97de0d1f5ddc223f72d3addee169fd910bfe924f7f0bbd151a5a2e
/Game/Levels/_GENERATED/User/Boolean_5B1E01AA,StaticMesh,17563,e20bcc536fdcfe33624aba5f45721cdc9be9cfbc5736c26824026a4dd498286f
/Game/Levels/_GENERATED/User/Boolean_5B4ED160,StaticMesh,15936,10624e2a25973c7577f759aeead2ad0cdf35985045f3be5ecdbf6931dbfb5f8e
/Game/Levels/_GENERATED/User/Boolean_5BD5B8A0,StaticMesh,16622,92a13b261edc2010f488a472e3cdc81b8a8bc74cad1d5a49ea43ba5a84b89b08
/Game/Levels/_GENERATED/User/Boolean_5C089972,StaticMesh,14921,1a9e306f5ce88646a1058992573b5787f16993e6139c0d1fab2acd1c242e9c57
/Game/Levels/_GENERATED/User/Boolean_5D9B1C37,StaticMesh,16513,f94875bbd0cc20ef6f1a7ebc2c6dd3f96332558c1b1b512ebf4881af52f121b8
/Game/Levels/_GENERATED/User/Boolean_618854AB,StaticMesh,14871,08f6910980882816310a012b86c64aa59f7b70aebe04723a7d0efe6ff4ff5e9d
/Game/Levels/_GENERATED/User/Boolean_6B96E02C,StaticMesh,17502,8cd6be4836bf66740425931b1f8029cbf7ef7153ff92fdb387ad89916612b563
/Game/Levels/_GENERATED/User/Boolean_6CD90EF0,StaticMesh,14570,de02e9dc28fa4ff5520001d83cec9ff0c8a6089f0f637cd9752d22627dd8e6c0
/Game/Levels/_GENERATED/User/Boolean_7282A96A,StaticMesh,16223,9731e5d0bd5c66086ac91ba8ca48e4152c235a0b978b9b316c21aa436b217a3c
/Game/Levels/_GENERATED/User/Boolean_7B8D18AA,StaticMesh,26860,382e646b7bdd9d958746ab40526edc6756daf6a0411baef598f017eb25e3c171
/Game/Levels/_GENERATED/User/Boolean_7DA6BA98,StaticMesh,14849,e26814ee207aadc603e8364b7a82f7a63bee35cb6a2f04cf7b8f7bbbc429ebe8
/Game/Levels/_GENERATED/User/Boolean_7EB8F354,StaticMesh,16954,0815c305cd77cefa4862ae834224c5de246a6abeb225444aecb18e276b88ab0c
/Game/Levels/_GENERATED/User/Boolean_8111E3A1,StaticMesh,16302,4bd50a9b9330b8f11f8cbfef9983acb2584052893265d502d6602cd880505011
/Game/Levels/_GENERATED/User/Boolean_85DFB7B4,StaticMesh,71642,742a83db249dbc0c9c9f3f4fb4f6f5bd0674237c6eb71aaeb1bb7254f0d9499b
/Game/Levels/_GENERATED/User/Boolean_866B1F07,StaticMesh,14916,f2d9d2b73913e6f08968cf10052e24747a239894c795c8d43c1f4cd62e29cd42
/Game/Levels/_GENERATED/User/Boolean_89CA8EA9,StaticMesh,16554,6eb2999491de86e5ae760ba2ce6a8826c4980292cd6581f0107ed82485c4044a
/Game/Levels/_GENERATED/User/Boolean_90CA8672,StaticMesh,35712,3f19b4dda20c00860e4fd0a949fbfb54bcc28cded90c8ebca86b02984040f135
/Game/Levels/_GENERATED/User/Boolean_92FB7015,StaticMesh,14885,7934f69a766854c4165169b014914f0aded1de76ef0ba5a2d546a522a41a7ff6
/Game/Levels/_GENERATED/User/Boolean_9A47D9C2,StaticMesh,12549081,75a148571e3873c1412758411452e7dc9a5ac678b58c6a2fd5122a5d52c4b1dc
/Game/Levels/_GENERATED/User/Boolean_9ADA1F99,StaticMesh,16926,ced39224b9975f9e0d80ada695775bf54bc91b18cebc4dd147fa4d8f04925554
/Game/Levels/_GENERATED/User/Boolean_9AF75809,StaticMesh,21854,2604a003f5b5232219a8ba0c23b031fc1341a4d4eb3a4f109497d9c7dc9417e3
/Game/Levels/_GENERATED/User/Boolean_9B39A8B0,StaticMesh,16995,d8a2c0615aded2ac129cdd0748a10fe0913ea67a058100ef30dbe406029c08bf
/Game/Levels/_GENERATED/User/Boolean_9BD01686,StaticMesh,22289,547779200e94d5aad628152a774e711b0db26c834cc87068ead291bbfd5ce9c5
/Game/Levels/_GENERATED/User/Boolean_9C7D4ED6,StaticMesh,17960,79b9d056440715d1dc78588d44881299e797ad177a8e6ef12385781f121ac42a
/Game/Levels/_GENERATED/User/Boolean_9D04B910,StaticMesh,14608,2194c7571760e8391143c664ec529496cdedcc4f4cef41adcfa0ef789caf96f6
/Game/Levels/_GENERATED/User/Boolean_9EA0C64E,StaticMesh,16376,c243cd1abeff952903a0620e401ab43e4fc36f0702df3ae9781ff4f6faf868be
/Game/Levels/_GENERATED/User/Boolean_A2077CD4,StaticMesh,16226,e431400c28f1cbc350ae926713f634ac8e03b7793d4d11eaeecca8a207cbb7fc
/Game/Levels/_GENERATED/User/Boolean_A38B428D,StaticMesh,18543,8c5a02f33c209f9141f03b2af0f24b37104357506a3a081ad1f7a8dc9d46765d
/Game/Levels/_GENERATED/User/Boolean_AF01FB2B,StaticMesh,14944,569a8e70a6195a761aededeb5f07693bc6cd8fe461d663d7b9afa319a901d787
/Game/Levels/_GENERATED/User/Boolean_B3C14CB2,StaticMesh,14608,8c3d36fb21ffe12a905725d29f840eee724373af102ef7670324709f4b3b6a81
/Game/Levels/_GENERATED/User/Boolean_C09C86D4,StaticMesh,16891,7a513ae3ec0f2d97a732d899929be2ffb4930e8b2a63880f9dee1cb222d3189a
/Game/Levels/_GENERATED/User/Boolean_C59BAAED,StaticMesh,17771,45d5e332396bec5b11838ce25942ba9b934887beb0ead67027971d01fda7a451
/Game/Levels/_GENERATED/User/Boolean_C5B72529,StaticMesh,17695,b4c5e25f23f5c8a38046145dd47c4eb3b88822a9b939bb8c5f1e4a0611c2e4c1
/Game/Levels/_GENERATED/User/Boolean_C8966D12,StaticMesh,20544,9dd922400e1c7f9ae6705cd7b56110ae22bc3ed343a53c0c085ece5ecda8d642
/Game/Levels/_GENERATED/User/Boolean_CA50B72E,StaticMesh,16666,c2df6562536613e297475d77c204de439b3c3671ab4ff1ba4f593c5c9f2a8743
/Game/Levels/_GENERATED/User/Boolean_CB87386F,StaticMesh,16484,8bd7a1aaad2f0b98f37c98f15b72ae8d31f26bb416fef72cfda64959570fb2d7
/Game/Levels/_GENERATED/User/Boolean_CCD70EB8,StaticMesh,14928,d9a8c850b46e2f7e32a29484171701ff9896f9345cd58647ba050ada38edba2d
/Game/Levels/_GENERATED/User/Boolean_CE40DCEA,StaticMesh,16685,277b53c4dd0c80d8bc267b480df3a9b599372d651b23f223c123d657074e3101
/Game/Levels/_GENERATED/User/Boolean_D3156D83,StaticMesh,16381,d06e0eecd45e07c4a8484743ea3613bebf7b6661fc61d9d2d72a69aeb6ebe111
/Game/Levels/_GENERATED/User/Boolean_D3476AA4,StaticMesh,17050,9fc958a549ac7673ca5b79ed4a349fae1ee2a62f5f7a54b9d7fdb06a61957fa1
/Game/Levels/_GENERATED/User/Boolean_D891C96B,StaticMesh,18045,788e014224be0d5526c9bd6e8c86b110272282bba5e31bff5df746696ba096a5
/Game/Levels/_GENERATED/User/Boolean_D92A2AC5,StaticMesh,16462,6668f19e1e942bf1cef06e58502a62eb37acc269697c460deb49222118d54188
/Game/Levels/_GENERATED/User/Boolean_DE17930E,StaticMesh,16443,97204252d804edba20227fc055fef126b57245ffc6785c8fd7f0a4b225ea270f
/Game/Levels/_GENERATED/User/Boolean_F6194D04,StaticMesh,23825,c7070594b204b011443ca938f73c28ccd07a3587af692254562c14e85f7d2ec2
/Game/Levels/_GENERATED/User/Boolean_F6E47F7E,StaticMesh,16264,0f28037d324e21bb738227fd7ffb8ae2e926915e1c9faba6b732eee90aa69ca1
/Game/Levels/_GENERATED/User/Boolean_FDC6A8B4,StaticMesh,16333,0afa07614b4cd5d994484ba166961354f469ab2ee562660380dcc0426255c93f
/Game/Levels/_GENERATED/User/Box_192850F2,StaticMesh,14920,c058722bbe4498ff5494801f87ad2345e299b79c20149494a208866b25d51492
/Game/Levels/_GENERATED/User/Box_19D76F88,StaticMesh,15089,695c1791a8a23a337015a7469b45eace36c88467e18253b54a458f0705277153
/Game/Levels/_GENERATED/User/Box_1CED82C9,StaticMesh,14555,531bf2bba0c5ebac6da84d0767bc2829845db5aac63b512ca768302221dc9cb3
/Game/Levels/_GENERATED/User/Box_2DB60565,StaticMesh,14515,8c41a12451293c6b99f9a7476d632af70a377327de3aa6baae80bc36c98e7cdf
/Game/Levels/_GENERATED/User/Box_4B092815,StaticMesh,14659,e6d23633ddf5bbefaabd386354a5698dc4cfe08145f95cc0f2915753a0a4cdfa
/Game/Levels/_GENERATED/User/Box_A383CA4B,StaticMesh,14555,3ba6492468f54866c53bc9c841df7523bd41e00c0560f9848a210f2332240502
/Game/Levels/_GENERATED/User/Box_D4D60D7F,StaticMesh,15082,c1e40d73f6a457dd9cd18881475c6a9dfd87cada7ee617a73ffd763e41f32c8c
/Game/Levels/_GENERATED/User/Box_F0A09387,StaticMesh,15346,1c2dd7057815d2084a062a84cc5792ac4caba72c320beacb0a88ca3511d93a9c
/Game/Levels/_GENERATED/User/Cylinder_0FE5FA5B,StaticMesh,15889,fbe475b8488bd52a4f1fe1b70da58e7b623de54589ac295723786e583ef97ca9
/Game/Levels/_GENERATED/User/Cylinder_2FFD9C3A,StaticMesh,16355,98f1ba360097a4d3d1c53c089bae66db4151a4e1e4cacd27e3b0b76941b0fec2
/Game/Levels/_GENERATED/User/Cylinder_5ECCB5B2,StaticMesh,16273,b6874093f1d44609cdb3361b11fd703ae3ece28d2ff9311ce4ae679a140db8f3
/Game/Levels/_GENERATED/User/Cylinder_647F8400,StaticMesh,16205,d2bd032f0547cc3c2beb264312626c9af959d3ad89ea49263e0f14d8aba73e50
/Game/Levels/_GENERATED/User/Cylinder_A3E86EC3,StaticMesh,16273,6c3f24f3ef52a0480c1e646dea202d2a562e7f48c89d76e251cd58e20f92c6ce
/Game/Levels/_GENERATED/User/Cylinder_C0465FAF,StaticMesh,16220,d47152315c1d2221bb80abdae15eb5ec333c1c94cdba4b6b6f63e653ec4c64b0
/Game/Levels/_GENERATED/User/Cylinder_C8A358AF,StaticMesh,16170,af9cbae9ec93a8a488ce989d0c6e0a581fe78bcd483d894876c432d68a5c121e
/Game/Levels/_GENERATED/User/Cylinder_D39453EA,StaticMesh,16351,05ec5b3f842bdebd63517964b3124ed54d44ba4bf0e35aadf7a33e0419aa9a85
/Game/Levels/_GENERATED/User/Cylinder_D41F12CB,StaticMesh,16220,76149c38462549c74d007ab12a02eb7f78523d59ebbb5aa3b24750147d4d329b
/Game/Levels/_GENERATED/User/Cylinder_D5BB770C,StaticMesh,16216,b24420356707b04fde9583fc51f118bddd610e7f4b18937755845e001d405afd
/Game/Levels/_GENERATED/User/Disc_DC39B0E2,StaticMesh,15321,08601b403dc0354a6d4365fcb0ff7e3cc6fc789ded691add1b9e7165395d572e
/Game/Levels/_GENERATED/User/SM_Gate_0_9FA06E50,StaticMesh,48280479,75e8c573667b6e3cf06815742bfe9916f74364a7e0b1f68e15695e777f92ea15
/Game/Levels/_GENERATED/User/SM_Gate_10_8110655A,StaticMesh,39126,c779e8f6eda66edac0a887f24fe31df530ef240940104ea30edd3f0df45792e0
/Game/Levels/_GENERATED/User/SM_Gate_11_5245A5BB,StaticMesh,40633,7aa535793558cfedef975013aa899ded4bad81adffb40eebec89de81e4c69b5e
/Game/Levels/_GENERATED/User/SM_Gate_12_A68137E1,StaticMesh,38843,8a81004f40ec877e9fb83f03c5b7d8475689085e68c80481816526eeca95cc02
/Game/Levels/_GENERATED/User/SM_Gate_13_4CD87D41,StaticMesh,38191,49f9a15275afe99cc20f1dbf8d1126a2688b13a1d507cc16cf10c92594e00e5c
/Game/Levels/_GENERATED/User/SM_Gate_14_D2685F5A,StaticMesh,38732,988508fe9b05a6b65eb8e09edd8204c5547fd41924c6922d1257ec13efb685bd
/Game/Levels/_GENERATED/User/SM_Gate_15_2CB24ADA,StaticMesh,38940,dadd74fa904844c68033516ae54009f50803b74f7cf23230e07a774b50aa9feb
/Game/Levels/_GENERATED/User/SM_Gate_16_1B7324D2,StaticMesh,67076,5d8f0c27377345bfc1dc782a9fcb22776cb3445b33c02e25fd54d59e32f6f187
/Game/Levels/_GENERATED/User/SM_Gate_17_213BDF46,StaticMesh,64326,053a7f90c8ccd43c9646ac5d28acd031a553e7ebd6c6ad64aa0b53e565faa6b6
/Game/Levels/_GENERATED/User/SM_Gate_18_93608B02,StaticMesh,39756,dd76018af2de9c243153df6a0b1aeb36cb4ebf0ace18ff1466c7b4b1b4cd04a3
/Game/Levels/_GENERATED/User/SM_Gate_19_A4EB2DCC,StaticMesh,13942,e2bb6f4b7de9b002649a90c644bc138a2fada5c8b0a115785cb529aaeb7c298b
/Game/Levels/_GENERATED/User/SM_Gate_1_77CE7326,StaticMesh,52748,eb864a329133f689c2b11ee1e0f25669b4ffa210d848d1824a6df27a2f80eb8a
/Game/Levels/_GENERATED/User/SM_Gate_20_3572FD83,StaticMesh,23115,51c1cfe4b1ffa966623fcdfbb5cb542c0046f81e2f1447ff07eb13217800ba3e
/Game/Levels/_GENERATED/User/SM_Gate_21_AFBD87B8,StaticMesh,24706,f2ad16ab51b43af1ccb7fb6b0eaebc39bbd073040fd54ce1cff8a484b6d6b0a4
/Game/Levels/_GENERATED/User/SM_Gate_22_0F685302,StaticMesh,13889,819cb5c96bc8af31146968cf66f7d78061508c34f3d02de1e6c1e8bf824a6985
/Game/Levels/_GENERATED/User/SM_Gate_23_76203D95,StaticMesh,20279,69e2323117d5b7edae7aa66a8775d42b702915bf0729761ce56e1ecd2a319de8
/Game/Levels/_GENERATED/User/SM_Gate_24_267A4CBB,StaticMesh,19653,1f036bafde69ab54425c39a458849182efdaadd0400d978cebfe8944612b2557
/Game/Levels/_GENERATED/User/SM_Gate_25_9F8B2104,StaticMesh,26640,255adefe0aa31b10ec238cf4d27bce006563701fb16222290c20c92ac9b41361
/Game/Levels/_GENERATED/User/SM_Gate_26_A9FD2C84,StaticMesh,24089,073bf0686ee40b4a1f2bda78d989d17515a6b559c35954a2ab1ede2a144a441b
/Game/Levels/_GENERATED/User/SM_Gate_27_7AD16BF9,StaticMesh,15968,1c7a97b9839041d7fd7b71c07f4c030f8f53c47c7de959373f7db398b6f22023
/Game/Levels/_GENERATED/User/SM_Gate_28_CD0B0374,StaticMesh,15828,1183c895529ec2894a201f703c11eaaadcb78f874089794df487d622ed46fc88
/Game/Levels/_GENERATED/User/SM_Gate_29_ECF06A9A,StaticMesh,13941,f8c969c59f657e130966d0b50942bbd8225082b598b6ac291972e378bfc5e208
/Game/Levels/_GENERATED/User/SM_Gate_2_DC201530,StaticMesh,52679,c68ce0b3791b288f8b5c64de750f415b4a39303c37cbe1ee6810fe3d63b9b611
/Game/Levels/_GENERATED/User/SM_Gate_30_57E8D305,StaticMesh,13940,00f10f0a7014f5be4ca8d628f3d71e392140ab2427086b6eb669dbfed90897ff
/Game/Levels/_GENERATED/User/SM_Gate_31_7857C5C6,StaticMesh,13939,c7614c9deb9bdb77ab3aed23d1b5c3c02958cfaebe01ced4b6f3df2279637c20
/Game/Levels/_GENERATED/User/SM_Gate_32_7D0ACA0A,StaticMesh,13937,d449267b2080862e5443e802a4fc9df9cfd2d6a85367d690572df9e99557c805
/Game/Levels/_GENERATED/User/SM_Gate_33_03229AA8,StaticMesh,25326,60c373f73e21ea876a3f3224b77207718c6c00711de3f1ec7d148654a2543e14
/Game/Levels/_GENERATED/User/SM_Gate_34_CA7CCE06,StaticMesh,32136,a5e68801040840506ddaa0a84012a96d8e263a9f36dc3a66c71d27050d99e932
/Game/Levels/_GENERATED/User/SM_Gate_35_5215D3A3,StaticMesh,30912,34e131bbefe583be08f707a02d88c1aa03e08ca4b290980d074788b2f9e90dc1
/Game/Levels/_GENERATED/User/SM_Gate_36_CB6B2E8A,StaticMesh,16375,810b6fc2fe4ced0945bdee8a83249b571f746db422d49049d9f5885300ab3c33
/Game/Levels/_GENERATED/User/SM_Gate_37_C102B31E,StaticMesh,17089,4427bcba940e1cf7c9b596188365abb716ffc8a5b222ee8b582d6f0b208f8762
/Game/Levels/_GENERATED/User/SM_Gate_38_92D2C19D,StaticMesh,28445,6350d9d2b7b4aaa3614dd12c16f40e6e6494166c73c440215e62586a7afcd828
/Game/Levels/_GENERATED/User/SM_Gate_39_41B7C240,StaticMesh,26521,4122b005d5f3db8c0dda3d245112566c364450957afed0748ee1ca2d1b723178
/Game/Levels/_GENERATED/User/SM_Gate_3_AACAAB57,StaticMesh,30467,4fecf361a9e05c86826e2314af881ac83530d54b71fd3c9845644eceb0b55f65
/Game/Levels/_GENERATED/User/SM_Gate_40_CAB25C7E,StaticMesh,13943,4320a2044d1f3a55a6bda5a4a90b9e3de765c16c2eb74df586341d17865553a0
/Game/Levels/_GENERATED/User/SM_Gate_41_68C38606,StaticMesh,13939,c9ce2549806738efef79f8dec22c168c597274c31361e682d574ceaf65dddbe9
/Game/Levels/_GENERATED/User/SM_Gate_42_335AED65,StaticMesh,14286,512105f2f0a303b00ec9857150df82cd10caefad561b1328bfaa3de634d5db68
/Game/Levels/_GENERATED/User/SM_Gate_43_3C13AF9A,StaticMesh,13942,9d03fe5c12f2b4c77eaf8d791ee17f3331dd65451a2fe5172487f3410045a9af
/Game/Levels/_GENERATED/User/SM_Gate_44_4FB56854,StaticMesh,13942,175425b651f13fd902cd1973d8e617466ff4fb0947982c8b2a8ca25b06e8350f
/Game/Levels/_GENERATED/User/SM_Gate_45_AC0BCB01,StaticMesh,20794,99372689ddfd79481168a6793ffc4351aa7e1272f46b3d65ad23b8763dd7be62
/Game/Levels/_GENERATED/User/SM_Gate_46_C850E28A,StaticMesh,13939,a42e8749ae2d705d31014b61c796fe75dd8a642999c6876154ebf84c8306c53a
/Game/Levels/_GENERATED/User/SM_Gate_47_9DBC4416,StaticMesh,13886,b54b35517034983aafd09eb5d63d8efcfa5eacccbb9f9fe7383f55181d63d402
/Game/Levels/_GENERATED/User/SM_Gate_48_0C0C764B,StaticMesh,13887,aa351aa7e2584a8c714fed772e11786308f9689262d8569f4f3708267dd9ad40
/Game/Levels/_GENERATED/User/SM_Gate_49_ED52E8F4,StaticMesh,13944,75a5577d0fdef1f095a0d14416b9587cc794e11d61c322f6d28c6ff3d0effb0b
/Game/Levels/_GENERATED/User/SM_Gate_4_BA49DCD8,StaticMesh,30343,8bb4f731fe4bb6681b7175135a60ee77ba820bf132e7efd8e7f099920fce8579
/Game/Levels/_GENERATED/User/SM_Gate_50_20FCCC9D,StaticMesh,13942,5939120c427096c203fa48324427493dea51e1ffe6de1d9e38f333b428b4943f
/Game/Levels/_GENERATED/User/SM_Gate_51_1690F8A6,StaticMesh,13941,d21f4e29d02247a1113d6c00b8e99b5ae2d39e929120a5bd09f22f32b6a4ca5f
/Game/Levels/_GENERATED/User/SM_Gate_52_7F0C3D33,StaticMesh,13885,c9523d9a867773cc0bfbc9bf397f678e8664f916595d33449611862edcdc29e3
/Game/Levels/_GENERATED/User/SM_Gate_53_325C5374,StaticMesh,13942,f901fdb2f6f9560ffef548c10e593d0215118f1832e04fbc601e588dfb352d5c
/Game/Levels/_GENERATED/User/SM_Gate_54_FAE874D5,StaticMesh,13887,03204afdf54993b011ccedef89755c3508fa263e826fe549906f16b9a252d1ab
/Game/Levels/_GENERATED/User/SM_Gate_55_6230538E,StaticMesh,13887,65261d756de64e7331ec37c50182f235627fb073e4ea32c8946ca6394fc03b13
/Game/Levels/_GENERATED/User/SM_Gate_56_8B2CBAB5,StaticMesh,13883,610fa433d27569eaf21ee2556a6fa83dbc87e755b709db1ef7161bbabe2c3f11
/Game/Levels/_GENERATED/User/SM_Gate_57_CEDE7860,StaticMesh,13950,4cac3e43d6432fe5e3076e3875991610fd0049c267aae32a860ec5802d07a201
/Game/Levels/_GENERATED/User/SM_Gate_58_69AA9AC4,StaticMesh,13886,7199beb9b235599ee2534275e85f184f578fd565ea240ffffb35e4293b60faf2
/Game/Levels/_GENERATED/User/SM_Gate_59_51088E1C,StaticMesh,13882,663f04d41c091c0ea29ae32e42b18914c389fb09b6f6e98bc7c3ad89070442cf
/Game/Levels/_GENERATED/User/SM_Gate_5_845D4556,StaticMesh,47135,32844c68dbc3269a6dea0d97d68b728f2e2b2a2325af896812202b3eddab1a3c
/Game/Levels/_GENERATED/User/SM_Gate_60_B0FCA6F9,StaticMesh,13941,2deef9dfb6028c3a5ab6f42068af9593986a2c5fb32f6fbd7a7a6307ba7ead64
/Game/Levels/_GENERATED/User/SM_Gate_61_32B5610C,StaticMesh,15847,9c5ca24e98967f58a84468751dd0acac49624eac24f26b8b650a2e51ebc4f926
/Game/Levels/_GENERATED/User/SM_Gate_62_6881B083,StaticMesh,14069,de5dfa0684725db321f98c355f5ab8f4026c0b7f8917a28a524f19d673a12afb
/Game/Levels/_GENERATED/User/SM_Gate_63_F2165FDA,StaticMesh,13940,8595726f6d683566b3d862bd1973577a05a75278ede2dcd0b0d39457653b5937
/Game/Levels/_GENERATED/User/SM_Gate_6_CADDCFC8,StaticMesh,48391,166670b2917005cca645bd176321259eb46f1f8abd9dceec03ea09c80fb6e3f9
/Game/Levels/_GENERATED/User/SM_Gate_7_A2F3037D,StaticMesh,13880,beabcf49effe32f83211b1150d3fd17ed099138a3ea6cfbc4147b92801455a2b
/Game/Levels/_GENERATED/User/SM_Gate_8_943BD176,StaticMesh,41965,e5a35c843cb3b3efedbf48185efb2be321f02725f146971b800c5083995a1c2b
/Game/Levels/_GENERATED/User/SM_Gate_9_6D09AE7B,StaticMesh,37313,1beab9a4f0c5f8218e575ca69f17061e5bd48092da2437ec0d9477769ad5e8cd
/Game/Levels/_GENERATED/User/SM_Gate_Submesh_2D7FB6CC,StaticMesh,9901110,313504a59254d0c4b8e315ede307344b31f63380ebfe326c97d735916308ec29
/Game/Levels/_GENERATED/User/School_Classroom_Prop_A_9_F96A87B1,StaticMesh,405985,891a603c3871987e4f8499bd0238456d32290fa328175191cf2c4d3604880430
/Game/Levels/_GENERATED/User/skeleton_stack_10_709170FC,StaticMesh,18954009,6aab73c0305fb82654508c582e2bb479a9dd70eac03e17f854a71d013659db50
/Game/Levels/_GENERATED/User/skeleton_stack_10_80B0597D,StaticMesh,19014864,3033799ef2f7f9daa3a8150897365264142a879da651f1b86f795b1adb77c201
/Game/Levels/_GENERATED/User/skeleton_stack_1_3709F49E,StaticMesh,18954004,e078d545699fd14334cc1219a74789cb482eaee50da9747aadae1b280dea6782
/Game/Levels/_GENERATED/User/skeleton_stack_1_D31E5E20,StaticMesh,19014859,219187eeaabac2bb734ae89729dbec4ee1d89c7dc4e5879298930c70790916aa
/Game/Levels/_GENERATED/User/skeleton_stack_2_7E01A89B,StaticMesh,18961355,77fc5625c575eaefa40352d093e56f453f21d002551f2d311d128076100a2cb5
/Game/Levels/_GENERATED/User/skeleton_stack_3_EA6A4110,StaticMesh,18961355,0e5f81f6575217d89f74b00817fc54ac8b7eff7d2e4b43f508735774cabd5d9d
/Game/Levels/_GENERATED/User/skeleton_stack_4_A0FA9811,StaticMesh,18961355,7d64ff0869908a0e25ebb56f0439dccc373856dfff78cc0d023720a281c532c1
/Game/Levels/_GENERATED/User/skeleton_stack_5_372F9069,StaticMesh,18961355,0be2a6d807123c3a63993e30d256a2371465ccd7206f556c8b3c0eb3f7582570
/Game/Levels/_GENERATED/User/skeleton_stack_6_53B44688,StaticMesh,18961355,8a1e0c2597ca3f22ef8912f1cf12b4b6cbee95af9e647d776b63ce299f95be60
/Game/Levels/_GENERATED/User/skeleton_stack_7_CA579E7B,StaticMesh,18961355,5f2dd84f2a2873874c065597aafd1993a8960448a8bfd8546064feb4662be8ab
/Game/Levels/_GENERATED/User/skeleton_stack_8_5BA5F2B3,StaticMesh,19014859,eb07c97e1835cd7dbef37da87ad41c69faa1e5a5f01bdc376a24f44eb0b35c39
/Game/Levels/_GENERATED/User/skeleton_stack_8_E1A64CA2,StaticMesh,18954004,91743445220cf68a2291204263e59185540bd30749b92fe8658780fcff64dbbb
/Game/Levels/_GENERATED/User/skeleton_stack_9_30234D81,StaticMesh,18954004,44823e8d4852e678e3ffb1c28b759caad0b76d8832341dc07415aba796bb01b9
/Game/Levels/_GENERATED/User/skeleton_stack_9_3A3A6C74,StaticMesh,19014859,a7d7a42b0ed783cae33d9d7c2296f190f06adcf25a910690abd4c795a504a14d
/Game/Levels/_GENERATED/User/skeleton_stack_A05AB163,StaticMesh,14229757,8f56cc773643057caf8dfcdd3bea50234c42536e4aa78aa16f7225533ee27c7d
/Game/LuosCaves/Mat_functions/Luos_CaveWallTexMerger_RMA,MaterialFunction,123596,f00404bf2a7bf90a4e5f0c7993846af107752e64ba0cc3ab755eba364a08d458
/Game/LuosCaves/Mat_functions/MF_LuTesselation_Setup,MaterialFunction,109452,a5202c053d1fcf5d8aa8c3d5427412cb0062b5f07bf220967eab154b144545e6
/Game/LuosCaves/Materials/Extra_Prop_Instances/MI_Fogsheet_Instance,MaterialInstanceConstant,53959,596591082e0cc8f80a8dcd230c0cdfb266afaa2bbae7c4452336c556b10ee80d
/Game/LuosCaves/Materials/Extra_Prop_Instances/MI_emissive_Mushrooms_Green,MaterialInstanceConstant,98064,88303379974e2ea2d17503262c937a733a36d49d0fb12696a2d6b13a178447af
/Game/LuosCaves/Materials/Extra_Prop_Instances/MI_emissive_Mushrooms_Purple,MaterialInstanceConstant,91913,5f15420b825fab0f24191d285e2347f25b0357766c7d71a858a6e1be0c4d4149
/Game/LuosCaves/Materials/Extra_Prop_Instances/MI_emissive_Mushrooms_Red,MaterialInstanceConstant,97083,21f3142141be34fa217156dcfbd3e8416853e345cd2e9d4398463d2c654c150d
/Game/LuosCaves/Materials/MI_LCave_Master_RMA_Instance,MaterialInstanceConstant,171460,1c45ce82d8dede13bb8a1d4d10cecc582ff7243977133251d063dc2f2a7f0de3
/Game/LuosCaves/Materials/M_LCave_CheckerMap,Material,129760,5c0bfbbda26c113177e20473e37cf85ce5f8b8773ca13b3314042551d2ecf836
/Game/LuosCaves/Materials/M_LCave_Master_RMA,Material,312238,52e26f4fd40c1f2d7de771d1290eba2275e23d6be960d86465771a14ecae03aa
/Game/LuosCaves/Materials/Modular_Cave_Instances/Dark_Brown02/MII_MCave_DBrown02_SeamCover_HQ,MaterialInstanceConstant,87368,1ecdf84ed633555a2703fb2753e81da1d358abf341972e14d6212b5eb34517e1
/Game/LuosCaves/Materials/Modular_Cave_Instances/Dark_Brown02/MII_MCave_DBrown02_Seamcover_LQ,MaterialInstanceConstant,124434,d0e3bc2863d40493ae7937dbf179223a801cf4089e400c51f6dbccfaa9c4bb93
/Game/LuosCaves/Materials/Modular_Cave_Instances/Dark_Brown03/MII_MCave_DBrown03_SeamCover_HQ,MaterialInstanceConstant,53726,f5ee5d691df574f4b9c2be80c42266e966191653a6c21a54a46db1eba7c822a2
/Game/LuosCaves/Materials/Modular_Cave_Instances/Dark_Brown03/MII_MCave_DBrown03_SeamCover_LQ,MaterialInstanceConstant,55832,7191d2bf0bd3bbb30dfc05f586797c2a1ae6697da0711d01429bd4dfc63531a3
/Game/LuosCaves/Materials/Modular_Cave_Instances/Dark_Brown04/MII_MCave_DBrown04_SeamCover_HQ,MaterialInstanceConstant,53874,6c8b1a0b613476f0e3a21f0b579b2c54fc26763415d54e5f25b806cbc06fee65
/Game/LuosCaves/Materials/Modular_Cave_Instances/Dark_Brown04/MII_MCave_DBrown04_SeamCover_LQ,MaterialInstanceConstant,55826,90bd7a67226280ac1269e568b3c8f3ac1d9106b0b8e9724f87983641af838eb3
/Game/LuosCaves/Materials/Modular_Cave_Instances/Dark_Red01/MII_MCave_DRed01_SeamCover_HQ,MaterialInstanceConstant,53574,d148a4e646fbaee2e398ba37db3b929670429b6b1e20aae128df9df55ba0f2d0
/Game/LuosCaves/Materials/Modular_Cave_Instances/Dark_Red01/MII_MCave_DRed01_SeamCover_LQ,MaterialInstanceConstant,55820,c337537c312b3b19df2312537809623edd5498330b9faf989aebd54e63d8ce86
/Game/LuosCaves/Materials/Modular_Cave_Instances/Dark_Red02/MII_MCave_DRed02_SeamCover_HQ,MaterialInstanceConstant,53830,e69f78b8627f4693180dafe8a489413e86f3f66a0657a18ec15146d159c10e97
/Game/LuosCaves/Materials/Modular_Cave_Instances/Dark_Red02/MII_MCave_DRed02_SeamCover_LQ,MaterialInstanceConstant,55708,8b5524d636f2ac712cae15dcacceba45c9e4bb02e16c6d5ecbc919e05cb766d5
/Game/LuosCaves/Materials/Modular_Cave_Instances/Dark_Red03/MII_MCave_DRed03_SeamCover_HQ,MaterialInstanceConstant,53903,db94677a8fad9a8364c487e8602ae5b0decd1e83244a3ca7e1a1b9c48f3f78a4
/Game/LuosCaves/Materials/Modular_Cave_Instances/Dark_Red03/MII_MCave_DRed03_SeamCover_LQ,MaterialInstanceConstant,55499,32fb851d709f7f2347a534734e778d904323508cddce917247d78470e9ca6797
/Game/LuosCaves/Materials/Modular_Cave_Instances/Dark_Red04/MII_MCave_DRed04_SeamCover_HQ,MaterialInstanceConstant,53573,7a0f0ab091fe1ba78232c8e54126559a6b8b29286910a309aa3033e8acb34e95
/Game/LuosCaves/Materials/Modular_Cave_Instances/Dark_Red04/MII_MCave_DRed04_SeamCover_LQ,MaterialInstanceConstant,55746,15c57c1974a3a78faec26fff0b6e247c50c0aaf2addae77b0831c543c89045ae
/Game/LuosCaves/Materials/Modular_Cave_Instances/Free_Moss_Brown01/MII_MCave_Free_MossBrown01_SeamCover_HQ,MaterialInstanceConstant,90249,f6c5df280ee867f09b0d3f5806a87f4abec62f99daf3810ab3f48127494974d1
/Game/LuosCaves/Materials/Modular_Cave_Instances/Free_Moss_Brown01/MII_MCave_Free_MossBrown01_SeamCover_LQ,MaterialInstanceConstant,122417,4ee674a3151584aa1c04196d983930e9c9d054a98ee69dfd325172094f38a10f
/Game/LuosCaves/Materials/Modular_Cave_Instances/Gray01/MII_MCave_Gray01_SeamCover_HQ,MaterialInstanceConstant,54038,e5e47c821ca15523256fab2ead25ec2935751ab7a3777f2b9f05ba7f571ee285
/Game/LuosCaves/Materials/Modular_Cave_Instances/Gray01/MII_MCave_Gray01_SeamCover_LQ,MaterialInstanceConstant,55840,1b14ef5001a646795beb1f8a56c87014f506121aa50da4678f0afc6dd999d3c4
/Game/LuosCaves/Materials/Modular_Cave_Instances/Gray02/MII_MCave_Gray02_SeamCover_HQ,MaterialInstanceConstant,53786,6fa1bab09a019ab1e815ec41b058757105b5dc671b405a9756b047fa013e660d
/Game/LuosCaves/Materials/Modular_Cave_Instances/Gray02/MII_MCave_Gray02_SeamCover_LQ,MaterialInstanceConstant,55741,c18d5bcef0308fa1f43078d5d076bd686b61f4961f7f67b10874e49322b637d0
/Game/LuosCaves/Materials/Modular_Cave_Instances/Gray03/MII_MCave_Gray03_SeamCover_HQ,MaterialInstanceConstant,53827,909fd12e311eda8c03b0c48bb88f3a6f420b2a6fdfdefdf90804f40d4f0387ad
/Game/LuosCaves/Materials/Modular_Cave_Instances/Gray03/MII_MCave_Gray03_SeamCover_LQ,MaterialInstanceConstant,55914,28453d16cba71cc7eed73bcfd0ff01f0fa87f62e9d771d84a583ec832fd4faef
/Game/LuosCaves/Materials/Modular_Cave_Instances/Gray04/MII_MCave_Gray04_SeamCover_HQ,MaterialInstanceConstant,53575,bc3cc0e8f13c5cb0a6f9e04cd67ec40e4300d03c9c7545d589b45a9982e0d1aa
/Game/LuosCaves/Materials/Modular_Cave_Instances/Gray04/MII_MCave_Gray04_SeamCover_LQ,MaterialInstanceConstant,55924,3b9c5550d18022ba7178259a9b87be994c7ccdcdc57960f51818753dd743e70e
/Game/LuosCaves/Materials/Modular_Cave_Instances/Gray05/MII_MCave_Gray05_SeamCover_HQ,MaterialInstanceConstant,53909,202f8b853d4d9937d8cc2280978e9f571390bf420e055cfdac0dacd22a91f3ed
/Game/LuosCaves/Materials/Modular_Cave_Instances/Gray05/MII_MCave_Gray05_SeamCover_LQ,MaterialInstanceConstant,55810,1e80b3cf5e56eb73b50ff376075520b7800a349df39024d062f9c2e5575b796e
/Game/LuosCaves/Materials/Modular_Cave_Instances/Gray06/MII_MCave_Gray06_SeamCover_HQ,MaterialInstanceConstant,53839,a0eb630b71aea80d692c30799bc2eeaef9b3bd52356f4cae988ab0027f105daf
/Game/LuosCaves/Materials/Modular_Cave_Instances/Gray06/MII_MCave_Gray06_SeamCover_LQ,MaterialInstanceConstant,55690,94c0b14281ab3f1f9a16e225522e97cb1abaa72fd0ab301f00d01d73e9ff1454
/Game/LuosCaves/Materials/Modular_Cave_Instances/Gray_Floor01/MII_MCave_GFloor01_SeamCover_HQ,MaterialInstanceConstant,53990,35cbe71514734869c7b3bc75b5c513cae48b62227fb078bbc98e1db97cc5da2a
/Game/LuosCaves/Materials/Modular_Cave_Instances/Gray_Floor01/MII_MCave_GFloor01_SeamCover_LQ,MaterialInstanceConstant,55820,08f1f862c0b769f18e619a638c44e2628d9d9b845a3b3c4393c7b6a9f45436a7
/Game/LuosCaves/Materials/Modular_Cave_Instances/Green01/MII_MCave_Green01_SeamCover_HQ,MaterialInstanceConstant,53824,789d5eedd57eb16d59306509fe9838697371ac284debdc843fa2f1504ef3398c
/Game/LuosCaves/Materials/Modular_Cave_Instances/Green01/MII_MCave_Green01_SeamCover_LQ,MaterialInstanceConstant,55788,99b358d7ce81360fe4853217f66b45b12457b982f26dbb22b8e65650e515e527
/Game/LuosCaves/Materials/Modular_Cave_Instances/Green02/MII_MCave_Green02_SeamCover_HQ,MaterialInstanceConstant,53679,b58b485845802ebb876d7b58618d8b865822ac742185312191755026aee7c694
/Game/LuosCaves/Materials/Modular_Cave_Instances/Green02/MII_MCave_Green02_SeamCover_LQ,MaterialInstanceConstant,55766,ab15245f91e8e9fc3eb0ebb57e0995a75514f256b79a1c622e8d41e5401a69b5
/Game/LuosCaves/Materials/Modular_Cave_Instances/Green03/MII_MCave_Green03_SeamCover_HQ,MaterialInstanceConstant,53840,8ff9435c36c10757495517d6cc3fc77cfd12b31732bce21240a5dedd6e86ef29
/Game/LuosCaves/Materials/Modular_Cave_Instances/Green03/MII_MCave_Green03_SeamCover_LQ,MaterialInstanceConstant,55691,ccb44508605ba8c72c616c12b7f46dfc3f3c7af63c1ff182c5c0b3b93fe81525
/Game/LuosCaves/Materials/Modular_Cave_Instances/Green04/MII_MCave_Green04_SeamCover_HQ,MaterialInstanceConstant,53946,6fd21025c6fe1ae295f2daa664fb1ec1ebf434550b62d3490831391bbf91df8a
/Game/LuosCaves/Materials/Modular_Cave_Instances/Green04/MII_MCave_Green04_SeamCover_LQ,MaterialInstanceConstant,55820,575296fda3d638c7b369834115abcca063748aa3eb76cd9c1dd411619bf996ab
/Game/LuosCaves/Materials/Modular_Cave_Instances/Green05/MII_MCave_Green05_SeamCover_HQ,MaterialInstanceConstant,53872,d6d0c12909ff422301ceec88d091afb3f173a7d736f5c6502014548495b07fc6
/Game/LuosCaves/Materials/Modular_Cave_Instances/Green05/MII_MCave_Green05_SeamCover_LQ,MaterialInstanceConstant,55705,4e34343401128cdd36bf9dec3edaf87d70600df95b69cdcc65b5988c5d2711df
/Game/LuosCaves/Materials/Modular_Cave_Instances/Light_Brown01/MII_MCave_LBrown01_SeamCover_HQ,MaterialInstanceConstant,53890,63084dfbd874ddab9d4f7f13a3edd557034d114ed33823f07e304652c13b8a4f
/Game/LuosCaves/Materials/Modular_Cave_Instances/Light_Brown01/MII_MCave_LBrown01_SeamCover_LQ,MaterialInstanceConstant,55558,89e79bfd63194d61c9329ebce6fc7316cae05e8fea1dec08358369db5526e90b
/Game/LuosCaves/Materials/Modular_Cave_Instances/Light_Brown02/MII_MCave_LBrown02_SeamCover_HQ,MaterialInstanceConstant,53805,33cc1a800a2ff2ad5e41bb9022ce704dfd1308141b730a3f5b80ca2c15c7c34d
/Game/LuosCaves/Materials/Modular_Cave_Instances/Light_Brown02/MII_MCave_LBrown02_SeamCover_LQ,MaterialInstanceConstant,55846,037f486dbb86b0352f329a60bccafd26f862800158c4e2abfa522e8ccce59950
/Game/LuosCaves/Materials/Modular_Cave_Instances/Light_Brown03/MII_MCave_LBrown03_SeamCover_HQ,MaterialInstanceConstant,53760,f1a39c35812a3f5dfdf54440501ea66a7446848979d26494e77a239b9ca38b0b
/Game/LuosCaves/Materials/Modular_Cave_Instances/Light_Brown03/MII_MCave_LBrown03_SeamCover_LQ,MaterialInstanceConstant,55904,2f3da34c40c389b89a19fa48a114cf94ff2cac70f0a5c16dc197a6c0bf211289
/Game/LuosCaves/Materials/Modular_Cave_Instances/Light_Brown04/MII_MCave_LBrown04_SeamCover_HQ,MaterialInstanceConstant,53662,24bff3f66f81d3ac9189f7bd1b6e1b568a35fc821c5f6f8109e87c916b75385c
/Game/LuosCaves/Materials/Modular_Cave_Instances/Light_Brown04/MII_MCave_LBrown04_SeamCover_LQ,MaterialInstanceConstant,55910,1d705ad9973e68bcdbb0903308690f1005bfd4595ad9563ec76ba95330443750
/Game/LuosCaves/Materials/Modular_Cave_Instances/Sand_01/MII_MCave_Sand01_SeamCover_HQ,MaterialInstanceConstant,53737,b32578be0f7f996e94d6e9303e88098c4812b92398578647879a171e6a681508
/Game/LuosCaves/Materials/Modular_Cave_Instances/Sand_01/MII_MCave_Sand01_SeamCover_LQ,MaterialInstanceConstant,55509,6913be323777c04fc397449319cf165f1b9951d5348c7bdd8ea9b53ba41ea5b4
/Game/LuosCaves/Materials/Modular_Cave_Instances/Sand_02/MII_MCave_Sand02_SeamCover_HQ,MaterialInstanceConstant,53853,5735913cdc9880a853a9cab8524b5bd3e7ca3cbd7a319812a6dfa95f5deb39db
/Game/LuosCaves/Materials/Modular_Cave_Instances/Sand_02/MII_MCave_Sand02_SeamCover_LQ,MaterialInstanceConstant,55668,6bfd91f8844b5ec2fe824db89d4934b5a041d5c1af4caea6bef37f4302485627
/Game/LuosCaves/Materials/Modular_Cave_Instances/Wall01/MII_MCave_Wall01_SeamCover_HQ,MaterialInstanceConstant,53854,23cc0b8460435639c349f58908ccdadc0507c9f25b43627004b12eda8b8a9227
/Game/LuosCaves/Materials/Modular_Cave_Instances/Wall01/MII_MCave_Wall01_SeamCover_LQ,MaterialInstanceConstant,55635,d2e688d8930ed048784e5dd07c06e2089cd8e7da8cd81ab1ae02ff3449a865b1
/Game/LuosCaves/Materials/Modular_Cave_Instances/Wall02/MII_MCave_Wall02_SeamCover_HQ,MaterialInstanceConstant,53777,d2ed0c59c6886e4995f6fbf504c5fe9d54e70cc3850c7f1e282c16bad7a224a8
/Game/LuosCaves/Materials/Modular_Cave_Instances/Wall02/MII_MCave_Wall02_SeamCover_LQ,MaterialInstanceConstant,55683,de6e0ff5117bbe3f313a96b568b3b5369a730d73c916885ed00294c167e42c31
/Game/LuosCaves/Materials/NewMaterial,Material,146094,d164253c1551e3c18b9ace5e86865e91a050c72616f53f2033be53d07adaaaae
/Game/LuosCaves/Materials/OLD_Masters/M_LCave_Master_Simple_Old,Material,225262,6c4b3d5d695e4dcc90f446128e1b26e6132174c28c2149b522db589b47d80ff5
/Game/LuosCaves/Textures/Rock_Light_Red1_Albedo,Texture2D,48215134,8ce0a053ea9489e86baac653139f93a41eb6ae254396f91c405366fa766bd42e
/Game/LuosCaves/Textures/Rock_Light_Red1_Normal,Texture2D,43533678,32bbbfb133bfda0a8682627ac433a3f6369c309d25fc63d9efdc3bf489558dd8
/Game/LuosCaves/Textures/Rock_Light_Red1_Roughness,Texture2D,16166781,e125c5b80e2fab0495353fe4c24a92138de36960867cc02261691c391e5fa668
/Game/Resources/Characters/Monster/Red_Panda/T_Red_Panda_Metalic,Texture2D,3780300,d00a2f6b9ea548a484ea654e73da7132386db7b82a13a1ca887e563d0918286b
/Game/Resources/Characters/NPC/Lightning_Counter/SM_Lightning_Counter,StaticMesh,7045520,439b7f4abd52d1a3741250a22306fc2c3b429862f4d2bdb73c3940cf3ee4ce8c
/Game/Resources/Characters/NPC/Lightning_Counter/T_Lightning_Counter_Metalic,Texture2D,3315243,de6e16be6cb4e829ee9890f2f9d502d98c5942992732a9f7575c87307bc6bc9d
/Game/Resources/Characters/NPC/Little_Girl/SM_Little_Girl,StaticMesh,33353443,64cec6b7f7bca4ab30c9f5b35b4d8e505fb2d58665db3b3e3b3d1b9ce89658e4
/Game/Resources/Common/Materials/M_School_Wall_Light,Material,15581,a740f8c7ece048f23894639cfe3b783b9b953f2b10d91015e7901c16c7395aa5
/Game/Resources/Common/Materials/metal,MaterialInstanceConstant,66421,8a9a7866dbcad02f15bcaa641eb1db72bbb20c542e1668c8e8b678eddf8e345b
/Game/Resources/Common/Materials/wood,MaterialInstanceConstant,62949,c6872e509661c581a43753f662fec58c85f45e80c3bb436f29b146759e664f0e
/Game/Resources/Common/Textures/T_Default_Emissive,Texture2D,440679,f4d38ccffaeecba3f11b27268ac6bd6538c03b6d25df06feb632d0775d760b3b
/Game/Resources/Common/Textures/T_Default_Metalic,Texture2D,884646,e78fd69a8039cc64f46186650995197da818d528fecaef958ddee8a48877f89e
/Game/Resources/Common/Textures/T_Default_Normal,Texture2D,4363179,f62518e4a56fe3f16006d8893013114536767b87e6b894c5a3b25bf390248b0b
/Game/Resources/Common/Textures/T_Metal041A_1K_Color,Texture2D,783871,8e8cfc5da581eb332adec9da031344486e573c5e069903c2cb5ebca8e58e86de
/Game/Resources/Common/Textures/T_School_Wall_Light,Texture2D,3748648,c78e634c7c86c9c9a7eca10ceaf57de20f522818e70a1e4d192efcb4d7880de7
/Game/Resources/Common/Textures/T_Wood_009_Mahogany_COLOR,Texture2D,1592968,b3761a823aac5ac11e85bdd348da62b9da40ff49bb119d489e52dfaa9843af26
/Game/Resources/Common/Textures/T_Wood_009_Mahogany_ROUGH,Texture2D,1048836,28ac78b41e8ffde5d258faa5c3f7d4ccf6536360c59085055f483c7951bc6387
/Game/Resources/Environments/Architecture/Dummy/SM_Corridor_Backward_2,StaticMesh,71941,fa9c1e9d1f30174f145800ccae066be465652be44d5f6cec73c3aeff0c850b93
/Game/Resources/Environments/Architecture/Dummy/SM_Dummy_Square_Default,StaticMesh,14526,75745c0976e660e403de1917a6b2855a3b83cd8ab1e3c35533e9cec13920891d
/Game/Resources/Environments/Architecture/Dummy/SM_Dummy_Square_Default_NoCollision,StaticMesh,14925,fe5c2081fc1ede8dceb879bf3e325e0164086719d37097fbc08aa58fc89e698d
/Game/Resources/Environments/Architecture/Dummy/SM_Dummy_Square_Default_NoCollision_Concrete,StaticMesh,15858,a1580b40ac75e511bce337a6523a3cdc5b102a9e2381266fa4076c6e55405542
/Game/Resources/Environments/Architecture/Dummy/SM_School_Corridor_Dummy_Upper_Hole,StaticMesh,18646,5acc904c74a286929c65b9e73a4d6d17b623fa81303452d6f46a9e14b828d2e9
/Game/Resources/Environments/Architecture/Dummy/SM_School_Corridor_Dummy_Window,StaticMesh,17565,2b54bfe61c984254db6321dbceb9fae62c841dc0e32a8e129f0ab1aa8993f867
/Game/Resources/Environments/Architecture/Dummy/SM_School_Window_Space_Dummy,StaticMesh,16200,100b6e700c03a6d53319505df71b2fa75d26d98a0848a8c05f217c46816c911f
/Game/Resources/Environments/Architecture/Dummy/SM_School_Window_Space_Large_Dummy,StaticMesh,16178,3798403aa018007ce9cd36ad0d811e28952d27e8fb32205ac5f1861276b59a16
/Game/Resources/Environments/Architecture/Original/SM_Ramp,StaticMesh,71236,86d6b86824f3fddc04b80604aa29d88328ec3bba7316dacae033448fa9ddc492
/Game/Resources/Environments/Architecture/Original/SM_Ramp1,StaticMesh,72233,27de780994400ac9b1627b42f402ca60952c53408d7dfb451c65baf9d858ce34
/Game/Resources/Environments/Architecture/Original/arrow,StaticMesh,73178,d3602837e1d729ea79e66ac492355a23dbf427827c6bdcc9f21c3bdf5f2ca905
/Game/Resources/Environments/Architecture/Original/black_rubber,MaterialInstanceConstant,57497,d0ee192c5317cb5aa6494b950fa21a8b9148572f2b5069fb29a95459dffff984
/Game/Resources/Environments/Architecture/Original/box,StaticMesh,73230,6a7cd4909fdbcd7b278d11cf67d11c74b0e6f5463cc5ae95aeff44df98d69329
/Game/Resources/Environments/Architecture/Original/coin,StaticMesh,73000,d39803fbec8da5c8302cac15fd113b33343bf292a527ad7f22788600c62e8cf6
/Game/Resources/Environments/Architecture/Original/cone,StaticMesh,71202,f574dccba24a2b6e549e3b8323b7db452a0d9bfe3a03b3c81e24c78450dbdea8
/Game/Resources/Environments/Architecture/Original/cone1,StaticMesh,71412,1bbfe368592061428891b49d57f592abaff3d84a6ef8284c0c5218507d39feae
/Game/Resources/Environments/Architecture/Original/cone2,StaticMesh,71533,6dbb3516cd3a6d7bbeb58be6f4f5841cfb45cb94c7de83d47e4eb81368bfdce2
/Game/Resources/Environments/Architecture/Original/cone3,StaticMesh,72202,668bb61ea14cb666e647d11d40604eecb54bd6ab48496c0aa05c512c348a29e8
/Game/Resources/Environments/Architecture/Original/cone4,StaticMesh,73294,a4ed1da8b57da3d6bb34a574048e427e4d047feb9e2464b605966cd463492afa
/Game/Resources/Environments/Architecture/Original/cube4,StaticMesh,71272,7abd9c649cf12384133090214ba47f915cc1c555b047d3e7d36ed975116e4017
/Game/Resources/Environments/Architecture/Original/cube5,StaticMesh,71237,bf2f4c342e9457fdcf8f26eed803b7e8f5d5d98e68bf742a83bd35ace15ede02
/Game/Resources/Environments/Architecture/Original/cube6,StaticMesh,70894,eed4432c8d603a0ff1c6a25f9cc1ee92bde7d9470f7ccec445a47fa7cf0357b7
/Game/Resources/Environments/Architecture/Original/cube7,StaticMesh,71101,54b8b03907b559ed3e2a839e274ae4950e2ac3df9d2f8111c5a76d69c75ea15a
/Game/Resources/Environments/Architecture/Original/cube8,StaticMesh,70887,768e8eaceb8a2cd4b4395737f0e724758329b0bababf573858819545bb3b7f76
/Game/Resources/Environments/Architecture/Original/cube9,StaticMesh,71774,5a02d690ac74c76040c5ad695f2ebb9c681a46fe431f321e49a83e687f9cf0b6
/Game/Resources/Environments/Architecture/Original/cylinder,StaticMesh,72309,c14235360f273758f710c25b88eee12e5b9b152a45868f7ac01c6089fc226cf4
/Game/Resources/Environments/Architecture/Original/cylinder1,StaticMesh,74047,db8a876804d0792978740c31779a9be8a159915ba5783aa7cd885ffcfbb4211b
/Game/Resources/Environments/Architecture/Original/cylinder2,StaticMesh,72344,ce6ceafe7395dc871ed5be519b408d1bcc7923b6ebc5177861aee910fb30fd9f
/Game/Resources/Environments/Architecture/Original/cylinder3,StaticMesh,73921,d01e632a1c03b3e5324a8c3eb46f5fbf469d9a9b71ebca7d5ec7163e99948cae
/Game/Resources/Environments/Architecture/Original/cylinder4,StaticMesh,72475,ae331cd7836cc6b23bd0ce0d1b68e23910712ec9fb0cd7d9444eeec386562600
/Game/Resources/Environments/Architecture/Original/cylinder5,StaticMesh,74133,79670170fa68efe9665c5040be14f3c6de4ce56bbc7e19cce19bbf13f0bb70dc
/Game/Resources/Environments/Architecture/Original/door,StaticMesh,71430,49e5198d579603367d3690a7bdc9d407ad9eedd0d48c9920d8ece18e7d49f292
/Game/Resources/Environments/Architecture/Original/door1,StaticMesh,71530,9457e4655cbfa6b98f8a1beca94da3dddda7b1436b196a6933ef472bd64b99b3
/Game/Resources/Environments/Architecture/Original/door2,StaticMesh,71586,72d2e277ef31d708dcdb4c1c397d34a031e3570df0496652806556441ab2d3a8
/Game/Resources/Environments/Architecture/Original/door3,StaticMesh,71651,8fa7b068ff92470cfce8d7b7704466ece6c8d3c78bb71cdd7e57735b7fcac2fd
/Game/Resources/Environments/Architecture/Original/fence,StaticMesh,72500,cf5e2261f340a0104514ad264ab591e2df9a731f1f48d6c51ba1765ffe991de3
/Game/Resources/Environments/Architecture/Original/fence2,StaticMesh,72096,0311deba949ba11ad2bd6724f8f7f954ddfac2373671fbd87f899e06a5ea72d4
/Game/Resources/Environments/Architecture/Original/fence3,StaticMesh,71721,c7c5861c45c29c52a8e730f426eb9071b6997b65ed09b9eb3ff7eca4142bad81
/Game/Resources/Environments/Architecture/Original/fence_edge,StaticMesh,73389,fe3da35b4ffd3b7072b44ae30ad578d7f78d57d70ef7cb2b488bebc764a73275
/Game/Resources/Environments/Architecture/Original/fence_wood,StaticMesh,71319,c0080c6ae450c8faee97cd5d65718ea28e38ea27766bd3a769dc7bc4246346b7
/Game/Resources/Environments/Architecture/Original/ground,StaticMesh,71155,b38681bb9b96230fef61eb0d06b78237b8344bc67bddd99f0b3e2f234acaf62b
/Game/Resources/Environments/Architecture/Original/ground1,StaticMesh,71633,cbc1a04c4854eae7b9360f98d15a0803ab08457d622a4728fbb41b9bcdca6dcd
/Game/Resources/Environments/Architecture/Original/ground_corner,StaticMesh,71375,49df3d2a52e3e0dba81bf0822ecae0153b73ff7bd103acee0241aee090e1a975
/Game/Resources/Environments/Architecture/Original/key,StaticMesh,75734,30078f9f48ae731f25edb933e1159e7664c4ef27eba7e27e56544b068752259e
/Game/Resources/Environments/Architecture/Original/ladder,StaticMesh,73568,176ff615f2893e66ab3586921909a4290169208440be8f6550396d5119fb51ac
/Game/Resources/Environments/Architecture/Original/ladder1,StaticMesh,75901,ea256288f7dce8ac41659b604b12ae18a32ffa796115d181a4ea5b6dc2dc05d9
/Game/Resources/Environments/Architecture/Original/pillar,StaticMesh,70987,a17138f6c7c1edacd04d879ce3364e99c433c8411008e30a5e6ddbb6cf72f84b
/Game/Resources/Environments/Architecture/Original/pillar1,StaticMesh,71715,d173c49457ad7d956f9754fd84b063609a867351ed880aaba8b73e25bb75574c
/Game/Resources/Environments/Architecture/Original/pillar2,StaticMesh,71223,3801e95bcc112611e22c2fa6bce4cee8dc2946629dd2a84b343e02cd2203740b
/Game/Resources/Environments/Architecture/Original/pillar3,StaticMesh,71931,5b7858f64e41f3c951bf9df0a3b626d0fe0184d89347686ba24a82badf37c359
/Game/Resources/Environments/Architecture/Original/pillar4,StaticMesh,71832,f58062fdcb1492ea8825a4ae2d486dcdd9906a9b2eaa8b108cb535ebac921f76
/Game/Resources/Environments/Architecture/Original/railing,StaticMesh,73035,92f3937cd6b0263f277a7e08f8cb23500ff4871509373a8987b4311b6a665244
/Game/Resources/Environments/Architecture/Original/railing_edge,StaticMesh,75173,f17c30303c858e60fde49e85915227a2355e2e2e8415b9903922d8b1c5838bd2
/Game/Resources/Environments/Architecture/Original/sphere,StaticMesh,72723,8a0ace8812b433d81696f1ef66f07ebea64bbc7d6ad820a33217357a9a9a990c
/Game/Resources/Environments/Architecture/Original/sphere1,StaticMesh,75909,aa6a2f5dbdb2216ddc8a5c38e69d7d7c780a7a128ccfe2bed4edb84e03c107b7
/Game/Resources/Environments/Architecture/Original/sphere2,StaticMesh,88095,9e90f4123b5b67f13211691d0502a61ad07fe0e1c7f266c885d153c61d8ed3ff
/Game/Resources/Environments/Architecture/Original/spike,StaticMesh,71338,81cb777c95f1f7e354393c8f6f0a4798a02c5cd2b478f00d55061f164fc67ed5
/Game/Resources/Environments/Architecture/Original/spikes_big,StaticMesh,72128,b37ab8eea8a0e167da81a1cd3a00955025ad1e1ade3d1247203760c86e5b3f5d
/Game/Resources/Environments/Architecture/Original/spikes_small,StaticMesh,72019,897e5431756da75701e73dac83f539ee2baa47518a341ca6ed1fdbf1224b7235
/Game/Resources/Environments/Architecture/Original/stairs,StaticMesh,73358,7fe82ec18d9d490a36bb1ecaa1f4475fcd3e6cf13e98a804fe76de9e26d7cd93
/Game/Resources/Environments/Architecture/Original/stairs1,StaticMesh,72161,2eca8d63dd453fad82dd6284dfe1af2568c13f586e6efc4cd479b91fdecd4515
/Game/Resources/Environments/Architecture/Original/stairs2,StaticMesh,71671,2588764c28ebe69666d200ab5b0724ec1b70fec25a6d3d4373fbaf781d576436
/Game/Resources/Environments/Architecture/Original/stairs_corner,StaticMesh,76160,01629eddca184437a5ca3e96c5d332af8eb750fd3427399bb4f611644371b2f6
/Game/Resources/Environments/Architecture/Original/stairs_corner1,StaticMesh,76779,8df5bec08ee8df48d2df15ff694a908435f2cea3790d8c97c8729c8a8ea975a6
/Game/Resources/Environments/Architecture/Original/toggle_switch,StaticMesh,72492,a3e7192c2ce22d98a10b966695ca9b6e39b88f7469630e2111d27a0f9664dd54
/Game/Resources/Environments/Architecture/Original/torus,StaticMesh,73421,43ec6c9cf1e8728e26066429b940deac26b1beebb9241487449c6e4ad9dde5c7
/Game/Resources/Environments/Architecture/Original/wall,StaticMesh,70877,fbaf2f3933ec3680c82a21b99a2b053fb2ad5558a09114c40e5a9e75cb669152
/Game/Resources/Environments/Architecture/Original/wall1,StaticMesh,70724,d94123f237104072458236407e561f1bc6fc94a4208b2303234e08b8cff5f8b4
/Game/Resources/Environments/Architecture/Original/wall_corner,StaticMesh,71740,b8a1890b371fe564cfcbd33848fa3b7215dbee2f0f14ff1fd61571f2dd3d4c02
/Game/Resources/Environments/Architecture/Original/wall_corner1,StaticMesh,72273,d2bb932efa94785495ae5a76851db3464cf48c23bdf0941cf8d9246273715513
/Game/Resources/Environments/Architecture/Original/wall_corner4,StaticMesh,72464,48e34855c55a44d69cc9abfaa6af5d061815af6741b15321931633d9a864f7b3
/Game/Resources/Environments/Architecture/Original/wall_corner_bottom,StaticMesh,71899,82e71d331b03b91f9c0b10d0317604529d1502ba9855a607b62aa8b82ab67e45
/Game/Resources/Environments/Architecture/Original/wall_corner_bottom1,StaticMesh,71523,a19cf5c2ba57f153a868edea8f1a5a4046b67092348a8a760496ad0cfd4ae7b9
/Game/Resources/Environments/Architecture/Original/wall_corner_bottom2,StaticMesh,71454,3ddc6bb729698e61fa7c07e970bbfe3061a190bb3ce20cfe645aef37ec256fab
/Game/Resources/Environments/Architecture/Original/wall_corner_top,StaticMesh,71719,479170c0a2c58bb6ed3c4afbb5d694510875bc42af0b5cc1e80c48a0713bd42e
/Game/Resources/Environments/Architecture/Original/wall_corner_top1,StaticMesh,71229,04a5b3a49e6183fc647f75599920912e0725602a7b0af270ce487d46c8b79fe6
/Game/Resources/Environments/Architecture/Original/wall_door,StaticMesh,71580,482d0efd39494d8e7a80e99de30158e3f3d0df3ef2a749a5b35189d4d666cb83
/Game/Resources/Environments/Architecture/Original/wall_door1,StaticMesh,71837,e44edebe967990ca13e6081c1dc996101ee876a8f7412a67c66247853c33624e
/Game/Resources/Environments/Architecture/Original/wall_door2,StaticMesh,72677,73199c87181a87cc8e8f83b7c44a4462e6e871f2081330687f0d1479246dd162
/Game/Resources/Environments/Architecture/Original/wall_window,StaticMesh,71669,7ffea9f2cda54ba9662e8d84c5e602b4213c0d9b0f66dae09304f973dcb74c5c
/Game/Resources/Environments/Architecture/Original/wall_window1,StaticMesh,71667,e647410f8ba3589c11b0a82088c2e45c7c391bd72a3efb73a1411846ff8c5e20
/Game/Resources/Environments/Architecture/Original/window,StaticMesh,71373,ff683b7648f9621b8d56c7a136e37e4bec8aa86e2a7211faa45beada8514ca60
/Game/Resources/Environments/Architecture/Original/window1,StaticMesh,71528,9ab597c9864bd2501b805d44ab5ac2ba565b397323fa5dd2fa0dbc5f39c32c0b
/Game/Resources/Environments/ModularKits/MI_Bld_Train_A,MaterialInstanceConstant,72143,b91baa178beb3bfad07740e790ddd39a6dead34da15534d8a44fbb4fdc761b6e
/Game/Resources/Environments/ModularKits/MI_crt_monitor_rightmost,MaterialInstanceConstant,72321,3626b1bc8e1cef702fd0971bd843aa56f713c63531f15e43773084e5c01050f5
/Game/Resources/Environments/ModularKits/MI_red_car,MaterialInstanceConstant,72055,ba72727378f66acd9b84c58857a3b9ed3cf23db2d9fa217ceb32258fa6054f04
/Game/Resources/Environments/ModularKits/MI_wrecked_military_vehicle,MaterialInstanceConstant,71810,21d63aacb61f9d39de73399c5decf04613e25ec643665d9a31cd8816b7e89c0a
/Game/Resources/Environments/ModularKits/SM_Bld_Train_A,StaticMesh,3748059,908de1580e6924c8f9f4c869f2af52ef1d62a8f699d33f67d0dddfafaea85467
/Game/Resources/Environments/ModularKits/SM_crt_monitor_rightmost,StaticMesh,3437685,f7575c0584851495b5821ecdce534c6ccda7eb878c2305a5471a9e35134ef828
/Game/Resources/Environments/ModularKits/SM_red_car,StaticMesh,3814396,33aebae1166ce540f64e3624d9d1d13448fba1ed3424ec7b4732eac502d8c94f
/Game/Resources/Environments/ModularKits/SM_wrecked_military_vehicle,StaticMesh,3679892,594913b84e0bb50f22d17d2bdfd4f657a6e7a2d0ee93424db37df64b794cc580
/Game/Resources/Environments/ModularKits/T_Bld_Train_A_Basecolor,Texture2D,581994,777798c439dcdcaa5f87c4ab91889fe1d18563c87e3fc7bf1a3117e17207da78
/Game/Resources/Environments/ModularKits/T_Bld_Train_A_Metallic,Texture2D,215893,89fba1c1cbe976ef88de1ff169c9c86463459cd5646fe1b0b9f8594ea0c34b16
/Game/Resources/Environments/ModularKits/T_Bld_Train_A_Normal,Texture2D,250864,dfd71fa306f8d51aeccc8a20998d0cabd9497b9e9078f452b77d8f572fd9f516
/Game/Resources/Environments/ModularKits/T_Bld_Train_A_Roughness,Texture2D,409943,8b50d20dd32fcffe2608759b826c99f21f456508f15861bf164e7699827e29f5
/Game/Resources/Environments/ModularKits/T_crt_monitor_rightmost_Basecolor,Texture2D,339201,a5854dcdadac5c5836c8d1f6e6cb10d5a2dd01522fddd6b7ad1a5bf40a528d3f
/Game/Resources/Environments/ModularKits/T_crt_monitor_rightmost_Metallic,Texture2D,197646,dea3f785192a0d1635565362b5248cced4848ca57562a3f196a4fe69efe96fd3
/Game/Resources/Environments/ModularKits/T_crt_monitor_rightmost_Normal,Texture2D,296974,6b27bb61fccf6375e22d9fd1fe9b927907125d014789ec79d1480e1592654875
/Game/Resources/Environments/ModularKits/T_crt_monitor_rightmost_Roughness,Texture2D,325976,470e27543bec4de206d271f7e7e6dbbeb34a33d501af447cfbcf4fa5cefc5763
/Game/Resources/Environments/ModularKits/T_red_car_Basecolor,Texture2D,497136,3d811ddda564dd816eaa445e2a098cf6f63c751e05373d7b76c31a19d81884dd
/Game/Resources/Environments/ModularKits/T_red_car_Metallic,Texture2D,261993,6a5afab0ee97bba8fcc3e033a0172d9eb1dfb2f2e845a87d3372ece5fbba72fb
/Game/Resources/Environments/ModularKits/T_red_car_Normal,Texture2D,238805,7de2e9e22f3e03ea61f5261912f9419480547668c7b547c8da35ec71a96d0790
/Game/Resources/Environments/ModularKits/T_red_car_Roughness,Texture2D,486964,a42179e97997a01a39a5ab79d701bdf3a961d947d1b619c46e2067abed9d6444
/Game/Resources/Environments/ModularKits/T_wrecked_military_vehicle_Basecolor,Texture2D,3763736,23029c101b90fed76bf182693b8a1ef1934a77c1a875f8cc725cb0373f1bd6af
/Game/Resources/Environments/ModularKits/T_wrecked_military_vehicle_Metallic,Texture2D,1189008,2b6ae4b512e5df4ec515f34a13d4020adc624ed0a0b8381c0d60575df028cd68
/Game/Resources/Environments/ModularKits/T_wrecked_military_vehicle_Normal,Texture2D,3734466,60716ae51adcdf44cbf140854d464e4c45d9e808b08616e6b00951fd2592ba16
/Game/Resources/Environments/ModularKits/T_wrecked_military_vehicle_Roughness,Texture2D,2152075,e9a4212ed9967998d134b6bf3c0616174a646e98414e59ad8ac7cb83cf588bf7
/Game/Resources/Environments/Props/AbandonedSchool/Asteroid_Erosion/T_Asteroid_Erosion,Texture2D,4927838,b667503528ff7640fba544c470af1fb085e202008decc1732355f2fc47ce6843
/Game/Resources/Environments/Props/AbandonedSchool/Clock/SM_Clock_Hands,StaticMesh,6592636,ce5207ff5a3d9bd7d3758cddb0a8216842dcaa34cdf8e782731eb6e88b8316da
/Game/Resources/Environments/Props/AbandonedSchool/Clock/SM_Clock_With_Hole_Legacy,StaticMesh,22959121,805cbad09bf818fb911daef58ee7ed4b0d3b2efd617ddc0b66bb6f9b6dd3521a
/Game/Resources/Environments/Props/AbandonedSchool/Clock/T_Clock_Hands_Metalic,Texture2D,766393,7737aac9b5435c8f695c2a8d5e2e7456c032feee610e0cb58c600f8830d29c7f
/Game/Resources/Environments/Props/AbandonedSchool/Clock/T_Clock_Metalic,Texture2D,885266,8c0fda760f49b6bab9516b296fea79d1e1e4c75343d81c606d40e1c743344f20
/Game/Resources/Environments/Props/AbandonedSchool/Clock_Tower_Machine/Clock_Tower_Machine,StaticMesh,53193980,e5eb833ec8f7c98e1ac7e63b26efbf2a2fc4a32a5c79017f8e7d95e769669f12
/Game/Resources/Environments/Props/AbandonedSchool/Clock_Tower_Machine/Clock_Tower_Machine_Axis_Connector,StaticMesh,1180178,2ca7a0fdbf497276ac7cf249ce40a5932744df659e2f5546ad361dcf4bd4578f
/Game/Resources/Environments/Props/AbandonedSchool/Clock_Tower_Machine/Clock_Tower_Machine_Wheel_Large,StaticMesh,2945840,12a16a378287f98f68147539f6f033bc18dcb5f5874f65116e1a0b0bc8672f09
/Game/Resources/Environments/Props/AbandonedSchool/Clock_Tower_Machine/Clock_Tower_Machine_Wheel_Middle,StaticMesh,2852176,441e704d48e34e7fb1ebb9322738368244b522eeba31de7b4fbb42ec5db58010
/Game/Resources/Environments/Props/AbandonedSchool/Clock_Tower_Machine/Clock_Tower_Machine_Wheel_Small,StaticMesh,2120043,5bf50c42f307ccfaf06965003b55a803958448a45a27ad74d34df0072d04417e
/Game/Resources/Environments/Props/AbandonedSchool/Clock_Tower_Machine/T_Clock_Tower_Machine_Metalic,Texture2D,4254955,cb1f5cf5c32210931fa78865a3745913312ca76169a18686a68a0155cf801689
/Game/Resources/Environments/Props/AbandonedSchool/Clock_Tower_Prop/Clock_Tower_Prop,StaticMesh,25060973,f4d40bbd82503fe0eb4a9763de5f9017d8b2bd00be2aec03324311e5fd99d91e
/Game/Resources/Environments/Props/AbandonedSchool/Clock_Tower_Prop/Clock_Tower_Prop_B,StaticMesh,54627120,4b822759f3483282c23be71d98db33855dafcdf78ee0e9f828db06f0e2ea39a6
/Game/Resources/Environments/Props/AbandonedSchool/Clock_Tower_Prop/SM_AbandonedSchool_ClockTower_Blueprint,StaticMesh,544496,09bd44c8b6c34af11b9e60aa9144b8c7aa79e1fdda5cc55a404ad69b57fe3672
/Game/Resources/Environments/Props/AbandonedSchool/Clock_Tower_Prop/SM_AbandonedSchool_ClockTower_Button,StaticMesh,193665,f788c443231fb9af4817e32a5acc730252ed644e51a692ea69484d8e2a33ab57
/Game/Resources/Environments/Props/AbandonedSchool/Clock_Tower_Prop/SM_AbandonedSchool_ClockTower_Colorcan,StaticMesh,154978,98cf95cc0f0bda68ddb1860fb6e46e0d1b22228a6b28492e5e4b6a037ecf2bb4
/Game/Resources/Environments/Props/AbandonedSchool/Clock_Tower_Prop/SM_AbandonedSchool_ClockTower_Desk,StaticMesh,1453979,895ab3a815081b2b728d694c8a0f2fbc210bcb682595a4b4431a1d15a417040d
/Game/Resources/Environments/Props/AbandonedSchool/Clock_Tower_Prop/SM_AbandonedSchool_ClockTower_Diary,StaticMesh,736445,4b3d1d2632d06ef9b7ba7de9ac5bf3ffe935c61342a1761a662ec958c6968119
/Game/Resources/Environments/Props/AbandonedSchool/Clock_Tower_Prop/SM_AbandonedSchool_ClockTower_Door,StaticMesh,410825,99b7352b4bf1d6dc8fc6e63a46970bcb697b2c754e732da2893cad748f649766
/Game/Resources/Environments/Props/AbandonedSchool/Clock_Tower_Prop/SM_AbandonedSchool_ClockTower_Lamp,StaticMesh,565022,40cf2b0e6a560a9f43f7c328bdda8afc237fc5997d69081f0ab0768a27501148
/Game/Resources/Environments/Props/AbandonedSchool/Clock_Tower_Prop/SM_AbandonedSchool_ClockTower_Light,StaticMesh,618604,d95bed218d7d392c6797805bd5490be7ee9606c8fdcdcf6d991c7951f71f0122
/Game/Resources/Environments/Props/AbandonedSchool/Clock_Tower_Prop/SM_AbandonedSchool_ClockTower_Tool1,StaticMesh,133169,1b6b8838ee8bcdff7b5dd7f17e57333a33bd4e5ef7f0c67f3a7c573d647fb20d
/Game/Resources/Environments/Props/AbandonedSchool/Clock_Tower_Prop/SM_AbandonedSchool_ClockTower_Tool2,StaticMesh,187811,55df6616c9748618e3d0ad4948a50f1038dee5186d81732910e34331c427cb49
/Game/Resources/Environments/Props/AbandonedSchool/Clock_Tower_Prop/T_ClockTower_Motor_Metalic,Texture2D,4889646,7360e672602006dafc04848dbdeffacdfabee7818b84bb8d2ac80f69e64971dd
/Game/Resources/Environments/Props/AbandonedSchool/Clock_Tower_Prop/T_Clock_Tower_Prop_B_Metalic,Texture2D,4929392,f9c012b40b14c1e53a0b41c00c3f1d066dbc61b9f81eae76e21125cd1263ae4d
/Game/Resources/Environments/Props/AbandonedSchool/Clock_Tower_Prop/T_Clock_Tower_Prop_Metalic,Texture2D,1185034,0ccb4ac6d1babaefbf3669b403dbb189a048930057739bd6240cea0bccfd5e14
/Game/Resources/Environments/Props/AbandonedSchool/SM_Chair/SM_School_Chair,StaticMesh,59033,5f3b271a88ca701590733b8b2a60c3fd2348dbb77b2365707d3244c7b97f315c
/Game/Resources/Environments/Props/AbandonedSchool/SM_Desk/SM_School_Desk,StaticMesh,42396,4eb8ab91141608b4bd74fc9770516bebd6e48ffa90d5331c7d57a83a7c9f2b1c
/Game/Resources/Environments/Props/AbandonedSchool/SM_Door/SM_School_Door,StaticMesh,9078808,28b12a069753ea84321a7b07a2c6e984b986baa42f20c4e4170a0788aeb4e501
/Game/Resources/Environments/Props/AbandonedSchool/School_Basement_Prop/MI_AbandonedSchool_Basement,MaterialInstanceConstant,76823,7aa7f6dc9659db4c2fa1e2f16b4e9139977fb9c4f18a310dd2b9cf9ecbafc986
/Game/Resources/Environments/Props/AbandonedSchool/School_Basement_Prop/SM_AbandonedSchool_Basement_Broom1,StaticMesh,1429728,81d1766b526680a05533166305c31ce3f7c1eec4b2a72e81d2b412feb28cea96
/Game/Resources/Environments/Props/AbandonedSchool/School_Basement_Prop/SM_AbandonedSchool_Basement_Broom2,StaticMesh,1487482,dbc1e1be1741796c788ce9facb37a23d565cc10250ef88f1cab051c6d9c70cd7
/Game/Resources/Environments/Props/AbandonedSchool/School_Basement_Prop/SM_AbandonedSchool_Basement_ControlMachine,StaticMesh,3214018,fd7391ecc18b487d96f5c436032b6b15e79369acfa9651217073072c43bfee60
/Game/Resources/Environments/Props/AbandonedSchool/School_Basement_Prop/SM_AbandonedSchool_Basement_ControlPanel,StaticMesh,326719,3d2ac1b01d78344128c703942e7e4dcd96db1ec03dd501836a775bd503da4931
/Game/Resources/Environments/Props/AbandonedSchool/School_Basement_Prop/SM_AbandonedSchool_Basement_Drawer,StaticMesh,5425762,e65a9f3f70354f089c0fb34956a989750f1ea62092b0f844f0b742debe29ffd8
/Game/Resources/Environments/Props/AbandonedSchool/School_Basement_Prop/SM_AbandonedSchool_Basement_Faucet,StaticMesh,638081,2f12ce35c9661573cffe13366e50ae4161b04e5b7bf06c31fa72786edebff610
/Game/Resources/Environments/Props/AbandonedSchool/School_Basement_Prop/SM_AbandonedSchool_Basement_FireExtinguisher,StaticMesh,417727,ee524051c6d6bfa0f4394d46086d9fca0d62ae7a52565d211d5db5bc94d8c369
/Game/Resources/Environments/Props/AbandonedSchool/School_Basement_Prop/SM_AbandonedSchool_Basement_FireExtinguisherMovable,StaticMesh,1112437,71e93301dd1130acc0a0e5987d0c7cf164e29a68c908b59cefe702c1dd194dba
/Game/Resources/Environments/Props/AbandonedSchool/School_Basement_Prop/SM_AbandonedSchool_Basement_Flashight,StaticMesh,469797,a2f825a1f208eb0675cc56411286c4dbef6d860ef9f497bffb9bd812afef89d3
/Game/Resources/Environments/Props/AbandonedSchool/School_Basement_Prop/SM_AbandonedSchool_Basement_Gear1,StaticMesh,890425,dba72034a36c9213bece235f69163f834f074c4a9737bebbd17c2f79b30e3970
/Game/Resources/Environments/Props/AbandonedSchool/School_Basement_Prop/SM_AbandonedSchool_Basement_Gear2,StaticMesh,1178103,d335e85e3751370d2907997b48e6bbdd49ccdfe6dcafab64e84cc7e4a40fad7c
/Game/Resources/Environments/Props/AbandonedSchool/School_Basement_Prop/SM_AbandonedSchool_Basement_Hammer,StaticMesh,201638,002850a6a92a2d5be5b915e23bc877c19dd09d07980960a51cd7a218bbc08883
/Game/Resources/Environments/Props/AbandonedSchool/School_Basement_Prop/SM_AbandonedSchool_Basement_Intercom1,StaticMesh,545755,2def5bf4b9bce77a2cb1955c360bdbca3b5257e8ba2c8ad1b02c95eaf3559a4e
/Game/Resources/Environments/Props/AbandonedSchool/School_Basement_Prop/SM_AbandonedSchool_Basement_Intercom2,StaticMesh,366837,246811d4d6f6d9cc777fc5341986b0e06a2182adfd1db7ac29b7a0832f86e4c5
/Game/Resources/Environments/Props/AbandonedSchool/School_Basement_Prop/SM_AbandonedSchool_Basement_Keepout,StaticMesh,372312,ef473032aa205fc1347943d38d5c3a09964e094394a317fc370fe65a50e9e2ee
/Game/Resources/Environments/Props/AbandonedSchool/School_Basement_Prop/SM_AbandonedSchool_Basement_Keyrings,StaticMesh,1368076,50ea0da257b48a0dce5034d066dd9bb2c542b57dbaf508305c03ab4322c35ed9
/Game/Resources/Environments/Props/AbandonedSchool/School_Basement_Prop/SM_AbandonedSchool_Basement_MetalBucket,StaticMesh,836272,fa602d6c236a2d9410da0412c6f1e5dc58bfa05defde8ffa69bf18581d4589dc
/Game/Resources/Environments/Props/AbandonedSchool/School_Basement_Prop/SM_AbandonedSchool_Basement_Motor,StaticMesh,1538383,d88694e5f79966cf8368dc5306318799edcadcbbffaeef24eee01077cea5cb3b
/Game/Resources/Environments/Props/AbandonedSchool/School_Basement_Prop/SM_AbandonedSchool_Basement_Phone,StaticMesh,715695,4614ad6561d683d942323ace3a41e6cf450f8c09d3ba277e991d78d43a5a3652
/Game/Resources/Environments/Props/AbandonedSchool/School_Basement_Prop/SM_AbandonedSchool_Basement_SchoolSlipperL,StaticMesh,371491,9c25baa3534e7d88a2350a4e05bf31a3019ec5b681a58a92289f58ec92aed634
/Game/Resources/Environments/Props/AbandonedSchool/School_Basement_Prop/SM_AbandonedSchool_Basement_SchoolSlipperR,StaticMesh,365858,77ae4467b4b5449666a08224b8fc8f09bd0bb335785b26ce914d0cee5071338d
/Game/Resources/Environments/Props/AbandonedSchool/School_Basement_Prop/SM_AbandonedSchool_Basement_Spanner,StaticMesh,305413,a36cdd25ebc23aeedb78346e1339d022f20853abdc698975d8e973583fcecde7
/Game/Resources/Environments/Props/AbandonedSchool/School_Basement_Prop/SM_AbandonedSchool_Basement_Stick,StaticMesh,163936,57bff19a632492559f332bc35cf764980ee40d93fbfdb5348af63306ddb5a6d6
/Game/Resources/Environments/Props/AbandonedSchool/School_Basement_Prop/SM_School_Basement_Prop,StaticMesh,18088238,a5fd7f128a8f2ca6c7ad14cabd21a2508adc01c9758a6dda34e42233521cfa60
/Game/Resources/Environments/Props/AbandonedSchool/School_Basement_Prop/T_AbandonedSchool_Basement_BaseColor,Texture2D,7910876,912543844a2e55b16f3bf35d0784e3e346e9df70fc46f154478407964be527e9
/Game/Resources/Environments/Props/AbandonedSchool/School_Basement_Prop/T_AbandonedSchool_Basement_Emissive,Texture2D,64273,969ee7793fec9df87adda587933726ef2a64f67bb6f7afcbe263ab03c54f97f1
/Game/Resources/Environments/Props/AbandonedSchool/School_Basement_Prop/T_AbandonedSchool_Basement_Metalic,Texture2D,1218126,5aaa4f74e3b87802f4cf9a270f1a4d7840f52f98ff7eac1bd6a079fe9569e4e6
/Game/Resources/Environments/Props/AbandonedSchool/School_Basement_Prop/T_AbandonedSchool_Basement_Normal,Texture2D,8278493,36b0fe49c4e5cb204151dae94a6295bdb9a8058c41b8404ae0c004181169da26
/Game/Resources/Environments/Props/AbandonedSchool/School_Basement_Prop/T_AbandonedSchool_Basement_Roughness,Texture2D,1761802,3e0cf9f116037d849c509648670040eada1a404b587c8848bbae08f9b216c054
/Game/Resources/Environments/Props/AbandonedSchool/School_Classroom_Art_Prop/art_supplies_3d_model_basecolor,Texture2D,11485817,a2cf9c14475e21633351e7b26c740d0ff42f72de3c07b0ee697296a4a7ef3939
/Game/Resources/Environments/Props/AbandonedSchool/School_Classroom_Art_Prop/art_supplies_3d_model_metallic,Texture2D,3471785,676ed2fe2a9e366b94dfd14e84ed793114e52079744736818cc9afe23de6a109
/Game/Resources/Environments/Props/AbandonedSchool/School_Classroom_Art_Prop/art_supplies_3d_model_normal,Texture2D,8888715,128d460edb4be4e221a8806dbda0095758a6e81f7b60f6e1acd3504075a40d72
/Game/Resources/Environments/Props/AbandonedSchool/School_Classroom_Art_Prop/art_supplies_3d_model_roughness,Texture2D,3663158,7a85e17a2d4a8ef6bfea9c16c592ddd702eae32d4ad98b23e0fbb7e8bb9981ab
/Game/Resources/Environments/Props/AbandonedSchool/School_Classroom_Art_Prop/tripo_convert_6ec439bd-775d-40b5-b96b-3a8fff9b0a1c,StaticMesh,50867950,8e7006a0c7bf2a3431b4edf192656ee29c8e0e6d512b2264778ce4abebbbc27d
/Game/Resources/Environments/Props/AbandonedSchool/School_Classroom_Art_Prop/tripo_mat_6ec439bd,MaterialInstanceConstant,74011,600e5c804a90bf0dceed74ce2b3ea532de5dafbb154e32d96b7fab057c7098bb
/Game/Resources/Environments/Props/AbandonedSchool/School_Classroom_Music_Prop/SM_School_Classroom_Music_Prop,StaticMesh,50242268,af3c454ff6950877b094252a1a3c63ad59b0ef74abd8ff98098417399b335d49
/Game/Resources/Environments/Props/AbandonedSchool/School_Classroom_Music_Prop/T_School_Classroom_Music_Prop_Metalic,Texture2D,4652053,53a23bb8880d540012598e13b7c44e0d2c0c4d31f4debaf0690064d123eebc67
/Game/Resources/Environments/Props/AbandonedSchool/School_Classroom_Prop/SM_AbandonedSchool_Classroom_Prop_BallBasket,StaticMesh,2181107,ce627211ed1a7330398b7c3f636355413991e649fdfa03e60579eb9fbeb7d285
/Game/Resources/Environments/Props/AbandonedSchool/School_Classroom_Prop/SM_AbandonedSchool_Classroom_Prop_Blackboard,StaticMesh,1622010,b194774ab87c2bac453fbed157d627368ca2e89523cf631868e2fe05e390a44b
/Game/Resources/Environments/Props/AbandonedSchool/School_Classroom_Prop/SM_AbandonedSchool_Classroom_Prop_BulletinBoard,StaticMesh,1042031,8d12ba543a8ed2ba63653532ca670f57c9ec2ffdf8bc64bc23133aa0094b8601
/Game/Resources/Environments/Props/AbandonedSchool/School_Classroom_Prop/SM_AbandonedSchool_Classroom_Prop_DrawingTool,StaticMesh,705857,045b6bd0d772ba88dbe2c1fe32e40c99edca8e96dff5fdd9ce2d3dd293036586
/Game/Resources/Environments/Props/AbandonedSchool/School_Classroom_Prop/SM_AbandonedSchool_Classroom_Prop_Fan,StaticMesh,2034004,2590285c9047cb08ac51a3cec8cf568fda39ef7b173cde5dd811713c3e3479b4
/Game/Resources/Environments/Props/AbandonedSchool/School_Classroom_Prop/SM_AbandonedSchool_Classroom_Prop_FireExtinguisher,StaticMesh,363111,2ad153c7e64a857740f7ba611bc3d479b9032ac209ad5e20f4ec82899b7773d6
/Game/Resources/Environments/Props/AbandonedSchool/School_Classroom_Prop/SM_AbandonedSchool_Classroom_Prop_PapersA,StaticMesh,2539409,26442b6c404a7a5e32f1d36f445002e5bd11f9f9ba55da4b263bec48f0650503
/Game/Resources/Environments/Props/AbandonedSchool/School_Classroom_Prop/SM_AbandonedSchool_Classroom_Prop_PapersB,StaticMesh,2229269,afd97600fd7b8c12999271a46e7e5b0a1a3763d09938781fd4c660eb00102f44
/Game/Resources/Environments/Props/AbandonedSchool/School_Classroom_Prop/SM_AbandonedSchool_Classroom_Prop_PrinterA,StaticMesh,929753,0715e67000b7193d8c5ab719fdbe0222fcaf093d380ec3ef7493cc89a2665f98
/Game/Resources/Environments/Props/AbandonedSchool/School_Classroom_Prop/SM_AbandonedSchool_Classroom_Prop_PrinterB,StaticMesh,983319,e0d7495faedb854416abc4e2c9384019d27cb65633b84e7b2d1becaab535690b
/Game/Resources/Environments/Props/AbandonedSchool/School_Classroom_Prop/SM_AbandonedSchool_Classroom_Prop_Projector,StaticMesh,741898,971fd7986b8fff5be6c8f07baa2a2291f68a1c9a2ab15e5fd9093a966a29145f
/Game/Resources/Environments/Props/AbandonedSchool/School_Classroom_Prop/SM_AbandonedSchool_Classroom_Prop_RoofTV,StaticMesh,859789,9188f6b072807cbfce1fc1b73c303c2461d422bfbb244f8602566ac451f72622
/Game/Resources/Environments/Props/AbandonedSchool/School_Classroom_Prop/SM_AbandonedSchool_Classroom_Prop_SchoolBag,StaticMesh,969296,54ab1c6c72db2e53aabb9303f2e9fb32adc40ffa7e6e1855ee907dc99bfdd758
/Game/Resources/Environments/Props/AbandonedSchool/School_Classroom_Prop/SM_AbandonedSchool_Classroom_Prop_Vase,StaticMesh,997360,5c4c1de752f51ec96a7c3d072e6f9751566f02eb2b8ecd5081ee9126a54e8b47
/Game/Resources/Environments/Props/AbandonedSchool/School_Classroom_Prop/SM_AbandonedSchool_Classroom_Prop_Whiteboard,StaticMesh,1162747,b91b197f283d2f610e0b49a3e1315a982666a47f3feac535f1feced45bf24a42
/Game/Resources/Environments/Props/AbandonedSchool/School_Classroom_Prop/School_Classroom_Prop_A,StaticMesh,18575102,aad9995d97141fb66ad1998032d23c98b54a7db0fcc69f191244dc2dab634549
/Game/Resources/Environments/Props/AbandonedSchool/School_Classroom_Prop/T_School_Classroom_Prop_A_Metalic,Texture2D,1071346,056d57b23979d521582edccae6cb0b44c3e3e2963f8c54cbb833e9c67d738e4a
/Game/Resources/Environments/Props/AbandonedSchool/Speaker/T_Speaker_Metalic,Texture2D,2567766,607f96badc25e48bfbaf9d883627889b7226609f4439073132739e6a28c41508
/Game/Resources/Environments/Props/AbandonedSchool/Switch/T_Switch_Metalic,Texture2D,472948,277d97a2860e8b59e758b84c8d44d9ac0c7695dc9f844f2966e9f4ce13371d51
/Game/Resources/Environments/Props/AbandonedSchool/Trapdoor/SM_Trapdoor,StaticMesh,7830882,2d5381224cc4263453e5aa86278f0caaa308fdca4bcff571af9a4056bbad38eb
/Game/Resources/Environments/Props/AbandonedSchool/Trapdoor/T_Trapdoor_Metalic,Texture2D,947153,674e28185c5a34fe041e07d2822c6b5a133dd10f037514aa94de5e1eccd19aec
/Game/Resources/Environments/Props/Common/Cave_Prop/Cave_Prop_A,StaticMesh,13515415,c988009f18fdaba8e5405794b183b5928f12a8244515b6cb44ab18a39c96067d
/Game/Resources/Environments/Props/Common/Cave_Prop/MI_Cave_Prop_A,MaterialInstanceConstant,76332,dd1d230a3f3d1127874cde064e4f407922386eff54b9e7224d79a37ad5123d89
/Game/Resources/Environments/Props/Common/Cave_Prop/T_Cave_Prop_A_Basecolor,Texture2D,7913529,0b22026cbdc1ad367bfeba4e525e94cadc649ea6dc21a02dfccaf6c2907919bc
/Game/Resources/Environments/Props/Common/Cave_Prop/T_Cave_Prop_A_Emissive,Texture2D,966428,43d6b4953fa107138379bbc1c9c76cd6c3e953ae66d7a77d1d2781bf6f0dab78
/Game/Resources/Environments/Props/Common/Cave_Prop/T_Cave_Prop_A_Metalic,Texture2D,972325,b52aaec21f6e8531074f4b9677f434728bd8283c0170f7987bca30b0fe630750
/Game/Resources/Environments/Props/Common/Cave_Prop/T_Cave_Prop_A_Normal,Texture2D,8386997,ddb9c1bab0b641c062bc84211d5fc0592d91783fd916480f69f75903d175cbde
/Game/Resources/Environments/Props/Common/Cave_Prop/T_Cave_Prop_A_Roughness,Texture2D,1660105,56f0e71527ed13bfc1e58028300e1cdcef71317c83bf323ba6dc96967f87b4b5
/Game/Resources/Environments/Props/Common/Chest/SM_Chest,StaticMesh,26720923,efc9a3558ba2870bd08a57a045ed1ae17f92f55707a908314d34c892bc4909e7
/Game/Resources/Environments/Props/Common/Gunpowder_Barrel/T_Gunpowder_Barrel_Metalic,Texture2D,1386389,49bf8918d422498a6f6ce7c5f5ca286609e70eb779fb658e147ff7e5946131fa
/Game/Resources/Environments/Props/Common/Kiosk/T_Kiosk_Metalic,Texture2D,1035431,aaa18c1224e6d70e40b3c907e82348e761accd7a1edf28bbaf8e6785bab474f9
/Game/Resources/Environments/Props/Common/Red_Brick_Wall/MI_Red_Brick_Wall,MaterialInstanceConstant,74281,4892b4b94a66b5a7b37392383e1f389a23064e20e874524f437c84c9ceecb9b8
/Game/Resources/Environments/Props/Common/Red_Brick_Wall/SM_Red_Brick_Wall,StaticMesh,14390823,80a5b3615b12fa8ca211ba9fbacbbedf8d98817bbd140dc39d4642e0432bd260
/Game/Resources/Environments/Props/Common/Red_Brick_Wall/SM_Red_Brick_Wall_Origin,StaticMesh,73119803,aecf5100d139eff4c99ef7b40667bcb854ee73c23f7a10e9d260325431c9f289
/Game/Resources/Environments/Props/Common/Red_Brick_Wall/T_Red_Brick_Wall_Metalic,Texture2D,1713817,197fda5aa843bad5a7b49d1f146b9442681901d3d53ee0a7e60d202f827c5b0d
/Game/Resources/Environments/Props/Common/Red_Button/T_Red_Button_Metalic,Texture2D,2422966,e908761a6f9bb5cc6590e7a88f3f34a31c13014fa4674648d1bb17a60a81feab
/Game/Resources/Environments/Props/Common/SM_BattleGate/MI_BattleGate_Warning,MaterialInstanceConstant,62761,ed3be9c45ccc1430f42ab38ca4676ee22d850ba2cb7d6a5d889d1009f7d50edd
/Game/Resources/Environments/Props/Common/SM_BattleGate/SM_BattleGate_Warning,StaticMesh,780668,c699144328bb3ab42bd02661e68f520bdedb6af531332e7756accb7eb7c26a95
/Game/Resources/Environments/Props/Common/SM_BattleGate/T_BattleGate_Warning,Texture2D,171072,d8c71e37db4c0084f9cff57accee14cdd5cfc1164e0f2ac6c1bceec8b8103273
/Game/Resources/Environments/Props/Common/SM_Rope/T_Rope_Metalic,Texture2D,717884,b9226174ffecbb01d6348c5effbdfb063f868ae00f470723fe5898b392e31b4c
/Game/Resources/Environments/Props/Common/SM_Suzume_Door/T_Suzume_Door_Metalic,Texture2D,1079817,3b0e526bf67068520c13c06dacd8dadbdfbdbe1a9a041c047f0c5bdf2301680f
/Game/Resources/Environments/Props/Common/SM_Wooden_Ladder/SM_Wooden_Ladder,StaticMesh,3294237,ae2548e7ee4564d153214174718cf3c33b352806f204379acbbcd03a333f87df
/Game/Resources/Environments/Props/Common/Star_Coin/T_Star_Coin_Metalic,Texture2D,890042,b07e452c1f42f49d3d997d0045593f258ecbf8ba03f060a873efcbd673822ca9
/Game/Resources/Environments/Props/StartIsland/AbandonedCar/MI_Abandoned_Car_B,MaterialInstanceConstant,78636,4522059fff463a80ebc875dc71b02c43d683f86a64c5e5f61ca7082a3b24292d
/Game/Resources/Environments/Props/StartIsland/AbandonedCar/SM_Abandoned_Car_B,StaticMesh,571514,005bdcdcab42a3d464db70726740d5353868acbe82377a3ba1e51c2b207c6ce7
/Game/Resources/Environments/Props/StartIsland/AbandonedCar/T_Abandoned_Car_A_Metalic,Texture2D,1344355,4fec7d51bbca1566c6d35418e056e056fe98b3ec9a673cdc8052b6efd3fb88f4
/Game/Resources/Environments/Props/StartIsland/AbandonedCar/T_Abandoned_Car_B_Basecolor,Texture2D,6993397,dc4fe6567a86dd4b9904de4fff2680b6e07d2607f133f46d822dddd6e1d6b577
/Game/Resources/Environments/Props/StartIsland/AbandonedCar/T_Abandoned_Car_B_Metalic,Texture2D,1063811,77f4f110594b43f163385d5ae81977a5b64452072be1f5ad772dd4f715210070
/Game/Resources/Environments/Props/StartIsland/AbandonedCar/T_Abandoned_Car_B_Normal,Texture2D,6141049,f13e6fec533042fdeb4c50d72139fd0ba701b82183d35cb567147ca76a303d33
/Game/Resources/Environments/Props/StartIsland/AbandonedCar/T_Abandoned_Car_B_Roughness,Texture2D,1735927,44cd6363b6c46a02c0c569120bbddc9c7bb1cf64513fa0ec552269ab2313e06f
/Game/Resources/Environments/Props/StartIsland/AdvertisementPillar/advertisement_pillar,StaticMesh,351947,bc1035b8f259afb8eba769d40a9d53743446430a5d0126dd4794d91b48e375fd
/Game/Resources/Environments/Props/StartIsland/Apartment/Prop/ACUnit/T_Prop_ACUnit_Metalic,Texture2D,4356418,bfdce78e5fa3dfc813d1616394a7fda16ebebb2ff22127cfa3609d829d129875
/Game/Resources/Environments/Props/StartIsland/Apartment/Prop/Door/MI_Apartment_Door,MaterialInstanceConstant,77479,e326b5cabcb88d7e2778a090bbe42fc78a45fe64013712182357c04336c6ed43
/Game/Resources/Environments/Props/StartIsland/Apartment/Prop/Door/MI_FireProof_Door,MaterialInstanceConstant,77359,ed9097c57c96616abafa4fecfe94e01d8d1e5946f315ae3bdd1d2e48c74907e5
/Game/Resources/Environments/Props/StartIsland/Apartment/Prop/Door/SM_Apartment_Door,StaticMesh,531766,35eaf99a251a5cb82f0ed4d24be54a970a04f15b9375811a2af7b9bdb38ab276
/Game/Resources/Environments/Props/StartIsland/Apartment/Prop/Door/SM_FireProof_Door,StaticMesh,532733,27334e8351437404d6672b5e8ddcad23f38ac7514b0bc541bf8c78f11fb8353d
/Game/Resources/Environments/Props/StartIsland/Apartment/Prop/Door/T_Apartment_Door_Metalic,Texture2D,1370070,816954f0ef01dc9699de5d48bc45ca4b95cfbdccbc4fa93ff3753c4b6bfc2aa2
/Game/Resources/Environments/Props/StartIsland/Apartment/Prop/Door/T_Apartment_Door_Normal,Texture2D,4112012,ebc7e0c9b6f55a30f65cb421fae45e5867a780db3e4e1b3ca19e41987fca7c29
/Game/Resources/Environments/Props/StartIsland/Apartment/Prop/Door/T_Apartment_Door_Roughness,Texture2D,1076022,0639ef0dadda3c0014d6375aaca5755772b52911647c2f44b78dca1ef1cc3d96
/Game/Resources/Environments/Props/StartIsland/Apartment/Prop/Door/T_FireProof_Door_Basecolor,Texture2D,3523360,34c50d8529b708a3a8437b7249275df3c26c6fc4cfcb8197bdcb0d6eec0164c6
/Game/Resources/Environments/Props/StartIsland/Apartment/Prop/Door/T_FireProof_Door_Metalic,Texture2D,1358359,1e6471805ce3ecb4211c02b93217c601d8fd945b975cd1457516f4ebd0b590e1
/Game/Resources/Environments/Props/StartIsland/Apartment/Prop/Door/T_FireProof_Door_Normal,Texture2D,3250243,43a0e889fe023728c150abb677e4df34d30dbf4128779d14f42210894f45b65b
/Game/Resources/Environments/Props/StartIsland/Apartment/Prop/Door/T_FireProof_Door_Roughness,Texture2D,1214908,65902dcf131aee95124781e0e578ce662f8e06ae8133da0519ca97388bc7eed1
/Game/Resources/Environments/Props/StartIsland/Apartment/Prop/Door/T__Apartment_Door_Basecolor,Texture2D,3571759,60cc1b9c98b8881161eb0f73de1c9a26b65b46101b4ce8e43b0d20b208edf561
/Game/Resources/Environments/Props/StartIsland/Apartment/Prop/RoofCrown/MI_Bld_RoofCrown_A,MaterialInstanceConstant,77288,d84eac07baa116d50423beb6c90213f6a96d221c5914f588af5aa4db93ffdc85
/Game/Resources/Environments/Props/StartIsland/Apartment/Prop/RoofCrown/SM_Bld_RoofCrown_A,StaticMesh,402498,8e333bdb61336cf1b6147157547a6bc80fe725af56d6fb0263401dce439a4265
/Game/Resources/Environments/Props/StartIsland/Apartment/Prop/RoofCrown/T_Bld_RoofCrown_A_Basecolor,Texture2D,6979107,cea9a33d2c2b369a79afd46e1db3d71149e4ae407d0dda6212607a31befd9e59
/Game/Resources/Environments/Props/StartIsland/Apartment/Prop/RoofCrown/T_Bld_RoofCrown_A_Metalic,Texture2D,2518040,09ecbfffa243057ef86a4763b4dd3c0d4bb537e37ba0c5d6a2c77a762bbb4901
/Game/Resources/Environments/Props/StartIsland/Apartment/Prop/RoofCrown/T_Bld_RoofCrown_A_Normal,Texture2D,4805232,0b74838c76eeff390ad50b9840adff11c83fc32984290f3b3ebe728ef7a0ac50
/Game/Resources/Environments/Props/StartIsland/Apartment/Prop/RoofCrown/T_Bld_RoofCrown_A_Roughness,Texture2D,2857603,c24b92b761af6c69c793d28e334d08e989a9bf3a5a9bd6ea33b833c5f94af8de
/Game/Resources/Environments/Props/StartIsland/Apartment/Prop/WaterTank/MI_Bld_WaterTank,MaterialInstanceConstant,79776,cdb5eca1dd38ecff451dba6ecd219ddaa3ae4d3fdb5dc14d7326a9b9288b4074
/Game/Resources/Environments/Props/StartIsland/Apartment/Prop/WaterTank/MI_Bld_WaterTank_Ladder,MaterialInstanceConstant,78922,6d0fe593aff5eec5df3abdb30dea920ceda967476ae8c0a92170b8f4a5fbcd22
/Game/Resources/Environments/Props/StartIsland/Apartment/Prop/WaterTank/SM_Bld_WaterTank,StaticMesh,563966,532884747752994c825fb501177db21ae93df297cbe818e07c140657e8828922
/Game/Resources/Environments/Props/StartIsland/Apartment/Prop/WaterTank/SM_Bld_WaterTank_Ladder,StaticMesh,115880,e60c4beecb74222421dc5427410ffb6db78a9cfbad77ec13a0eed87e49c9f95e
/Game/Resources/Environments/Props/StartIsland/Apartment/Prop/WaterTank/T_Bld_WaterTank_Basecolor,Texture2D,3496781,a1d9cc62bf17468b6a70011d34e19c57888301aa607876cc00febb80b79729be
/Game/Resources/Environments/Props/StartIsland/Apartment/Prop/WaterTank/T_Bld_WaterTank_Ladder_Basecolor,Texture2D,362243,ab24134d3e25e069a7577e61756f110d2b007f6105b98a79d86fbb00d19e69c4
/Game/Resources/Environments/Props/StartIsland/Apartment/Prop/WaterTank/T_Bld_WaterTank_Ladder_Metalic,Texture2D,190902,c65911f72a2553ebdd2c7a7691be049edb2608af1898a015998500463c9b61d4
/Game/Resources/Environments/Props/StartIsland/Apartment/Prop/WaterTank/T_Bld_WaterTank_Ladder_Normal,Texture2D,529293,9bb16f6f211c53ad41d23888c4ee42d61d9c44c6f9b95e4f4fca6110e0644ae5
/Game/Resources/Environments/Props/StartIsland/Apartment/Prop/WaterTank/T_Bld_WaterTank_Ladder_Roughness,Texture2D,115581,e0b50d3abae70b4084eecc5c42fc2fe1a6d1c19cb68b6a1699b1fd8c60567905
/Game/Resources/Environments/Props/StartIsland/Apartment/Prop/WaterTank/T_Bld_WaterTank_Metalic,Texture2D,1752960,8f0b211586b3467df707dbd482e1cac36fb641123cad8aed87d834e2224fefed
/Game/Resources/Environments/Props/StartIsland/Apartment/Prop/WaterTank/T_Bld_WaterTank_Normal,Texture2D,5934725,5612b94a9b5e6be5646c51b9aa09fe75e5d7c1d58d413554fdad3367ba4d9f03
/Game/Resources/Environments/Props/StartIsland/Apartment/Prop/WaterTank/T_Bld_WaterTank_Roughness,Texture2D,950364,171362c60740a2a57e11facc37d3b337f2682889e924d2a89d673731095e781d
/Game/Resources/Environments/Props/StartIsland/Apartment/Prop/Window/MI_Bld_WinModule_A,MaterialInstanceConstant,72828,45417c1868ee5a72ee392544ea9924c362701d8a59be6b40ffd34568d1d6bbf5
/Game/Resources/Environments/Props/StartIsland/Apartment/Prop/Window/SM_Bld_WinModule_A,StaticMesh,525444,b050098d0b15ee65d69940d87a06f00e3dedd6f271233ef64751b60b26f0ac70
/Game/Resources/Environments/Props/StartIsland/Apartment/Prop/Window/T_Bld_WinModule_A_Basecolor,Texture2D,10864765,cdba25a1f3941ceea8e4fb22229bd47afa89e392de499ec20b01d120a0bc186a
/Game/Resources/Environments/Props/StartIsland/BlankBillboard/MI_Blank_billboard,MaterialInstanceConstant,78440,edc830453c1bcb07466b5f6488b6eb613aaebc91e6f5ac1cb4cfa8c409e9f364
/Game/Resources/Environments/Props/StartIsland/BlankBillboard/SM_Blank_billboard,StaticMesh,498689,db513b04a981842719d1a84a0bbd50a46dce74f7f08e68b1352ba6a1ffb03aa6
/Game/Resources/Environments/Props/StartIsland/BlankBillboard/T_Blank_billboard_Basecolor,Texture2D,3524755,e2e4af3157e76cf0af915f169b2541fac50373def633310a1bbddc305465470f
/Game/Resources/Environments/Props/StartIsland/BlankBillboard/T_Blank_billboard_Metalic,Texture2D,994521,fd7a8ed7f9cb2af49719c3aaeba513fbe888edbeaf9abc9cbed78d4d413a7460
/Game/Resources/Environments/Props/StartIsland/BlankBillboard/T_Blank_billboard_Normal,Texture2D,3560612,a2ab0d4357394060c69ddec33c1c0810a0ebbeafdf764870f61e99a7aca0a1c6
/Game/Resources/Environments/Props/StartIsland/BlankBillboard/T_Blank_billboard_Roughness,Texture2D,1199907,3481b96814e5c6dc6b7d99b8a11d245af8c05c2be8b41a9492bf3b552fae5c5a
/Game/Resources/Environments/Props/StartIsland/BusStop/MI_Bus_Stop,MaterialInstanceConstant,74110,89bc50d86df75e22cfbf406c0a555251d1e893af2bcd2529037a56bd8b239c71
/Game/Resources/Environments/Props/StartIsland/BusStop/SM_Bus_Stop,StaticMesh,574816,59374333032e551e3fbe1f76bd379330336f09e7897fd4954cc9da36e731b0d1
/Game/Resources/Environments/Props/StartIsland/BusStop/T_Bus_Stop_Basecolor,Texture2D,4027635,a7f08f9ca18e91edfa10f8a96be3bd4bc6b8d60949fd9f342dfcb0418e6b76aa
/Game/Resources/Environments/Props/StartIsland/BusStop/T_Bus_Stop_Metalic,Texture2D,1786432,a02595e36f73d8df27ab2cd6ec866268e4a6eebd73c1790c184d374266717238
/Game/Resources/Environments/Props/StartIsland/BusStop/T_Bus_Stop_Normal,Texture2D,3766496,fc8e70c30ed7940aec2459b9a0a2a696ab17452ec171c195a01c893455d965b6
/Game/Resources/Environments/Props/StartIsland/BusStop/T_Bus_Stop_Roughness,Texture2D,1593845,b73bd3b90186878fbe67bbdea9d38cfac842655a686a83bf1b68e2087f7dd98e
/Game/Resources/Environments/Props/StartIsland/Bush/T__Bush_A_Metalic,Texture2D,875091,ef06744fe1a527ff1440f8bd2dfb45649d7f742d201db684b203ea201afdb9cb
/Game/Resources/Environments/Props/StartIsland/CoinLocker/T_Coin_Locker_Metalic,Texture2D,1518732,30e33f232db9d8d18595997e6c19a34ae69d76c03fe9eb729e8f6191e7e26a86
/Game/Resources/Environments/Props/StartIsland/ConcreateBarrier/MI_Concrete_Barrier,MaterialInstanceConstant,76269,2545aa9682bdb90a8d8d45b3d6f4f4f5d3871fb768bf27a788e1df084ce3ec6f
/Game/Resources/Environments/Props/StartIsland/ConcreateBarrier/SM_Concrete_Barrier,StaticMesh,529118,3ad97d82f59bddf043e7ef613a53bddb39f105a4bf1864099e6838c519157bc4
/Game/Resources/Environments/Props/StartIsland/ConcreateBarrier/T_Concrete_Barrier_Basecolor,Texture2D,4909108,02dbe22e6f993cf81574f8f6dbfdf13b1e09422e18460e01864a1427733f2813
/Game/Resources/Environments/Props/StartIsland/ConcreateBarrier/T_Concrete_Barrier_Metalic,Texture2D,725241,eafc18a6a20fdebcbb136ba6e8b6c59ee06917a98c839004cfb52128236946d1
/Game/Resources/Environments/Props/StartIsland/ConcreateBarrier/T_Concrete_Barrier_Normal,Texture2D,5404893,991754b397ab6e2103af9544bb3cac9f15c5156537188948ea68a1d6e51ac12e
/Game/Resources/Environments/Props/StartIsland/ConcreateBarrier/T_Concrete_Barrier_Roughness,Texture2D,1043660,95002356851c7eeed4a322b3830aa4732e4d6eb33e3aa0c138d60486b9405830
/Game/Resources/Environments/Props/StartIsland/Container/MI_Container_A,MaterialInstanceConstant,78044,63ab50283fc931f84940303a84c772a44aa00639dacefc976181a39d7c1f2106
/Game/Resources/Environments/Props/StartIsland/Container/MI_Container_Opened,MaterialInstanceConstant,75809,60f51bec1066fd394f80d99b7a6eae32a1c2e3a1436574aad00f9a7cefc202b9
/Game/Resources/Environments/Props/StartIsland/Container/SM_Container_A,StaticMesh,711034,178b66933a8f278220557d4aa27eb670cc8771e1213175a36f7412a969ea22e2
/Game/Resources/Environments/Props/StartIsland/Container/SM_Container_Opened,StaticMesh,601233,3ffc7882e9505ed61e6dfdf5746b00a8c766e04f52db684e2e8ce28703ec779a
/Game/Resources/Environments/Props/StartIsland/Container/T_Container_A_Basecolor,Texture2D,5846326,60958415664f65d1a6ea7013a3122b622682b505920c29a68ddd3489c6695343
/Game/Resources/Environments/Props/StartIsland/Container/T_Container_A_Metalic,Texture2D,921407,c4de92a8a8301258c1658b8f6fe64ca098a234881eb6518067652ab0eab83bdf
/Game/Resources/Environments/Props/StartIsland/Container/T_Container_A_Normal,Texture2D,4825852,b6991dc51bfe6f082de516bce3beb67277cc0a1744280eda8a62adb59d365b2b
/Game/Resources/Environments/Props/StartIsland/Container/T_Container_A_Roughness,Texture2D,1592620,2401a915fc6680ac5f9fab8ef69b818a499778932fa94d60c3f1f380c9da0e1e
/Game/Resources/Environments/Props/StartIsland/Container/T_Container_Opened_Basecolor,Texture2D,4721094,d07fbd14a06096b54b7f403c17d3716eddbeef25b5dec62d4f0168d1b60c5c45
/Game/Resources/Environments/Props/StartIsland/Container/T_Container_Opened_Metalic,Texture2D,1068049,ad1d65604f3fd0b3bb332a83de93d004cbaee57c8db0d6ff78230069d145b6a4
/Game/Resources/Environments/Props/StartIsland/Container/T_Container_Opened_Normal,Texture2D,4465879,589e4148d3f74204f756fc9cbb9257234901bcda6b091b587a04b910f6079440
/Game/Resources/Environments/Props/StartIsland/Container/T_Container_Opened_Roughness,Texture2D,1515933,11616289f17d6a5fbbe9687f6f6c639c8d9c91680912dde588193f3e43d8bb67
/Game/Resources/Environments/Props/StartIsland/Costco/T_Costco_Metalic,Texture2D,2019248,1700317611cba0a9aa3c14f42fc78ef40d42081df1307fb3a7e877cd3797013e
/Game/Resources/Environments/Props/StartIsland/Dumpster/MI_Dumpster,MaterialInstanceConstant,75504,f971059d12e5a31effcb4ab8d6241b49888ad74c996aa8d5a294258523039680
/Game/Resources/Environments/Props/StartIsland/Dumpster/SM_Dumpster,StaticMesh,538279,a7c471875e18d733a498e2dcbca24044542fc9db7d28c0577871e6ec4770aaa4
/Game/Resources/Environments/Props/StartIsland/Dumpster/T_Dumpster_Basecolor,Texture2D,4859409,7ce74f9c73d6a4cafadcf0229707bea57c434d52f5c42e0f22109943deb7b96a
/Game/Resources/Environments/Props/StartIsland/Dumpster/T_Dumpster_Metalic,Texture2D,899944,6717b0a27f57015b5b5353c6ea7388789c8c0c806e62a7a619836666921b891a
/Game/Resources/Environments/Props/StartIsland/Dumpster/T_Dumpster_Normal,Texture2D,4295408,6c69c9442725fe86f126449f02bab00b7d623030f3f4bd9f6de4e8fee96976b9
/Game/Resources/Environments/Props/StartIsland/Dumpster/T_Dumpster_Roughness,Texture2D,1463612,a83fb6bac8b55e54fe4eff4b55e9a18b5872c4bf123b5a8e163763b9dc2172e4
/Game/Resources/Environments/Props/StartIsland/ElectricPole/MI_Electric_Pole,MaterialInstanceConstant,76766,334540c10b6a41d1e097008e4442a171db07c387ef61d45a1612bfe0e005942b
/Game/Resources/Environments/Props/StartIsland/ElectricPole/SM_Electric_Pole,StaticMesh,535575,d70aa40885b095a616afe247c26f8586c7b54b0e4a4d58b32fbdb6e728d2f2c6
/Game/Resources/Environments/Props/StartIsland/ElectricPole/T_Electric_Pole_Basecolor,Texture2D,4579556,6e5d91c72d410f080e3bd816969a39bc7a70ba63f70c75ad05a33c89413ab36f
/Game/Resources/Environments/Props/StartIsland/ElectricPole/T_Electric_Pole_Metalic,Texture2D,1554395,51af811a197c5f933600988caff7afcf935955b6df0829ce25e707c16fbb6668
/Game/Resources/Environments/Props/StartIsland/ElectricPole/T_Electric_Pole_Normal,Texture2D,4368066,bfbc93ca12357fdf04eeadb7258c4285c63aaf2c80ccd41182907603a6908d5c
/Game/Resources/Environments/Props/StartIsland/ElectricPole/T_Electric_Pole_Roughness,Texture2D,1362476,17ed269cdb8d08addbe3661675171f7de0aacc12060170dac6f016ba1dfb004a
/Game/Resources/Environments/Props/StartIsland/FlagRed/T_Flag_Red_Metalic,Texture2D,945250,a0d188a06a7c7a40300527ac9edd33c462a1b633244ffa64768390477a0effe4
/Game/Resources/Environments/Props/StartIsland/Gondola/MI_Gondola_Red,MaterialInstanceConstant,87270,40e9203bed0bab938a30f41b7ae1e8e7dd7860180774d0b86a132b2b8c866231
/Game/Resources/Environments/Props/StartIsland/Gondola/SM_Gondola_Red,StaticMesh,842723,87e0465aa4319e8a7ebf31e4683cf0ac2f5ef61fdb20921018535203e9036800
/Game/Resources/Environments/Props/StartIsland/Gondola/T_Gondola_Red_Basecolor,Texture2D,5591055,c5fd51dd6fe1f510707c5546ec21dd4eb54f688c8bacaaf8e4235907d4a7a086
/Game/Resources/Environments/Props/StartIsland/Gondola/T_Gondola_Red_Metalic,Texture2D,1541956,74b1a731d417a2010df5262e58bf113393f17db58c3dec0dad18ad9279470857
/Game/Resources/Environments/Props/StartIsland/Gondola/T_Gondola_Red_Normal,Texture2D,4868706,bedd20ae79e09183d1f9ffeba3fc7865eb34a8424bc5b2e0bb545e4d51a4f1ef
/Game/Resources/Environments/Props/StartIsland/Gondola/T_Gondola_Red_Roughness,Texture2D,1587642,f5446cc32fb42a90b037ffd28a12bd44dec590cf3cae7ba9f54cb0e052d08cf8
/Game/Resources/Environments/Props/StartIsland/GondolaStation/Material_001,MaterialInstanceConstant,86908,be9c362f750168aaa01261685ce1ce2a6bb650bf35f054bf70f8a9f8bfcaaf33
/Game/Resources/Environments/Props/StartIsland/GondolaStation/SM_Gondola_Station,StaticMesh,779690,76484db0f27ace5e3aff056788f1a35ae485b33e794d5e41926c001f66b8a0ef
/Game/Resources/Environments/Props/StartIsland/GondolaStation/base_color,Texture2D,5854931,5b3fa417e931728eb8f4aa54f9b0cec1e9e39fde2cde410ad737cff17fbd1370
/Game/Resources/Environments/Props/StartIsland/GondolaStation/normal,Texture2D,4624068,0da37699c1d4eef05b9e0bd5b91fc40718c97cecce9c9f91b1918b85c9817b8f
/Game/Resources/Environments/Props/StartIsland/GondolaStation/texture_0_metallic,Texture2D,1002031,a5e22a799393108cdeb6b37b9768e01727db5cbfc2c418564fac97fe40da17a9
/Game/Resources/Environments/Props/StartIsland/GondolaStation/texture_0_roughness,Texture2D,1429969,8612f3782aa7f9ee6ebc023c5dcbf92da9406050704339a90997047c1bb7992e
/Game/Resources/Environments/Props/StartIsland/Guardrail/T_Guardrail_Roughness,Texture2D,139720,336f50fb799b96af100074bd71b57c301193127924f66b0e1e83d727bc393beb
/Game/Resources/Environments/Props/StartIsland/Guardrail/lambert1_Mixed_AO,Texture2D,60127,bfa026c79000ab4295f19efcd812c9a98b0ce1a59fb279dbe0ba468700ebe43b
/Game/Resources/Environments/Props/StartIsland/Lighthouse/T_Lighthouse_Metalic,Texture2D,1085756,c77cb976ea45ddb3ccb96216d25fdbda475f869675e16d7467a59f76d153233b
/Game/Resources/Environments/Props/StartIsland/PinWheel/MI_Pinwheel,MaterialInstanceConstant,86803,33ad0bd023ddd858aec41d9105708437d80c5e5c06cb7346010a9b3c65109c43
/Game/Resources/Environments/Props/StartIsland/PinWheel/SM_Pinwheel,StaticMesh,856467,c0c7caf8e688e4a54661b9462e5e33f4c495c8354a55a372bf6e70e4ab8d7f04
/Game/Resources/Environments/Props/StartIsland/PinWheel/T_Pinwheel_Basecolor,Texture2D,7681459,98a59b7ee201147cbbdc3ebda443e1fa438f49ff1a18e405d5724466fec0ae1c
/Game/Resources/Environments/Props/StartIsland/PinWheel/T_Pinwheel_Metalic,Texture2D,78876,9a1ad8733ce143874a7dc95712e137ac30deb7cb56196aa9e6f21fc22d8b4905
/Game/Resources/Environments/Props/StartIsland/PinWheel/T_Pinwheel_Normal,Texture2D,3780747,fb00241f9f2ec8acc329d603bd3fbca29a5013d6c1071dd2019f571a03d69516
/Game/Resources/Environments/Props/StartIsland/PinWheel/T_Pinwheel_Roughness,Texture2D,510427,0828724120b6b143d5e86469f284a6dd78d119005552af9b0bae8f115ca9cc66
/Game/Resources/Environments/Props/StartIsland/Playground/T_Playground_Metalic,Texture2D,1125147,4739bdc08d0b105a173cb3e645e92c4720c07985b208f00d6bd22915ef5e7e30
/Game/Resources/Environments/Props/StartIsland/Road/T_Highway_Road_Metalic,Texture2D,16643,e39ca17470caf8b9179e03d3c113110f12f6359b159821dc170de1da5bd23b8a
/Game/Resources/Environments/Props/StartIsland/RoadBlocker/MI_Road_Blocker,MaterialInstanceConstant,78105,e2c4f440ad03398938cfbf283a417cefeb847bffb0313d1f06545af298f59618
/Game/Resources/Environments/Props/StartIsland/RoadBlocker/SM_Road_Blocker,StaticMesh,488400,fcaf7db0fbc939d70e92001ce01d9d331364ce336934a6a4bf7bded30ab00de8
/Game/Resources/Environments/Props/StartIsland/RoadBlocker/T_Road_Blocker_Basecolor,Texture2D,6304720,e22c8017b41f9f3a0a077c926fa6721879623a0ae0a3a27501a8d57a861e02b8
/Game/Resources/Environments/Props/StartIsland/RoadBlocker/T_Road_Blocker_Metalic,Texture2D,864482,02c6c765bdeffe9d865198ccaf15ee8e57cf075e52767ab9ac341532cdbfcc7b
/Game/Resources/Environments/Props/StartIsland/RoadBlocker/T_Road_Blocker_Normal,Texture2D,5076971,ae8ad8d7c925556965fa93e368b8d56ebedeabfe76b191795698092274d79710
/Game/Resources/Environments/Props/StartIsland/RoadBlocker/T_Road_Blocker_Roughness,Texture2D,1375622,de969ada97f5364a4ea2afce1879329c32bce7ff2dd0b7938e78eadbc086de50
/Game/Resources/Environments/Props/StartIsland/RoadSignStop/MI_Road_Sign_Stop,MaterialInstanceConstant,75951,2116ad6fbd87e4652b64c850644c15cdbdfd9f152eee0a977dcc57bf7b3c4ac0
/Game/Resources/Environments/Props/StartIsland/RoadSignStop/SM_Road_Sign_Stop,StaticMesh,864640,7b4a5f26a53174a33d5f8b0451b5e79011d8ecb299ce8f4f371de8d6aa05b4d9
/Game/Resources/Environments/Props/StartIsland/RoadSignStop/T_Road_Sign_Stop_Basecolor,Texture2D,1191239,4da4aa281453423fb31eea3a124691d14fe880179531c25b0d71dfae0482fbfd
/Game/Resources/Environments/Props/StartIsland/RoadSignStop/T_Road_Sign_Stop_Metalic,Texture2D,587441,2f2ea478d14900f4a7aa4a407bc757442ff3811b8610ffdb49950955d6918fba
/Game/Resources/Environments/Props/StartIsland/RoadSignStop/T_Road_Sign_Stop_Normal,Texture2D,1160735,0a6949262e37c434b35d080b30097b290b7eaf0f662dc4b9019d6380b3990e02
/Game/Resources/Environments/Props/StartIsland/RoadSignStop/T_Road_Sign_Stop_Roughness,Texture2D,618530,ae8f4777b15c0ba63738f0d7ff7473a17684536d570a70bdf3b980b00415d10a
/Game/Resources/Environments/Props/StartIsland/Streetlight/MI_Streetlight,MaterialInstanceConstant,74090,3b50e82c68cb27e78201da9090ff3cf69cb211a7cc3c4c33a874d2dbaa1856fd
/Game/Resources/Environments/Props/StartIsland/Streetlight/SM_Streetlight,StaticMesh,503000,1dcf76097a8ad90263ec4bbafb17f3683da0e51af93b6f29fe7e17c6a1c7cc83
/Game/Resources/Environments/Props/StartIsland/Streetlight/T_Streetlight_Basecolor,Texture2D,4008590,31b76c23eeee9fe20eae63b3e238aca9f457214617ff8581333eeb8ff61496b2
/Game/Resources/Environments/Props/StartIsland/Streetlight/T_Streetlight_Metalic,Texture2D,839965,1df42a062bd87d60bb0298149e9bff74aae24ccd4cad904e84e3a44c05bb7f5a
/Game/Resources/Environments/Props/StartIsland/Streetlight/T_Streetlight_Normal,Texture2D,3969503,9af310fe22ae974beb3b4eeb91cb3d2bac52e69f51f894857f2006a29ef99644
/Game/Resources/Environments/Props/StartIsland/Streetlight/T_Streetlight_Roughness,Texture2D,1096966,d81a0b989c49941440efb6d9b0b8f553966d9179b53f041aafb7d3cbbd8228eb
/Game/Resources/Environments/Props/StartIsland/SubwayStation/T_Subway_Station_Metalic,Texture2D,2014974,1f0876f562c0892aa54fb7f429764e6edeeb602dd0950eb712932e67c39e24ee
/Game/Resources/Environments/Props/StartIsland/SwimmingPool/MI_Swimming_Pool_Chair,MaterialInstanceConstant,86176,a741e6d0fb49527d4be36e746ab5a431c59651b271f59a8356be56f04fb628f4
/Game/Resources/Environments/Props/StartIsland/SwimmingPool/MI_Swimming_Pool_Decowall,MaterialInstanceConstant,83380,9af2c089ad95c26e5e0ddad59dd4d14c89230c582baae10e5184728c2663398d
/Game/Resources/Environments/Props/StartIsland/SwimmingPool/MI_Swimming_Pool_Filter,MaterialInstanceConstant,79819,e7743849abc64c03a4d24d1f6d244a31ec99bb1beaedf73283b341a3163e8a58
/Game/Resources/Environments/Props/StartIsland/SwimmingPool/MI_Swimming_Pool_Parasol,MaterialInstanceConstant,91509,d40a8bcdae0ebab2aa7b65685a51ac3c009ee140d3770f256ef16f9f530f1ec1
/Game/Resources/Environments/Props/StartIsland/SwimmingPool/MI_Swimming_Pool_Plane,MaterialInstanceConstant,81760,c9b7d51d2ccbedc82f47d15b3da09b24aaa7eafc49cac1f9928e46906f97e1b0
/Game/Resources/Environments/Props/StartIsland/SwimmingPool/MI_Swimming_Pool_Screw,MaterialInstanceConstant,71763,6c9f17028e5721b32a63d5631516830d7f16ae5cceb6d372c6e4ac78c43e7e9c
/Game/Resources/Environments/Props/StartIsland/SwimmingPool/MI_Swimming_Pool_Tile_A,MaterialInstanceConstant,81675,033f20452fb44cb031c101e8e73b6a9e192398e795b15642316909105c3557e1
/Game/Resources/Environments/Props/StartIsland/SwimmingPool/MI_Swimming_Pool_Tile_B,MaterialInstanceConstant,80765,0b2bbae07fd852c02b8f9a4b8bcd9b4b2e613f98f234ef076d94781c38aa580e
/Game/Resources/Environments/Props/StartIsland/SwimmingPool/SM_Swimming_Pool,StaticMesh,101006,9a255353f726a81894b77ad15ef03cda95b81fa4d67785b455984c69c9537e18
/Game/Resources/Environments/Props/StartIsland/SwimmingPool/SM_Swimming_Pool_Chair,StaticMesh,367771,1ab2baaec18c3343d89e36a2e53d722a0b85b2e1a79fe97335ab33e533769052
/Game/Resources/Environments/Props/StartIsland/SwimmingPool/SM_Swimming_Pool_Decowall_L,StaticMesh,93356,cb08634d65f61d4ba5aa8ba0160f1ef69c003c08110719c41f4114e3ef746bf2
/Game/Resources/Environments/Props/StartIsland/SwimmingPool/SM_Swimming_Pool_Decowall_S,StaticMesh,91920,f65a21024e5cefe76693e3093e674146b63bc729bdd847d76c8a7cf19bbcd54c
/Game/Resources/Environments/Props/StartIsland/SwimmingPool/SM_Swimming_Pool_Parasol,StaticMesh,842391,ad36ba1b25b1eca2ffaaf7dc95fa2056cf9089e58f1ae0926012017d66b74bff
/Game/Resources/Environments/Props/StartIsland/SwimmingPool/SM_Swimming_Pool_Plane,StaticMesh,88981,d62a4c57c56d139394d5094f6009ec5646e6d8d9c39208e3bb696aac564e445b
/Game/Resources/Environments/Props/StartIsland/SwimmingPool/SM_Swimming_Pool_Tile,StaticMesh,96852,de9cf79bccda75a91503133153db81af00558a41f0923d31ba74537c1be46c39
/Game/Resources/Environments/Props/StartIsland/SwimmingPool/T_Swimming_Pool_Chair,Texture2D,787423,262cd5086d2784633e1ffe8a256cf7541d1fdbf82dfd85697bcf4c45672b52d9
/Game/Resources/Environments/Props/StartIsland/SwimmingPool/T_Swimming_Pool_Decowall,Texture2D,1660741,e65c29397f840d69876ef034183c9a4e7559b5515afa61a3c651153a6bab2db4
/Game/Resources/Environments/Props/StartIsland/SwimmingPool/T_Swimming_Pool_Metalic,Texture2D,998665,c3bd3208f3ad843019890e03b1b33a3b31c1d2d88bcf611f2c2833a25902c155
/Game/Resources/Environments/Props/StartIsland/SwimmingPool/T_Swimming_Pool_Parasol_Basecolor,Texture2D,5047448,edb7b863e9b0d625a7b51d7ca80ce49f3f3a1062116d989463816c2c0234aea9
/Game/Resources/Environments/Props/StartIsland/SwimmingPool/T_Swimming_Pool_Parasol_Normal,Texture2D,3813838,23d91a8ddc70a3b59530798e39b59a1aa600ad7323e636172285e60df97145f8
/Game/Resources/Environments/Props/StartIsland/SwimmingPool/T_Swimming_Pool_Parasol_Roughness,Texture2D,3716572,dfd08a42c3f4ba630380636ceea8b7c7eeb3bf1d12a02d25a77bc596001ac4e5
/Game/Resources/Environments/Props/StartIsland/SwimmingPool/T_Swimming_Pool_Tile_Plain_A,Texture2D,2502368,4f4be794a4134777e96e5ef8bd2d3db5290c63d6984b5e97b0c7a95f32213adb
/Game/Resources/Environments/Props/StartIsland/SwimmingPool/T_Swimming_Pool_Tile_Small,Texture2D,1145645,27e7f4beb50e54c2630f7cc20f6d2321ecd25d8947a599cefca741431b4990ae
/Game/Resources/Environments/Props/StartIsland/SwimmingPool/T_Swimming_Pool_Wood,Texture2D,33986584,9c2d0f32a5dd0b4ff8da3bd0b116d04824bb3e62c41890a37e94f9f95f7f8f7b
/Game/Resources/Environments/Props/StartIsland/TalkingTree/T_Talking_Tree_Metalic,Texture2D,787826,7d891cec1d913c5e227e9899a471d75ee14e88b23fc726402a5dbf8522278919
/Game/Resources/Environments/Props/StartIsland/TowerCrane/MI_Tower_Crane,MaterialInstanceConstant,80346,d6fe784fa982c71f95791252dec1a28b1c2931f4a2d61c169fe63ddade80e2a1
/Game/Resources/Environments/Props/StartIsland/TowerCrane/SM_Tower_Crane,StaticMesh,633581,e6607cb8ca93ece4a14d0dc997661f211d398675bcf64c910f36efed03b31303
/Game/Resources/Environments/Props/StartIsland/TowerCrane/T_Tower_Crane_Basecolor,Texture2D,5634797,525c1deed97d7c9c4aa944fb5361f575e842350acc3f0014480ac5444095ebc9
/Game/Resources/Environments/Props/StartIsland/TowerCrane/T_Tower_Crane_Metalic,Texture2D,1763739,b435d2b13430afe043b02bbebdf79c1b3a0b24e0de9d1690c660abe45aa44e34
/Game/Resources/Environments/Props/StartIsland/TowerCrane/T_Tower_Crane_Normal,Texture2D,6234135,98a93fb115b4da6a42fcfbc43258a08edd380241c289defa67539aee730582fc
/Game/Resources/Environments/Props/StartIsland/TowerCrane/T_Tower_Crane_Roughness,Texture2D,1642025,af40270d4bcb9c2295bfcd3186ecda4fdd3c62da6c421f2c5044109a57599034
/Game/Resources/Environments/Props/StartIsland/TrafficBarrier/MI_Traffic_Barrier,MaterialInstanceConstant,77702,9f893b33d74aa87f8c3f18d184cdbddc7ba253914e125341e28e57f37cb08684
/Game/Resources/Environments/Props/StartIsland/TrafficBarrier/SM_Traffic_Barrier,StaticMesh,593882,6c69b7ede2c7955dbf0b262a17cf466e643eca4e7e1a9fead19d7b4070c06a59
/Game/Resources/Environments/Props/StartIsland/TrafficBarrier/T_Traffic_Barrier_Basecolor,Texture2D,6159482,793cd881280abd1ba75b02f789294964483352edadbaf75c3d3a5a092f522ad7
/Game/Resources/Environments/Props/StartIsland/TrafficBarrier/T_Traffic_Barrier_Metalic,Texture2D,839473,d7cf0156710010997a1221091bc6d9f6ddffe33be091379e606deac4de734779
/Game/Resources/Environments/Props/StartIsland/TrafficBarrier/T_Traffic_Barrier_Normal,Texture2D,4899948,856e63c2630b1b47d5b0eed4a26a7635844921ffe8d566b0dbbf6a515fdb0ec8
/Game/Resources/Environments/Props/StartIsland/TrafficBarrier/T_Traffic_Barrier_Roughness,Texture2D,1273484,c2dca53d6cba0f332160d4412b8a57a60eb9e1d43d7a37efe8d70d79903de056
/Game/Resources/Environments/Props/StartIsland/TrafficCone/MI_Traffic_Cone,MaterialInstanceConstant,75369,28ee76a180bda290447e25ac886e32eadaa8dd13b7348b936555f80cee193865
/Game/Resources/Environments/Props/StartIsland/TrafficCone/SM_Traffic_Cone,StaticMesh,537820,5b0c822a43cce5ea0f548e5926f24afeac33ceb6c0a92675a6dbadf1afe6422b
/Game/Resources/Environments/Props/StartIsland/TrafficCone/T_Traffic_Cone_Basecolor,Texture2D,3608036,52b76a0d9029b9866e9f509bcd3fffb2b34e0db3c00df069349f7b81ce319859
/Game/Resources/Environments/Props/StartIsland/TrafficCone/T_Traffic_Cone_Metalic,Texture2D,531488,40be9c4710dfc70e69724757db7219041cc5f32c64f1a75ad4f07cd95907b147
/Game/Resources/Environments/Props/StartIsland/TrafficCone/T_Traffic_Cone_Normal,Texture2D,2400889,b768da31afcfd321d17bfc536348ea6e4e85b109a4b5d237867ab896d889e5f7
/Game/Resources/Environments/Props/StartIsland/TrafficCone/T_Traffic_Cone_Roughness,Texture2D,810726,9270e9647a7e8da38ad53100acaebd6aaf766f8f5ae07f193e8f4b63ec5473b5
/Game/Resources/Environments/Props/StartIsland/Train/MI_Bld_Train_A,MaterialInstanceConstant,77249,b83aa02f5e08b0929cac76dc4a16ad29f2681fcaf9e8284ef6f9217d360ed840
/Game/Resources/Environments/Props/StartIsland/Train/SM_Bld_Train_A,StaticMesh,3749403,dafaadf0a7bd6a37c2e7029dc08d6eb221e711caec4f929bf82c55564aae7ce2
/Game/Resources/Environments/Props/StartIsland/Train/T_Bld_Train_A_Basecolor,Texture2D,4859305,79987cbdb6128994e7ad53c8ce01ff1a0e06ee5275266c38b64c2e3b1f1464bc
/Game/Resources/Environments/Props/StartIsland/Train/T_Bld_Train_A_Metallic,Texture2D,869309,aa6d67b123d875781af89cdd94db024730cad621f1284c222834c47d73672af7
/Game/Resources/Environments/Props/StartIsland/Train/T_Bld_Train_A_Normal,Texture2D,2229071,3510c825e7fea868df36822852cd789cfbaa6331a83c8976c8558fe9bfeb2ab1
/Game/Resources/Environments/Props/StartIsland/Train/T_Bld_Train_A_Roughness,Texture2D,1730379,9d2aa175289f8df2fe8bfaf5a576da47025503e88c65fd96c9e6f6a737dd7731
/Game/Resources/Environments/Props/StartIsland/Tree/T_Tree_Normal_A_Metalic,Texture2D,1046904,61e0ab9c089be9077b65da102704121a4fdccfc0631a7ae41ad8ca8171163f7b
/Game/Resources/Environments/Props/StartIsland/VoltageTransmissionTower/MI_Voltage_Transmission_Tower,MaterialInstanceConstant,78289,73d00b35e541fa3cec75f698d603ba2aeb4c1ab8144cad5c0db9bf49e95f02ab
/Game/Resources/Environments/Props/StartIsland/VoltageTransmissionTower/SM_Voltage_Transmission_Tower,StaticMesh,646425,776d1d009df7080f03708211e86d88c9ae946c27acef17553dd58a56e8949d99
/Game/Resources/Environments/Props/StartIsland/VoltageTransmissionTower/T_Voltage_Transmission_Tower_Basecolor,Texture2D,5405552,c62ed36395dc0d085c0c9dab82370b38af54755eb194eaeed739470d68b41b37
/Game/Resources/Environments/Props/StartIsland/VoltageTransmissionTower/T_Voltage_Transmission_Tower_Metalic,Texture2D,1888871,06fd9291d03063cadc5bed60ac81b7e9bbc6cc7ec91713dbde38687cfb4fa426
/Game/Resources/Environments/Props/StartIsland/VoltageTransmissionTower/T_Voltage_Transmission_Tower_Normal,Texture2D,5540708,397398131754fc61905cdff0a422c18463b0172e4e64c68dc93d33e8e22ad549
/Game/Resources/Environments/Props/StartIsland/VoltageTransmissionTower/T_Voltage_Transmission_Tower_Roughness,Texture2D,1753766,01d8e0ac4e0d25d7b5115b3b0bb6f67698012acdb6f10d3d15adfbeeb701f631
/Game/Resources/Environments/Props/StartIsland/WindTurbine/MI_Wind_Turbine,MaterialInstanceConstant,73086,2ffa95c6dd2190e0636dff5ca2f55012d5c5b021296967a804d627898a985a82
/Game/Resources/Environments/Props/StartIsland/WindTurbine/SM_Wind_Turbine,StaticMesh,577108,c46e7784c4e7650f43bd2d1639a5b969c1013e7033b1950eb9e8e860402bf6fc
/Game/Resources/Environments/Props/StartIsland/WindTurbine/T_Wind_Turbine_Basecolor,Texture2D,3826571,8f81473ab24bd66666efe7eb019b65f81ceb25674d97959b5cca5e5a37eeefb0
/Game/Resources/Environments/Props/StartIsland/WindTurbine/T_Wind_Turbine_Metalic,Texture2D,382687,61c4c274396c0790ceb6c24fc773651a6c1bfb5673766f8547fff63f0e760239
/Game/Resources/Environments/Props/StartIsland/WindTurbine/T_Wind_Turbine_Normal,Texture2D,3609693,51fec7b3a50a2e20cc7addc3053cb8d22207ca8933ad25dfbf30f873722082b3
/Game/Resources/Environments/Props/StartIsland/WindTurbine/T_Wind_Turbine_Roughness,Texture2D,706631,3656e5363ea853bb3ff0fdbfcf846c47a44bce05c3836b801943adb1ce3ea305
/Game/Resources/Environments/Test/MI_Bld_Train_A,MaterialInstanceConstant,70502,8faa835c1be334a6a47f67b5586f5b3d3e7370287ae2640d122b404056ef4591
/Game/Resources/Environments/Test/MI_red_car,MaterialInstanceConstant,72478,d2b91e43cf38d052d995affcdb8039f54ef489b3719cd2b46c4b5f8a56eb7e99
/Game/Resources/Environments/Test/MI_wrecked_military_vehicle,MaterialInstanceConstant,71911,a06a7f2799a7ed12a2791c243afda8ad28635c8198c0300bb865658be90c17f3
/Game/Resources/Environments/Test/SM_Bld_Train_A,StaticMesh,3747653,a2b7967da4361bdb1f59813b7b4104e1065366e08c48e7a2d953552e7c282162
/Game/Resources/Environments/Test/SM_red_car,StaticMesh,3813587,639af02723b1ad4ca6fc490ad5e4f7f0ea565f9baf08517613c915bab5790743
/Game/Resources/Environments/Test/SM_wrecked_military_vehicle,StaticMesh,3679183,b891c86e6783240066b886b50be030bb2b4c4012ccf9d23bc37743d830454fb1
/Game/Resources/Environments/Test/T_Bld_Train_A_Basecolor,Texture2D,4859141,8843617c3f8fc23195305eed3a1b11f1ead0d5e9bc0806ed408bb47e6ad77d05
/Game/Resources/Environments/Test/T_Bld_Train_A_Metallic,Texture2D,869145,0236dc62f6a44e0e1a58bfbce105f3af4bab3a2645d1e784513fd884e758c23f
/Game/Resources/Environments/Test/T_Bld_Train_A_Normal,Texture2D,2228907,f36d96c052bc9919cd9e586f2ceb1acbbfb171b52cd35c7fda8143e62b00edfc
/Game/Resources/Environments/Test/T_Bld_Train_A_Roughness,Texture2D,1730215,9fefd120df4c691d95d9fab23f30082a2c7cbe4d23c96e2c51301f187ab5e2fa
/Game/Resources/Environments/Test/T_red_car_Basecolor,Texture2D,4102351,f0abbfd8655405b75f6bf98dd895fb9ba75fca54e5253c0ca78f4c7f402a2869
/Game/Resources/Environments/Test/T_red_car_Metallic,Texture2D,1101832,e6d756ca0dfb1313226ff1d3f823e538c4f761619e09f009bd441ded486ba487
/Game/Resources/Environments/Test/T_red_car_Normal,Texture2D,1724540,9774830343ed40e2580aa654f6c1aeb2842b239664211ba2d07424686063c293
/Game/Resources/Environments/Test/T_red_car_Roughness,Texture2D,1935856,afac8dcde1b4bdafc1ac2505201ad55bd3ee60f6c546969d35698b5ed2f6a882
/Game/Resources/Environments/Test/T_wrecked_military_vehicle_Basecolor,Texture2D,3556649,234d875803291b0a34e1e92253d2ceafbfade0ebf05def6f7ecef6566b288b39
/Game/Resources/Environments/Test/T_wrecked_military_vehicle_Metallic,Texture2D,1208164,054f54450ee37de273ee7f84f2a537178edbbc648115a0e598f03ff9adc5763b
/Game/Resources/Environments/Test/T_wrecked_military_vehicle_Normal,Texture2D,2685479,638320e8c9d80bbf302f33b5fb6a01dea69343c59fcbef9a19d52a37419474e1
/Game/Resources/Environments/Test/T_wrecked_military_vehicle_Roughness,Texture2D,2100153,74401eb6552a4a8a1e5a72573402368c25a124e28e110f99eb607a91bef53f10
/Game/Resources/UI/Choice_Stroke,Texture2D,35150,dcb49de02b9852a8b089e54842854d0d1d0489b67df81ca38628a39eabcdb9f5
/Game/Resources/UI/TextBoxRightArrow,Texture2D,11778,a0ef401a756cdf3bbb9d8bf623dd7d64c55ffb367467195cb5187ba91495c404
/Game/Resources/UI/Timer_Ornament,Texture2D,11240,6c347e9c9c66d0458bbffa5c51af916f2dbf512833997e8ab97225f1fe428dc7
