commit_group,goal,status,path
feat(art): 학교와 동굴 공유 재질 개선,돌·이끼·학교 표면과 광원 재질의 일관성 개선, M,Content/Art/CaveJumpTop/M_JumpStone.uasset
feat(art): 학교와 동굴 공유 재질 개선,돌·이끼·학교 표면과 광원 재질의 일관성 개선, M,Content/Art/CaveJumpTop/M_RecessGradient.uasset
feat(art): 학교와 동굴 공유 재질 개선,돌·이끼·학교 표면과 광원 재질의 일관성 개선, M,Content/Art/CaveJumpTop/M_ShaftGradient.uasset
feat(art): 학교와 동굴 공유 재질 개선,돌·이끼·학교 표면과 광원 재질의 일관성 개선, M,Content/Art/CaveJumpTop/M_VariedFloor.uasset
feat(art): 학교와 동굴 공유 재질 개선,돌·이끼·학교 표면과 광원 재질의 일관성 개선, M,Content/Art/CaveJumpTop/M_VariedWall.uasset
feat(art): 학교와 동굴 공유 재질 개선,돌·이끼·학교 표면과 광원 재질의 일관성 개선, M,Content/Art/CaveJumpTop/M_WindowLight.uasset
feat(art): 학교와 동굴 공유 재질 개선,돌·이끼·학교 표면과 광원 재질의 일관성 개선, M,Content/Art/CaveJumpTop/M_WorldConcrete.uasset
feat(art): 학교와 동굴 공유 재질 개선,돌·이끼·학교 표면과 광원 재질의 일관성 개선, M,Content/Art/CaveStart/M_BlueMushroom.uasset
feat(art): 학교와 동굴 공유 재질 개선,돌·이끼·학교 표면과 광원 재질의 일관성 개선, M,Content/Art/CaveStart/M_CaveStone.uasset
feat(art): 학교와 동굴 공유 재질 개선,돌·이끼·학교 표면과 광원 재질의 일관성 개선, M,Content/Art/CaveStart/M_MossStone.uasset
feat(art): 학교와 동굴 공유 재질 개선,돌·이끼·학교 표면과 광원 재질의 일관성 개선, M,Content/Art/CaveStart/M_PeelingRedBrick.uasset
feat(art): 학교와 동굴 공유 재질 개선,돌·이끼·학교 표면과 광원 재질의 일관성 개선, M,Content/Art/SchoolCave/Pass2/M_AgedPlaster.uasset
feat(art): 학교와 동굴 공유 재질 개선,돌·이끼·학교 표면과 광원 재질의 일관성 개선, M,Content/Art/SchoolCave/Pass2/M_Leaves.uasset
feat(art): 학교와 동굴 공유 재질 개선,돌·이끼·학교 표면과 광원 재질의 일관성 개선, M,Content/Art/SchoolCave/Pass2/M_RootBark.uasset
feat(art): 학교와 동굴 공유 재질 개선,돌·이끼·학교 표면과 광원 재질의 일관성 개선, M,Content/Art/SchoolCave/Pass2/M_WornFloor.uasset
feat(art): 학교와 동굴 공유 재질 개선,돌·이끼·학교 표면과 광원 재질의 일관성 개선, M,Content/Art/SchoolCave/Pass3/M_OldWindowWood.uasset
feat(art): 학교와 동굴 공유 재질 개선,돌·이끼·학교 표면과 광원 재질의 일관성 개선, M,Content/Art/SchoolCave/Pass4/M_DetailedStone.uasset
feat(art): 학교와 동굴 공유 재질 개선,돌·이끼·학교 표면과 광원 재질의 일관성 개선, M,Content/Art/SchoolCave/Pass4/M_HazyOldGlass.uasset
feat(art): 학교와 동굴 공유 재질 개선,돌·이끼·학교 표면과 광원 재질의 일관성 개선, M,Content/Art/SchoolCave/Pass4/M_MossyCliff.uasset
feat(art): 학교와 동굴 공유 재질 개선,돌·이끼·학교 표면과 광원 재질의 일관성 개선, M,Content/Landscape/Cliff/MI_Cliff_A.uasset
feat(art): 학교와 동굴 공유 재질 개선,돌·이끼·학교 표면과 광원 재질의 일관성 개선, M,Content/Landscape/Cliff/MI_Cliff_B.uasset
feat(art): 학교와 동굴 공유 재질 개선,돌·이끼·학교 표면과 광원 재질의 일관성 개선, M,Content/Landscape/Cliff/MI_Cliff_C.uasset
feat(art): 학교와 동굴 구역별 환경 애셋 추가,통로·교실·슬라임·발판 구역의 전용 환경 구성,??,Content/Art/AVClassroomSide/M_AudioLED.uasset
feat(art): 학교와 동굴 구역별 환경 애셋 추가,통로·교실·슬라임·발판 구역의 전용 환경 구성,??,Content/Art/AVClassroomSide/M_DarkEquipment.uasset
feat(art): 학교와 동굴 구역별 환경 애셋 추가,통로·교실·슬라임·발판 구역의 전용 환경 구성,??,Content/Art/AVClassroomSide/M_ProjectorLens.uasset
feat(art): 학교와 동굴 구역별 환경 애셋 추가,통로·교실·슬라임·발판 구역의 전용 환경 구성,??,Content/Art/AVClassroomSide/M_ProjectorPlastic.uasset
feat(art): 학교와 동굴 구역별 환경 애셋 추가,통로·교실·슬라임·발판 구역의 전용 환경 구성,??,Content/Art/AVClassroomSide/M_RatDarkness.uasset
feat(art): 학교와 동굴 구역별 환경 애셋 추가,통로·교실·슬라임·발판 구역의 전용 환경 구성,??,Content/Art/AVClassroomSide/SM_AVCart.uasset
feat(art): 학교와 동굴 구역별 환경 애셋 추가,통로·교실·슬라임·발판 구역의 전용 환경 구성,??,Content/Art/AVClassroomSide/SM_AudioBody.uasset
feat(art): 학교와 동굴 구역별 환경 애셋 추가,통로·교실·슬라임·발판 구역의 전용 환경 구성,??,Content/Art/AVClassroomSide/SM_AudioCable.uasset
feat(art): 학교와 동굴 구역별 환경 애셋 추가,통로·교실·슬라임·발판 구역의 전용 환경 구성,??,Content/Art/AVClassroomSide/SM_AudioControls.uasset
feat(art): 학교와 동굴 구역별 환경 애셋 추가,통로·교실·슬라임·발판 구역의 전용 환경 구성,??,Content/Art/AVClassroomSide/SM_AudioDisplay.uasset
feat(art): 학교와 동굴 구역별 환경 애셋 추가,통로·교실·슬라임·발판 구역의 전용 환경 구성,??,Content/Art/AVClassroomSide/SM_MusicStaff.uasset
feat(art): 학교와 동굴 구역별 환경 애셋 추가,통로·교실·슬라임·발판 구역의 전용 환경 구성,??,Content/Art/AVClassroomSide/SM_ProjectorBody.uasset
feat(art): 학교와 동굴 구역별 환경 애셋 추가,통로·교실·슬라임·발판 구역의 전용 환경 구성,??,Content/Art/AVClassroomSide/SM_ProjectorDetails.uasset
feat(art): 학교와 동굴 구역별 환경 애셋 추가,통로·교실·슬라임·발판 구역의 전용 환경 구성,??,Content/Art/AVClassroomSide/SM_ProjectorLens.uasset
feat(art): 학교와 동굴 구역별 환경 애셋 추가,통로·교실·슬라임·발판 구역의 전용 환경 구성,??,Content/Art/AVClassroomSide/SM_RatRecess.uasset
feat(art): 학교와 동굴 구역별 환경 애셋 추가,통로·교실·슬라임·발판 구역의 전용 환경 구성,??,Content/Art/AVClassroomSide/SM_RatRim.uasset
feat(art): 학교와 동굴 구역별 환경 애셋 추가,통로·교실·슬라임·발판 구역의 전용 환경 구성,??,Content/Art/AVClassroomSide/SM_ScreenFabric.uasset
feat(art): 학교와 동굴 구역별 환경 애셋 추가,통로·교실·슬라임·발판 구역의 전용 환경 구성,??,Content/Art/AVClassroomSide/SM_ScreenFrame.uasset
feat(art): 학교와 동굴 구역별 환경 애셋 추가,통로·교실·슬라임·발판 구역의 전용 환경 구성,??,Content/Art/AVClassroomSide/SM_SpeakerCabinets.uasset
feat(art): 학교와 동굴 구역별 환경 애셋 추가,통로·교실·슬라임·발판 구역의 전용 환경 구성,??,Content/Art/AVClassroomSide/SM_SpeakerCones.uasset
feat(art): 학교와 동굴 구역별 환경 애셋 추가,통로·교실·슬라임·발판 구역의 전용 환경 구성,??,Content/Art/AVClassroomSide/S_AVMusic.uasset
feat(art): 학교와 동굴 구역별 환경 애셋 추가,통로·교실·슬라임·발판 구역의 전용 환경 구성,??,Content/Art/ArtClassroomSide/M_AgedPaintings.uasset
feat(art): 학교와 동굴 구역별 환경 애셋 추가,통로·교실·슬라임·발판 구역의 전용 환경 구성,??,Content/Art/ArtClassroomSide/M_ArtRoomWall.uasset
feat(art): 학교와 동굴 구역별 환경 애셋 추가,통로·교실·슬라임·발판 구역의 전용 환경 구성,??,Content/Art/ArtClassroomSide/M_DustyPlaster.uasset
feat(art): 학교와 동굴 구역별 환경 애셋 추가,통로·교실·슬라임·발판 구역의 전용 환경 구성,??,Content/Art/ArtClassroomSide/M_StainedCanvas.uasset
feat(art): 학교와 동굴 구역별 환경 애셋 추가,통로·교실·슬라임·발판 구역의 전용 환경 구성,??,Content/Art/ArtClassroomSide/SM_AgedEasel.uasset
feat(art): 학교와 동굴 구역별 환경 애셋 추가,통로·교실·슬라임·발판 구역의 전용 환경 구성,??,Content/Art/ArtClassroomSide/SM_ArtCaveBreach.uasset
feat(art): 학교와 동굴 구역별 환경 애셋 추가,통로·교실·슬라임·발판 구역의 전용 환경 구성,??,Content/Art/ArtClassroomSide/SM_ArtShelf.uasset
feat(art): 학교와 동굴 구역별 환경 애셋 추가,통로·교실·슬라임·발판 구역의 전용 환경 구성,??,Content/Art/ArtClassroomSide/SM_DrawingBoard.uasset
feat(art): 학교와 동굴 구역별 환경 애셋 추가,통로·교실·슬라임·발판 구역의 전용 환경 구성,??,Content/Art/ArtClassroomSide/SM_PaintingCanvas0.uasset
feat(art): 학교와 동굴 구역별 환경 애셋 추가,통로·교실·슬라임·발판 구역의 전용 환경 구성,??,Content/Art/ArtClassroomSide/SM_PaintingCanvas1.uasset
feat(art): 학교와 동굴 구역별 환경 애셋 추가,통로·교실·슬라임·발판 구역의 전용 환경 구성,??,Content/Art/ArtClassroomSide/SM_PaintingCanvas2.uasset
feat(art): 학교와 동굴 구역별 환경 애셋 추가,통로·교실·슬라임·발판 구역의 전용 환경 구성,??,Content/Art/ArtClassroomSide/SM_PaintingFrame.uasset
feat(art): 학교와 동굴 구역별 환경 애셋 추가,통로·교실·슬라임·발판 구역의 전용 환경 구성,??,Content/Art/ArtClassroomSide/SM_PlasterBustRefined.uasset
feat(art): 학교와 동굴 구역별 환경 애셋 추가,통로·교실·슬라임·발판 구역의 전용 환경 구성,??,Content/Art/ArtClassroomSide/SM_PlasterPlinth.uasset
feat(art): 학교와 동굴 구역별 환경 애셋 추가,통로·교실·슬라임·발판 구역의 전용 환경 구성,??,Content/Art/ArtClassroomSide/T_ArtPaintings.uasset
feat(art): 학교와 동굴 구역별 환경 애셋 추가,통로·교실·슬라임·발판 구역의 전용 환경 구성,??,Content/Art/CaveJumpBottom/M_ClearCaveWater.uasset
feat(art): 학교와 동굴 구역별 환경 애셋 추가,통로·교실·슬라임·발판 구역의 전용 환경 구성,??,Content/Art/CaveJumpBottom/M_DustyClassroomWood.uasset
feat(art): 학교와 동굴 구역별 환경 애셋 추가,통로·교실·슬라임·발판 구역의 전용 환경 구성,??,Content/Art/CaveJumpBottom/M_GlowwormBlue.uasset
feat(art): 학교와 동굴 구역별 환경 애셋 추가,통로·교실·슬라임·발판 구역의 전용 환경 구성,??,Content/Art/CaveJumpBottom/SM_AlcoveUpperRock.uasset
feat(art): 학교와 동굴 구역별 환경 애셋 추가,통로·교실·슬라임·발판 구역의 전용 환경 구성,??,Content/Art/CaveJumpBottom/SM_ClassroomScreen.uasset
feat(art): 학교와 동굴 구역별 환경 애셋 추가,통로·교실·슬라임·발판 구역의 전용 환경 구성,??,Content/Art/CaveJumpBottom/SM_GlowwormColony.uasset
feat(art): 학교와 동굴 구역별 환경 애셋 추가,통로·교실·슬라임·발판 구역의 전용 환경 구성,??,Content/Art/CaveJumpBottom/SM_LeftCaveSkin.uasset
feat(art): 학교와 동굴 구역별 환경 애셋 추가,통로·교실·슬라임·발판 구역의 전용 환경 구성,??,Content/Art/CaveJumpBottom/SM_RearCaveClosure.uasset
feat(art): 학교와 동굴 구역별 환경 애셋 추가,통로·교실·슬라임·발판 구역의 전용 환경 구성,??,Content/Art/CaveJumpBottom/SM_RearReturns.uasset
feat(art): 학교와 동굴 구역별 환경 애셋 추가,통로·교실·슬라임·발판 구역의 전용 환경 구성,??,Content/Art/CaveJumpBottom/SM_RuinedClassWalls.uasset
feat(art): 학교와 동굴 구역별 환경 애셋 추가,통로·교실·슬라임·발판 구역의 전용 환경 구성,??,Content/Art/CaveJumpBottom/SM_RuinedRoofFragments.uasset
feat(art): 학교와 동굴 구역별 환경 애셋 추가,통로·교실·슬라임·발판 구역의 전용 환경 구성,??,Content/Art/CheckpointCave/SM_CheckpointRoof.uasset
feat(art): 학교와 동굴 구역별 환경 애셋 추가,통로·교실·슬라임·발판 구역의 전용 환경 구성,??,Content/Art/ClassCheckpoint/SM_ClassCheckpointRoof.uasset
feat(art): 학교와 동굴 구역별 환경 애셋 추가,통로·교실·슬라임·발판 구역의 전용 환경 구성,??,Content/Art/ClassCheckpoint/SM_OrganicMoss0.uasset
feat(art): 학교와 동굴 구역별 환경 애셋 추가,통로·교실·슬라임·발판 구역의 전용 환경 구성,??,Content/Art/ClassCheckpoint/SM_OrganicMoss1.uasset
feat(art): 학교와 동굴 구역별 환경 애셋 추가,통로·교실·슬라임·발판 구역의 전용 환경 구성,??,Content/Art/ClassCheckpoint/SM_OrganicMoss2.uasset
feat(art): 학교와 동굴 구역별 환경 애셋 추가,통로·교실·슬라임·발판 구역의 전용 환경 구성,??,Content/Art/ClassroomJumpBottom/SM_ClassroomPassageNatural.uasset
feat(art): 학교와 동굴 구역별 환경 애셋 추가,통로·교실·슬라임·발판 구역의 전용 환경 구성,??,Content/Art/ClassroomJumpBottom/SM_ClimbWallRelief.uasset
feat(art): 학교와 동굴 구역별 환경 애셋 추가,통로·교실·슬라임·발판 구역의 전용 환경 구성,??,Content/Art/ClassroomJumpBottom/SM_JumpEdge38.uasset
feat(art): 학교와 동굴 구역별 환경 애셋 추가,통로·교실·슬라임·발판 구역의 전용 환경 구성,??,Content/Art/ClassroomJumpBottom/SM_JumpEdge39.uasset
feat(art): 학교와 동굴 구역별 환경 애셋 추가,통로·교실·슬라임·발판 구역의 전용 환경 구성,??,Content/Art/ClassroomJumpBottom/SM_JumpEdge41.uasset
feat(art): 학교와 동굴 구역별 환경 애셋 추가,통로·교실·슬라임·발판 구역의 전용 환경 구성,??,Content/Art/ClassroomJumpBottom/SM_JumpEdge48.uasset
feat(art): 학교와 동굴 구역별 환경 애셋 추가,통로·교실·슬라임·발판 구역의 전용 환경 구성,??,Content/Art/ClassroomJumpBottom/SM_JumpEdge59.uasset
feat(art): 학교와 동굴 구역별 환경 애셋 추가,통로·교실·슬라임·발판 구역의 전용 환경 구성,??,Content/Art/ClassroomJumpTop/M_FluorescentSwitch.uasset
feat(art): 학교와 동굴 구역별 환경 애셋 추가,통로·교실·슬라임·발판 구역의 전용 환경 구성,??,Content/Art/ClassroomJumpTop/SM_TopRockEdge57.uasset
feat(art): 학교와 동굴 구역별 환경 애셋 추가,통로·교실·슬라임·발판 구역의 전용 환경 구성,??,Content/Art/ClassroomJumpTop/SM_TopRockEdge58.uasset
feat(art): 학교와 동굴 구역별 환경 애셋 추가,통로·교실·슬라임·발판 구역의 전용 환경 구성,??,Content/Art/ClassroomJumpTop/SM_TopRockEdge67.uasset
feat(art): 학교와 동굴 구역별 환경 애셋 추가,통로·교실·슬라임·발판 구역의 전용 환경 구성,??,Content/Art/Dump/Feedback/M_BlackBag.uasset
feat(art): 학교와 동굴 구역별 환경 애셋 추가,통로·교실·슬라임·발판 구역의 전용 환경 구성,??,Content/Art/Dump/Feedback/M_DecayedDumpTile.uasset
feat(art): 학교와 동굴 구역별 환경 애셋 추가,통로·교실·슬라임·발판 구역의 전용 환경 구성,??,Content/Art/Dump/Feedback/SM_DumpBagSlope.uasset
feat(art): 학교와 동굴 구역별 환경 애셋 추가,통로·교실·슬라임·발판 구역의 전용 환경 구성,??,Content/Art/Dump/Feedback/SM_DumpWrinkledBag.uasset
feat(art): 학교와 동굴 구역별 환경 애셋 추가,통로·교실·슬라임·발판 구역의 전용 환경 구성,??,Content/Art/Dump/Feedback/SM_DumpWrinkledHeap0.uasset
feat(art): 학교와 동굴 구역별 환경 애셋 추가,통로·교실·슬라임·발판 구역의 전용 환경 구성,??,Content/Art/Dump/Feedback/SM_DumpWrinkledHeap1.uasset
feat(art): 학교와 동굴 구역별 환경 애셋 추가,통로·교실·슬라임·발판 구역의 전용 환경 구성,??,Content/Art/Dump/Feedback/SM_DumpWrinkledHeap2.uasset
feat(art): 학교와 동굴 구역별 환경 애셋 추가,통로·교실·슬라임·발판 구역의 전용 환경 구성,??,Content/Art/Dump/Feedback/T_DumpBrokenTile.uasset
feat(art): 학교와 동굴 구역별 환경 애셋 추가,통로·교실·슬라임·발판 구역의 전용 환경 구성,??,Content/Art/Dump/M_OldPaper.uasset
feat(art): 학교와 동굴 구역별 환경 애셋 추가,통로·교실·슬라임·발판 구역의 전용 환경 구성,??,Content/Art/Dump/M_OldPeel.uasset
feat(art): 학교와 동굴 구역별 환경 애셋 추가,통로·교실·슬라임·발판 구역의 전용 환경 구성,??,Content/Art/Dump/M_Rubber.uasset
feat(art): 학교와 동굴 구역별 환경 애셋 추가,통로·교실·슬라임·발판 구역의 전용 환경 구성,??,Content/Art/Dump/M_RustTin.uasset
feat(art): 학교와 동굴 구역별 환경 애셋 추가,통로·교실·슬라임·발판 구역의 전용 환경 구성,??,Content/Art/Dump/M_SkyGlow.uasset
feat(art): 학교와 동굴 구역별 환경 애셋 추가,통로·교실·슬라임·발판 구역의 전용 환경 구성,??,Content/Art/Dump/M_Uniform.uasset
feat(art): 학교와 동굴 구역별 환경 애셋 추가,통로·교실·슬라임·발판 구역의 전용 환경 구성,??,Content/Art/Dump/SM_DumpBananaPeel.uasset
feat(art): 학교와 동굴 구역별 환경 애셋 추가,통로·교실·슬라임·발판 구역의 전용 환경 구성,??,Content/Art/Dump/SM_DumpCan.uasset
feat(art): 학교와 동굴 구역별 환경 애셋 추가,통로·교실·슬라임·발판 구역의 전용 환경 구성,??,Content/Art/Dump/SM_DumpCaveShell.uasset
feat(art): 학교와 동굴 구역별 환경 애셋 추가,통로·교실·슬라임·발판 구역의 전용 환경 구성,??,Content/Art/Dump/SM_DumpRaggedUniform.uasset
feat(art): 학교와 동굴 구역별 환경 애셋 추가,통로·교실·슬라임·발판 구역의 전용 환경 구성,??,Content/Art/Dump/SM_DumpRoofRim.uasset
feat(art): 학교와 동굴 구역별 환경 애셋 추가,통로·교실·슬라임·발판 구역의 전용 환경 구성,??,Content/Art/Dump/SM_DumpTire.uasset
feat(art): 학교와 동굴 구역별 환경 애셋 추가,통로·교실·슬라임·발판 구역의 전용 환경 구성,??,Content/Art/Dump/SM_DumpTornBook.uasset
feat(art): 학교와 동굴 구역별 환경 애셋 추가,통로·교실·슬라임·발판 구역의 전용 환경 구성,??,Content/Art/Dustchute/SM_DustchuteCave.uasset
feat(art): 학교와 동굴 구역별 환경 애셋 추가,통로·교실·슬라임·발판 구역의 전용 환경 구성,??,Content/Art/EntranceSlime/M_AgedLocker.uasset
feat(art): 학교와 동굴 구역별 환경 애셋 추가,통로·교실·슬라임·발판 구역의 전용 환경 구성,??,Content/Art/EntranceSlime/M_EntranceFallingSlime.uasset
feat(art): 학교와 동굴 구역별 환경 애셋 추가,통로·교실·슬라임·발판 구역의 전용 환경 구성,??,Content/Art/EntranceSlime/M_EntranceWall.uasset
feat(art): 학교와 동굴 구역별 환경 애셋 추가,통로·교실·슬라임·발판 구역의 전용 환경 구성,??,Content/Art/EntranceSlime/M_FractureTransition.uasset
feat(art): 학교와 동굴 구역별 환경 애셋 추가,통로·교실·슬라임·발판 구역의 전용 환경 구성,??,Content/Art/EntranceSlime/M_MixedEntranceTile.uasset
feat(art): 학교와 동굴 구역별 환경 애셋 추가,통로·교실·슬라임·발판 구역의 전용 환경 구성,??,Content/Art/EntranceSlime/SM_EntranceGlass.uasset
feat(art): 학교와 동굴 구역별 환경 애셋 추가,통로·교실·슬라임·발판 구역의 전용 환경 구성,??,Content/Art/EntranceSlime/SM_EntranceShoeLockers.uasset
feat(art): 학교와 동굴 구역별 환경 애셋 추가,통로·교실·슬라임·발판 구역의 전용 환경 구성,??,Content/Art/EntranceSlime/SM_EntranceWindowFrame.uasset
feat(art): 학교와 동굴 구역별 환경 애셋 추가,통로·교실·슬라임·발판 구역의 전용 환경 구성,??,Content/Art/EntranceSlime/SM_EntranceWindowWall.uasset
feat(art): 학교와 동굴 구역별 환경 애셋 추가,통로·교실·슬라임·발판 구역의 전용 환경 구성,??,Content/Art/EntranceSlime/SM_FractureReturns.uasset
feat(art): 학교와 동굴 구역별 환경 애셋 추가,통로·교실·슬라임·발판 구역의 전용 환경 구성,??,Content/Art/EntranceSlime/SM_LockerDetails.uasset
feat(art): 학교와 동굴 구역별 환경 애셋 추가,통로·교실·슬라임·발판 구역의 전용 환경 구성,??,Content/Art/EntranceSlime/SM_OldUmbrellas.uasset
feat(art): 학교와 동굴 구역별 환경 애셋 추가,통로·교실·슬라임·발판 구역의 전용 환경 구성,??,Content/Art/EntranceSlime/SM_UmbrellaRack.uasset
feat(art): 학교와 동굴 구역별 환경 애셋 추가,통로·교실·슬라임·발판 구역의 전용 환경 구성,??,Content/Art/Hollow/M_BlueAbyss.uasset
feat(art): 학교와 동굴 구역별 환경 애셋 추가,통로·교실·슬라임·발판 구역의 전용 환경 구성,??,Content/Art/Hollow/M_CorridorSchoolWall.uasset
feat(art): 학교와 동굴 구역별 환경 애셋 추가,통로·교실·슬라임·발판 구역의 전용 환경 구성,??,Content/Art/Hollow/M_WindowBlueDepth.uasset
feat(art): 학교와 동굴 구역별 환경 애셋 추가,통로·교실·슬라임·발판 구역의 전용 환경 구성,??,Content/Art/Hollow/SM_CorridorBrokenRims.uasset
feat(art): 학교와 동굴 구역별 환경 애셋 추가,통로·교실·슬라임·발판 구역의 전용 환경 구성,??,Content/Art/MiddleCorridor/M_Fluorescent.uasset
feat(art): 학교와 동굴 구역별 환경 애셋 추가,통로·교실·슬라임·발판 구역의 전용 환경 구성,??,Content/Art/MiddleCorridor/M_PlayerMirror.uasset
feat(art): 학교와 동굴 구역별 환경 애셋 추가,통로·교실·슬라임·발판 구역의 전용 환경 구성,??,Content/Art/MiddleCorridor/M_SchoolCeilingWorld.uasset
feat(art): 학교와 동굴 구역별 환경 애셋 추가,통로·교실·슬라임·발판 구역의 전용 환경 구성,??,Content/Art/MiddleCorridor/M_SchoolFloorWorld.uasset
feat(art): 학교와 동굴 구역별 환경 애셋 추가,통로·교실·슬라임·발판 구역의 전용 환경 구성,??,Content/Art/MushroomJump/SM_CaveMineralSpire.uasset
feat(art): 학교와 동굴 구역별 환경 애셋 추가,통로·교실·슬라임·발판 구역의 전용 환경 구성,??,Content/Art/MushroomJump/SM_CavePoolPatch.uasset
feat(art): 학교와 동굴 구역별 환경 애셋 추가,통로·교실·슬라임·발판 구역의 전용 환경 구성,??,Content/Art/MushroomJump/SM_JumpCaveTrimmedShell.uasset
feat(art): 학교와 동굴 구역별 환경 애셋 추가,통로·교실·슬라임·발판 구역의 전용 환경 구성,??,Content/Art/MushroomJump/SM_MushroomRoofOpening.uasset
feat(art): 학교와 동굴 구역별 환경 애셋 추가,통로·교실·슬라임·발판 구역의 전용 환경 구성,??,Content/Art/MusicClassroom/M_Chalk.uasset
feat(art): 학교와 동굴 구역별 환경 애셋 추가,통로·교실·슬라임·발판 구역의 전용 환경 구성,??,Content/Art/MusicClassroom/M_DrumSkin.uasset
feat(art): 학교와 동굴 구역별 환경 애셋 추가,통로·교실·슬라임·발판 구역의 전용 환경 구성,??,Content/Art/MusicClassroom/M_DustyGlass.uasset
feat(art): 학교와 동굴 구역별 환경 애셋 추가,통로·교실·슬라임·발판 구역의 전용 환경 구성,??,Content/Art/MusicClassroom/M_ErasedBoard.uasset
feat(art): 학교와 동굴 구역별 환경 애셋 추가,통로·교실·슬라임·발판 구역의 전용 환경 구성,??,Content/Art/MusicClassroom/M_FadedCurtain.uasset
feat(art): 학교와 동굴 구역별 환경 애셋 추가,통로·교실·슬라임·발판 구역의 전용 환경 구성,??,Content/Art/MusicClassroom/M_SoftWindowShaft.uasset
feat(art): 학교와 동굴 구역별 환경 애셋 추가,통로·교실·슬라임·발판 구역의 전용 환경 구성,??,Content/Art/MusicClassroom/M_TarnishedBrass.uasset
feat(art): 학교와 동굴 구역별 환경 애셋 추가,통로·교실·슬라임·발판 구역의 전용 환경 구성,??,Content/Art/MusicClassroom/M_WornVarnish.uasset
feat(art): 학교와 동굴 구역별 환경 애셋 추가,통로·교실·슬라임·발판 구역의 전용 환경 구성,??,Content/Art/MusicClassroom/SM_CelloDetails.uasset
feat(art): 학교와 동굴 구역별 환경 애셋 추가,통로·교실·슬라임·발판 구역의 전용 환경 구성,??,Content/Art/MusicClassroom/SM_CelloWood.uasset
feat(art): 학교와 동굴 구역별 환경 애셋 추가,통로·교실·슬라임·발판 구역의 전용 환경 구성,??,Content/Art/MusicClassroom/SM_ChalkNotationV2.uasset
feat(art): 학교와 동굴 구역별 환경 애셋 추가,통로·교실·슬라임·발판 구역의 전용 환경 구성,??,Content/Art/MusicClassroom/SM_Curtain.uasset
feat(art): 학교와 동굴 구역별 환경 애셋 추가,통로·교실·슬라임·발판 구역의 전용 환경 구성,??,Content/Art/MusicClassroom/SM_DrumMetal.uasset
feat(art): 학교와 동굴 구역별 환경 애셋 추가,통로·교실·슬라임·발판 구역의 전용 환경 구성,??,Content/Art/MusicClassroom/SM_DrumShells.uasset
feat(art): 학교와 동굴 구역별 환경 애셋 추가,통로·교실·슬라임·발판 구역의 전용 환경 구성,??,Content/Art/MusicClassroom/SM_DrumSkins.uasset
feat(art): 학교와 동굴 구역별 환경 애셋 추가,통로·교실·슬라임·발판 구역의 전용 환경 구성,??,Content/Art/MusicClassroom/SM_FoldingFrame.uasset
feat(art): 학교와 동굴 구역별 환경 애셋 추가,통로·교실·슬라임·발판 구역의 전용 환경 구성,??,Content/Art/MusicClassroom/SM_FoldingSeat.uasset
feat(art): 학교와 동굴 구역별 환경 애셋 추가,통로·교실·슬라임·발판 구역의 전용 환경 구성,??,Content/Art/MusicClassroom/SM_InstrumentStand.uasset
feat(art): 학교와 동굴 구역별 환경 애셋 추가,통로·교실·슬라임·발판 구역의 전용 환경 구성,??,Content/Art/MusicClassroom/SM_OffFluorescent.uasset
feat(art): 학교와 동굴 구역별 환경 애셋 추가,통로·교실·슬라임·발판 구역의 전용 환경 구성,??,Content/Art/MusicClassroom/SM_WindowFrames.uasset
feat(art): 학교와 동굴 구역별 환경 애셋 추가,통로·교실·슬라임·발판 구역의 전용 환경 구성,??,Content/Art/MusicClassroom/SM_WindowGlass.uasset
feat(art): 학교와 동굴 구역별 환경 애셋 추가,통로·교실·슬라임·발판 구역의 전용 환경 구성,??,Content/Art/MusicClassroom/SM_WindowShaft.uasset
feat(art): 학교와 동굴 구역별 환경 애셋 추가,통로·교실·슬라임·발판 구역의 전용 환경 구성,??,Content/Art/MusicClassroom/SM_WindowWall.uasset
feat(art): 학교와 동굴 구역별 환경 애셋 추가,통로·교실·슬라임·발판 구역의 전용 환경 구성,??,Content/Art/Sector4Slime/SM_S4SlimeRoof.uasset
feat(art): 학교와 동굴 구역별 환경 애셋 추가,통로·교실·슬라임·발판 구역의 전용 환경 구성,??,Content/Art/SlimeCorridor/M_FallingSlime.uasset
feat(art): 학교와 동굴 구역별 환경 애셋 추가,통로·교실·슬라임·발판 구역의 전용 환경 구성,??,Content/Art/SlimeCorridor/M_OpeningBlue.uasset
feat(art): 학교와 동굴 구역별 환경 애셋 추가,통로·교실·슬라임·발판 구역의 전용 환경 구성,??,Content/Art/SlimeCorridor/M_ViscousSlime.uasset
feat(art): 학교와 동굴 구역별 환경 애셋 추가,통로·교실·슬라임·발판 구역의 전용 환경 구성,??,Content/Art/SlimeCorridor/SM_PerforatedRoof.uasset
feat(art): 학교와 동굴 구역별 환경 애셋 추가,통로·교실·슬라임·발판 구역의 전용 환경 구성,??,Content/Art/SlimeCorridor/SM_SlimeDrop.uasset
feat(art): 학교와 동굴 구역별 환경 애셋 추가,통로·교실·슬라임·발판 구역의 전용 환경 구성,??,Content/Art/SlimeCorridor/SM_SlimePendant.uasset
feat(art): 학교와 동굴 구역별 환경 애셋 추가,통로·교실·슬라임·발판 구역의 전용 환경 구성,??,Content/Art/SlimeCorridor/SM_SlimePool0.uasset
feat(art): 학교와 동굴 구역별 환경 애셋 추가,통로·교실·슬라임·발판 구역의 전용 환경 구성,??,Content/Art/SlimeCorridor/SM_SlimePool1.uasset
feat(art): 학교와 동굴 구역별 환경 애셋 추가,통로·교실·슬라임·발판 구역의 전용 환경 구성,??,Content/Art/SlimeCorridor/SM_SlimePool2.uasset
feat(art): 학교와 동굴 구역별 환경 애셋 추가,통로·교실·슬라임·발판 구역의 전용 환경 구성,??,Content/Art/SlimeCorridor/SM_VinePerforatedRoof.uasset
feat(art): 엘리베이터 허브 층별 환경 구성,승강기 허브의 층별 구조와 이동 발판 외형 개선,??,Content/Art/ElevatorHubBasement/M_BasementSchoolWall.uasset
feat(art): 엘리베이터 허브 층별 환경 구성,승강기 허브의 층별 구조와 이동 발판 외형 개선,??,Content/Art/ElevatorHubBasement/M_LiftTread.uasset
feat(art): 엘리베이터 허브 층별 환경 구성,승강기 허브의 층별 구조와 이동 발판 외형 개선,??,Content/Art/ElevatorHubBasement/M_SuzumeWhite.uasset
feat(art): 엘리베이터 허브 층별 환경 구성,승강기 허브의 층별 구조와 이동 발판 외형 개선,??,Content/Art/ElevatorHubBasement/M_UtilityLiftBlue.uasset
feat(art): 엘리베이터 허브 층별 환경 구성,승강기 허브의 층별 구조와 이동 발판 외형 개선,??,Content/Art/ElevatorHubBasement/M_WhiteBulb.uasset
feat(art): 엘리베이터 허브 층별 환경 구성,승강기 허브의 층별 구조와 이동 발판 외형 개선,??,Content/Art/ElevatorHubBasement/SM_EBP2_Pillar.uasset
feat(art): 엘리베이터 허브 층별 환경 구성,승강기 허브의 층별 구조와 이동 발판 외형 개선,??,Content/Art/ElevatorHubBasement/SM_EB_ClassroomShell.uasset
feat(art): 엘리베이터 허브 층별 환경 구성,승강기 허브의 층별 구조와 이동 발판 외형 개선,??,Content/Art/ElevatorHubBasement/SM_EB_LiftBlue.uasset
feat(art): 엘리베이터 허브 층별 환경 구성,승강기 허브의 층별 구조와 이동 발판 외형 개선,??,Content/Art/ElevatorHubBasement/SM_EB_LiftCable.uasset
feat(art): 엘리베이터 허브 층별 환경 구성,승강기 허브의 층별 구조와 이동 발판 외형 개선,??,Content/Art/ElevatorHubBasement/SM_EB_LiftSteel.uasset
feat(art): 엘리베이터 허브 층별 환경 구성,승강기 허브의 층별 구조와 이동 발판 외형 개선,??,Content/Art/ElevatorHubBasement/SM_EB_Outcrop0.uasset
feat(art): 엘리베이터 허브 층별 환경 구성,승강기 허브의 층별 구조와 이동 발판 외형 개선,??,Content/Art/ElevatorHubBasement/SM_EB_Outcrop1.uasset
feat(art): 엘리베이터 허브 층별 환경 구성,승강기 허브의 층별 구조와 이동 발판 외형 개선,??,Content/Art/ElevatorHubBasement/SM_EB_Outcrop2.uasset
feat(art): 엘리베이터 허브 층별 환경 구성,승강기 허브의 층별 구조와 이동 발판 외형 개선,??,Content/Art/ElevatorHubGround/HubSpeakerStatic.uasset
feat(art): 엘리베이터 허브 층별 환경 구성,승강기 허브의 층별 구조와 이동 발판 외형 개선,??,Content/Art/ElevatorHubGround/M_ElevatorGlass.uasset
feat(art): 엘리베이터 허브 층별 환경 구성,승강기 허브의 층별 구조와 이동 발판 외형 개선,??,Content/Art/ElevatorHubGround/M_HubFrameMetal.uasset
feat(art): 엘리베이터 허브 층별 환경 구성,승강기 허브의 층별 구조와 이동 발판 외형 개선,??,Content/Art/ElevatorHubGround/M_HubShallowWater.uasset
feat(art): 엘리베이터 허브 층별 환경 구성,승강기 허브의 층별 구조와 이동 발판 외형 개선,??,Content/Art/ElevatorHubGround/M_WornMarble.uasset
feat(art): 엘리베이터 허브 층별 환경 구성,승강기 허브의 층별 구조와 이동 발판 외형 개선,??,Content/Art/ElevatorHubGround/Pass2/M_BrokenConcrete.uasset
feat(art): 엘리베이터 허브 층별 환경 구성,승강기 허브의 층별 구조와 이동 발판 외형 개선,??,Content/Art/ElevatorHubGround/Pass2/M_ConcreteCrack.uasset
feat(art): 엘리베이터 허브 층별 환경 구성,승강기 허브의 층별 구조와 이동 발판 외형 개선,??,Content/Art/ElevatorHubGround/Pass2/M_DeadFluorescent.uasset
feat(art): 엘리베이터 허브 층별 환경 구성,승강기 허브의 층별 구조와 이동 발판 외형 개선,??,Content/Art/ElevatorHubGround/Pass2/SM_HubDumpFixedCollar341.uasset
feat(art): 엘리베이터 허브 층별 환경 구성,승강기 허브의 층별 구조와 이동 발판 외형 개선,??,Content/Art/ElevatorHubGround/Pass2/SM_HubP2ClosedStair278.uasset
feat(art): 엘리베이터 허브 층별 환경 구성,승강기 허브의 층별 구조와 이동 발판 외형 개선,??,Content/Art/ElevatorHubGround/Pass2/SM_HubP2ClosedStair319.uasset
feat(art): 엘리베이터 허브 층별 환경 구성,승강기 허브의 층별 구조와 이동 발판 외형 개선,??,Content/Art/ElevatorHubGround/Pass2/SM_HubP2RockCollar321.uasset
feat(art): 엘리베이터 허브 층별 환경 구성,승강기 허브의 층별 구조와 이동 발판 외형 개선,??,Content/Art/ElevatorHubGround/Pass2/SM_HubP2Shell321.uasset
feat(art): 엘리베이터 허브 층별 환경 구성,승강기 허브의 층별 구조와 이동 발판 외형 개선,??,Content/Art/ElevatorHubGround/Pass2/SM_HubP2StairCracks278.uasset
feat(art): 엘리베이터 허브 층별 환경 구성,승강기 허브의 층별 구조와 이동 발판 외형 개선,??,Content/Art/ElevatorHubGround/Pass2/SM_HubP2StairCracks319.uasset
feat(art): 엘리베이터 허브 층별 환경 구성,승강기 허브의 층별 구조와 이동 발판 외형 개선,??,Content/Art/ElevatorHubGround/SM_HubElevatorFrame.uasset
feat(art): 엘리베이터 허브 층별 환경 구성,승강기 허브의 층별 구조와 이동 발판 외형 개선,??,Content/Art/ElevatorHubGround/SM_HubPool0.uasset
feat(art): 엘리베이터 허브 층별 환경 구성,승강기 허브의 층별 구조와 이동 발판 외형 개선,??,Content/Art/ElevatorHubGround/SM_HubPool1.uasset
feat(art): 엘리베이터 허브 층별 환경 구성,승강기 허브의 층별 구조와 이동 발판 외형 개선,??,Content/Art/ElevatorHubGround/SM_HubPool2.uasset
feat(art): 엘리베이터 허브 층별 환경 구성,승강기 허브의 층별 구조와 이동 발판 외형 개선,??,Content/Art/ElevatorHubGround/SM_HubSpeakerBodyClean.uasset
feat(art): 엘리베이터 허브 층별 환경 구성,승강기 허브의 층별 구조와 이동 발판 외형 개선,??,Content/Art/ElevatorHubUpper/M_BrushedCabinSteel.uasset
feat(art): 엘리베이터 허브 층별 환경 구성,승강기 허브의 층별 구조와 이동 발판 외형 개선,??,Content/Art/ElevatorHubUpper/M_CabinStrip.uasset
feat(art): 엘리베이터 허브 층별 환경 구성,승강기 허브의 층별 구조와 이동 발판 외형 개선,??,Content/Art/ElevatorHubUpper/M_UpperVoid.uasset
feat(art): 엘리베이터 허브 층별 환경 구성,승강기 허브의 층별 구조와 이동 발판 외형 개선,??,Content/Art/ElevatorHubUpper/Pass2/SM_HP2_CabinCollider.uasset
feat(art): 엘리베이터 허브 층별 환경 구성,승강기 허브의 층별 구조와 이동 발판 외형 개선,??,Content/Art/ElevatorHubUpper/Pass2/SM_HP2_CabinGlass.uasset
feat(art): 엘리베이터 허브 층별 환경 구성,승강기 허브의 층별 구조와 이동 발판 외형 개선,??,Content/Art/ElevatorHubUpper/Pass2/SM_HP2_CabinGlow.uasset
feat(art): 엘리베이터 허브 층별 환경 구성,승강기 허브의 층별 구조와 이동 발판 외형 개선,??,Content/Art/ElevatorHubUpper/Pass2/SM_HP2_CabinMetal.uasset
feat(art): 엘리베이터 허브 층별 환경 구성,승강기 허브의 층별 구조와 이동 발판 외형 개선,??,Content/Art/ElevatorHubUpper/Pass2/SM_HP2_Crown.uasset
feat(art): 엘리베이터 허브 층별 환경 구성,승강기 허브의 층별 구조와 이동 발판 외형 개선,??,Content/Art/ElevatorHubUpper/Pass2/SM_HP2_MainFloor.uasset
feat(art): 엘리베이터 허브 층별 환경 구성,승강기 허브의 층별 구조와 이동 발판 외형 개선,??,Content/Art/ElevatorHubUpper/Pass2/SM_HP2_MovingRock.uasset
feat(art): 엘리베이터 허브 층별 환경 구성,승강기 허브의 층별 구조와 이동 발판 외형 개선,??,Content/Art/ElevatorHubUpper/SM_HU_OpenUpperShell.uasset
feat(art): 엘리베이터 허브 층별 환경 구성,승강기 허브의 층별 구조와 이동 발판 외형 개선,??,Content/Art/ElevatorHubUpper/SM_HU_RockPlatform239.uasset
feat(art): 엘리베이터 허브 층별 환경 구성,승강기 허브의 층별 구조와 이동 발판 외형 개선,??,Content/Art/ElevatorHubUpper/SM_HU_RockPlatform249.uasset
feat(art): 엘리베이터 허브 층별 환경 구성,승강기 허브의 층별 구조와 이동 발판 외형 개선,??,Content/Art/ElevatorHubUpper/SM_HU_RockPlatform250.uasset
feat(art): 엘리베이터 허브 층별 환경 구성,승강기 허브의 층별 구조와 이동 발판 외형 개선,??,Content/Art/ElevatorHubUpper/SM_HU_RockPlatform251.uasset
feat(art): 엘리베이터 허브 층별 환경 구성,승강기 허브의 층별 구조와 이동 발판 외형 개선,??,Content/Art/ElevatorHubUpper/SM_HU_RockPlatform252.uasset
feat(art): 엘리베이터 허브 층별 환경 구성,승강기 허브의 층별 구조와 이동 발판 외형 개선,??,Content/Art/ElevatorHubUpper/SM_HU_RockPlatform253.uasset
feat(art): 엘리베이터 허브 층별 환경 구성,승강기 허브의 층별 구조와 이동 발판 외형 개선,??,Content/Art/ElevatorHubUpper/SM_HU_RockPlatform254.uasset
feat(art): 엘리베이터 허브 층별 환경 구성,승강기 허브의 층별 구조와 이동 발판 외형 개선,??,Content/Art/ElevatorHubUpper/SM_HU_RockPlatform322.uasset
feat(art): 엘리베이터 허브 층별 환경 구성,승강기 허브의 층별 구조와 이동 발판 외형 개선,??,Content/Art/ElevatorHubUpper/SM_HU_RockPlatform323.uasset
feat(art): 엘리베이터 허브 층별 환경 구성,승강기 허브의 층별 구조와 이동 발판 외형 개선,??,Content/Art/ElevatorHubUpper/SM_HU_RockPlatform324.uasset
feat(art): 엘리베이터 허브 층별 환경 구성,승강기 허브의 층별 구조와 이동 발판 외형 개선,??,Content/Art/ElevatorHubUpper/SM_HU_RockPlatform325.uasset
feat(art): 엘리베이터 허브 층별 환경 구성,승강기 허브의 층별 구조와 이동 발판 외형 개선,??,Content/Art/ElevatorHubUpper/SM_HU_RockPlatform326.uasset
feat(art): 엘리베이터 허브 층별 환경 구성,승강기 허브의 층별 구조와 이동 발판 외형 개선,??,Content/Art/ElevatorHubUpper/SM_HU_RockPlatform327.uasset
feat(art): 엘리베이터 허브 층별 환경 구성,승강기 허브의 층별 구조와 이동 발판 외형 개선,??,Content/Art/ElevatorHubUpper/SM_HU_RockPlatform328.uasset
feat(art): 엘리베이터 허브 층별 환경 구성,승강기 허브의 층별 구조와 이동 발판 외형 개선,??,Content/Art/ElevatorHubUpper/SM_HU_RockPlatform329.uasset
feat(art): 엘리베이터 허브 층별 환경 구성,승강기 허브의 층별 구조와 이동 발판 외형 개선,??,Content/Art/ElevatorHubUpper/SM_HU_Sector5Collar.uasset
feat(art): Sector 5 동굴과 시계탑 환경 완성,대형 동굴 연결과 시계탑 외벽·내부·계단·기어·지붕 구현,??,Content/Art/ClassroomDiary/SM_DiaryOpenRoof.uasset
feat(art): Sector 5 동굴과 시계탑 환경 완성,대형 동굴 연결과 시계탑 외벽·내부·계단·기어·지붕 구현,??,Content/Art/ClassroomDiary/SM_DiarySkylightWell.uasset
feat(art): Sector 5 동굴과 시계탑 환경 완성,대형 동굴 연결과 시계탑 외벽·내부·계단·기어·지붕 구현,??,Content/Art/ClockTowerExterior/M_BrickDominantExterior.uasset
feat(art): Sector 5 동굴과 시계탑 환경 완성,대형 동굴 연결과 시계탑 외벽·내부·계단·기어·지붕 구현,??,Content/Art/ClockTowerExterior/M_SmoothWhiteConcrete.uasset
feat(art): Sector 5 동굴과 시계탑 환경 완성,대형 동굴 연결과 시계탑 외벽·내부·계단·기어·지붕 구현,??,Content/Art/ClockTowerExterior/SM_WhiteConcreteWallLine.uasset
feat(art): Sector 5 동굴과 시계탑 환경 완성,대형 동굴 연결과 시계탑 외벽·내부·계단·기어·지붕 구현,??,Content/Art/ClockTowerInterior/M_BlackboardBacking.uasset
feat(art): Sector 5 동굴과 시계탑 환경 완성,대형 동굴 연결과 시계탑 외벽·내부·계단·기어·지붕 구현,??,Content/Art/ClockTowerInterior/M_BlackboardBlueprint.uasset
feat(art): Sector 5 동굴과 시계탑 환경 완성,대형 동굴 연결과 시계탑 외벽·내부·계단·기어·지붕 구현,??,Content/Art/ClockTowerInterior/SM_ClockBlueprintBoard.uasset
feat(art): Sector 5 동굴과 시계탑 환경 완성,대형 동굴 연결과 시계탑 외벽·내부·계단·기어·지붕 구현,??,Content/Art/ClockTowerInterior/T_RocketClockBlueprint.uasset
feat(art): Sector 5 동굴과 시계탑 환경 완성,대형 동굴 연결과 시계탑 외벽·내부·계단·기어·지붕 구현,??,Content/Art/ClockTowerRoof/Backup_BP_Clock_Tower_Machine.uasset
feat(art): Sector 5 동굴과 시계탑 환경 완성,대형 동굴 연결과 시계탑 외벽·내부·계단·기어·지붕 구현,??,Content/Art/ClockTowerRoof/M_AgedCopperRoof.uasset
feat(art): Sector 5 동굴과 시계탑 환경 완성,대형 동굴 연결과 시계탑 외벽·내부·계단·기어·지붕 구현,??,Content/Art/ClockTowerRoof/M_IncandescentGlow.uasset
feat(art): Sector 5 동굴과 시계탑 환경 완성,대형 동굴 연결과 시계탑 외벽·내부·계단·기어·지붕 구현,??,Content/Art/ClockTowerRoof/M_RebuiltRailingMetal.uasset
feat(art): Sector 5 동굴과 시계탑 환경 완성,대형 동굴 연결과 시계탑 외벽·내부·계단·기어·지붕 구현,??,Content/Art/ClockTowerRoof/M_RebuiltTreadMetal.uasset
feat(art): Sector 5 동굴과 시계탑 환경 완성,대형 동굴 연결과 시계탑 외벽·내부·계단·기어·지붕 구현,??,Content/Art/ClockTowerRoof/M_SolidAxleMetal.uasset
feat(art): Sector 5 동굴과 시계탑 환경 완성,대형 동굴 연결과 시계탑 외벽·내부·계단·기어·지붕 구현,??,Content/Art/ClockTowerRoof/M_SolidRedBrick.uasset
feat(art): Sector 5 동굴과 시계탑 환경 완성,대형 동굴 연결과 시계탑 외벽·내부·계단·기어·지붕 구현,??,Content/Art/ClockTowerRoof/M_SpireDarkMetal.uasset
feat(art): Sector 5 동굴과 시계탑 환경 완성,대형 동굴 연결과 시계탑 외벽·내부·계단·기어·지붕 구현,??,Content/Art/ClockTowerRoof/SM_CTR_CenteredSpiral.uasset
feat(art): Sector 5 동굴과 시계탑 환경 완성,대형 동굴 연결과 시계탑 외벽·내부·계단·기어·지붕 구현,??,Content/Art/ClockTowerRoof/SM_CTR_ClosedCylinderMachineGear.uasset
feat(art): Sector 5 동굴과 시계탑 환경 완성,대형 동굴 연결과 시계탑 외벽·내부·계단·기어·지붕 구현,??,Content/Art/ClockTowerRoof/SM_CTR_ClosedCylinderWallGear.uasset
feat(art): Sector 5 동굴과 시계탑 환경 완성,대형 동굴 연결과 시계탑 외벽·내부·계단·기어·지붕 구현,??,Content/Art/ClockTowerRoof/SM_CTR_CopperSpire.uasset
feat(art): Sector 5 동굴과 시계탑 환경 완성,대형 동굴 연결과 시계탑 외벽·내부·계단·기어·지붕 구현,??,Content/Art/ClockTowerRoof/SM_CTR_FinalShell.uasset
feat(art): Sector 5 동굴과 시계탑 환경 완성,대형 동굴 연결과 시계탑 외벽·내부·계단·기어·지붕 구현,??,Content/Art/ClockTowerRoof/SM_CTR_MachinePart1.uasset
feat(art): Sector 5 동굴과 시계탑 환경 완성,대형 동굴 연결과 시계탑 외벽·내부·계단·기어·지붕 구현,??,Content/Art/ClockTowerRoof/SM_CTR_MachinePart2.uasset
feat(art): Sector 5 동굴과 시계탑 환경 완성,대형 동굴 연결과 시계탑 외벽·내부·계단·기어·지붕 구현,??,Content/Art/ClockTowerRoof/SM_CTR_MachinePart3.uasset
feat(art): Sector 5 동굴과 시계탑 환경 완성,대형 동굴 연결과 시계탑 외벽·내부·계단·기어·지붕 구현,??,Content/Art/ClockTowerRoof/SM_CTR_MachinePart4.uasset
feat(art): Sector 5 동굴과 시계탑 환경 완성,대형 동굴 연결과 시계탑 외벽·내부·계단·기어·지붕 구현,??,Content/Art/ClockTowerRoof/SM_CTR_MachinePart5.uasset
feat(art): Sector 5 동굴과 시계탑 환경 완성,대형 동굴 연결과 시계탑 외벽·내부·계단·기어·지붕 구현,??,Content/Art/ClockTowerRoof/SM_CTR_MachinePart6.uasset
feat(art): Sector 5 동굴과 시계탑 환경 완성,대형 동굴 연결과 시계탑 외벽·내부·계단·기어·지붕 구현,??,Content/Art/ClockTowerRoof/SM_CTR_SquareLanding.uasset
feat(art): Sector 5 동굴과 시계탑 환경 완성,대형 동굴 연결과 시계탑 외벽·내부·계단·기어·지붕 구현,??,Content/Art/LargeCave/M_BlueDepth.uasset
feat(art): Sector 5 동굴과 시계탑 환경 완성,대형 동굴 연결과 시계탑 외벽·내부·계단·기어·지붕 구현,??,Content/Art/LargeCave/M_DampMoss.uasset
feat(art): Sector 5 동굴과 시계탑 환경 완성,대형 동굴 연결과 시계탑 외벽·내부·계단·기어·지붕 구현,??,Content/Art/LargeCave/M_WallRunoff.uasset
feat(art): Sector 5 동굴과 시계탑 환경 완성,대형 동굴 연결과 시계탑 외벽·내부·계단·기어·지붕 구현,??,Content/Art/LargeCave/SM_LC_Rock279.uasset
feat(art): Sector 5 동굴과 시계탑 환경 완성,대형 동굴 연결과 시계탑 외벽·내부·계단·기어·지붕 구현,??,Content/Art/LargeCave/SM_LC_Rock281.uasset
feat(art): Sector 5 동굴과 시계탑 환경 완성,대형 동굴 연결과 시계탑 외벽·내부·계단·기어·지붕 구현,??,Content/Art/LargeCave/SM_LC_Rock282.uasset
feat(art): Sector 5 동굴과 시계탑 환경 완성,대형 동굴 연결과 시계탑 외벽·내부·계단·기어·지붕 구현,??,Content/Art/LargeCave/SM_LC_Rock283.uasset
feat(art): Sector 5 동굴과 시계탑 환경 완성,대형 동굴 연결과 시계탑 외벽·내부·계단·기어·지붕 구현,??,Content/Art/LargeCave/SM_LC_Rock284.uasset
feat(art): Sector 5 동굴과 시계탑 환경 완성,대형 동굴 연결과 시계탑 외벽·내부·계단·기어·지붕 구현,??,Content/Art/LargeCave/SM_LC_Rock285.uasset
feat(art): Sector 5 동굴과 시계탑 환경 완성,대형 동굴 연결과 시계탑 외벽·내부·계단·기어·지붕 구현,??,Content/Art/LargeCave/SM_LC_Rock286.uasset
feat(art): Sector 5 동굴과 시계탑 환경 완성,대형 동굴 연결과 시계탑 외벽·내부·계단·기어·지붕 구현,??,Content/Art/LargeCave/SM_LC_Rock288.uasset
feat(art): Sector 5 동굴과 시계탑 환경 완성,대형 동굴 연결과 시계탑 외벽·내부·계단·기어·지붕 구현,??,Content/Art/LargeCave/SM_LC_Rock289.uasset
feat(art): Sector 5 동굴과 시계탑 환경 완성,대형 동굴 연결과 시계탑 외벽·내부·계단·기어·지붕 구현,??,Content/Art/LargeCave/SM_LC_Rock290.uasset
feat(art): Sector 5 동굴과 시계탑 환경 완성,대형 동굴 연결과 시계탑 외벽·내부·계단·기어·지붕 구현,??,Content/Art/LargeCave/SM_LC_Rock291.uasset
feat(art): Sector 5 동굴과 시계탑 환경 완성,대형 동굴 연결과 시계탑 외벽·내부·계단·기어·지붕 구현,??,Content/Art/LargeCave/SM_LC_Rock292.uasset
feat(art): Sector 5 동굴과 시계탑 환경 완성,대형 동굴 연결과 시계탑 외벽·내부·계단·기어·지붕 구현,??,Content/Art/LargeCave/SM_LC_Rock294.uasset
feat(art): Sector 5 동굴과 시계탑 환경 완성,대형 동굴 연결과 시계탑 외벽·내부·계단·기어·지붕 구현,??,Content/Art/LargeCave/SM_LC_Rock295.uasset
feat(art): Sector 5 동굴과 시계탑 환경 완성,대형 동굴 연결과 시계탑 외벽·내부·계단·기어·지붕 구현,??,Content/Art/LargeCave/SM_LC_Rock296.uasset
feat(art): Sector 5 동굴과 시계탑 환경 완성,대형 동굴 연결과 시계탑 외벽·내부·계단·기어·지붕 구현,??,Content/Art/LargeCave/SM_LC_Rock298.uasset
feat(art): Sector 5 동굴과 시계탑 환경 완성,대형 동굴 연결과 시계탑 외벽·내부·계단·기어·지붕 구현,??,Content/Art/LargeCave/SM_LC_Rock299.uasset
feat(art): Sector 5 동굴과 시계탑 환경 완성,대형 동굴 연결과 시계탑 외벽·내부·계단·기어·지붕 구현,??,Content/Art/LargeCave/SM_LC_Rock300.uasset
feat(art): Sector 5 동굴과 시계탑 환경 완성,대형 동굴 연결과 시계탑 외벽·내부·계단·기어·지붕 구현,??,Content/Art/LargeCave/SM_LC_Rock301.uasset
feat(art): Sector 5 동굴과 시계탑 환경 완성,대형 동굴 연결과 시계탑 외벽·내부·계단·기어·지붕 구현,??,Content/Art/LargeCave/SM_LC_Rock302.uasset
feat(art): Sector 5 동굴과 시계탑 환경 완성,대형 동굴 연결과 시계탑 외벽·내부·계단·기어·지붕 구현,??,Content/Art/LargeCave/SM_LC_Rock336.uasset
feat(art): Sector 5 동굴과 시계탑 환경 완성,대형 동굴 연결과 시계탑 외벽·내부·계단·기어·지붕 구현,??,Content/Art/LargeCave/SM_SidePassageCave.uasset
feat(art): Sector 5 동굴과 시계탑 환경 완성,대형 동굴 연결과 시계탑 외벽·내부·계단·기어·지붕 구현,??,Content/Art/LargeCavePassage/M_OpeningDarkness.uasset
feat(art): Sector 5 동굴과 시계탑 환경 완성,대형 동굴 연결과 시계탑 외벽·내부·계단·기어·지붕 구현,??,Content/Art/LargeCavePassage/SM_LargeCavePassage.uasset
feat(art): Sector 3 TV 교실과 체육관 개선,TV 경고 칠판과 체육관 구조·암흑·절벽 깊이 표현,??,Content/Art/ClassroomTV/M_TVChalkSurface.uasset
feat(art): Sector 3 TV 교실과 체육관 개선,TV 경고 칠판과 체육관 구조·암흑·절벽 깊이 표현,??,Content/Art/ClassroomTV/SM_BPBlackboard_NoArrow.uasset
feat(art): Sector 3 TV 교실과 체육관 개선,TV 경고 칠판과 체육관 구조·암흑·절벽 깊이 표현,??,Content/Art/ClassroomTV/T_TVWarning.uasset
feat(art): Sector 3 TV 교실과 체육관 개선,TV 경고 칠판과 체육관 구조·암흑·절벽 깊이 표현,??,Content/Art/GymArena/M_GymCliffDepth.uasset
feat(art): Sector 3 TV 교실과 체육관 개선,TV 경고 칠판과 체육관 구조·암흑·절벽 깊이 표현,??,Content/Art/GymArena/M_GymDeepBlack.uasset
feat(art): Sector 3 TV 교실과 체육관 개선,TV 경고 칠판과 체육관 구조·암흑·절벽 깊이 표현,??,Content/Art/GymArena/M_GymSoftDarkSky.uasset
feat(art): Sector 3 TV 교실과 체육관 개선,TV 경고 칠판과 체육관 구조·암흑·절벽 깊이 표현,??,Content/Art/GymArena/SM_GymPitCliffs.uasset
feat(art): Sector 3 TV 교실과 체육관 개선,TV 경고 칠판과 체육관 구조·암흑·절벽 깊이 표현,??,Content/Art/GymArena/SM_GymUpliftRock.uasset
feat(art): Sector 3 TV 교실과 체육관 개선,TV 경고 칠판과 체육관 구조·암흑·절벽 깊이 표현,??,Content/Art/GymCorridor/M_AgedBlueDoor.uasset
feat(art): Sector 3 TV 교실과 체육관 개선,TV 경고 칠판과 체육관 구조·암흑·절벽 깊이 표현,??,Content/Art/GymCorridor/M_BrushedSteel.uasset
feat(art): Sector 3 TV 교실과 체육관 개선,TV 경고 칠판과 체육관 구조·암흑·절벽 깊이 표현,??,Content/Art/GymCorridor/M_RoofRock.uasset
feat(art): Sector 3 TV 교실과 체육관 개선,TV 경고 칠판과 체육관 구조·암흑·절벽 깊이 표현,??,Content/Art/GymCorridor/M_WornOakTrim.uasset
feat(art): Sector 3 TV 교실과 체육관 개선,TV 경고 칠판과 체육관 구조·암흑·절벽 깊이 표현,??,Content/Art/GymCorridor/SM_GymBlueShaft.uasset
feat(art): Sector 3 TV 교실과 체육관 개선,TV 경고 칠판과 체육관 구조·암흑·절벽 깊이 표현,??,Content/Art/GymCorridor/SM_GymDoorLeaf.uasset
feat(art): Sector 3 TV 교실과 체육관 개선,TV 경고 칠판과 체육관 구조·암흑·절벽 깊이 표현,??,Content/Art/GymCorridor/SM_GymRoofOpening.uasset
fix(gameplay): 이동 장치와 추락 및 조명 요소 갱신,추락 복귀·이동 발판·승강기·형광등·게이트 누적 변경 반영, M,Content/Blueprints/Actor/AbandonedSchool/BP_FallingElevator.uasset
fix(gameplay): 이동 장치와 추락 및 조명 요소 갱신,추락 복귀·이동 발판·승강기·형광등·게이트 누적 변경 반영, M,Content/Blueprints/Actor/AbandonedSchool/BP_Fluorescent_Light.uasset
fix(gameplay): 이동 장치와 추락 및 조명 요소 갱신,추락 복귀·이동 발판·승강기·형광등·게이트 누적 변경 반영, M,Content/Blueprints/Actor/AbandonedSchool/BP_School_Gate.uasset
fix(gameplay): 이동 장치와 추락 및 조명 요소 갱신,추락 복귀·이동 발판·승강기·형광등·게이트 누적 변경 반영, M,Content/Blueprints/Actor/Common/BP_FallTrigger.uasset
fix(gameplay): 이동 장치와 추락 및 조명 요소 갱신,추락 복귀·이동 발판·승강기·형광등·게이트 누적 변경 반영, M,Content/Blueprints/Actor/Common/BP_MovingPlatform.uasset
fix(gameplay): 이동 장치와 추락 및 조명 요소 갱신,추락 복귀·이동 발판·승강기·형광등·게이트 누적 변경 반영, M,Content/Resources/Environments/Props/Common/SM_BattleGate/Mi_BattleGate_Wall.uasset
fix(gameplay): 이동 장치와 추락 및 조명 요소 갱신,추락 복귀·이동 발판·승강기·형광등·게이트 누적 변경 반영,??,Content/Art/BattleGate/M_WarningBarrier.uasset
fix(gameplay): 이동 장치와 추락 및 조명 요소 갱신,추락 복귀·이동 발판·승강기·형광등·게이트 누적 변경 반영,??,Content/Art/BattleGate/T_WarningBarrier.uasset
feat(level): 폐교 환경 배치와 렌더링 통합,최종 배치·광원·충돌·연결부와 Planar Reflection 설정 통합, M,Config/DefaultEngine.ini
feat(level): 폐교 환경 배치와 렌더링 통합,최종 배치·광원·충돌·연결부와 Planar Reflection 설정 통합, M,Content/Levels/AbandonedSchool.umap
feat(level): 폐교 환경 배치와 렌더링 통합,최종 배치·광원·충돌·연결부와 Planar Reflection 설정 통합, M,Content/Levels/AbandonedSchool_BuiltData.uasset
chore(assets): 미사용 시각 리소스 정리 및 변경 이력 문서화,참조 없는 리소스 제거 및 삭제 목록·목표·검증 근거 기록, D,Content/Art/CaveJumpTop/M_CeilingStone.uasset
chore(assets): 미사용 시각 리소스 정리 및 변경 이력 문서화,참조 없는 리소스 제거 및 삭제 목록·목표·검증 근거 기록, D,Content/Art/CaveJumpTop/M_ExitGlow.uasset
chore(assets): 미사용 시각 리소스 정리 및 변경 이력 문서화,참조 없는 리소스 제거 및 삭제 목록·목표·검증 근거 기록, D,Content/Art/CaveJumpTop/M_VariedCeiling.uasset
chore(assets): 미사용 시각 리소스 정리 및 변경 이력 문서화,참조 없는 리소스 제거 및 삭제 목록·목표·검증 근거 기록, D,Content/Art/CaveJumpTop/SM_Edge20.uasset
chore(assets): 미사용 시각 리소스 정리 및 변경 이력 문서화,참조 없는 리소스 제거 및 삭제 목록·목표·검증 근거 기록, D,Content/Art/CaveJumpTop/SM_Edge256.uasset
chore(assets): 미사용 시각 리소스 정리 및 변경 이력 문서화,참조 없는 리소스 제거 및 삭제 목록·목표·검증 근거 기록, D,Content/Art/CaveJumpTop/SM_Edge69.uasset
chore(assets): 미사용 시각 리소스 정리 및 변경 이력 문서화,참조 없는 리소스 제거 및 삭제 목록·목표·검증 근거 기록, D,Content/Art/CaveJumpTop/SM_Edge70.uasset
chore(assets): 미사용 시각 리소스 정리 및 변경 이력 문서화,참조 없는 리소스 제거 및 삭제 목록·목표·검증 근거 기록, D,Content/Art/CaveJumpTop/SM_Edge71.uasset
chore(assets): 미사용 시각 리소스 정리 및 변경 이력 문서화,참조 없는 리소스 제거 및 삭제 목록·목표·검증 근거 기록, D,Content/Art/CaveJumpTop/SM_Edge72.uasset
chore(assets): 미사용 시각 리소스 정리 및 변경 이력 문서화,참조 없는 리소스 제거 및 삭제 목록·목표·검증 근거 기록, D,Content/Art/CaveJumpTop/SM_Edge73.uasset
chore(assets): 미사용 시각 리소스 정리 및 변경 이력 문서화,참조 없는 리소스 제거 및 삭제 목록·목표·검증 근거 기록, D,Content/Art/CaveJumpTop/SM_ExitCeiling.uasset
chore(assets): 미사용 시각 리소스 정리 및 변경 이력 문서화,참조 없는 리소스 제거 및 삭제 목록·목표·검증 근거 기록, D,Content/Art/CaveJumpTop/SM_ExitGlow.uasset
chore(assets): 미사용 시각 리소스 정리 및 변경 이력 문서화,참조 없는 리소스 제거 및 삭제 목록·목표·검증 근거 기록, D,Content/Art/CaveJumpTop/SM_ExitShaft.uasset
chore(assets): 미사용 시각 리소스 정리 및 변경 이력 문서화,참조 없는 리소스 제거 및 삭제 목록·목표·검증 근거 기록, D,Content/Art/CaveJumpTop/SM_JumpCeiling.uasset
chore(assets): 미사용 시각 리소스 정리 및 변경 이력 문서화,참조 없는 리소스 제거 및 삭제 목록·목표·검증 근거 기록, D,Content/Art/CaveJumpTop/SM_JumpRim20.uasset
chore(assets): 미사용 시각 리소스 정리 및 변경 이력 문서화,참조 없는 리소스 제거 및 삭제 목록·목표·검증 근거 기록, D,Content/Art/CaveJumpTop/SM_JumpRim256.uasset
chore(assets): 미사용 시각 리소스 정리 및 변경 이력 문서화,참조 없는 리소스 제거 및 삭제 목록·목표·검증 근거 기록, D,Content/Art/CaveJumpTop/SM_JumpRim69.uasset
chore(assets): 미사용 시각 리소스 정리 및 변경 이력 문서화,참조 없는 리소스 제거 및 삭제 목록·목표·검증 근거 기록, D,Content/Art/CaveJumpTop/SM_JumpRim70.uasset
chore(assets): 미사용 시각 리소스 정리 및 변경 이력 문서화,참조 없는 리소스 제거 및 삭제 목록·목표·검증 근거 기록, D,Content/Art/CaveJumpTop/SM_JumpRim71.uasset
chore(assets): 미사용 시각 리소스 정리 및 변경 이력 문서화,참조 없는 리소스 제거 및 삭제 목록·목표·검증 근거 기록, D,Content/Art/CaveJumpTop/SM_JumpRim72.uasset
chore(assets): 미사용 시각 리소스 정리 및 변경 이력 문서화,참조 없는 리소스 제거 및 삭제 목록·목표·검증 근거 기록, D,Content/Art/CaveJumpTop/SM_JumpRim73.uasset
chore(assets): 미사용 시각 리소스 정리 및 변경 이력 문서화,참조 없는 리소스 제거 및 삭제 목록·목표·검증 근거 기록, D,Content/Art/CaveJumpTop/SM_LeftIntrusions.uasset
chore(assets): 미사용 시각 리소스 정리 및 변경 이력 문서화,참조 없는 리소스 제거 및 삭제 목록·목표·검증 근거 기록, D,Content/Art/SchoolCave/MI_Moss.uasset
chore(assets): 미사용 시각 리소스 정리 및 변경 이력 문서화,참조 없는 리소스 제거 및 삭제 목록·목표·검증 근거 기록, D,Content/Art/SchoolCave/MI_SoftFloor.uasset
chore(assets): 미사용 시각 리소스 정리 및 변경 이력 문서화,참조 없는 리소스 제거 및 삭제 목록·목표·검증 근거 기록, D,Content/Art/SchoolCave/MI_SoftPlaster.uasset
chore(assets): 미사용 시각 리소스 정리 및 변경 이력 문서화,참조 없는 리소스 제거 및 삭제 목록·목표·검증 근거 기록, D,Content/Art/SchoolCave/MI_StillWater.uasset
chore(assets): 미사용 시각 리소스 정리 및 변경 이력 문서화,참조 없는 리소스 제거 및 삭제 목록·목표·검증 근거 기록, D,Content/Art/SchoolCave/M_SoftStone.uasset
chore(assets): 미사용 시각 리소스 정리 및 변경 이력 문서화,참조 없는 리소스 제거 및 삭제 목록·목표·검증 근거 기록, D,Content/Art/SchoolCave/Pass2/M_PaintedStone.uasset
chore(assets): 미사용 시각 리소스 정리 및 변경 이력 문서화,참조 없는 리소스 제거 및 삭제 목록·목표·검증 근거 기록, D,Content/Art/SchoolCave/Pass2/SM_ClimbingLeaves.uasset
chore(assets): 미사용 시각 리소스 정리 및 변경 이력 문서화,참조 없는 리소스 제거 및 삭제 목록·목표·검증 근거 기록, D,Content/Art/SchoolCave/Pass2/SM_ClimbingLeavesV2.uasset
chore(assets): 미사용 시각 리소스 정리 및 변경 이력 문서화,참조 없는 리소스 제거 및 삭제 목록·목표·검증 근거 기록, D,Content/Art/SchoolCave/Pass2/SM_ClimbingLeavesV3.uasset
chore(assets): 미사용 시각 리소스 정리 및 변경 이력 문서화,참조 없는 리소스 제거 및 삭제 목록·목표·검증 근거 기록, D,Content/Art/SchoolCave/Pass2/SM_ClimbingRoots.uasset
chore(assets): 미사용 시각 리소스 정리 및 변경 이력 문서화,참조 없는 리소스 제거 및 삭제 목록·목표·검증 근거 기록, D,Content/Art/SchoolCave/Pass2/SM_ClimbingRootsV2.uasset
chore(assets): 미사용 시각 리소스 정리 및 변경 이력 문서화,참조 없는 리소스 제거 및 삭제 목록·목표·검증 근거 기록, D,Content/Art/SchoolCave/Pass2/SM_ClimbingRootsV3.uasset
chore(assets): 미사용 시각 리소스 정리 및 변경 이력 문서화,참조 없는 리소스 제거 및 삭제 목록·목표·검증 근거 기록, D,Content/Art/SchoolCave/Pass2/SM_LayeredCaveRib.uasset
chore(assets): 미사용 시각 리소스 정리 및 변경 이력 문서화,참조 없는 리소스 제거 및 삭제 목록·목표·검증 근거 기록, D,Content/Art/SchoolCave/Pass2/T_PaintedStone.uasset
chore(assets): 미사용 시각 리소스 정리 및 변경 이력 문서화,참조 없는 리소스 제거 및 삭제 목록·목표·검증 근거 기록, D,Content/Art/SchoolCave/Pass3/M_LedgeStone.uasset
chore(assets): 미사용 시각 리소스 정리 및 변경 이력 문서화,참조 없는 리소스 제거 및 삭제 목록·목표·검증 근거 기록, D,Content/Art/SchoolCave/Pass3/M_WindowRecess.uasset
chore(assets): 미사용 시각 리소스 정리 및 변경 이력 문서화,참조 없는 리소스 제거 및 삭제 목록·목표·검증 근거 기록, D,Content/Art/SchoolCave/Pass3/SM_BrokenLedge0.uasset
chore(assets): 미사용 시각 리소스 정리 및 변경 이력 문서화,참조 없는 리소스 제거 및 삭제 목록·목표·검증 근거 기록, D,Content/Art/SchoolCave/Pass3/SM_BrokenLedge1.uasset
chore(assets): 미사용 시각 리소스 정리 및 변경 이력 문서화,참조 없는 리소스 제거 및 삭제 목록·목표·검증 근거 기록, D,Content/Art/SchoolCave/Pass3/SM_BrokenLedge2.uasset
chore(assets): 미사용 시각 리소스 정리 및 변경 이력 문서화,참조 없는 리소스 제거 및 삭제 목록·목표·검증 근거 기록, D,Content/Art/SchoolCave/Pass3/SM_OpenSkylightRim.uasset
chore(assets): 미사용 시각 리소스 정리 및 변경 이력 문서화,참조 없는 리소스 제거 및 삭제 목록·목표·검증 근거 기록, D,Content/Art/SchoolCave/Pass3/SM_Rubble0.uasset
chore(assets): 미사용 시각 리소스 정리 및 변경 이력 문서화,참조 없는 리소스 제거 및 삭제 목록·목표·검증 근거 기록, D,Content/Art/SchoolCave/Pass3/SM_Rubble1.uasset
chore(assets): 미사용 시각 리소스 정리 및 변경 이력 문서화,참조 없는 리소스 제거 및 삭제 목록·목표·검증 근거 기록, D,Content/Art/SchoolCave/Pass3/SM_Rubble2.uasset
chore(assets): 미사용 시각 리소스 정리 및 변경 이력 문서화,참조 없는 리소스 제거 및 삭제 목록·목표·검증 근거 기록, D,Content/Art/SchoolCave/SM_CaveRib.uasset
chore(assets): 미사용 시각 리소스 정리 및 변경 이력 문서화,참조 없는 리소스 제거 및 삭제 목록·목표·검증 근거 기록, D,Content/Art/SchoolCave/SM_ShallowPuddle.uasset
chore(assets): 미사용 시각 리소스 정리 및 변경 이력 문서화,참조 없는 리소스 제거 및 삭제 목록·목표·검증 근거 기록, D,Content/Environment/OldKoreanBuildingA/Meshes/Furn_Stair_Steel_300.uasset
chore(assets): 미사용 시각 리소스 정리 및 변경 이력 문서화,참조 없는 리소스 제거 및 삭제 목록·목표·검증 근거 기록, D,Content/Environment/OldKoreanBuildingA/Meshes/SM_Window_Frame.uasset
chore(assets): 미사용 시각 리소스 정리 및 변경 이력 문서화,참조 없는 리소스 제거 및 삭제 목록·목표·검증 근거 기록, D,Content/Environment/OldKoreanBuildingB/Blockout/Meshes/SM_KB_Landing_410x200.uasset
chore(assets): 미사용 시각 리소스 정리 및 변경 이력 문서화,참조 없는 리소스 제거 및 삭제 목록·목표·검증 근거 기록, D,Content/Environment/OldKoreanBuildingB/Blockout/Meshes/SM_KB_Wall_Solid_300.uasset
chore(assets): 미사용 시각 리소스 정리 및 변경 이력 문서화,참조 없는 리소스 제거 및 삭제 목록·목표·검증 근거 기록, D,Content/Environment/OldKoreanBuildingB/Blockout/Meshes/SM_KB_Wall_Solid_360.uasset
chore(assets): 미사용 시각 리소스 정리 및 변경 이력 문서화,참조 없는 리소스 제거 및 삭제 목록·목표·검증 근거 기록, D,Content/Fab/Megascans/3D/Mossy_Rocks_tjmudcfda/High/tjmudcfda_tier_1/Materials/MI_tjmudcfda.uasset
chore(assets): 미사용 시각 리소스 정리 및 변경 이력 문서화,참조 없는 리소스 제거 및 삭제 목록·목표·검증 근거 기록, D,Content/Fab/Megascans/3D/Mossy_Rocks_tjmudcfda/High/tjmudcfda_tier_1/StaticMeshes/tjmudcfda_tier_1.uasset
chore(assets): 미사용 시각 리소스 정리 및 변경 이력 문서화,참조 없는 리소스 제거 및 삭제 목록·목표·검증 근거 기록, D,Content/Fab/Megascans/3D/Mossy_Rocks_tjmudcfda/High/tjmudcfda_tier_1/Textures/T_tjmudcfda_4K_B.uasset
chore(assets): 미사용 시각 리소스 정리 및 변경 이력 문서화,참조 없는 리소스 제거 및 삭제 목록·목표·검증 근거 기록, D,Content/Fab/Megascans/3D/Mossy_Rocks_tjmudcfda/High/tjmudcfda_tier_1/Textures/T_tjmudcfda_4K_F.uasset
chore(assets): 미사용 시각 리소스 정리 및 변경 이력 문서화,참조 없는 리소스 제거 및 삭제 목록·목표·검증 근거 기록, D,Content/Fab/Megascans/3D/Mossy_Rocks_tjmudcfda/High/tjmudcfda_tier_1/Textures/T_tjmudcfda_4K_H.uasset
chore(assets): 미사용 시각 리소스 정리 및 변경 이력 문서화,참조 없는 리소스 제거 및 삭제 목록·목표·검증 근거 기록, D,Content/Fab/Megascans/3D/Mossy_Rocks_tjmudcfda/High/tjmudcfda_tier_1/Textures/T_tjmudcfda_4K_N.uasset
chore(assets): 미사용 시각 리소스 정리 및 변경 이력 문서화,참조 없는 리소스 제거 및 삭제 목록·목표·검증 근거 기록, D,Content/Fab/Megascans/3D/Mossy_Rocks_tjmudcfda/High/tjmudcfda_tier_1/Textures/T_tjmudcfda_4K_ORM.uasset
chore(assets): 미사용 시각 리소스 정리 및 변경 이력 문서화,참조 없는 리소스 제거 및 삭제 목록·목표·검증 근거 기록, D,Content/Fab/Megascans/Surfaces/Damaged_Wall_Plaster_uc2lddzcw/High/uc2lddzcw_tier_1/Materials/MI_uc2lddzcw.uasset
chore(assets): 미사용 시각 리소스 정리 및 변경 이력 문서화,참조 없는 리소스 제거 및 삭제 목록·목표·검증 근거 기록, D,Content/Fab/Megascans/Surfaces/Damaged_Wall_Plaster_uc2lddzcw/High/uc2lddzcw_tier_1/Textures/T_uc2lddzcw_4K_B.uasset
chore(assets): 미사용 시각 리소스 정리 및 변경 이력 문서화,참조 없는 리소스 제거 및 삭제 목록·목표·검증 근거 기록, D,Content/Fab/Megascans/Surfaces/Damaged_Wall_Plaster_uc2lddzcw/High/uc2lddzcw_tier_1/Textures/T_uc2lddzcw_4K_H.uasset
chore(assets): 미사용 시각 리소스 정리 및 변경 이력 문서화,참조 없는 리소스 제거 및 삭제 목록·목표·검증 근거 기록, D,Content/Fab/Megascans/Surfaces/Damaged_Wall_Plaster_uc2lddzcw/High/uc2lddzcw_tier_1/Textures/T_uc2lddzcw_4K_N.uasset
chore(assets): 미사용 시각 리소스 정리 및 변경 이력 문서화,참조 없는 리소스 제거 및 삭제 목록·목표·검증 근거 기록, D,Content/Fab/Megascans/Surfaces/Damaged_Wall_Plaster_uc2lddzcw/High/uc2lddzcw_tier_1/Textures/T_uc2lddzcw_4K_ORM.uasset
chore(assets): 미사용 시각 리소스 정리 및 변경 이력 문서화,참조 없는 리소스 제거 및 삭제 목록·목표·검증 근거 기록, D,Content/Landscape/Cliff/MI_Cliff_B_Hollow.uasset
chore(assets): 미사용 시각 리소스 정리 및 변경 이력 문서화,참조 없는 리소스 제거 및 삭제 목록·목표·검증 근거 기록, D,Content/Landscape/Cliff/SM_Cliff_A.uasset
chore(assets): 미사용 시각 리소스 정리 및 변경 이력 문서화,참조 없는 리소스 제거 및 삭제 목록·목표·검증 근거 기록, D,Content/Landscape/Cliff/SM_Cliff_B.uasset
chore(assets): 미사용 시각 리소스 정리 및 변경 이력 문서화,참조 없는 리소스 제거 및 삭제 목록·목표·검증 근거 기록, D,Content/Landscape/Cliff/SM_Cliff_B_Hollow.uasset
chore(assets): 미사용 시각 리소스 정리 및 변경 이력 문서화,참조 없는 리소스 제거 및 삭제 목록·목표·검증 근거 기록, D,Content/Landscape/Cliff/SM_Cliff_C.uasset
chore(assets): 미사용 시각 리소스 정리 및 변경 이력 문서화,참조 없는 리소스 제거 및 삭제 목록·목표·검증 근거 기록, D,Content/Landscape/Cliff/T_Cliff_A_Metalic.uasset
chore(assets): 미사용 시각 리소스 정리 및 변경 이력 문서화,참조 없는 리소스 제거 및 삭제 목록·목표·검증 근거 기록, D,Content/Landscape/Cliff/T_Cliff_B_Hollow_Basecolor.uasset
chore(assets): 미사용 시각 리소스 정리 및 변경 이력 문서화,참조 없는 리소스 제거 및 삭제 목록·목표·검증 근거 기록, D,Content/Landscape/Cliff/T_Cliff_B_Hollow_Normal.uasset
chore(assets): 미사용 시각 리소스 정리 및 변경 이력 문서화,참조 없는 리소스 제거 및 삭제 목록·목표·검증 근거 기록, D,Content/Landscape/Cliff/T_Cliff_B_Hollow_Roughness.uasset
chore(assets): 미사용 시각 리소스 정리 및 변경 이력 문서화,참조 없는 리소스 제거 및 삭제 목록·목표·검증 근거 기록, D,Content/Landscape/StylizedGrassByMayu/Landscape/Texture/T_LandscapeGrassTexture.uasset
chore(assets): 미사용 시각 리소스 정리 및 변경 이력 문서화,참조 없는 리소스 제거 및 삭제 목록·목표·검증 근거 기록, D,Content/Levels/_GENERATED/Baked/SM_BP_DynamicBox_C_1.uasset
chore(assets): 미사용 시각 리소스 정리 및 변경 이력 문서화,참조 없는 리소스 제거 및 삭제 목록·목표·검증 근거 기록, D,Content/Levels/_GENERATED/Baked/SM_BP_DynamicBox_C_4.uasset
chore(assets): 미사용 시각 리소스 정리 및 변경 이력 문서화,참조 없는 리소스 제거 및 삭제 목록·목표·검증 근거 기록, D,Content/Levels/_GENERATED/Baked/SM_BP_DynamicBox_C_6.uasset
chore(assets): 미사용 시각 리소스 정리 및 변경 이력 문서화,참조 없는 리소스 제거 및 삭제 목록·목표·검증 근거 기록, D,Content/Levels/_GENERATED/Baked/SM_BP_DynamicCylinder_C_0.uasset
chore(assets): 미사용 시각 리소스 정리 및 변경 이력 문서화,참조 없는 리소스 제거 및 삭제 목록·목표·검증 근거 기록, D,Content/Levels/_GENERATED/Baked/SM_BP_DynamicCylinder_C_1.uasset
chore(assets): 미사용 시각 리소스 정리 및 변경 이력 문서화,참조 없는 리소스 제거 및 삭제 목록·목표·검증 근거 기록, D,Content/Levels/_GENERATED/Baked/SM_BP_DynamicCylinder_C_2.uasset
chore(assets): 미사용 시각 리소스 정리 및 변경 이력 문서화,참조 없는 리소스 제거 및 삭제 목록·목표·검증 근거 기록, D,Content/Levels/_GENERATED/Baked/SM_BP_DynamicCylinder_C_4.uasset
chore(assets): 미사용 시각 리소스 정리 및 변경 이력 문서화,참조 없는 리소스 제거 및 삭제 목록·목표·검증 근거 기록, D,Content/Levels/_GENERATED/Baked/SM_BP_DynamicSpiralWall_C_1.uasset
chore(assets): 미사용 시각 리소스 정리 및 변경 이력 문서화,참조 없는 리소스 제거 및 삭제 목록·목표·검증 근거 기록, D,Content/Levels/_GENERATED/User/Boolean_043B2F4E.uasset
chore(assets): 미사용 시각 리소스 정리 및 변경 이력 문서화,참조 없는 리소스 제거 및 삭제 목록·목표·검증 근거 기록, D,Content/Levels/_GENERATED/User/Boolean_094CA057.uasset
chore(assets): 미사용 시각 리소스 정리 및 변경 이력 문서화,참조 없는 리소스 제거 및 삭제 목록·목표·검증 근거 기록, D,Content/Levels/_GENERATED/User/Boolean_0A2392E6.uasset
chore(assets): 미사용 시각 리소스 정리 및 변경 이력 문서화,참조 없는 리소스 제거 및 삭제 목록·목표·검증 근거 기록, D,Content/Levels/_GENERATED/User/Boolean_15AAE46D.uasset
chore(assets): 미사용 시각 리소스 정리 및 변경 이력 문서화,참조 없는 리소스 제거 및 삭제 목록·목표·검증 근거 기록, D,Content/Levels/_GENERATED/User/Boolean_15EC23F7.uasset
chore(assets): 미사용 시각 리소스 정리 및 변경 이력 문서화,참조 없는 리소스 제거 및 삭제 목록·목표·검증 근거 기록, D,Content/Levels/_GENERATED/User/Boolean_1C823880.uasset
chore(assets): 미사용 시각 리소스 정리 및 변경 이력 문서화,참조 없는 리소스 제거 및 삭제 목록·목표·검증 근거 기록, D,Content/Levels/_GENERATED/User/Boolean_1D9B5548.uasset
chore(assets): 미사용 시각 리소스 정리 및 변경 이력 문서화,참조 없는 리소스 제거 및 삭제 목록·목표·검증 근거 기록, D,Content/Levels/_GENERATED/User/Boolean_275B0E0B.uasset
chore(assets): 미사용 시각 리소스 정리 및 변경 이력 문서화,참조 없는 리소스 제거 및 삭제 목록·목표·검증 근거 기록, D,Content/Levels/_GENERATED/User/Boolean_2CFCB237.uasset
chore(assets): 미사용 시각 리소스 정리 및 변경 이력 문서화,참조 없는 리소스 제거 및 삭제 목록·목표·검증 근거 기록, D,Content/Levels/_GENERATED/User/Boolean_2D5B3B4F.uasset
chore(assets): 미사용 시각 리소스 정리 및 변경 이력 문서화,참조 없는 리소스 제거 및 삭제 목록·목표·검증 근거 기록, D,Content/Levels/_GENERATED/User/Boolean_3008A227.uasset
chore(assets): 미사용 시각 리소스 정리 및 변경 이력 문서화,참조 없는 리소스 제거 및 삭제 목록·목표·검증 근거 기록, D,Content/Levels/_GENERATED/User/Boolean_32DAFC7C.uasset
chore(assets): 미사용 시각 리소스 정리 및 변경 이력 문서화,참조 없는 리소스 제거 및 삭제 목록·목표·검증 근거 기록, D,Content/Levels/_GENERATED/User/Boolean_3ED95717.uasset
chore(assets): 미사용 시각 리소스 정리 및 변경 이력 문서화,참조 없는 리소스 제거 및 삭제 목록·목표·검증 근거 기록, D,Content/Levels/_GENERATED/User/Boolean_403EAE08.uasset
chore(assets): 미사용 시각 리소스 정리 및 변경 이력 문서화,참조 없는 리소스 제거 및 삭제 목록·목표·검증 근거 기록, D,Content/Levels/_GENERATED/User/Boolean_44FC22B5.uasset
chore(assets): 미사용 시각 리소스 정리 및 변경 이력 문서화,참조 없는 리소스 제거 및 삭제 목록·목표·검증 근거 기록, D,Content/Levels/_GENERATED/User/Boolean_4673A566.uasset
chore(assets): 미사용 시각 리소스 정리 및 변경 이력 문서화,참조 없는 리소스 제거 및 삭제 목록·목표·검증 근거 기록, D,Content/Levels/_GENERATED/User/Boolean_4714C3FE.uasset
chore(assets): 미사용 시각 리소스 정리 및 변경 이력 문서화,참조 없는 리소스 제거 및 삭제 목록·목표·검증 근거 기록, D,Content/Levels/_GENERATED/User/Boolean_5B1E01AA.uasset
chore(assets): 미사용 시각 리소스 정리 및 변경 이력 문서화,참조 없는 리소스 제거 및 삭제 목록·목표·검증 근거 기록, D,Content/Levels/_GENERATED/User/Boolean_5B4ED160.uasset
chore(assets): 미사용 시각 리소스 정리 및 변경 이력 문서화,참조 없는 리소스 제거 및 삭제 목록·목표·검증 근거 기록, D,Content/Levels/_GENERATED/User/Boolean_5BD5B8A0.uasset
chore(assets): 미사용 시각 리소스 정리 및 변경 이력 문서화,참조 없는 리소스 제거 및 삭제 목록·목표·검증 근거 기록, D,Content/Levels/_GENERATED/User/Boolean_5C089972.uasset
chore(assets): 미사용 시각 리소스 정리 및 변경 이력 문서화,참조 없는 리소스 제거 및 삭제 목록·목표·검증 근거 기록, D,Content/Levels/_GENERATED/User/Boolean_5D9B1C37.uasset
chore(assets): 미사용 시각 리소스 정리 및 변경 이력 문서화,참조 없는 리소스 제거 및 삭제 목록·목표·검증 근거 기록, D,Content/Levels/_GENERATED/User/Boolean_618854AB.uasset
chore(assets): 미사용 시각 리소스 정리 및 변경 이력 문서화,참조 없는 리소스 제거 및 삭제 목록·목표·검증 근거 기록, D,Content/Levels/_GENERATED/User/Boolean_6B96E02C.uasset
chore(assets): 미사용 시각 리소스 정리 및 변경 이력 문서화,참조 없는 리소스 제거 및 삭제 목록·목표·검증 근거 기록, D,Content/Levels/_GENERATED/User/Boolean_6CD90EF0.uasset
chore(assets): 미사용 시각 리소스 정리 및 변경 이력 문서화,참조 없는 리소스 제거 및 삭제 목록·목표·검증 근거 기록, D,Content/Levels/_GENERATED/User/Boolean_7282A96A.uasset
chore(assets): 미사용 시각 리소스 정리 및 변경 이력 문서화,참조 없는 리소스 제거 및 삭제 목록·목표·검증 근거 기록, D,Content/Levels/_GENERATED/User/Boolean_7B8D18AA.uasset
chore(assets): 미사용 시각 리소스 정리 및 변경 이력 문서화,참조 없는 리소스 제거 및 삭제 목록·목표·검증 근거 기록, D,Content/Levels/_GENERATED/User/Boolean_7DA6BA98.uasset
chore(assets): 미사용 시각 리소스 정리 및 변경 이력 문서화,참조 없는 리소스 제거 및 삭제 목록·목표·검증 근거 기록, D,Content/Levels/_GENERATED/User/Boolean_7EB8F354.uasset
chore(assets): 미사용 시각 리소스 정리 및 변경 이력 문서화,참조 없는 리소스 제거 및 삭제 목록·목표·검증 근거 기록, D,Content/Levels/_GENERATED/User/Boolean_8111E3A1.uasset
chore(assets): 미사용 시각 리소스 정리 및 변경 이력 문서화,참조 없는 리소스 제거 및 삭제 목록·목표·검증 근거 기록, D,Content/Levels/_GENERATED/User/Boolean_85DFB7B4.uasset
chore(assets): 미사용 시각 리소스 정리 및 변경 이력 문서화,참조 없는 리소스 제거 및 삭제 목록·목표·검증 근거 기록, D,Content/Levels/_GENERATED/User/Boolean_866B1F07.uasset
chore(assets): 미사용 시각 리소스 정리 및 변경 이력 문서화,참조 없는 리소스 제거 및 삭제 목록·목표·검증 근거 기록, D,Content/Levels/_GENERATED/User/Boolean_89CA8EA9.uasset
chore(assets): 미사용 시각 리소스 정리 및 변경 이력 문서화,참조 없는 리소스 제거 및 삭제 목록·목표·검증 근거 기록, D,Content/Levels/_GENERATED/User/Boolean_90CA8672.uasset
chore(assets): 미사용 시각 리소스 정리 및 변경 이력 문서화,참조 없는 리소스 제거 및 삭제 목록·목표·검증 근거 기록, D,Content/Levels/_GENERATED/User/Boolean_92FB7015.uasset
chore(assets): 미사용 시각 리소스 정리 및 변경 이력 문서화,참조 없는 리소스 제거 및 삭제 목록·목표·검증 근거 기록, D,Content/Levels/_GENERATED/User/Boolean_9A47D9C2.uasset
chore(assets): 미사용 시각 리소스 정리 및 변경 이력 문서화,참조 없는 리소스 제거 및 삭제 목록·목표·검증 근거 기록, D,Content/Levels/_GENERATED/User/Boolean_9ADA1F99.uasset
chore(assets): 미사용 시각 리소스 정리 및 변경 이력 문서화,참조 없는 리소스 제거 및 삭제 목록·목표·검증 근거 기록, D,Content/Levels/_GENERATED/User/Boolean_9AF75809.uasset
chore(assets): 미사용 시각 리소스 정리 및 변경 이력 문서화,참조 없는 리소스 제거 및 삭제 목록·목표·검증 근거 기록, D,Content/Levels/_GENERATED/User/Boolean_9B39A8B0.uasset
chore(assets): 미사용 시각 리소스 정리 및 변경 이력 문서화,참조 없는 리소스 제거 및 삭제 목록·목표·검증 근거 기록, D,Content/Levels/_GENERATED/User/Boolean_9BD01686.uasset
chore(assets): 미사용 시각 리소스 정리 및 변경 이력 문서화,참조 없는 리소스 제거 및 삭제 목록·목표·검증 근거 기록, D,Content/Levels/_GENERATED/User/Boolean_9C7D4ED6.uasset
chore(assets): 미사용 시각 리소스 정리 및 변경 이력 문서화,참조 없는 리소스 제거 및 삭제 목록·목표·검증 근거 기록, D,Content/Levels/_GENERATED/User/Boolean_9D04B910.uasset
chore(assets): 미사용 시각 리소스 정리 및 변경 이력 문서화,참조 없는 리소스 제거 및 삭제 목록·목표·검증 근거 기록, D,Content/Levels/_GENERATED/User/Boolean_9EA0C64E.uasset
chore(assets): 미사용 시각 리소스 정리 및 변경 이력 문서화,참조 없는 리소스 제거 및 삭제 목록·목표·검증 근거 기록, D,Content/Levels/_GENERATED/User/Boolean_A2077CD4.uasset
chore(assets): 미사용 시각 리소스 정리 및 변경 이력 문서화,참조 없는 리소스 제거 및 삭제 목록·목표·검증 근거 기록, D,Content/Levels/_GENERATED/User/Boolean_A38B428D.uasset
chore(assets): 미사용 시각 리소스 정리 및 변경 이력 문서화,참조 없는 리소스 제거 및 삭제 목록·목표·검증 근거 기록, D,Content/Levels/_GENERATED/User/Boolean_AF01FB2B.uasset
chore(assets): 미사용 시각 리소스 정리 및 변경 이력 문서화,참조 없는 리소스 제거 및 삭제 목록·목표·검증 근거 기록, D,Content/Levels/_GENERATED/User/Boolean_B3C14CB2.uasset
chore(assets): 미사용 시각 리소스 정리 및 변경 이력 문서화,참조 없는 리소스 제거 및 삭제 목록·목표·검증 근거 기록, D,Content/Levels/_GENERATED/User/Boolean_C09C86D4.uasset
chore(assets): 미사용 시각 리소스 정리 및 변경 이력 문서화,참조 없는 리소스 제거 및 삭제 목록·목표·검증 근거 기록, D,Content/Levels/_GENERATED/User/Boolean_C59BAAED.uasset
chore(assets): 미사용 시각 리소스 정리 및 변경 이력 문서화,참조 없는 리소스 제거 및 삭제 목록·목표·검증 근거 기록, D,Content/Levels/_GENERATED/User/Boolean_C5B72529.uasset
chore(assets): 미사용 시각 리소스 정리 및 변경 이력 문서화,참조 없는 리소스 제거 및 삭제 목록·목표·검증 근거 기록, D,Content/Levels/_GENERATED/User/Boolean_C8966D12.uasset
chore(assets): 미사용 시각 리소스 정리 및 변경 이력 문서화,참조 없는 리소스 제거 및 삭제 목록·목표·검증 근거 기록, D,Content/Levels/_GENERATED/User/Boolean_CA50B72E.uasset
chore(assets): 미사용 시각 리소스 정리 및 변경 이력 문서화,참조 없는 리소스 제거 및 삭제 목록·목표·검증 근거 기록, D,Content/Levels/_GENERATED/User/Boolean_CB87386F.uasset
chore(assets): 미사용 시각 리소스 정리 및 변경 이력 문서화,참조 없는 리소스 제거 및 삭제 목록·목표·검증 근거 기록, D,Content/Levels/_GENERATED/User/Boolean_CCD70EB8.uasset
chore(assets): 미사용 시각 리소스 정리 및 변경 이력 문서화,참조 없는 리소스 제거 및 삭제 목록·목표·검증 근거 기록, D,Content/Levels/_GENERATED/User/Boolean_CE40DCEA.uasset
chore(assets): 미사용 시각 리소스 정리 및 변경 이력 문서화,참조 없는 리소스 제거 및 삭제 목록·목표·검증 근거 기록, D,Content/Levels/_GENERATED/User/Boolean_D3156D83.uasset
chore(assets): 미사용 시각 리소스 정리 및 변경 이력 문서화,참조 없는 리소스 제거 및 삭제 목록·목표·검증 근거 기록, D,Content/Levels/_GENERATED/User/Boolean_D3476AA4.uasset
chore(assets): 미사용 시각 리소스 정리 및 변경 이력 문서화,참조 없는 리소스 제거 및 삭제 목록·목표·검증 근거 기록, D,Content/Levels/_GENERATED/User/Boolean_D891C96B.uasset
chore(assets): 미사용 시각 리소스 정리 및 변경 이력 문서화,참조 없는 리소스 제거 및 삭제 목록·목표·검증 근거 기록, D,Content/Levels/_GENERATED/User/Boolean_D92A2AC5.uasset
chore(assets): 미사용 시각 리소스 정리 및 변경 이력 문서화,참조 없는 리소스 제거 및 삭제 목록·목표·검증 근거 기록, D,Content/Levels/_GENERATED/User/Boolean_DE17930E.uasset
chore(assets): 미사용 시각 리소스 정리 및 변경 이력 문서화,참조 없는 리소스 제거 및 삭제 목록·목표·검증 근거 기록, D,Content/Levels/_GENERATED/User/Boolean_F6194D04.uasset
chore(assets): 미사용 시각 리소스 정리 및 변경 이력 문서화,참조 없는 리소스 제거 및 삭제 목록·목표·검증 근거 기록, D,Content/Levels/_GENERATED/User/Boolean_F6E47F7E.uasset
chore(assets): 미사용 시각 리소스 정리 및 변경 이력 문서화,참조 없는 리소스 제거 및 삭제 목록·목표·검증 근거 기록, D,Content/Levels/_GENERATED/User/Boolean_FDC6A8B4.uasset
chore(assets): 미사용 시각 리소스 정리 및 변경 이력 문서화,참조 없는 리소스 제거 및 삭제 목록·목표·검증 근거 기록, D,Content/Levels/_GENERATED/User/Box_192850F2.uasset
chore(assets): 미사용 시각 리소스 정리 및 변경 이력 문서화,참조 없는 리소스 제거 및 삭제 목록·목표·검증 근거 기록, D,Content/Levels/_GENERATED/User/Box_19D76F88.uasset
chore(assets): 미사용 시각 리소스 정리 및 변경 이력 문서화,참조 없는 리소스 제거 및 삭제 목록·목표·검증 근거 기록, D,Content/Levels/_GENERATED/User/Box_1CED82C9.uasset
chore(assets): 미사용 시각 리소스 정리 및 변경 이력 문서화,참조 없는 리소스 제거 및 삭제 목록·목표·검증 근거 기록, D,Content/Levels/_GENERATED/User/Box_2DB60565.uasset
chore(assets): 미사용 시각 리소스 정리 및 변경 이력 문서화,참조 없는 리소스 제거 및 삭제 목록·목표·검증 근거 기록, D,Content/Levels/_GENERATED/User/Box_4B092815.uasset
chore(assets): 미사용 시각 리소스 정리 및 변경 이력 문서화,참조 없는 리소스 제거 및 삭제 목록·목표·검증 근거 기록, D,Content/Levels/_GENERATED/User/Box_A383CA4B.uasset
chore(assets): 미사용 시각 리소스 정리 및 변경 이력 문서화,참조 없는 리소스 제거 및 삭제 목록·목표·검증 근거 기록, D,Content/Levels/_GENERATED/User/Box_D4D60D7F.uasset
chore(assets): 미사용 시각 리소스 정리 및 변경 이력 문서화,참조 없는 리소스 제거 및 삭제 목록·목표·검증 근거 기록, D,Content/Levels/_GENERATED/User/Box_F0A09387.uasset
chore(assets): 미사용 시각 리소스 정리 및 변경 이력 문서화,참조 없는 리소스 제거 및 삭제 목록·목표·검증 근거 기록, D,Content/Levels/_GENERATED/User/Cylinder_0FE5FA5B.uasset
chore(assets): 미사용 시각 리소스 정리 및 변경 이력 문서화,참조 없는 리소스 제거 및 삭제 목록·목표·검증 근거 기록, D,Content/Levels/_GENERATED/User/Cylinder_2FFD9C3A.uasset
chore(assets): 미사용 시각 리소스 정리 및 변경 이력 문서화,참조 없는 리소스 제거 및 삭제 목록·목표·검증 근거 기록, D,Content/Levels/_GENERATED/User/Cylinder_5ECCB5B2.uasset
chore(assets): 미사용 시각 리소스 정리 및 변경 이력 문서화,참조 없는 리소스 제거 및 삭제 목록·목표·검증 근거 기록, D,Content/Levels/_GENERATED/User/Cylinder_647F8400.uasset
chore(assets): 미사용 시각 리소스 정리 및 변경 이력 문서화,참조 없는 리소스 제거 및 삭제 목록·목표·검증 근거 기록, D,Content/Levels/_GENERATED/User/Cylinder_A3E86EC3.uasset
chore(assets): 미사용 시각 리소스 정리 및 변경 이력 문서화,참조 없는 리소스 제거 및 삭제 목록·목표·검증 근거 기록, D,Content/Levels/_GENERATED/User/Cylinder_C0465FAF.uasset
chore(assets): 미사용 시각 리소스 정리 및 변경 이력 문서화,참조 없는 리소스 제거 및 삭제 목록·목표·검증 근거 기록, D,Content/Levels/_GENERATED/User/Cylinder_C8A358AF.uasset
chore(assets): 미사용 시각 리소스 정리 및 변경 이력 문서화,참조 없는 리소스 제거 및 삭제 목록·목표·검증 근거 기록, D,Content/Levels/_GENERATED/User/Cylinder_D39453EA.uasset
chore(assets): 미사용 시각 리소스 정리 및 변경 이력 문서화,참조 없는 리소스 제거 및 삭제 목록·목표·검증 근거 기록, D,Content/Levels/_GENERATED/User/Cylinder_D41F12CB.uasset
chore(assets): 미사용 시각 리소스 정리 및 변경 이력 문서화,참조 없는 리소스 제거 및 삭제 목록·목표·검증 근거 기록, D,Content/Levels/_GENERATED/User/Cylinder_D5BB770C.uasset
chore(assets): 미사용 시각 리소스 정리 및 변경 이력 문서화,참조 없는 리소스 제거 및 삭제 목록·목표·검증 근거 기록, D,Content/Levels/_GENERATED/User/Disc_DC39B0E2.uasset
chore(assets): 미사용 시각 리소스 정리 및 변경 이력 문서화,참조 없는 리소스 제거 및 삭제 목록·목표·검증 근거 기록, D,Content/Levels/_GENERATED/User/SM_Gate_0_9FA06E50.uasset
chore(assets): 미사용 시각 리소스 정리 및 변경 이력 문서화,참조 없는 리소스 제거 및 삭제 목록·목표·검증 근거 기록, D,Content/Levels/_GENERATED/User/SM_Gate_10_8110655A.uasset
chore(assets): 미사용 시각 리소스 정리 및 변경 이력 문서화,참조 없는 리소스 제거 및 삭제 목록·목표·검증 근거 기록, D,Content/Levels/_GENERATED/User/SM_Gate_11_5245A5BB.uasset
chore(assets): 미사용 시각 리소스 정리 및 변경 이력 문서화,참조 없는 리소스 제거 및 삭제 목록·목표·검증 근거 기록, D,Content/Levels/_GENERATED/User/SM_Gate_12_A68137E1.uasset
chore(assets): 미사용 시각 리소스 정리 및 변경 이력 문서화,참조 없는 리소스 제거 및 삭제 목록·목표·검증 근거 기록, D,Content/Levels/_GENERATED/User/SM_Gate_13_4CD87D41.uasset
chore(assets): 미사용 시각 리소스 정리 및 변경 이력 문서화,참조 없는 리소스 제거 및 삭제 목록·목표·검증 근거 기록, D,Content/Levels/_GENERATED/User/SM_Gate_14_D2685F5A.uasset
chore(assets): 미사용 시각 리소스 정리 및 변경 이력 문서화,참조 없는 리소스 제거 및 삭제 목록·목표·검증 근거 기록, D,Content/Levels/_GENERATED/User/SM_Gate_15_2CB24ADA.uasset
chore(assets): 미사용 시각 리소스 정리 및 변경 이력 문서화,참조 없는 리소스 제거 및 삭제 목록·목표·검증 근거 기록, D,Content/Levels/_GENERATED/User/SM_Gate_16_1B7324D2.uasset
chore(assets): 미사용 시각 리소스 정리 및 변경 이력 문서화,참조 없는 리소스 제거 및 삭제 목록·목표·검증 근거 기록, D,Content/Levels/_GENERATED/User/SM_Gate_17_213BDF46.uasset
chore(assets): 미사용 시각 리소스 정리 및 변경 이력 문서화,참조 없는 리소스 제거 및 삭제 목록·목표·검증 근거 기록, D,Content/Levels/_GENERATED/User/SM_Gate_18_93608B02.uasset
chore(assets): 미사용 시각 리소스 정리 및 변경 이력 문서화,참조 없는 리소스 제거 및 삭제 목록·목표·검증 근거 기록, D,Content/Levels/_GENERATED/User/SM_Gate_19_A4EB2DCC.uasset
chore(assets): 미사용 시각 리소스 정리 및 변경 이력 문서화,참조 없는 리소스 제거 및 삭제 목록·목표·검증 근거 기록, D,Content/Levels/_GENERATED/User/SM_Gate_1_77CE7326.uasset
chore(assets): 미사용 시각 리소스 정리 및 변경 이력 문서화,참조 없는 리소스 제거 및 삭제 목록·목표·검증 근거 기록, D,Content/Levels/_GENERATED/User/SM_Gate_20_3572FD83.uasset
chore(assets): 미사용 시각 리소스 정리 및 변경 이력 문서화,참조 없는 리소스 제거 및 삭제 목록·목표·검증 근거 기록, D,Content/Levels/_GENERATED/User/SM_Gate_21_AFBD87B8.uasset
chore(assets): 미사용 시각 리소스 정리 및 변경 이력 문서화,참조 없는 리소스 제거 및 삭제 목록·목표·검증 근거 기록, D,Content/Levels/_GENERATED/User/SM_Gate_22_0F685302.uasset
chore(assets): 미사용 시각 리소스 정리 및 변경 이력 문서화,참조 없는 리소스 제거 및 삭제 목록·목표·검증 근거 기록, D,Content/Levels/_GENERATED/User/SM_Gate_23_76203D95.uasset
chore(assets): 미사용 시각 리소스 정리 및 변경 이력 문서화,참조 없는 리소스 제거 및 삭제 목록·목표·검증 근거 기록, D,Content/Levels/_GENERATED/User/SM_Gate_24_267A4CBB.uasset
chore(assets): 미사용 시각 리소스 정리 및 변경 이력 문서화,참조 없는 리소스 제거 및 삭제 목록·목표·검증 근거 기록, D,Content/Levels/_GENERATED/User/SM_Gate_25_9F8B2104.uasset
chore(assets): 미사용 시각 리소스 정리 및 변경 이력 문서화,참조 없는 리소스 제거 및 삭제 목록·목표·검증 근거 기록, D,Content/Levels/_GENERATED/User/SM_Gate_26_A9FD2C84.uasset
chore(assets): 미사용 시각 리소스 정리 및 변경 이력 문서화,참조 없는 리소스 제거 및 삭제 목록·목표·검증 근거 기록, D,Content/Levels/_GENERATED/User/SM_Gate_27_7AD16BF9.uasset
chore(assets): 미사용 시각 리소스 정리 및 변경 이력 문서화,참조 없는 리소스 제거 및 삭제 목록·목표·검증 근거 기록, D,Content/Levels/_GENERATED/User/SM_Gate_28_CD0B0374.uasset
chore(assets): 미사용 시각 리소스 정리 및 변경 이력 문서화,참조 없는 리소스 제거 및 삭제 목록·목표·검증 근거 기록, D,Content/Levels/_GENERATED/User/SM_Gate_29_ECF06A9A.uasset
chore(assets): 미사용 시각 리소스 정리 및 변경 이력 문서화,참조 없는 리소스 제거 및 삭제 목록·목표·검증 근거 기록, D,Content/Levels/_GENERATED/User/SM_Gate_2_DC201530.uasset
chore(assets): 미사용 시각 리소스 정리 및 변경 이력 문서화,참조 없는 리소스 제거 및 삭제 목록·목표·검증 근거 기록, D,Content/Levels/_GENERATED/User/SM_Gate_30_57E8D305.uasset
chore(assets): 미사용 시각 리소스 정리 및 변경 이력 문서화,참조 없는 리소스 제거 및 삭제 목록·목표·검증 근거 기록, D,Content/Levels/_GENERATED/User/SM_Gate_31_7857C5C6.uasset
chore(assets): 미사용 시각 리소스 정리 및 변경 이력 문서화,참조 없는 리소스 제거 및 삭제 목록·목표·검증 근거 기록, D,Content/Levels/_GENERATED/User/SM_Gate_32_7D0ACA0A.uasset
chore(assets): 미사용 시각 리소스 정리 및 변경 이력 문서화,참조 없는 리소스 제거 및 삭제 목록·목표·검증 근거 기록, D,Content/Levels/_GENERATED/User/SM_Gate_33_03229AA8.uasset
chore(assets): 미사용 시각 리소스 정리 및 변경 이력 문서화,참조 없는 리소스 제거 및 삭제 목록·목표·검증 근거 기록, D,Content/Levels/_GENERATED/User/SM_Gate_34_CA7CCE06.uasset
chore(assets): 미사용 시각 리소스 정리 및 변경 이력 문서화,참조 없는 리소스 제거 및 삭제 목록·목표·검증 근거 기록, D,Content/Levels/_GENERATED/User/SM_Gate_35_5215D3A3.uasset
chore(assets): 미사용 시각 리소스 정리 및 변경 이력 문서화,참조 없는 리소스 제거 및 삭제 목록·목표·검증 근거 기록, D,Content/Levels/_GENERATED/User/SM_Gate_36_CB6B2E8A.uasset
chore(assets): 미사용 시각 리소스 정리 및 변경 이력 문서화,참조 없는 리소스 제거 및 삭제 목록·목표·검증 근거 기록, D,Content/Levels/_GENERATED/User/SM_Gate_37_C102B31E.uasset
chore(assets): 미사용 시각 리소스 정리 및 변경 이력 문서화,참조 없는 리소스 제거 및 삭제 목록·목표·검증 근거 기록, D,Content/Levels/_GENERATED/User/SM_Gate_38_92D2C19D.uasset
chore(assets): 미사용 시각 리소스 정리 및 변경 이력 문서화,참조 없는 리소스 제거 및 삭제 목록·목표·검증 근거 기록, D,Content/Levels/_GENERATED/User/SM_Gate_39_41B7C240.uasset
chore(assets): 미사용 시각 리소스 정리 및 변경 이력 문서화,참조 없는 리소스 제거 및 삭제 목록·목표·검증 근거 기록, D,Content/Levels/_GENERATED/User/SM_Gate_3_AACAAB57.uasset
chore(assets): 미사용 시각 리소스 정리 및 변경 이력 문서화,참조 없는 리소스 제거 및 삭제 목록·목표·검증 근거 기록, D,Content/Levels/_GENERATED/User/SM_Gate_40_CAB25C7E.uasset
chore(assets): 미사용 시각 리소스 정리 및 변경 이력 문서화,참조 없는 리소스 제거 및 삭제 목록·목표·검증 근거 기록, D,Content/Levels/_GENERATED/User/SM_Gate_41_68C38606.uasset
chore(assets): 미사용 시각 리소스 정리 및 변경 이력 문서화,참조 없는 리소스 제거 및 삭제 목록·목표·검증 근거 기록, D,Content/Levels/_GENERATED/User/SM_Gate_42_335AED65.uasset
chore(assets): 미사용 시각 리소스 정리 및 변경 이력 문서화,참조 없는 리소스 제거 및 삭제 목록·목표·검증 근거 기록, D,Content/Levels/_GENERATED/User/SM_Gate_43_3C13AF9A.uasset
chore(assets): 미사용 시각 리소스 정리 및 변경 이력 문서화,참조 없는 리소스 제거 및 삭제 목록·목표·검증 근거 기록, D,Content/Levels/_GENERATED/User/SM_Gate_44_4FB56854.uasset
chore(assets): 미사용 시각 리소스 정리 및 변경 이력 문서화,참조 없는 리소스 제거 및 삭제 목록·목표·검증 근거 기록, D,Content/Levels/_GENERATED/User/SM_Gate_45_AC0BCB01.uasset
chore(assets): 미사용 시각 리소스 정리 및 변경 이력 문서화,참조 없는 리소스 제거 및 삭제 목록·목표·검증 근거 기록, D,Content/Levels/_GENERATED/User/SM_Gate_46_C850E28A.uasset
chore(assets): 미사용 시각 리소스 정리 및 변경 이력 문서화,참조 없는 리소스 제거 및 삭제 목록·목표·검증 근거 기록, D,Content/Levels/_GENERATED/User/SM_Gate_47_9DBC4416.uasset
chore(assets): 미사용 시각 리소스 정리 및 변경 이력 문서화,참조 없는 리소스 제거 및 삭제 목록·목표·검증 근거 기록, D,Content/Levels/_GENERATED/User/SM_Gate_48_0C0C764B.uasset
chore(assets): 미사용 시각 리소스 정리 및 변경 이력 문서화,참조 없는 리소스 제거 및 삭제 목록·목표·검증 근거 기록, D,Content/Levels/_GENERATED/User/SM_Gate_49_ED52E8F4.uasset
chore(assets): 미사용 시각 리소스 정리 및 변경 이력 문서화,참조 없는 리소스 제거 및 삭제 목록·목표·검증 근거 기록, D,Content/Levels/_GENERATED/User/SM_Gate_4_BA49DCD8.uasset
chore(assets): 미사용 시각 리소스 정리 및 변경 이력 문서화,참조 없는 리소스 제거 및 삭제 목록·목표·검증 근거 기록, D,Content/Levels/_GENERATED/User/SM_Gate_50_20FCCC9D.uasset
chore(assets): 미사용 시각 리소스 정리 및 변경 이력 문서화,참조 없는 리소스 제거 및 삭제 목록·목표·검증 근거 기록, D,Content/Levels/_GENERATED/User/SM_Gate_51_1690F8A6.uasset
chore(assets): 미사용 시각 리소스 정리 및 변경 이력 문서화,참조 없는 리소스 제거 및 삭제 목록·목표·검증 근거 기록, D,Content/Levels/_GENERATED/User/SM_Gate_52_7F0C3D33.uasset
chore(assets): 미사용 시각 리소스 정리 및 변경 이력 문서화,참조 없는 리소스 제거 및 삭제 목록·목표·검증 근거 기록, D,Content/Levels/_GENERATED/User/SM_Gate_53_325C5374.uasset
chore(assets): 미사용 시각 리소스 정리 및 변경 이력 문서화,참조 없는 리소스 제거 및 삭제 목록·목표·검증 근거 기록, D,Content/Levels/_GENERATED/User/SM_Gate_54_FAE874D5.uasset
chore(assets): 미사용 시각 리소스 정리 및 변경 이력 문서화,참조 없는 리소스 제거 및 삭제 목록·목표·검증 근거 기록, D,Content/Levels/_GENERATED/User/SM_Gate_55_6230538E.uasset
chore(assets): 미사용 시각 리소스 정리 및 변경 이력 문서화,참조 없는 리소스 제거 및 삭제 목록·목표·검증 근거 기록, D,Content/Levels/_GENERATED/User/SM_Gate_56_8B2CBAB5.uasset
chore(assets): 미사용 시각 리소스 정리 및 변경 이력 문서화,참조 없는 리소스 제거 및 삭제 목록·목표·검증 근거 기록, D,Content/Levels/_GENERATED/User/SM_Gate_57_CEDE7860.uasset
chore(assets): 미사용 시각 리소스 정리 및 변경 이력 문서화,참조 없는 리소스 제거 및 삭제 목록·목표·검증 근거 기록, D,Content/Levels/_GENERATED/User/SM_Gate_58_69AA9AC4.uasset
chore(assets): 미사용 시각 리소스 정리 및 변경 이력 문서화,참조 없는 리소스 제거 및 삭제 목록·목표·검증 근거 기록, D,Content/Levels/_GENERATED/User/SM_Gate_59_51088E1C.uasset
chore(assets): 미사용 시각 리소스 정리 및 변경 이력 문서화,참조 없는 리소스 제거 및 삭제 목록·목표·검증 근거 기록, D,Content/Levels/_GENERATED/User/SM_Gate_5_845D4556.uasset
chore(assets): 미사용 시각 리소스 정리 및 변경 이력 문서화,참조 없는 리소스 제거 및 삭제 목록·목표·검증 근거 기록, D,Content/Levels/_GENERATED/User/SM_Gate_60_B0FCA6F9.uasset
chore(assets): 미사용 시각 리소스 정리 및 변경 이력 문서화,참조 없는 리소스 제거 및 삭제 목록·목표·검증 근거 기록, D,Content/Levels/_GENERATED/User/SM_Gate_61_32B5610C.uasset
chore(assets): 미사용 시각 리소스 정리 및 변경 이력 문서화,참조 없는 리소스 제거 및 삭제 목록·목표·검증 근거 기록, D,Content/Levels/_GENERATED/User/SM_Gate_62_6881B083.uasset
chore(assets): 미사용 시각 리소스 정리 및 변경 이력 문서화,참조 없는 리소스 제거 및 삭제 목록·목표·검증 근거 기록, D,Content/Levels/_GENERATED/User/SM_Gate_63_F2165FDA.uasset
chore(assets): 미사용 시각 리소스 정리 및 변경 이력 문서화,참조 없는 리소스 제거 및 삭제 목록·목표·검증 근거 기록, D,Content/Levels/_GENERATED/User/SM_Gate_6_CADDCFC8.uasset
chore(assets): 미사용 시각 리소스 정리 및 변경 이력 문서화,참조 없는 리소스 제거 및 삭제 목록·목표·검증 근거 기록, D,Content/Levels/_GENERATED/User/SM_Gate_7_A2F3037D.uasset
chore(assets): 미사용 시각 리소스 정리 및 변경 이력 문서화,참조 없는 리소스 제거 및 삭제 목록·목표·검증 근거 기록, D,Content/Levels/_GENERATED/User/SM_Gate_8_943BD176.uasset
chore(assets): 미사용 시각 리소스 정리 및 변경 이력 문서화,참조 없는 리소스 제거 및 삭제 목록·목표·검증 근거 기록, D,Content/Levels/_GENERATED/User/SM_Gate_9_6D09AE7B.uasset
chore(assets): 미사용 시각 리소스 정리 및 변경 이력 문서화,참조 없는 리소스 제거 및 삭제 목록·목표·검증 근거 기록, D,Content/Levels/_GENERATED/User/SM_Gate_Submesh_2D7FB6CC.uasset
chore(assets): 미사용 시각 리소스 정리 및 변경 이력 문서화,참조 없는 리소스 제거 및 삭제 목록·목표·검증 근거 기록, D,Content/Levels/_GENERATED/User/School_Classroom_Prop_A_9_F96A87B1.uasset
chore(assets): 미사용 시각 리소스 정리 및 변경 이력 문서화,참조 없는 리소스 제거 및 삭제 목록·목표·검증 근거 기록, D,Content/Levels/_GENERATED/User/skeleton_stack_10_709170FC.uasset
chore(assets): 미사용 시각 리소스 정리 및 변경 이력 문서화,참조 없는 리소스 제거 및 삭제 목록·목표·검증 근거 기록, D,Content/Levels/_GENERATED/User/skeleton_stack_10_80B0597D.uasset
chore(assets): 미사용 시각 리소스 정리 및 변경 이력 문서화,참조 없는 리소스 제거 및 삭제 목록·목표·검증 근거 기록, D,Content/Levels/_GENERATED/User/skeleton_stack_1_3709F49E.uasset
chore(assets): 미사용 시각 리소스 정리 및 변경 이력 문서화,참조 없는 리소스 제거 및 삭제 목록·목표·검증 근거 기록, D,Content/Levels/_GENERATED/User/skeleton_stack_1_D31E5E20.uasset
chore(assets): 미사용 시각 리소스 정리 및 변경 이력 문서화,참조 없는 리소스 제거 및 삭제 목록·목표·검증 근거 기록, D,Content/Levels/_GENERATED/User/skeleton_stack_2_7E01A89B.uasset
chore(assets): 미사용 시각 리소스 정리 및 변경 이력 문서화,참조 없는 리소스 제거 및 삭제 목록·목표·검증 근거 기록, D,Content/Levels/_GENERATED/User/skeleton_stack_3_EA6A4110.uasset
chore(assets): 미사용 시각 리소스 정리 및 변경 이력 문서화,참조 없는 리소스 제거 및 삭제 목록·목표·검증 근거 기록, D,Content/Levels/_GENERATED/User/skeleton_stack_4_A0FA9811.uasset
chore(assets): 미사용 시각 리소스 정리 및 변경 이력 문서화,참조 없는 리소스 제거 및 삭제 목록·목표·검증 근거 기록, D,Content/Levels/_GENERATED/User/skeleton_stack_5_372F9069.uasset
chore(assets): 미사용 시각 리소스 정리 및 변경 이력 문서화,참조 없는 리소스 제거 및 삭제 목록·목표·검증 근거 기록, D,Content/Levels/_GENERATED/User/skeleton_stack_6_53B44688.uasset
chore(assets): 미사용 시각 리소스 정리 및 변경 이력 문서화,참조 없는 리소스 제거 및 삭제 목록·목표·검증 근거 기록, D,Content/Levels/_GENERATED/User/skeleton_stack_7_CA579E7B.uasset
chore(assets): 미사용 시각 리소스 정리 및 변경 이력 문서화,참조 없는 리소스 제거 및 삭제 목록·목표·검증 근거 기록, D,Content/Levels/_GENERATED/User/skeleton_stack_8_5BA5F2B3.uasset
chore(assets): 미사용 시각 리소스 정리 및 변경 이력 문서화,참조 없는 리소스 제거 및 삭제 목록·목표·검증 근거 기록, D,Content/Levels/_GENERATED/User/skeleton_stack_8_E1A64CA2.uasset
chore(assets): 미사용 시각 리소스 정리 및 변경 이력 문서화,참조 없는 리소스 제거 및 삭제 목록·목표·검증 근거 기록, D,Content/Levels/_GENERATED/User/skeleton_stack_9_30234D81.uasset
chore(assets): 미사용 시각 리소스 정리 및 변경 이력 문서화,참조 없는 리소스 제거 및 삭제 목록·목표·검증 근거 기록, D,Content/Levels/_GENERATED/User/skeleton_stack_9_3A3A6C74.uasset
chore(assets): 미사용 시각 리소스 정리 및 변경 이력 문서화,참조 없는 리소스 제거 및 삭제 목록·목표·검증 근거 기록, D,Content/Levels/_GENERATED/User/skeleton_stack_A05AB163.uasset
chore(assets): 미사용 시각 리소스 정리 및 변경 이력 문서화,참조 없는 리소스 제거 및 삭제 목록·목표·검증 근거 기록, D,Content/LuosCaves/Mat_functions/Luos_CaveWallTexMerger_RMA.uasset
chore(assets): 미사용 시각 리소스 정리 및 변경 이력 문서화,참조 없는 리소스 제거 및 삭제 목록·목표·검증 근거 기록, D,Content/LuosCaves/Mat_functions/MF_LuTesselation_Setup.uasset
chore(assets): 미사용 시각 리소스 정리 및 변경 이력 문서화,참조 없는 리소스 제거 및 삭제 목록·목표·검증 근거 기록, D,Content/LuosCaves/Materials/Extra_Prop_Instances/MI_Fogsheet_Instance.uasset
chore(assets): 미사용 시각 리소스 정리 및 변경 이력 문서화,참조 없는 리소스 제거 및 삭제 목록·목표·검증 근거 기록, D,Content/LuosCaves/Materials/Extra_Prop_Instances/MI_emissive_Mushrooms_Green.uasset
chore(assets): 미사용 시각 리소스 정리 및 변경 이력 문서화,참조 없는 리소스 제거 및 삭제 목록·목표·검증 근거 기록, D,Content/LuosCaves/Materials/Extra_Prop_Instances/MI_emissive_Mushrooms_Purple.uasset
chore(assets): 미사용 시각 리소스 정리 및 변경 이력 문서화,참조 없는 리소스 제거 및 삭제 목록·목표·검증 근거 기록, D,Content/LuosCaves/Materials/Extra_Prop_Instances/MI_emissive_Mushrooms_Red.uasset
chore(assets): 미사용 시각 리소스 정리 및 변경 이력 문서화,참조 없는 리소스 제거 및 삭제 목록·목표·검증 근거 기록, D,Content/LuosCaves/Materials/MI_LCave_Master_RMA_Instance.uasset
chore(assets): 미사용 시각 리소스 정리 및 변경 이력 문서화,참조 없는 리소스 제거 및 삭제 목록·목표·검증 근거 기록, D,Content/LuosCaves/Materials/M_LCave_CheckerMap.uasset
chore(assets): 미사용 시각 리소스 정리 및 변경 이력 문서화,참조 없는 리소스 제거 및 삭제 목록·목표·검증 근거 기록, D,Content/LuosCaves/Materials/M_LCave_Master_RMA.uasset
chore(assets): 미사용 시각 리소스 정리 및 변경 이력 문서화,참조 없는 리소스 제거 및 삭제 목록·목표·검증 근거 기록, D,Content/LuosCaves/Materials/Modular_Cave_Instances/Dark_Brown02/MII_MCave_DBrown02_SeamCover_HQ.uasset
chore(assets): 미사용 시각 리소스 정리 및 변경 이력 문서화,참조 없는 리소스 제거 및 삭제 목록·목표·검증 근거 기록, D,Content/LuosCaves/Materials/Modular_Cave_Instances/Dark_Brown02/MII_MCave_DBrown02_Seamcover_LQ.uasset
chore(assets): 미사용 시각 리소스 정리 및 변경 이력 문서화,참조 없는 리소스 제거 및 삭제 목록·목표·검증 근거 기록, D,Content/LuosCaves/Materials/Modular_Cave_Instances/Dark_Brown03/MII_MCave_DBrown03_SeamCover_HQ.uasset
chore(assets): 미사용 시각 리소스 정리 및 변경 이력 문서화,참조 없는 리소스 제거 및 삭제 목록·목표·검증 근거 기록, D,Content/LuosCaves/Materials/Modular_Cave_Instances/Dark_Brown03/MII_MCave_DBrown03_SeamCover_LQ.uasset
chore(assets): 미사용 시각 리소스 정리 및 변경 이력 문서화,참조 없는 리소스 제거 및 삭제 목록·목표·검증 근거 기록, D,Content/LuosCaves/Materials/Modular_Cave_Instances/Dark_Brown04/MII_MCave_DBrown04_SeamCover_HQ.uasset
chore(assets): 미사용 시각 리소스 정리 및 변경 이력 문서화,참조 없는 리소스 제거 및 삭제 목록·목표·검증 근거 기록, D,Content/LuosCaves/Materials/Modular_Cave_Instances/Dark_Brown04/MII_MCave_DBrown04_SeamCover_LQ.uasset
chore(assets): 미사용 시각 리소스 정리 및 변경 이력 문서화,참조 없는 리소스 제거 및 삭제 목록·목표·검증 근거 기록, D,Content/LuosCaves/Materials/Modular_Cave_Instances/Dark_Red01/MII_MCave_DRed01_SeamCover_HQ.uasset
chore(assets): 미사용 시각 리소스 정리 및 변경 이력 문서화,참조 없는 리소스 제거 및 삭제 목록·목표·검증 근거 기록, D,Content/LuosCaves/Materials/Modular_Cave_Instances/Dark_Red01/MII_MCave_DRed01_SeamCover_LQ.uasset
chore(assets): 미사용 시각 리소스 정리 및 변경 이력 문서화,참조 없는 리소스 제거 및 삭제 목록·목표·검증 근거 기록, D,Content/LuosCaves/Materials/Modular_Cave_Instances/Dark_Red02/MII_MCave_DRed02_SeamCover_HQ.uasset
chore(assets): 미사용 시각 리소스 정리 및 변경 이력 문서화,참조 없는 리소스 제거 및 삭제 목록·목표·검증 근거 기록, D,Content/LuosCaves/Materials/Modular_Cave_Instances/Dark_Red02/MII_MCave_DRed02_SeamCover_LQ.uasset
chore(assets): 미사용 시각 리소스 정리 및 변경 이력 문서화,참조 없는 리소스 제거 및 삭제 목록·목표·검증 근거 기록, D,Content/LuosCaves/Materials/Modular_Cave_Instances/Dark_Red03/MII_MCave_DRed03_SeamCover_HQ.uasset
chore(assets): 미사용 시각 리소스 정리 및 변경 이력 문서화,참조 없는 리소스 제거 및 삭제 목록·목표·검증 근거 기록, D,Content/LuosCaves/Materials/Modular_Cave_Instances/Dark_Red03/MII_MCave_DRed03_SeamCover_LQ.uasset
chore(assets): 미사용 시각 리소스 정리 및 변경 이력 문서화,참조 없는 리소스 제거 및 삭제 목록·목표·검증 근거 기록, D,Content/LuosCaves/Materials/Modular_Cave_Instances/Dark_Red04/MII_MCave_DRed04_SeamCover_HQ.uasset
chore(assets): 미사용 시각 리소스 정리 및 변경 이력 문서화,참조 없는 리소스 제거 및 삭제 목록·목표·검증 근거 기록, D,Content/LuosCaves/Materials/Modular_Cave_Instances/Dark_Red04/MII_MCave_DRed04_SeamCover_LQ.uasset
chore(assets): 미사용 시각 리소스 정리 및 변경 이력 문서화,참조 없는 리소스 제거 및 삭제 목록·목표·검증 근거 기록, D,Content/LuosCaves/Materials/Modular_Cave_Instances/Free_Moss_Brown01/MII_MCave_Free_MossBrown01_SeamCover_HQ.uasset
chore(assets): 미사용 시각 리소스 정리 및 변경 이력 문서화,참조 없는 리소스 제거 및 삭제 목록·목표·검증 근거 기록, D,Content/LuosCaves/Materials/Modular_Cave_Instances/Free_Moss_Brown01/MII_MCave_Free_MossBrown01_SeamCover_LQ.uasset
chore(assets): 미사용 시각 리소스 정리 및 변경 이력 문서화,참조 없는 리소스 제거 및 삭제 목록·목표·검증 근거 기록, D,Content/LuosCaves/Materials/Modular_Cave_Instances/Gray01/MII_MCave_Gray01_SeamCover_HQ.uasset
chore(assets): 미사용 시각 리소스 정리 및 변경 이력 문서화,참조 없는 리소스 제거 및 삭제 목록·목표·검증 근거 기록, D,Content/LuosCaves/Materials/Modular_Cave_Instances/Gray01/MII_MCave_Gray01_SeamCover_LQ.uasset
chore(assets): 미사용 시각 리소스 정리 및 변경 이력 문서화,참조 없는 리소스 제거 및 삭제 목록·목표·검증 근거 기록, D,Content/LuosCaves/Materials/Modular_Cave_Instances/Gray02/MII_MCave_Gray02_SeamCover_HQ.uasset
chore(assets): 미사용 시각 리소스 정리 및 변경 이력 문서화,참조 없는 리소스 제거 및 삭제 목록·목표·검증 근거 기록, D,Content/LuosCaves/Materials/Modular_Cave_Instances/Gray02/MII_MCave_Gray02_SeamCover_LQ.uasset
chore(assets): 미사용 시각 리소스 정리 및 변경 이력 문서화,참조 없는 리소스 제거 및 삭제 목록·목표·검증 근거 기록, D,Content/LuosCaves/Materials/Modular_Cave_Instances/Gray03/MII_MCave_Gray03_SeamCover_HQ.uasset
chore(assets): 미사용 시각 리소스 정리 및 변경 이력 문서화,참조 없는 리소스 제거 및 삭제 목록·목표·검증 근거 기록, D,Content/LuosCaves/Materials/Modular_Cave_Instances/Gray03/MII_MCave_Gray03_SeamCover_LQ.uasset
chore(assets): 미사용 시각 리소스 정리 및 변경 이력 문서화,참조 없는 리소스 제거 및 삭제 목록·목표·검증 근거 기록, D,Content/LuosCaves/Materials/Modular_Cave_Instances/Gray04/MII_MCave_Gray04_SeamCover_HQ.uasset
chore(assets): 미사용 시각 리소스 정리 및 변경 이력 문서화,참조 없는 리소스 제거 및 삭제 목록·목표·검증 근거 기록, D,Content/LuosCaves/Materials/Modular_Cave_Instances/Gray04/MII_MCave_Gray04_SeamCover_LQ.uasset
chore(assets): 미사용 시각 리소스 정리 및 변경 이력 문서화,참조 없는 리소스 제거 및 삭제 목록·목표·검증 근거 기록, D,Content/LuosCaves/Materials/Modular_Cave_Instances/Gray05/MII_MCave_Gray05_SeamCover_HQ.uasset
chore(assets): 미사용 시각 리소스 정리 및 변경 이력 문서화,참조 없는 리소스 제거 및 삭제 목록·목표·검증 근거 기록, D,Content/LuosCaves/Materials/Modular_Cave_Instances/Gray05/MII_MCave_Gray05_SeamCover_LQ.uasset
chore(assets): 미사용 시각 리소스 정리 및 변경 이력 문서화,참조 없는 리소스 제거 및 삭제 목록·목표·검증 근거 기록, D,Content/LuosCaves/Materials/Modular_Cave_Instances/Gray06/MII_MCave_Gray06_SeamCover_HQ.uasset
chore(assets): 미사용 시각 리소스 정리 및 변경 이력 문서화,참조 없는 리소스 제거 및 삭제 목록·목표·검증 근거 기록, D,Content/LuosCaves/Materials/Modular_Cave_Instances/Gray06/MII_MCave_Gray06_SeamCover_LQ.uasset
chore(assets): 미사용 시각 리소스 정리 및 변경 이력 문서화,참조 없는 리소스 제거 및 삭제 목록·목표·검증 근거 기록, D,Content/LuosCaves/Materials/Modular_Cave_Instances/Gray_Floor01/MII_MCave_GFloor01_SeamCover_HQ.uasset
chore(assets): 미사용 시각 리소스 정리 및 변경 이력 문서화,참조 없는 리소스 제거 및 삭제 목록·목표·검증 근거 기록, D,Content/LuosCaves/Materials/Modular_Cave_Instances/Gray_Floor01/MII_MCave_GFloor01_SeamCover_LQ.uasset
chore(assets): 미사용 시각 리소스 정리 및 변경 이력 문서화,참조 없는 리소스 제거 및 삭제 목록·목표·검증 근거 기록, D,Content/LuosCaves/Materials/Modular_Cave_Instances/Green01/MII_MCave_Green01_SeamCover_HQ.uasset
chore(assets): 미사용 시각 리소스 정리 및 변경 이력 문서화,참조 없는 리소스 제거 및 삭제 목록·목표·검증 근거 기록, D,Content/LuosCaves/Materials/Modular_Cave_Instances/Green01/MII_MCave_Green01_SeamCover_LQ.uasset
chore(assets): 미사용 시각 리소스 정리 및 변경 이력 문서화,참조 없는 리소스 제거 및 삭제 목록·목표·검증 근거 기록, D,Content/LuosCaves/Materials/Modular_Cave_Instances/Green02/MII_MCave_Green02_SeamCover_HQ.uasset
chore(assets): 미사용 시각 리소스 정리 및 변경 이력 문서화,참조 없는 리소스 제거 및 삭제 목록·목표·검증 근거 기록, D,Content/LuosCaves/Materials/Modular_Cave_Instances/Green02/MII_MCave_Green02_SeamCover_LQ.uasset
chore(assets): 미사용 시각 리소스 정리 및 변경 이력 문서화,참조 없는 리소스 제거 및 삭제 목록·목표·검증 근거 기록, D,Content/LuosCaves/Materials/Modular_Cave_Instances/Green03/MII_MCave_Green03_SeamCover_HQ.uasset
chore(assets): 미사용 시각 리소스 정리 및 변경 이력 문서화,참조 없는 리소스 제거 및 삭제 목록·목표·검증 근거 기록, D,Content/LuosCaves/Materials/Modular_Cave_Instances/Green03/MII_MCave_Green03_SeamCover_LQ.uasset
chore(assets): 미사용 시각 리소스 정리 및 변경 이력 문서화,참조 없는 리소스 제거 및 삭제 목록·목표·검증 근거 기록, D,Content/LuosCaves/Materials/Modular_Cave_Instances/Green04/MII_MCave_Green04_SeamCover_HQ.uasset
chore(assets): 미사용 시각 리소스 정리 및 변경 이력 문서화,참조 없는 리소스 제거 및 삭제 목록·목표·검증 근거 기록, D,Content/LuosCaves/Materials/Modular_Cave_Instances/Green04/MII_MCave_Green04_SeamCover_LQ.uasset
chore(assets): 미사용 시각 리소스 정리 및 변경 이력 문서화,참조 없는 리소스 제거 및 삭제 목록·목표·검증 근거 기록, D,Content/LuosCaves/Materials/Modular_Cave_Instances/Green05/MII_MCave_Green05_SeamCover_HQ.uasset
chore(assets): 미사용 시각 리소스 정리 및 변경 이력 문서화,참조 없는 리소스 제거 및 삭제 목록·목표·검증 근거 기록, D,Content/LuosCaves/Materials/Modular_Cave_Instances/Green05/MII_MCave_Green05_SeamCover_LQ.uasset
chore(assets): 미사용 시각 리소스 정리 및 변경 이력 문서화,참조 없는 리소스 제거 및 삭제 목록·목표·검증 근거 기록, D,Content/LuosCaves/Materials/Modular_Cave_Instances/Light_Brown01/MII_MCave_LBrown01_SeamCover_HQ.uasset
chore(assets): 미사용 시각 리소스 정리 및 변경 이력 문서화,참조 없는 리소스 제거 및 삭제 목록·목표·검증 근거 기록, D,Content/LuosCaves/Materials/Modular_Cave_Instances/Light_Brown01/MII_MCave_LBrown01_SeamCover_LQ.uasset
chore(assets): 미사용 시각 리소스 정리 및 변경 이력 문서화,참조 없는 리소스 제거 및 삭제 목록·목표·검증 근거 기록, D,Content/LuosCaves/Materials/Modular_Cave_Instances/Light_Brown02/MII_MCave_LBrown02_SeamCover_HQ.uasset
chore(assets): 미사용 시각 리소스 정리 및 변경 이력 문서화,참조 없는 리소스 제거 및 삭제 목록·목표·검증 근거 기록, D,Content/LuosCaves/Materials/Modular_Cave_Instances/Light_Brown02/MII_MCave_LBrown02_SeamCover_LQ.uasset
chore(assets): 미사용 시각 리소스 정리 및 변경 이력 문서화,참조 없는 리소스 제거 및 삭제 목록·목표·검증 근거 기록, D,Content/LuosCaves/Materials/Modular_Cave_Instances/Light_Brown03/MII_MCave_LBrown03_SeamCover_HQ.uasset
chore(assets): 미사용 시각 리소스 정리 및 변경 이력 문서화,참조 없는 리소스 제거 및 삭제 목록·목표·검증 근거 기록, D,Content/LuosCaves/Materials/Modular_Cave_Instances/Light_Brown03/MII_MCave_LBrown03_SeamCover_LQ.uasset
chore(assets): 미사용 시각 리소스 정리 및 변경 이력 문서화,참조 없는 리소스 제거 및 삭제 목록·목표·검증 근거 기록, D,Content/LuosCaves/Materials/Modular_Cave_Instances/Light_Brown04/MII_MCave_LBrown04_SeamCover_HQ.uasset
chore(assets): 미사용 시각 리소스 정리 및 변경 이력 문서화,참조 없는 리소스 제거 및 삭제 목록·목표·검증 근거 기록, D,Content/LuosCaves/Materials/Modular_Cave_Instances/Light_Brown04/MII_MCave_LBrown04_SeamCover_LQ.uasset
chore(assets): 미사용 시각 리소스 정리 및 변경 이력 문서화,참조 없는 리소스 제거 및 삭제 목록·목표·검증 근거 기록, D,Content/LuosCaves/Materials/Modular_Cave_Instances/Sand_01/MII_MCave_Sand01_SeamCover_HQ.uasset
chore(assets): 미사용 시각 리소스 정리 및 변경 이력 문서화,참조 없는 리소스 제거 및 삭제 목록·목표·검증 근거 기록, D,Content/LuosCaves/Materials/Modular_Cave_Instances/Sand_01/MII_MCave_Sand01_SeamCover_LQ.uasset
chore(assets): 미사용 시각 리소스 정리 및 변경 이력 문서화,참조 없는 리소스 제거 및 삭제 목록·목표·검증 근거 기록, D,Content/LuosCaves/Materials/Modular_Cave_Instances/Sand_02/MII_MCave_Sand02_SeamCover_HQ.uasset
chore(assets): 미사용 시각 리소스 정리 및 변경 이력 문서화,참조 없는 리소스 제거 및 삭제 목록·목표·검증 근거 기록, D,Content/LuosCaves/Materials/Modular_Cave_Instances/Sand_02/MII_MCave_Sand02_SeamCover_LQ.uasset
chore(assets): 미사용 시각 리소스 정리 및 변경 이력 문서화,참조 없는 리소스 제거 및 삭제 목록·목표·검증 근거 기록, D,Content/LuosCaves/Materials/Modular_Cave_Instances/Wall01/MII_MCave_Wall01_SeamCover_HQ.uasset
chore(assets): 미사용 시각 리소스 정리 및 변경 이력 문서화,참조 없는 리소스 제거 및 삭제 목록·목표·검증 근거 기록, D,Content/LuosCaves/Materials/Modular_Cave_Instances/Wall01/MII_MCave_Wall01_SeamCover_LQ.uasset
chore(assets): 미사용 시각 리소스 정리 및 변경 이력 문서화,참조 없는 리소스 제거 및 삭제 목록·목표·검증 근거 기록, D,Content/LuosCaves/Materials/Modular_Cave_Instances/Wall02/MII_MCave_Wall02_SeamCover_HQ.uasset
chore(assets): 미사용 시각 리소스 정리 및 변경 이력 문서화,참조 없는 리소스 제거 및 삭제 목록·목표·검증 근거 기록, D,Content/LuosCaves/Materials/Modular_Cave_Instances/Wall02/MII_MCave_Wall02_SeamCover_LQ.uasset
chore(assets): 미사용 시각 리소스 정리 및 변경 이력 문서화,참조 없는 리소스 제거 및 삭제 목록·목표·검증 근거 기록, D,Content/LuosCaves/Materials/NewMaterial.uasset
chore(assets): 미사용 시각 리소스 정리 및 변경 이력 문서화,참조 없는 리소스 제거 및 삭제 목록·목표·검증 근거 기록, D,Content/LuosCaves/Materials/OLD_Masters/M_LCave_Master_Simple_Old.uasset
chore(assets): 미사용 시각 리소스 정리 및 변경 이력 문서화,참조 없는 리소스 제거 및 삭제 목록·목표·검증 근거 기록, D,Content/LuosCaves/Textures/Rock_Light_Red1_Albedo.uasset
chore(assets): 미사용 시각 리소스 정리 및 변경 이력 문서화,참조 없는 리소스 제거 및 삭제 목록·목표·검증 근거 기록, D,Content/LuosCaves/Textures/Rock_Light_Red1_Normal.uasset
chore(assets): 미사용 시각 리소스 정리 및 변경 이력 문서화,참조 없는 리소스 제거 및 삭제 목록·목표·검증 근거 기록, D,Content/LuosCaves/Textures/Rock_Light_Red1_Roughness.uasset
chore(assets): 미사용 시각 리소스 정리 및 변경 이력 문서화,참조 없는 리소스 제거 및 삭제 목록·목표·검증 근거 기록, D,Content/Resources/Characters/Monster/Red_Panda/T_Red_Panda_Metalic.uasset
chore(assets): 미사용 시각 리소스 정리 및 변경 이력 문서화,참조 없는 리소스 제거 및 삭제 목록·목표·검증 근거 기록, D,Content/Resources/Characters/NPC/Lightning_Counter/SM_Lightning_Counter.uasset
chore(assets): 미사용 시각 리소스 정리 및 변경 이력 문서화,참조 없는 리소스 제거 및 삭제 목록·목표·검증 근거 기록, D,Content/Resources/Characters/NPC/Lightning_Counter/T_Lightning_Counter_Metalic.uasset
chore(assets): 미사용 시각 리소스 정리 및 변경 이력 문서화,참조 없는 리소스 제거 및 삭제 목록·목표·검증 근거 기록, D,Content/Resources/Characters/NPC/Little_Girl/SM_Little_Girl.uasset
chore(assets): 미사용 시각 리소스 정리 및 변경 이력 문서화,참조 없는 리소스 제거 및 삭제 목록·목표·검증 근거 기록, D,Content/Resources/Common/Materials/M_School_Wall_Light.uasset
chore(assets): 미사용 시각 리소스 정리 및 변경 이력 문서화,참조 없는 리소스 제거 및 삭제 목록·목표·검증 근거 기록, D,Content/Resources/Common/Materials/metal.uasset
chore(assets): 미사용 시각 리소스 정리 및 변경 이력 문서화,참조 없는 리소스 제거 및 삭제 목록·목표·검증 근거 기록, D,Content/Resources/Common/Materials/wood.uasset
chore(assets): 미사용 시각 리소스 정리 및 변경 이력 문서화,참조 없는 리소스 제거 및 삭제 목록·목표·검증 근거 기록, D,Content/Resources/Common/Textures/T_Default_Emissive.uasset
chore(assets): 미사용 시각 리소스 정리 및 변경 이력 문서화,참조 없는 리소스 제거 및 삭제 목록·목표·검증 근거 기록, D,Content/Resources/Common/Textures/T_Default_Metalic.uasset
chore(assets): 미사용 시각 리소스 정리 및 변경 이력 문서화,참조 없는 리소스 제거 및 삭제 목록·목표·검증 근거 기록, D,Content/Resources/Common/Textures/T_Default_Normal.uasset
chore(assets): 미사용 시각 리소스 정리 및 변경 이력 문서화,참조 없는 리소스 제거 및 삭제 목록·목표·검증 근거 기록, D,Content/Resources/Common/Textures/T_Metal041A_1K_Color.uasset
chore(assets): 미사용 시각 리소스 정리 및 변경 이력 문서화,참조 없는 리소스 제거 및 삭제 목록·목표·검증 근거 기록, D,Content/Resources/Common/Textures/T_School_Wall_Light.uasset
chore(assets): 미사용 시각 리소스 정리 및 변경 이력 문서화,참조 없는 리소스 제거 및 삭제 목록·목표·검증 근거 기록, D,Content/Resources/Common/Textures/T_Wood_009_Mahogany_COLOR.uasset
chore(assets): 미사용 시각 리소스 정리 및 변경 이력 문서화,참조 없는 리소스 제거 및 삭제 목록·목표·검증 근거 기록, D,Content/Resources/Common/Textures/T_Wood_009_Mahogany_ROUGH.uasset
chore(assets): 미사용 시각 리소스 정리 및 변경 이력 문서화,참조 없는 리소스 제거 및 삭제 목록·목표·검증 근거 기록, D,Content/Resources/Environments/Architecture/Dummy/SM_Corridor_Backward_2.uasset
chore(assets): 미사용 시각 리소스 정리 및 변경 이력 문서화,참조 없는 리소스 제거 및 삭제 목록·목표·검증 근거 기록, D,Content/Resources/Environments/Architecture/Dummy/SM_Dummy_Square_Default.uasset
chore(assets): 미사용 시각 리소스 정리 및 변경 이력 문서화,참조 없는 리소스 제거 및 삭제 목록·목표·검증 근거 기록, D,Content/Resources/Environments/Architecture/Dummy/SM_Dummy_Square_Default_NoCollision.uasset
chore(assets): 미사용 시각 리소스 정리 및 변경 이력 문서화,참조 없는 리소스 제거 및 삭제 목록·목표·검증 근거 기록, D,Content/Resources/Environments/Architecture/Dummy/SM_Dummy_Square_Default_NoCollision_Concrete.uasset
chore(assets): 미사용 시각 리소스 정리 및 변경 이력 문서화,참조 없는 리소스 제거 및 삭제 목록·목표·검증 근거 기록, D,Content/Resources/Environments/Architecture/Dummy/SM_School_Corridor_Dummy_Upper_Hole.uasset
chore(assets): 미사용 시각 리소스 정리 및 변경 이력 문서화,참조 없는 리소스 제거 및 삭제 목록·목표·검증 근거 기록, D,Content/Resources/Environments/Architecture/Dummy/SM_School_Corridor_Dummy_Window.uasset
chore(assets): 미사용 시각 리소스 정리 및 변경 이력 문서화,참조 없는 리소스 제거 및 삭제 목록·목표·검증 근거 기록, D,Content/Resources/Environments/Architecture/Dummy/SM_School_Window_Space_Dummy.uasset
chore(assets): 미사용 시각 리소스 정리 및 변경 이력 문서화,참조 없는 리소스 제거 및 삭제 목록·목표·검증 근거 기록, D,Content/Resources/Environments/Architecture/Dummy/SM_School_Window_Space_Large_Dummy.uasset
chore(assets): 미사용 시각 리소스 정리 및 변경 이력 문서화,참조 없는 리소스 제거 및 삭제 목록·목표·검증 근거 기록, D,Content/Resources/Environments/Architecture/Original/SM_Ramp.uasset
chore(assets): 미사용 시각 리소스 정리 및 변경 이력 문서화,참조 없는 리소스 제거 및 삭제 목록·목표·검증 근거 기록, D,Content/Resources/Environments/Architecture/Original/SM_Ramp1.uasset
chore(assets): 미사용 시각 리소스 정리 및 변경 이력 문서화,참조 없는 리소스 제거 및 삭제 목록·목표·검증 근거 기록, D,Content/Resources/Environments/Architecture/Original/arrow.uasset
chore(assets): 미사용 시각 리소스 정리 및 변경 이력 문서화,참조 없는 리소스 제거 및 삭제 목록·목표·검증 근거 기록, D,Content/Resources/Environments/Architecture/Original/black_rubber.uasset
chore(assets): 미사용 시각 리소스 정리 및 변경 이력 문서화,참조 없는 리소스 제거 및 삭제 목록·목표·검증 근거 기록, D,Content/Resources/Environments/Architecture/Original/box.uasset
chore(assets): 미사용 시각 리소스 정리 및 변경 이력 문서화,참조 없는 리소스 제거 및 삭제 목록·목표·검증 근거 기록, D,Content/Resources/Environments/Architecture/Original/coin.uasset
chore(assets): 미사용 시각 리소스 정리 및 변경 이력 문서화,참조 없는 리소스 제거 및 삭제 목록·목표·검증 근거 기록, D,Content/Resources/Environments/Architecture/Original/cone.uasset
chore(assets): 미사용 시각 리소스 정리 및 변경 이력 문서화,참조 없는 리소스 제거 및 삭제 목록·목표·검증 근거 기록, D,Content/Resources/Environments/Architecture/Original/cone1.uasset
chore(assets): 미사용 시각 리소스 정리 및 변경 이력 문서화,참조 없는 리소스 제거 및 삭제 목록·목표·검증 근거 기록, D,Content/Resources/Environments/Architecture/Original/cone2.uasset
chore(assets): 미사용 시각 리소스 정리 및 변경 이력 문서화,참조 없는 리소스 제거 및 삭제 목록·목표·검증 근거 기록, D,Content/Resources/Environments/Architecture/Original/cone3.uasset
chore(assets): 미사용 시각 리소스 정리 및 변경 이력 문서화,참조 없는 리소스 제거 및 삭제 목록·목표·검증 근거 기록, D,Content/Resources/Environments/Architecture/Original/cone4.uasset
chore(assets): 미사용 시각 리소스 정리 및 변경 이력 문서화,참조 없는 리소스 제거 및 삭제 목록·목표·검증 근거 기록, D,Content/Resources/Environments/Architecture/Original/cube4.uasset
chore(assets): 미사용 시각 리소스 정리 및 변경 이력 문서화,참조 없는 리소스 제거 및 삭제 목록·목표·검증 근거 기록, D,Content/Resources/Environments/Architecture/Original/cube5.uasset
chore(assets): 미사용 시각 리소스 정리 및 변경 이력 문서화,참조 없는 리소스 제거 및 삭제 목록·목표·검증 근거 기록, D,Content/Resources/Environments/Architecture/Original/cube6.uasset
chore(assets): 미사용 시각 리소스 정리 및 변경 이력 문서화,참조 없는 리소스 제거 및 삭제 목록·목표·검증 근거 기록, D,Content/Resources/Environments/Architecture/Original/cube7.uasset
chore(assets): 미사용 시각 리소스 정리 및 변경 이력 문서화,참조 없는 리소스 제거 및 삭제 목록·목표·검증 근거 기록, D,Content/Resources/Environments/Architecture/Original/cube8.uasset
chore(assets): 미사용 시각 리소스 정리 및 변경 이력 문서화,참조 없는 리소스 제거 및 삭제 목록·목표·검증 근거 기록, D,Content/Resources/Environments/Architecture/Original/cube9.uasset
chore(assets): 미사용 시각 리소스 정리 및 변경 이력 문서화,참조 없는 리소스 제거 및 삭제 목록·목표·검증 근거 기록, D,Content/Resources/Environments/Architecture/Original/cylinder.uasset
chore(assets): 미사용 시각 리소스 정리 및 변경 이력 문서화,참조 없는 리소스 제거 및 삭제 목록·목표·검증 근거 기록, D,Content/Resources/Environments/Architecture/Original/cylinder1.uasset
chore(assets): 미사용 시각 리소스 정리 및 변경 이력 문서화,참조 없는 리소스 제거 및 삭제 목록·목표·검증 근거 기록, D,Content/Resources/Environments/Architecture/Original/cylinder2.uasset
chore(assets): 미사용 시각 리소스 정리 및 변경 이력 문서화,참조 없는 리소스 제거 및 삭제 목록·목표·검증 근거 기록, D,Content/Resources/Environments/Architecture/Original/cylinder3.uasset
chore(assets): 미사용 시각 리소스 정리 및 변경 이력 문서화,참조 없는 리소스 제거 및 삭제 목록·목표·검증 근거 기록, D,Content/Resources/Environments/Architecture/Original/cylinder4.uasset
chore(assets): 미사용 시각 리소스 정리 및 변경 이력 문서화,참조 없는 리소스 제거 및 삭제 목록·목표·검증 근거 기록, D,Content/Resources/Environments/Architecture/Original/cylinder5.uasset
chore(assets): 미사용 시각 리소스 정리 및 변경 이력 문서화,참조 없는 리소스 제거 및 삭제 목록·목표·검증 근거 기록, D,Content/Resources/Environments/Architecture/Original/door.uasset
chore(assets): 미사용 시각 리소스 정리 및 변경 이력 문서화,참조 없는 리소스 제거 및 삭제 목록·목표·검증 근거 기록, D,Content/Resources/Environments/Architecture/Original/door1.uasset
chore(assets): 미사용 시각 리소스 정리 및 변경 이력 문서화,참조 없는 리소스 제거 및 삭제 목록·목표·검증 근거 기록, D,Content/Resources/Environments/Architecture/Original/door2.uasset
chore(assets): 미사용 시각 리소스 정리 및 변경 이력 문서화,참조 없는 리소스 제거 및 삭제 목록·목표·검증 근거 기록, D,Content/Resources/Environments/Architecture/Original/door3.uasset
chore(assets): 미사용 시각 리소스 정리 및 변경 이력 문서화,참조 없는 리소스 제거 및 삭제 목록·목표·검증 근거 기록, D,Content/Resources/Environments/Architecture/Original/fence.uasset
chore(assets): 미사용 시각 리소스 정리 및 변경 이력 문서화,참조 없는 리소스 제거 및 삭제 목록·목표·검증 근거 기록, D,Content/Resources/Environments/Architecture/Original/fence2.uasset
chore(assets): 미사용 시각 리소스 정리 및 변경 이력 문서화,참조 없는 리소스 제거 및 삭제 목록·목표·검증 근거 기록, D,Content/Resources/Environments/Architecture/Original/fence3.uasset
chore(assets): 미사용 시각 리소스 정리 및 변경 이력 문서화,참조 없는 리소스 제거 및 삭제 목록·목표·검증 근거 기록, D,Content/Resources/Environments/Architecture/Original/fence_edge.uasset
chore(assets): 미사용 시각 리소스 정리 및 변경 이력 문서화,참조 없는 리소스 제거 및 삭제 목록·목표·검증 근거 기록, D,Content/Resources/Environments/Architecture/Original/fence_wood.uasset
chore(assets): 미사용 시각 리소스 정리 및 변경 이력 문서화,참조 없는 리소스 제거 및 삭제 목록·목표·검증 근거 기록, D,Content/Resources/Environments/Architecture/Original/ground.uasset
chore(assets): 미사용 시각 리소스 정리 및 변경 이력 문서화,참조 없는 리소스 제거 및 삭제 목록·목표·검증 근거 기록, D,Content/Resources/Environments/Architecture/Original/ground1.uasset
chore(assets): 미사용 시각 리소스 정리 및 변경 이력 문서화,참조 없는 리소스 제거 및 삭제 목록·목표·검증 근거 기록, D,Content/Resources/Environments/Architecture/Original/ground_corner.uasset
chore(assets): 미사용 시각 리소스 정리 및 변경 이력 문서화,참조 없는 리소스 제거 및 삭제 목록·목표·검증 근거 기록, D,Content/Resources/Environments/Architecture/Original/key.uasset
chore(assets): 미사용 시각 리소스 정리 및 변경 이력 문서화,참조 없는 리소스 제거 및 삭제 목록·목표·검증 근거 기록, D,Content/Resources/Environments/Architecture/Original/ladder.uasset
chore(assets): 미사용 시각 리소스 정리 및 변경 이력 문서화,참조 없는 리소스 제거 및 삭제 목록·목표·검증 근거 기록, D,Content/Resources/Environments/Architecture/Original/ladder1.uasset
chore(assets): 미사용 시각 리소스 정리 및 변경 이력 문서화,참조 없는 리소스 제거 및 삭제 목록·목표·검증 근거 기록, D,Content/Resources/Environments/Architecture/Original/pillar.uasset
chore(assets): 미사용 시각 리소스 정리 및 변경 이력 문서화,참조 없는 리소스 제거 및 삭제 목록·목표·검증 근거 기록, D,Content/Resources/Environments/Architecture/Original/pillar1.uasset
chore(assets): 미사용 시각 리소스 정리 및 변경 이력 문서화,참조 없는 리소스 제거 및 삭제 목록·목표·검증 근거 기록, D,Content/Resources/Environments/Architecture/Original/pillar2.uasset
chore(assets): 미사용 시각 리소스 정리 및 변경 이력 문서화,참조 없는 리소스 제거 및 삭제 목록·목표·검증 근거 기록, D,Content/Resources/Environments/Architecture/Original/pillar3.uasset
chore(assets): 미사용 시각 리소스 정리 및 변경 이력 문서화,참조 없는 리소스 제거 및 삭제 목록·목표·검증 근거 기록, D,Content/Resources/Environments/Architecture/Original/pillar4.uasset
chore(assets): 미사용 시각 리소스 정리 및 변경 이력 문서화,참조 없는 리소스 제거 및 삭제 목록·목표·검증 근거 기록, D,Content/Resources/Environments/Architecture/Original/railing.uasset
chore(assets): 미사용 시각 리소스 정리 및 변경 이력 문서화,참조 없는 리소스 제거 및 삭제 목록·목표·검증 근거 기록, D,Content/Resources/Environments/Architecture/Original/railing_edge.uasset
chore(assets): 미사용 시각 리소스 정리 및 변경 이력 문서화,참조 없는 리소스 제거 및 삭제 목록·목표·검증 근거 기록, D,Content/Resources/Environments/Architecture/Original/sphere.uasset
chore(assets): 미사용 시각 리소스 정리 및 변경 이력 문서화,참조 없는 리소스 제거 및 삭제 목록·목표·검증 근거 기록, D,Content/Resources/Environments/Architecture/Original/sphere1.uasset
chore(assets): 미사용 시각 리소스 정리 및 변경 이력 문서화,참조 없는 리소스 제거 및 삭제 목록·목표·검증 근거 기록, D,Content/Resources/Environments/Architecture/Original/sphere2.uasset
chore(assets): 미사용 시각 리소스 정리 및 변경 이력 문서화,참조 없는 리소스 제거 및 삭제 목록·목표·검증 근거 기록, D,Content/Resources/Environments/Architecture/Original/spike.uasset
chore(assets): 미사용 시각 리소스 정리 및 변경 이력 문서화,참조 없는 리소스 제거 및 삭제 목록·목표·검증 근거 기록, D,Content/Resources/Environments/Architecture/Original/spikes_big.uasset
chore(assets): 미사용 시각 리소스 정리 및 변경 이력 문서화,참조 없는 리소스 제거 및 삭제 목록·목표·검증 근거 기록, D,Content/Resources/Environments/Architecture/Original/spikes_small.uasset
chore(assets): 미사용 시각 리소스 정리 및 변경 이력 문서화,참조 없는 리소스 제거 및 삭제 목록·목표·검증 근거 기록, D,Content/Resources/Environments/Architecture/Original/stairs.uasset
chore(assets): 미사용 시각 리소스 정리 및 변경 이력 문서화,참조 없는 리소스 제거 및 삭제 목록·목표·검증 근거 기록, D,Content/Resources/Environments/Architecture/Original/stairs1.uasset
chore(assets): 미사용 시각 리소스 정리 및 변경 이력 문서화,참조 없는 리소스 제거 및 삭제 목록·목표·검증 근거 기록, D,Content/Resources/Environments/Architecture/Original/stairs2.uasset
chore(assets): 미사용 시각 리소스 정리 및 변경 이력 문서화,참조 없는 리소스 제거 및 삭제 목록·목표·검증 근거 기록, D,Content/Resources/Environments/Architecture/Original/stairs_corner.uasset
chore(assets): 미사용 시각 리소스 정리 및 변경 이력 문서화,참조 없는 리소스 제거 및 삭제 목록·목표·검증 근거 기록, D,Content/Resources/Environments/Architecture/Original/stairs_corner1.uasset
chore(assets): 미사용 시각 리소스 정리 및 변경 이력 문서화,참조 없는 리소스 제거 및 삭제 목록·목표·검증 근거 기록, D,Content/Resources/Environments/Architecture/Original/toggle_switch.uasset
chore(assets): 미사용 시각 리소스 정리 및 변경 이력 문서화,참조 없는 리소스 제거 및 삭제 목록·목표·검증 근거 기록, D,Content/Resources/Environments/Architecture/Original/torus.uasset
chore(assets): 미사용 시각 리소스 정리 및 변경 이력 문서화,참조 없는 리소스 제거 및 삭제 목록·목표·검증 근거 기록, D,Content/Resources/Environments/Architecture/Original/wall.uasset
chore(assets): 미사용 시각 리소스 정리 및 변경 이력 문서화,참조 없는 리소스 제거 및 삭제 목록·목표·검증 근거 기록, D,Content/Resources/Environments/Architecture/Original/wall1.uasset
chore(assets): 미사용 시각 리소스 정리 및 변경 이력 문서화,참조 없는 리소스 제거 및 삭제 목록·목표·검증 근거 기록, D,Content/Resources/Environments/Architecture/Original/wall_corner.uasset
chore(assets): 미사용 시각 리소스 정리 및 변경 이력 문서화,참조 없는 리소스 제거 및 삭제 목록·목표·검증 근거 기록, D,Content/Resources/Environments/Architecture/Original/wall_corner1.uasset
chore(assets): 미사용 시각 리소스 정리 및 변경 이력 문서화,참조 없는 리소스 제거 및 삭제 목록·목표·검증 근거 기록, D,Content/Resources/Environments/Architecture/Original/wall_corner4.uasset
chore(assets): 미사용 시각 리소스 정리 및 변경 이력 문서화,참조 없는 리소스 제거 및 삭제 목록·목표·검증 근거 기록, D,Content/Resources/Environments/Architecture/Original/wall_corner_bottom.uasset
chore(assets): 미사용 시각 리소스 정리 및 변경 이력 문서화,참조 없는 리소스 제거 및 삭제 목록·목표·검증 근거 기록, D,Content/Resources/Environments/Architecture/Original/wall_corner_bottom1.uasset
chore(assets): 미사용 시각 리소스 정리 및 변경 이력 문서화,참조 없는 리소스 제거 및 삭제 목록·목표·검증 근거 기록, D,Content/Resources/Environments/Architecture/Original/wall_corner_bottom2.uasset
chore(assets): 미사용 시각 리소스 정리 및 변경 이력 문서화,참조 없는 리소스 제거 및 삭제 목록·목표·검증 근거 기록, D,Content/Resources/Environments/Architecture/Original/wall_corner_top.uasset
chore(assets): 미사용 시각 리소스 정리 및 변경 이력 문서화,참조 없는 리소스 제거 및 삭제 목록·목표·검증 근거 기록, D,Content/Resources/Environments/Architecture/Original/wall_corner_top1.uasset
chore(assets): 미사용 시각 리소스 정리 및 변경 이력 문서화,참조 없는 리소스 제거 및 삭제 목록·목표·검증 근거 기록, D,Content/Resources/Environments/Architecture/Original/wall_door.uasset
chore(assets): 미사용 시각 리소스 정리 및 변경 이력 문서화,참조 없는 리소스 제거 및 삭제 목록·목표·검증 근거 기록, D,Content/Resources/Environments/Architecture/Original/wall_door1.uasset
chore(assets): 미사용 시각 리소스 정리 및 변경 이력 문서화,참조 없는 리소스 제거 및 삭제 목록·목표·검증 근거 기록, D,Content/Resources/Environments/Architecture/Original/wall_door2.uasset
chore(assets): 미사용 시각 리소스 정리 및 변경 이력 문서화,참조 없는 리소스 제거 및 삭제 목록·목표·검증 근거 기록, D,Content/Resources/Environments/Architecture/Original/wall_window.uasset
chore(assets): 미사용 시각 리소스 정리 및 변경 이력 문서화,참조 없는 리소스 제거 및 삭제 목록·목표·검증 근거 기록, D,Content/Resources/Environments/Architecture/Original/wall_window1.uasset
chore(assets): 미사용 시각 리소스 정리 및 변경 이력 문서화,참조 없는 리소스 제거 및 삭제 목록·목표·검증 근거 기록, D,Content/Resources/Environments/Architecture/Original/window.uasset
chore(assets): 미사용 시각 리소스 정리 및 변경 이력 문서화,참조 없는 리소스 제거 및 삭제 목록·목표·검증 근거 기록, D,Content/Resources/Environments/Architecture/Original/window1.uasset
chore(assets): 미사용 시각 리소스 정리 및 변경 이력 문서화,참조 없는 리소스 제거 및 삭제 목록·목표·검증 근거 기록, D,Content/Resources/Environments/ModularKits/MI_Bld_Train_A.uasset
chore(assets): 미사용 시각 리소스 정리 및 변경 이력 문서화,참조 없는 리소스 제거 및 삭제 목록·목표·검증 근거 기록, D,Content/Resources/Environments/ModularKits/MI_crt_monitor_rightmost.uasset
chore(assets): 미사용 시각 리소스 정리 및 변경 이력 문서화,참조 없는 리소스 제거 및 삭제 목록·목표·검증 근거 기록, D,Content/Resources/Environments/ModularKits/MI_red_car.uasset
chore(assets): 미사용 시각 리소스 정리 및 변경 이력 문서화,참조 없는 리소스 제거 및 삭제 목록·목표·검증 근거 기록, D,Content/Resources/Environments/ModularKits/MI_wrecked_military_vehicle.uasset
chore(assets): 미사용 시각 리소스 정리 및 변경 이력 문서화,참조 없는 리소스 제거 및 삭제 목록·목표·검증 근거 기록, D,Content/Resources/Environments/ModularKits/SM_Bld_Train_A.uasset
chore(assets): 미사용 시각 리소스 정리 및 변경 이력 문서화,참조 없는 리소스 제거 및 삭제 목록·목표·검증 근거 기록, D,Content/Resources/Environments/ModularKits/SM_crt_monitor_rightmost.uasset
chore(assets): 미사용 시각 리소스 정리 및 변경 이력 문서화,참조 없는 리소스 제거 및 삭제 목록·목표·검증 근거 기록, D,Content/Resources/Environments/ModularKits/SM_red_car.uasset
chore(assets): 미사용 시각 리소스 정리 및 변경 이력 문서화,참조 없는 리소스 제거 및 삭제 목록·목표·검증 근거 기록, D,Content/Resources/Environments/ModularKits/SM_wrecked_military_vehicle.uasset
chore(assets): 미사용 시각 리소스 정리 및 변경 이력 문서화,참조 없는 리소스 제거 및 삭제 목록·목표·검증 근거 기록, D,Content/Resources/Environments/ModularKits/T_Bld_Train_A_Basecolor.uasset
chore(assets): 미사용 시각 리소스 정리 및 변경 이력 문서화,참조 없는 리소스 제거 및 삭제 목록·목표·검증 근거 기록, D,Content/Resources/Environments/ModularKits/T_Bld_Train_A_Metallic.uasset
chore(assets): 미사용 시각 리소스 정리 및 변경 이력 문서화,참조 없는 리소스 제거 및 삭제 목록·목표·검증 근거 기록, D,Content/Resources/Environments/ModularKits/T_Bld_Train_A_Normal.uasset
chore(assets): 미사용 시각 리소스 정리 및 변경 이력 문서화,참조 없는 리소스 제거 및 삭제 목록·목표·검증 근거 기록, D,Content/Resources/Environments/ModularKits/T_Bld_Train_A_Roughness.uasset
chore(assets): 미사용 시각 리소스 정리 및 변경 이력 문서화,참조 없는 리소스 제거 및 삭제 목록·목표·검증 근거 기록, D,Content/Resources/Environments/ModularKits/T_crt_monitor_rightmost_Basecolor.uasset
chore(assets): 미사용 시각 리소스 정리 및 변경 이력 문서화,참조 없는 리소스 제거 및 삭제 목록·목표·검증 근거 기록, D,Content/Resources/Environments/ModularKits/T_crt_monitor_rightmost_Metallic.uasset
chore(assets): 미사용 시각 리소스 정리 및 변경 이력 문서화,참조 없는 리소스 제거 및 삭제 목록·목표·검증 근거 기록, D,Content/Resources/Environments/ModularKits/T_crt_monitor_rightmost_Normal.uasset
chore(assets): 미사용 시각 리소스 정리 및 변경 이력 문서화,참조 없는 리소스 제거 및 삭제 목록·목표·검증 근거 기록, D,Content/Resources/Environments/ModularKits/T_crt_monitor_rightmost_Roughness.uasset
chore(assets): 미사용 시각 리소스 정리 및 변경 이력 문서화,참조 없는 리소스 제거 및 삭제 목록·목표·검증 근거 기록, D,Content/Resources/Environments/ModularKits/T_red_car_Basecolor.uasset
chore(assets): 미사용 시각 리소스 정리 및 변경 이력 문서화,참조 없는 리소스 제거 및 삭제 목록·목표·검증 근거 기록, D,Content/Resources/Environments/ModularKits/T_red_car_Metallic.uasset
chore(assets): 미사용 시각 리소스 정리 및 변경 이력 문서화,참조 없는 리소스 제거 및 삭제 목록·목표·검증 근거 기록, D,Content/Resources/Environments/ModularKits/T_red_car_Normal.uasset
chore(assets): 미사용 시각 리소스 정리 및 변경 이력 문서화,참조 없는 리소스 제거 및 삭제 목록·목표·검증 근거 기록, D,Content/Resources/Environments/ModularKits/T_red_car_Roughness.uasset
chore(assets): 미사용 시각 리소스 정리 및 변경 이력 문서화,참조 없는 리소스 제거 및 삭제 목록·목표·검증 근거 기록, D,Content/Resources/Environments/ModularKits/T_wrecked_military_vehicle_Basecolor.uasset
chore(assets): 미사용 시각 리소스 정리 및 변경 이력 문서화,참조 없는 리소스 제거 및 삭제 목록·목표·검증 근거 기록, D,Content/Resources/Environments/ModularKits/T_wrecked_military_vehicle_Metallic.uasset
chore(assets): 미사용 시각 리소스 정리 및 변경 이력 문서화,참조 없는 리소스 제거 및 삭제 목록·목표·검증 근거 기록, D,Content/Resources/Environments/ModularKits/T_wrecked_military_vehicle_Normal.uasset
chore(assets): 미사용 시각 리소스 정리 및 변경 이력 문서화,참조 없는 리소스 제거 및 삭제 목록·목표·검증 근거 기록, D,Content/Resources/Environments/ModularKits/T_wrecked_military_vehicle_Roughness.uasset
chore(assets): 미사용 시각 리소스 정리 및 변경 이력 문서화,참조 없는 리소스 제거 및 삭제 목록·목표·검증 근거 기록, D,Content/Resources/Environments/Props/AbandonedSchool/Asteroid_Erosion/T_Asteroid_Erosion.uasset
chore(assets): 미사용 시각 리소스 정리 및 변경 이력 문서화,참조 없는 리소스 제거 및 삭제 목록·목표·검증 근거 기록, D,Content/Resources/Environments/Props/AbandonedSchool/Clock/SM_Clock_Hands.uasset
chore(assets): 미사용 시각 리소스 정리 및 변경 이력 문서화,참조 없는 리소스 제거 및 삭제 목록·목표·검증 근거 기록, D,Content/Resources/Environments/Props/AbandonedSchool/Clock/SM_Clock_With_Hole_Legacy.uasset
chore(assets): 미사용 시각 리소스 정리 및 변경 이력 문서화,참조 없는 리소스 제거 및 삭제 목록·목표·검증 근거 기록, D,Content/Resources/Environments/Props/AbandonedSchool/Clock/T_Clock_Hands_Metalic.uasset
chore(assets): 미사용 시각 리소스 정리 및 변경 이력 문서화,참조 없는 리소스 제거 및 삭제 목록·목표·검증 근거 기록, D,Content/Resources/Environments/Props/AbandonedSchool/Clock/T_Clock_Metalic.uasset
chore(assets): 미사용 시각 리소스 정리 및 변경 이력 문서화,참조 없는 리소스 제거 및 삭제 목록·목표·검증 근거 기록, D,Content/Resources/Environments/Props/AbandonedSchool/Clock_Tower_Machine/Clock_Tower_Machine.uasset
chore(assets): 미사용 시각 리소스 정리 및 변경 이력 문서화,참조 없는 리소스 제거 및 삭제 목록·목표·검증 근거 기록, D,Content/Resources/Environments/Props/AbandonedSchool/Clock_Tower_Machine/Clock_Tower_Machine_Axis_Connector.uasset
chore(assets): 미사용 시각 리소스 정리 및 변경 이력 문서화,참조 없는 리소스 제거 및 삭제 목록·목표·검증 근거 기록, D,Content/Resources/Environments/Props/AbandonedSchool/Clock_Tower_Machine/Clock_Tower_Machine_Wheel_Large.uasset
chore(assets): 미사용 시각 리소스 정리 및 변경 이력 문서화,참조 없는 리소스 제거 및 삭제 목록·목표·검증 근거 기록, D,Content/Resources/Environments/Props/AbandonedSchool/Clock_Tower_Machine/Clock_Tower_Machine_Wheel_Middle.uasset
chore(assets): 미사용 시각 리소스 정리 및 변경 이력 문서화,참조 없는 리소스 제거 및 삭제 목록·목표·검증 근거 기록, D,Content/Resources/Environments/Props/AbandonedSchool/Clock_Tower_Machine/Clock_Tower_Machine_Wheel_Small.uasset
chore(assets): 미사용 시각 리소스 정리 및 변경 이력 문서화,참조 없는 리소스 제거 및 삭제 목록·목표·검증 근거 기록, D,Content/Resources/Environments/Props/AbandonedSchool/Clock_Tower_Machine/T_Clock_Tower_Machine_Metalic.uasset
chore(assets): 미사용 시각 리소스 정리 및 변경 이력 문서화,참조 없는 리소스 제거 및 삭제 목록·목표·검증 근거 기록, D,Content/Resources/Environments/Props/AbandonedSchool/Clock_Tower_Prop/Clock_Tower_Prop.uasset
chore(assets): 미사용 시각 리소스 정리 및 변경 이력 문서화,참조 없는 리소스 제거 및 삭제 목록·목표·검증 근거 기록, D,Content/Resources/Environments/Props/AbandonedSchool/Clock_Tower_Prop/Clock_Tower_Prop_B.uasset
chore(assets): 미사용 시각 리소스 정리 및 변경 이력 문서화,참조 없는 리소스 제거 및 삭제 목록·목표·검증 근거 기록, D,Content/Resources/Environments/Props/AbandonedSchool/Clock_Tower_Prop/SM_AbandonedSchool_ClockTower_Blueprint.uasset
chore(assets): 미사용 시각 리소스 정리 및 변경 이력 문서화,참조 없는 리소스 제거 및 삭제 목록·목표·검증 근거 기록, D,Content/Resources/Environments/Props/AbandonedSchool/Clock_Tower_Prop/SM_AbandonedSchool_ClockTower_Button.uasset
chore(assets): 미사용 시각 리소스 정리 및 변경 이력 문서화,참조 없는 리소스 제거 및 삭제 목록·목표·검증 근거 기록, D,Content/Resources/Environments/Props/AbandonedSchool/Clock_Tower_Prop/SM_AbandonedSchool_ClockTower_Colorcan.uasset
chore(assets): 미사용 시각 리소스 정리 및 변경 이력 문서화,참조 없는 리소스 제거 및 삭제 목록·목표·검증 근거 기록, D,Content/Resources/Environments/Props/AbandonedSchool/Clock_Tower_Prop/SM_AbandonedSchool_ClockTower_Desk.uasset
chore(assets): 미사용 시각 리소스 정리 및 변경 이력 문서화,참조 없는 리소스 제거 및 삭제 목록·목표·검증 근거 기록, D,Content/Resources/Environments/Props/AbandonedSchool/Clock_Tower_Prop/SM_AbandonedSchool_ClockTower_Diary.uasset
chore(assets): 미사용 시각 리소스 정리 및 변경 이력 문서화,참조 없는 리소스 제거 및 삭제 목록·목표·검증 근거 기록, D,Content/Resources/Environments/Props/AbandonedSchool/Clock_Tower_Prop/SM_AbandonedSchool_ClockTower_Door.uasset
chore(assets): 미사용 시각 리소스 정리 및 변경 이력 문서화,참조 없는 리소스 제거 및 삭제 목록·목표·검증 근거 기록, D,Content/Resources/Environments/Props/AbandonedSchool/Clock_Tower_Prop/SM_AbandonedSchool_ClockTower_Lamp.uasset
chore(assets): 미사용 시각 리소스 정리 및 변경 이력 문서화,참조 없는 리소스 제거 및 삭제 목록·목표·검증 근거 기록, D,Content/Resources/Environments/Props/AbandonedSchool/Clock_Tower_Prop/SM_AbandonedSchool_ClockTower_Light.uasset
chore(assets): 미사용 시각 리소스 정리 및 변경 이력 문서화,참조 없는 리소스 제거 및 삭제 목록·목표·검증 근거 기록, D,Content/Resources/Environments/Props/AbandonedSchool/Clock_Tower_Prop/SM_AbandonedSchool_ClockTower_Tool1.uasset
chore(assets): 미사용 시각 리소스 정리 및 변경 이력 문서화,참조 없는 리소스 제거 및 삭제 목록·목표·검증 근거 기록, D,Content/Resources/Environments/Props/AbandonedSchool/Clock_Tower_Prop/SM_AbandonedSchool_ClockTower_Tool2.uasset
chore(assets): 미사용 시각 리소스 정리 및 변경 이력 문서화,참조 없는 리소스 제거 및 삭제 목록·목표·검증 근거 기록, D,Content/Resources/Environments/Props/AbandonedSchool/Clock_Tower_Prop/T_ClockTower_Motor_Metalic.uasset
chore(assets): 미사용 시각 리소스 정리 및 변경 이력 문서화,참조 없는 리소스 제거 및 삭제 목록·목표·검증 근거 기록, D,Content/Resources/Environments/Props/AbandonedSchool/Clock_Tower_Prop/T_Clock_Tower_Prop_B_Metalic.uasset
chore(assets): 미사용 시각 리소스 정리 및 변경 이력 문서화,참조 없는 리소스 제거 및 삭제 목록·목표·검증 근거 기록, D,Content/Resources/Environments/Props/AbandonedSchool/Clock_Tower_Prop/T_Clock_Tower_Prop_Metalic.uasset
chore(assets): 미사용 시각 리소스 정리 및 변경 이력 문서화,참조 없는 리소스 제거 및 삭제 목록·목표·검증 근거 기록, D,Content/Resources/Environments/Props/AbandonedSchool/SM_Chair/SM_School_Chair.uasset
chore(assets): 미사용 시각 리소스 정리 및 변경 이력 문서화,참조 없는 리소스 제거 및 삭제 목록·목표·검증 근거 기록, D,Content/Resources/Environments/Props/AbandonedSchool/SM_Desk/SM_School_Desk.uasset
chore(assets): 미사용 시각 리소스 정리 및 변경 이력 문서화,참조 없는 리소스 제거 및 삭제 목록·목표·검증 근거 기록, D,Content/Resources/Environments/Props/AbandonedSchool/SM_Door/SM_School_Door.uasset
chore(assets): 미사용 시각 리소스 정리 및 변경 이력 문서화,참조 없는 리소스 제거 및 삭제 목록·목표·검증 근거 기록, D,Content/Resources/Environments/Props/AbandonedSchool/School_Basement_Prop/MI_AbandonedSchool_Basement.uasset
chore(assets): 미사용 시각 리소스 정리 및 변경 이력 문서화,참조 없는 리소스 제거 및 삭제 목록·목표·검증 근거 기록, D,Content/Resources/Environments/Props/AbandonedSchool/School_Basement_Prop/SM_AbandonedSchool_Basement_Broom1.uasset
chore(assets): 미사용 시각 리소스 정리 및 변경 이력 문서화,참조 없는 리소스 제거 및 삭제 목록·목표·검증 근거 기록, D,Content/Resources/Environments/Props/AbandonedSchool/School_Basement_Prop/SM_AbandonedSchool_Basement_Broom2.uasset
chore(assets): 미사용 시각 리소스 정리 및 변경 이력 문서화,참조 없는 리소스 제거 및 삭제 목록·목표·검증 근거 기록, D,Content/Resources/Environments/Props/AbandonedSchool/School_Basement_Prop/SM_AbandonedSchool_Basement_ControlMachine.uasset
chore(assets): 미사용 시각 리소스 정리 및 변경 이력 문서화,참조 없는 리소스 제거 및 삭제 목록·목표·검증 근거 기록, D,Content/Resources/Environments/Props/AbandonedSchool/School_Basement_Prop/SM_AbandonedSchool_Basement_ControlPanel.uasset
chore(assets): 미사용 시각 리소스 정리 및 변경 이력 문서화,참조 없는 리소스 제거 및 삭제 목록·목표·검증 근거 기록, D,Content/Resources/Environments/Props/AbandonedSchool/School_Basement_Prop/SM_AbandonedSchool_Basement_Drawer.uasset
chore(assets): 미사용 시각 리소스 정리 및 변경 이력 문서화,참조 없는 리소스 제거 및 삭제 목록·목표·검증 근거 기록, D,Content/Resources/Environments/Props/AbandonedSchool/School_Basement_Prop/SM_AbandonedSchool_Basement_Faucet.uasset
chore(assets): 미사용 시각 리소스 정리 및 변경 이력 문서화,참조 없는 리소스 제거 및 삭제 목록·목표·검증 근거 기록, D,Content/Resources/Environments/Props/AbandonedSchool/School_Basement_Prop/SM_AbandonedSchool_Basement_FireExtinguisher.uasset
chore(assets): 미사용 시각 리소스 정리 및 변경 이력 문서화,참조 없는 리소스 제거 및 삭제 목록·목표·검증 근거 기록, D,Content/Resources/Environments/Props/AbandonedSchool/School_Basement_Prop/SM_AbandonedSchool_Basement_FireExtinguisherMovable.uasset
chore(assets): 미사용 시각 리소스 정리 및 변경 이력 문서화,참조 없는 리소스 제거 및 삭제 목록·목표·검증 근거 기록, D,Content/Resources/Environments/Props/AbandonedSchool/School_Basement_Prop/SM_AbandonedSchool_Basement_Flashight.uasset
chore(assets): 미사용 시각 리소스 정리 및 변경 이력 문서화,참조 없는 리소스 제거 및 삭제 목록·목표·검증 근거 기록, D,Content/Resources/Environments/Props/AbandonedSchool/School_Basement_Prop/SM_AbandonedSchool_Basement_Gear1.uasset
chore(assets): 미사용 시각 리소스 정리 및 변경 이력 문서화,참조 없는 리소스 제거 및 삭제 목록·목표·검증 근거 기록, D,Content/Resources/Environments/Props/AbandonedSchool/School_Basement_Prop/SM_AbandonedSchool_Basement_Gear2.uasset
chore(assets): 미사용 시각 리소스 정리 및 변경 이력 문서화,참조 없는 리소스 제거 및 삭제 목록·목표·검증 근거 기록, D,Content/Resources/Environments/Props/AbandonedSchool/School_Basement_Prop/SM_AbandonedSchool_Basement_Hammer.uasset
chore(assets): 미사용 시각 리소스 정리 및 변경 이력 문서화,참조 없는 리소스 제거 및 삭제 목록·목표·검증 근거 기록, D,Content/Resources/Environments/Props/AbandonedSchool/School_Basement_Prop/SM_AbandonedSchool_Basement_Intercom1.uasset
chore(assets): 미사용 시각 리소스 정리 및 변경 이력 문서화,참조 없는 리소스 제거 및 삭제 목록·목표·검증 근거 기록, D,Content/Resources/Environments/Props/AbandonedSchool/School_Basement_Prop/SM_AbandonedSchool_Basement_Intercom2.uasset
chore(assets): 미사용 시각 리소스 정리 및 변경 이력 문서화,참조 없는 리소스 제거 및 삭제 목록·목표·검증 근거 기록, D,Content/Resources/Environments/Props/AbandonedSchool/School_Basement_Prop/SM_AbandonedSchool_Basement_Keepout.uasset
chore(assets): 미사용 시각 리소스 정리 및 변경 이력 문서화,참조 없는 리소스 제거 및 삭제 목록·목표·검증 근거 기록, D,Content/Resources/Environments/Props/AbandonedSchool/School_Basement_Prop/SM_AbandonedSchool_Basement_Keyrings.uasset
chore(assets): 미사용 시각 리소스 정리 및 변경 이력 문서화,참조 없는 리소스 제거 및 삭제 목록·목표·검증 근거 기록, D,Content/Resources/Environments/Props/AbandonedSchool/School_Basement_Prop/SM_AbandonedSchool_Basement_MetalBucket.uasset
chore(assets): 미사용 시각 리소스 정리 및 변경 이력 문서화,참조 없는 리소스 제거 및 삭제 목록·목표·검증 근거 기록, D,Content/Resources/Environments/Props/AbandonedSchool/School_Basement_Prop/SM_AbandonedSchool_Basement_Motor.uasset
chore(assets): 미사용 시각 리소스 정리 및 변경 이력 문서화,참조 없는 리소스 제거 및 삭제 목록·목표·검증 근거 기록, D,Content/Resources/Environments/Props/AbandonedSchool/School_Basement_Prop/SM_AbandonedSchool_Basement_Phone.uasset
chore(assets): 미사용 시각 리소스 정리 및 변경 이력 문서화,참조 없는 리소스 제거 및 삭제 목록·목표·검증 근거 기록, D,Content/Resources/Environments/Props/AbandonedSchool/School_Basement_Prop/SM_AbandonedSchool_Basement_SchoolSlipperL.uasset
chore(assets): 미사용 시각 리소스 정리 및 변경 이력 문서화,참조 없는 리소스 제거 및 삭제 목록·목표·검증 근거 기록, D,Content/Resources/Environments/Props/AbandonedSchool/School_Basement_Prop/SM_AbandonedSchool_Basement_SchoolSlipperR.uasset
chore(assets): 미사용 시각 리소스 정리 및 변경 이력 문서화,참조 없는 리소스 제거 및 삭제 목록·목표·검증 근거 기록, D,Content/Resources/Environments/Props/AbandonedSchool/School_Basement_Prop/SM_AbandonedSchool_Basement_Spanner.uasset
chore(assets): 미사용 시각 리소스 정리 및 변경 이력 문서화,참조 없는 리소스 제거 및 삭제 목록·목표·검증 근거 기록, D,Content/Resources/Environments/Props/AbandonedSchool/School_Basement_Prop/SM_AbandonedSchool_Basement_Stick.uasset
chore(assets): 미사용 시각 리소스 정리 및 변경 이력 문서화,참조 없는 리소스 제거 및 삭제 목록·목표·검증 근거 기록, D,Content/Resources/Environments/Props/AbandonedSchool/School_Basement_Prop/SM_School_Basement_Prop.uasset
chore(assets): 미사용 시각 리소스 정리 및 변경 이력 문서화,참조 없는 리소스 제거 및 삭제 목록·목표·검증 근거 기록, D,Content/Resources/Environments/Props/AbandonedSchool/School_Basement_Prop/T_AbandonedSchool_Basement_BaseColor.uasset
chore(assets): 미사용 시각 리소스 정리 및 변경 이력 문서화,참조 없는 리소스 제거 및 삭제 목록·목표·검증 근거 기록, D,Content/Resources/Environments/Props/AbandonedSchool/School_Basement_Prop/T_AbandonedSchool_Basement_Emissive.uasset
chore(assets): 미사용 시각 리소스 정리 및 변경 이력 문서화,참조 없는 리소스 제거 및 삭제 목록·목표·검증 근거 기록, D,Content/Resources/Environments/Props/AbandonedSchool/School_Basement_Prop/T_AbandonedSchool_Basement_Metalic.uasset
chore(assets): 미사용 시각 리소스 정리 및 변경 이력 문서화,참조 없는 리소스 제거 및 삭제 목록·목표·검증 근거 기록, D,Content/Resources/Environments/Props/AbandonedSchool/School_Basement_Prop/T_AbandonedSchool_Basement_Normal.uasset
chore(assets): 미사용 시각 리소스 정리 및 변경 이력 문서화,참조 없는 리소스 제거 및 삭제 목록·목표·검증 근거 기록, D,Content/Resources/Environments/Props/AbandonedSchool/School_Basement_Prop/T_AbandonedSchool_Basement_Roughness.uasset
chore(assets): 미사용 시각 리소스 정리 및 변경 이력 문서화,참조 없는 리소스 제거 및 삭제 목록·목표·검증 근거 기록, D,Content/Resources/Environments/Props/AbandonedSchool/School_Classroom_Art_Prop/art_supplies_3d_model_basecolor.uasset
chore(assets): 미사용 시각 리소스 정리 및 변경 이력 문서화,참조 없는 리소스 제거 및 삭제 목록·목표·검증 근거 기록, D,Content/Resources/Environments/Props/AbandonedSchool/School_Classroom_Art_Prop/art_supplies_3d_model_metallic.uasset
chore(assets): 미사용 시각 리소스 정리 및 변경 이력 문서화,참조 없는 리소스 제거 및 삭제 목록·목표·검증 근거 기록, D,Content/Resources/Environments/Props/AbandonedSchool/School_Classroom_Art_Prop/art_supplies_3d_model_normal.uasset
chore(assets): 미사용 시각 리소스 정리 및 변경 이력 문서화,참조 없는 리소스 제거 및 삭제 목록·목표·검증 근거 기록, D,Content/Resources/Environments/Props/AbandonedSchool/School_Classroom_Art_Prop/art_supplies_3d_model_roughness.uasset
chore(assets): 미사용 시각 리소스 정리 및 변경 이력 문서화,참조 없는 리소스 제거 및 삭제 목록·목표·검증 근거 기록, D,Content/Resources/Environments/Props/AbandonedSchool/School_Classroom_Art_Prop/tripo_convert_6ec439bd-775d-40b5-b96b-3a8fff9b0a1c.uasset
chore(assets): 미사용 시각 리소스 정리 및 변경 이력 문서화,참조 없는 리소스 제거 및 삭제 목록·목표·검증 근거 기록, D,Content/Resources/Environments/Props/AbandonedSchool/School_Classroom_Art_Prop/tripo_mat_6ec439bd.uasset
chore(assets): 미사용 시각 리소스 정리 및 변경 이력 문서화,참조 없는 리소스 제거 및 삭제 목록·목표·검증 근거 기록, D,Content/Resources/Environments/Props/AbandonedSchool/School_Classroom_Music_Prop/SM_School_Classroom_Music_Prop.uasset
chore(assets): 미사용 시각 리소스 정리 및 변경 이력 문서화,참조 없는 리소스 제거 및 삭제 목록·목표·검증 근거 기록, D,Content/Resources/Environments/Props/AbandonedSchool/School_Classroom_Music_Prop/T_School_Classroom_Music_Prop_Metalic.uasset
chore(assets): 미사용 시각 리소스 정리 및 변경 이력 문서화,참조 없는 리소스 제거 및 삭제 목록·목표·검증 근거 기록, D,Content/Resources/Environments/Props/AbandonedSchool/School_Classroom_Prop/SM_AbandonedSchool_Classroom_Prop_BallBasket.uasset
chore(assets): 미사용 시각 리소스 정리 및 변경 이력 문서화,참조 없는 리소스 제거 및 삭제 목록·목표·검증 근거 기록, D,Content/Resources/Environments/Props/AbandonedSchool/School_Classroom_Prop/SM_AbandonedSchool_Classroom_Prop_Blackboard.uasset
chore(assets): 미사용 시각 리소스 정리 및 변경 이력 문서화,참조 없는 리소스 제거 및 삭제 목록·목표·검증 근거 기록, D,Content/Resources/Environments/Props/AbandonedSchool/School_Classroom_Prop/SM_AbandonedSchool_Classroom_Prop_BulletinBoard.uasset
chore(assets): 미사용 시각 리소스 정리 및 변경 이력 문서화,참조 없는 리소스 제거 및 삭제 목록·목표·검증 근거 기록, D,Content/Resources/Environments/Props/AbandonedSchool/School_Classroom_Prop/SM_AbandonedSchool_Classroom_Prop_DrawingTool.uasset
chore(assets): 미사용 시각 리소스 정리 및 변경 이력 문서화,참조 없는 리소스 제거 및 삭제 목록·목표·검증 근거 기록, D,Content/Resources/Environments/Props/AbandonedSchool/School_Classroom_Prop/SM_AbandonedSchool_Classroom_Prop_Fan.uasset
chore(assets): 미사용 시각 리소스 정리 및 변경 이력 문서화,참조 없는 리소스 제거 및 삭제 목록·목표·검증 근거 기록, D,Content/Resources/Environments/Props/AbandonedSchool/School_Classroom_Prop/SM_AbandonedSchool_Classroom_Prop_FireExtinguisher.uasset
chore(assets): 미사용 시각 리소스 정리 및 변경 이력 문서화,참조 없는 리소스 제거 및 삭제 목록·목표·검증 근거 기록, D,Content/Resources/Environments/Props/AbandonedSchool/School_Classroom_Prop/SM_AbandonedSchool_Classroom_Prop_PapersA.uasset
chore(assets): 미사용 시각 리소스 정리 및 변경 이력 문서화,참조 없는 리소스 제거 및 삭제 목록·목표·검증 근거 기록, D,Content/Resources/Environments/Props/AbandonedSchool/School_Classroom_Prop/SM_AbandonedSchool_Classroom_Prop_PapersB.uasset
chore(assets): 미사용 시각 리소스 정리 및 변경 이력 문서화,참조 없는 리소스 제거 및 삭제 목록·목표·검증 근거 기록, D,Content/Resources/Environments/Props/AbandonedSchool/School_Classroom_Prop/SM_AbandonedSchool_Classroom_Prop_PrinterA.uasset
chore(assets): 미사용 시각 리소스 정리 및 변경 이력 문서화,참조 없는 리소스 제거 및 삭제 목록·목표·검증 근거 기록, D,Content/Resources/Environments/Props/AbandonedSchool/School_Classroom_Prop/SM_AbandonedSchool_Classroom_Prop_PrinterB.uasset
chore(assets): 미사용 시각 리소스 정리 및 변경 이력 문서화,참조 없는 리소스 제거 및 삭제 목록·목표·검증 근거 기록, D,Content/Resources/Environments/Props/AbandonedSchool/School_Classroom_Prop/SM_AbandonedSchool_Classroom_Prop_Projector.uasset
chore(assets): 미사용 시각 리소스 정리 및 변경 이력 문서화,참조 없는 리소스 제거 및 삭제 목록·목표·검증 근거 기록, D,Content/Resources/Environments/Props/AbandonedSchool/School_Classroom_Prop/SM_AbandonedSchool_Classroom_Prop_RoofTV.uasset
chore(assets): 미사용 시각 리소스 정리 및 변경 이력 문서화,참조 없는 리소스 제거 및 삭제 목록·목표·검증 근거 기록, D,Content/Resources/Environments/Props/AbandonedSchool/School_Classroom_Prop/SM_AbandonedSchool_Classroom_Prop_SchoolBag.uasset
chore(assets): 미사용 시각 리소스 정리 및 변경 이력 문서화,참조 없는 리소스 제거 및 삭제 목록·목표·검증 근거 기록, D,Content/Resources/Environments/Props/AbandonedSchool/School_Classroom_Prop/SM_AbandonedSchool_Classroom_Prop_Vase.uasset
chore(assets): 미사용 시각 리소스 정리 및 변경 이력 문서화,참조 없는 리소스 제거 및 삭제 목록·목표·검증 근거 기록, D,Content/Resources/Environments/Props/AbandonedSchool/School_Classroom_Prop/SM_AbandonedSchool_Classroom_Prop_Whiteboard.uasset
chore(assets): 미사용 시각 리소스 정리 및 변경 이력 문서화,참조 없는 리소스 제거 및 삭제 목록·목표·검증 근거 기록, D,Content/Resources/Environments/Props/AbandonedSchool/School_Classroom_Prop/School_Classroom_Prop_A.uasset
chore(assets): 미사용 시각 리소스 정리 및 변경 이력 문서화,참조 없는 리소스 제거 및 삭제 목록·목표·검증 근거 기록, D,Content/Resources/Environments/Props/AbandonedSchool/School_Classroom_Prop/T_School_Classroom_Prop_A_Metalic.uasset
chore(assets): 미사용 시각 리소스 정리 및 변경 이력 문서화,참조 없는 리소스 제거 및 삭제 목록·목표·검증 근거 기록, D,Content/Resources/Environments/Props/AbandonedSchool/Speaker/T_Speaker_Metalic.uasset
chore(assets): 미사용 시각 리소스 정리 및 변경 이력 문서화,참조 없는 리소스 제거 및 삭제 목록·목표·검증 근거 기록, D,Content/Resources/Environments/Props/AbandonedSchool/Switch/T_Switch_Metalic.uasset
chore(assets): 미사용 시각 리소스 정리 및 변경 이력 문서화,참조 없는 리소스 제거 및 삭제 목록·목표·검증 근거 기록, D,Content/Resources/Environments/Props/AbandonedSchool/Trapdoor/SM_Trapdoor.uasset
chore(assets): 미사용 시각 리소스 정리 및 변경 이력 문서화,참조 없는 리소스 제거 및 삭제 목록·목표·검증 근거 기록, D,Content/Resources/Environments/Props/AbandonedSchool/Trapdoor/T_Trapdoor_Metalic.uasset
chore(assets): 미사용 시각 리소스 정리 및 변경 이력 문서화,참조 없는 리소스 제거 및 삭제 목록·목표·검증 근거 기록, D,Content/Resources/Environments/Props/Common/Cave_Prop/Cave_Prop_A.uasset
chore(assets): 미사용 시각 리소스 정리 및 변경 이력 문서화,참조 없는 리소스 제거 및 삭제 목록·목표·검증 근거 기록, D,Content/Resources/Environments/Props/Common/Cave_Prop/MI_Cave_Prop_A.uasset
chore(assets): 미사용 시각 리소스 정리 및 변경 이력 문서화,참조 없는 리소스 제거 및 삭제 목록·목표·검증 근거 기록, D,Content/Resources/Environments/Props/Common/Cave_Prop/T_Cave_Prop_A_Basecolor.uasset
chore(assets): 미사용 시각 리소스 정리 및 변경 이력 문서화,참조 없는 리소스 제거 및 삭제 목록·목표·검증 근거 기록, D,Content/Resources/Environments/Props/Common/Cave_Prop/T_Cave_Prop_A_Emissive.uasset
chore(assets): 미사용 시각 리소스 정리 및 변경 이력 문서화,참조 없는 리소스 제거 및 삭제 목록·목표·검증 근거 기록, D,Content/Resources/Environments/Props/Common/Cave_Prop/T_Cave_Prop_A_Metalic.uasset
chore(assets): 미사용 시각 리소스 정리 및 변경 이력 문서화,참조 없는 리소스 제거 및 삭제 목록·목표·검증 근거 기록, D,Content/Resources/Environments/Props/Common/Cave_Prop/T_Cave_Prop_A_Normal.uasset
chore(assets): 미사용 시각 리소스 정리 및 변경 이력 문서화,참조 없는 리소스 제거 및 삭제 목록·목표·검증 근거 기록, D,Content/Resources/Environments/Props/Common/Cave_Prop/T_Cave_Prop_A_Roughness.uasset
chore(assets): 미사용 시각 리소스 정리 및 변경 이력 문서화,참조 없는 리소스 제거 및 삭제 목록·목표·검증 근거 기록, D,Content/Resources/Environments/Props/Common/Chest/SM_Chest.uasset
chore(assets): 미사용 시각 리소스 정리 및 변경 이력 문서화,참조 없는 리소스 제거 및 삭제 목록·목표·검증 근거 기록, D,Content/Resources/Environments/Props/Common/Gunpowder_Barrel/T_Gunpowder_Barrel_Metalic.uasset
chore(assets): 미사용 시각 리소스 정리 및 변경 이력 문서화,참조 없는 리소스 제거 및 삭제 목록·목표·검증 근거 기록, D,Content/Resources/Environments/Props/Common/Kiosk/T_Kiosk_Metalic.uasset
chore(assets): 미사용 시각 리소스 정리 및 변경 이력 문서화,참조 없는 리소스 제거 및 삭제 목록·목표·검증 근거 기록, D,Content/Resources/Environments/Props/Common/Red_Brick_Wall/MI_Red_Brick_Wall.uasset
chore(assets): 미사용 시각 리소스 정리 및 변경 이력 문서화,참조 없는 리소스 제거 및 삭제 목록·목표·검증 근거 기록, D,Content/Resources/Environments/Props/Common/Red_Brick_Wall/SM_Red_Brick_Wall.uasset
chore(assets): 미사용 시각 리소스 정리 및 변경 이력 문서화,참조 없는 리소스 제거 및 삭제 목록·목표·검증 근거 기록, D,Content/Resources/Environments/Props/Common/Red_Brick_Wall/SM_Red_Brick_Wall_Origin.uasset
chore(assets): 미사용 시각 리소스 정리 및 변경 이력 문서화,참조 없는 리소스 제거 및 삭제 목록·목표·검증 근거 기록, D,Content/Resources/Environments/Props/Common/Red_Brick_Wall/T_Red_Brick_Wall_Metalic.uasset
chore(assets): 미사용 시각 리소스 정리 및 변경 이력 문서화,참조 없는 리소스 제거 및 삭제 목록·목표·검증 근거 기록, D,Content/Resources/Environments/Props/Common/Red_Button/T_Red_Button_Metalic.uasset
chore(assets): 미사용 시각 리소스 정리 및 변경 이력 문서화,참조 없는 리소스 제거 및 삭제 목록·목표·검증 근거 기록, D,Content/Resources/Environments/Props/Common/SM_BattleGate/MI_BattleGate_Warning.uasset
chore(assets): 미사용 시각 리소스 정리 및 변경 이력 문서화,참조 없는 리소스 제거 및 삭제 목록·목표·검증 근거 기록, D,Content/Resources/Environments/Props/Common/SM_BattleGate/SM_BattleGate_Warning.uasset
chore(assets): 미사용 시각 리소스 정리 및 변경 이력 문서화,참조 없는 리소스 제거 및 삭제 목록·목표·검증 근거 기록, D,Content/Resources/Environments/Props/Common/SM_BattleGate/T_BattleGate_Warning.uasset
chore(assets): 미사용 시각 리소스 정리 및 변경 이력 문서화,참조 없는 리소스 제거 및 삭제 목록·목표·검증 근거 기록, D,Content/Resources/Environments/Props/Common/SM_Rope/T_Rope_Metalic.uasset
chore(assets): 미사용 시각 리소스 정리 및 변경 이력 문서화,참조 없는 리소스 제거 및 삭제 목록·목표·검증 근거 기록, D,Content/Resources/Environments/Props/Common/SM_Suzume_Door/T_Suzume_Door_Metalic.uasset
chore(assets): 미사용 시각 리소스 정리 및 변경 이력 문서화,참조 없는 리소스 제거 및 삭제 목록·목표·검증 근거 기록, D,Content/Resources/Environments/Props/Common/SM_Wooden_Ladder/SM_Wooden_Ladder.uasset
chore(assets): 미사용 시각 리소스 정리 및 변경 이력 문서화,참조 없는 리소스 제거 및 삭제 목록·목표·검증 근거 기록, D,Content/Resources/Environments/Props/Common/Star_Coin/T_Star_Coin_Metalic.uasset
chore(assets): 미사용 시각 리소스 정리 및 변경 이력 문서화,참조 없는 리소스 제거 및 삭제 목록·목표·검증 근거 기록, D,Content/Resources/Environments/Props/StartIsland/AbandonedCar/MI_Abandoned_Car_B.uasset
chore(assets): 미사용 시각 리소스 정리 및 변경 이력 문서화,참조 없는 리소스 제거 및 삭제 목록·목표·검증 근거 기록, D,Content/Resources/Environments/Props/StartIsland/AbandonedCar/SM_Abandoned_Car_B.uasset
chore(assets): 미사용 시각 리소스 정리 및 변경 이력 문서화,참조 없는 리소스 제거 및 삭제 목록·목표·검증 근거 기록, D,Content/Resources/Environments/Props/StartIsland/AbandonedCar/T_Abandoned_Car_A_Metalic.uasset
chore(assets): 미사용 시각 리소스 정리 및 변경 이력 문서화,참조 없는 리소스 제거 및 삭제 목록·목표·검증 근거 기록, D,Content/Resources/Environments/Props/StartIsland/AbandonedCar/T_Abandoned_Car_B_Basecolor.uasset
chore(assets): 미사용 시각 리소스 정리 및 변경 이력 문서화,참조 없는 리소스 제거 및 삭제 목록·목표·검증 근거 기록, D,Content/Resources/Environments/Props/StartIsland/AbandonedCar/T_Abandoned_Car_B_Metalic.uasset
chore(assets): 미사용 시각 리소스 정리 및 변경 이력 문서화,참조 없는 리소스 제거 및 삭제 목록·목표·검증 근거 기록, D,Content/Resources/Environments/Props/StartIsland/AbandonedCar/T_Abandoned_Car_B_Normal.uasset
chore(assets): 미사용 시각 리소스 정리 및 변경 이력 문서화,참조 없는 리소스 제거 및 삭제 목록·목표·검증 근거 기록, D,Content/Resources/Environments/Props/StartIsland/AbandonedCar/T_Abandoned_Car_B_Roughness.uasset
chore(assets): 미사용 시각 리소스 정리 및 변경 이력 문서화,참조 없는 리소스 제거 및 삭제 목록·목표·검증 근거 기록, D,Content/Resources/Environments/Props/StartIsland/AdvertisementPillar/advertisement_pillar.uasset
chore(assets): 미사용 시각 리소스 정리 및 변경 이력 문서화,참조 없는 리소스 제거 및 삭제 목록·목표·검증 근거 기록, D,Content/Resources/Environments/Props/StartIsland/Apartment/Prop/ACUnit/T_Prop_ACUnit_Metalic.uasset
chore(assets): 미사용 시각 리소스 정리 및 변경 이력 문서화,참조 없는 리소스 제거 및 삭제 목록·목표·검증 근거 기록, D,Content/Resources/Environments/Props/StartIsland/Apartment/Prop/Door/MI_Apartment_Door.uasset
chore(assets): 미사용 시각 리소스 정리 및 변경 이력 문서화,참조 없는 리소스 제거 및 삭제 목록·목표·검증 근거 기록, D,Content/Resources/Environments/Props/StartIsland/Apartment/Prop/Door/MI_FireProof_Door.uasset
chore(assets): 미사용 시각 리소스 정리 및 변경 이력 문서화,참조 없는 리소스 제거 및 삭제 목록·목표·검증 근거 기록, D,Content/Resources/Environments/Props/StartIsland/Apartment/Prop/Door/SM_Apartment_Door.uasset
chore(assets): 미사용 시각 리소스 정리 및 변경 이력 문서화,참조 없는 리소스 제거 및 삭제 목록·목표·검증 근거 기록, D,Content/Resources/Environments/Props/StartIsland/Apartment/Prop/Door/SM_FireProof_Door.uasset
chore(assets): 미사용 시각 리소스 정리 및 변경 이력 문서화,참조 없는 리소스 제거 및 삭제 목록·목표·검증 근거 기록, D,Content/Resources/Environments/Props/StartIsland/Apartment/Prop/Door/T_Apartment_Door_Metalic.uasset
chore(assets): 미사용 시각 리소스 정리 및 변경 이력 문서화,참조 없는 리소스 제거 및 삭제 목록·목표·검증 근거 기록, D,Content/Resources/Environments/Props/StartIsland/Apartment/Prop/Door/T_Apartment_Door_Normal.uasset
chore(assets): 미사용 시각 리소스 정리 및 변경 이력 문서화,참조 없는 리소스 제거 및 삭제 목록·목표·검증 근거 기록, D,Content/Resources/Environments/Props/StartIsland/Apartment/Prop/Door/T_Apartment_Door_Roughness.uasset
chore(assets): 미사용 시각 리소스 정리 및 변경 이력 문서화,참조 없는 리소스 제거 및 삭제 목록·목표·검증 근거 기록, D,Content/Resources/Environments/Props/StartIsland/Apartment/Prop/Door/T_FireProof_Door_Basecolor.uasset
chore(assets): 미사용 시각 리소스 정리 및 변경 이력 문서화,참조 없는 리소스 제거 및 삭제 목록·목표·검증 근거 기록, D,Content/Resources/Environments/Props/StartIsland/Apartment/Prop/Door/T_FireProof_Door_Metalic.uasset
chore(assets): 미사용 시각 리소스 정리 및 변경 이력 문서화,참조 없는 리소스 제거 및 삭제 목록·목표·검증 근거 기록, D,Content/Resources/Environments/Props/StartIsland/Apartment/Prop/Door/T_FireProof_Door_Normal.uasset
chore(assets): 미사용 시각 리소스 정리 및 변경 이력 문서화,참조 없는 리소스 제거 및 삭제 목록·목표·검증 근거 기록, D,Content/Resources/Environments/Props/StartIsland/Apartment/Prop/Door/T_FireProof_Door_Roughness.uasset
chore(assets): 미사용 시각 리소스 정리 및 변경 이력 문서화,참조 없는 리소스 제거 및 삭제 목록·목표·검증 근거 기록, D,Content/Resources/Environments/Props/StartIsland/Apartment/Prop/Door/T__Apartment_Door_Basecolor.uasset
chore(assets): 미사용 시각 리소스 정리 및 변경 이력 문서화,참조 없는 리소스 제거 및 삭제 목록·목표·검증 근거 기록, D,Content/Resources/Environments/Props/StartIsland/Apartment/Prop/RoofCrown/MI_Bld_RoofCrown_A.uasset
chore(assets): 미사용 시각 리소스 정리 및 변경 이력 문서화,참조 없는 리소스 제거 및 삭제 목록·목표·검증 근거 기록, D,Content/Resources/Environments/Props/StartIsland/Apartment/Prop/RoofCrown/SM_Bld_RoofCrown_A.uasset
chore(assets): 미사용 시각 리소스 정리 및 변경 이력 문서화,참조 없는 리소스 제거 및 삭제 목록·목표·검증 근거 기록, D,Content/Resources/Environments/Props/StartIsland/Apartment/Prop/RoofCrown/T_Bld_RoofCrown_A_Basecolor.uasset
chore(assets): 미사용 시각 리소스 정리 및 변경 이력 문서화,참조 없는 리소스 제거 및 삭제 목록·목표·검증 근거 기록, D,Content/Resources/Environments/Props/StartIsland/Apartment/Prop/RoofCrown/T_Bld_RoofCrown_A_Metalic.uasset
chore(assets): 미사용 시각 리소스 정리 및 변경 이력 문서화,참조 없는 리소스 제거 및 삭제 목록·목표·검증 근거 기록, D,Content/Resources/Environments/Props/StartIsland/Apartment/Prop/RoofCrown/T_Bld_RoofCrown_A_Normal.uasset
chore(assets): 미사용 시각 리소스 정리 및 변경 이력 문서화,참조 없는 리소스 제거 및 삭제 목록·목표·검증 근거 기록, D,Content/Resources/Environments/Props/StartIsland/Apartment/Prop/RoofCrown/T_Bld_RoofCrown_A_Roughness.uasset
chore(assets): 미사용 시각 리소스 정리 및 변경 이력 문서화,참조 없는 리소스 제거 및 삭제 목록·목표·검증 근거 기록, D,Content/Resources/Environments/Props/StartIsland/Apartment/Prop/WaterTank/MI_Bld_WaterTank.uasset
chore(assets): 미사용 시각 리소스 정리 및 변경 이력 문서화,참조 없는 리소스 제거 및 삭제 목록·목표·검증 근거 기록, D,Content/Resources/Environments/Props/StartIsland/Apartment/Prop/WaterTank/MI_Bld_WaterTank_Ladder.uasset
chore(assets): 미사용 시각 리소스 정리 및 변경 이력 문서화,참조 없는 리소스 제거 및 삭제 목록·목표·검증 근거 기록, D,Content/Resources/Environments/Props/StartIsland/Apartment/Prop/WaterTank/SM_Bld_WaterTank.uasset
chore(assets): 미사용 시각 리소스 정리 및 변경 이력 문서화,참조 없는 리소스 제거 및 삭제 목록·목표·검증 근거 기록, D,Content/Resources/Environments/Props/StartIsland/Apartment/Prop/WaterTank/SM_Bld_WaterTank_Ladder.uasset
chore(assets): 미사용 시각 리소스 정리 및 변경 이력 문서화,참조 없는 리소스 제거 및 삭제 목록·목표·검증 근거 기록, D,Content/Resources/Environments/Props/StartIsland/Apartment/Prop/WaterTank/T_Bld_WaterTank_Basecolor.uasset
chore(assets): 미사용 시각 리소스 정리 및 변경 이력 문서화,참조 없는 리소스 제거 및 삭제 목록·목표·검증 근거 기록, D,Content/Resources/Environments/Props/StartIsland/Apartment/Prop/WaterTank/T_Bld_WaterTank_Ladder_Basecolor.uasset
chore(assets): 미사용 시각 리소스 정리 및 변경 이력 문서화,참조 없는 리소스 제거 및 삭제 목록·목표·검증 근거 기록, D,Content/Resources/Environments/Props/StartIsland/Apartment/Prop/WaterTank/T_Bld_WaterTank_Ladder_Metalic.uasset
chore(assets): 미사용 시각 리소스 정리 및 변경 이력 문서화,참조 없는 리소스 제거 및 삭제 목록·목표·검증 근거 기록, D,Content/Resources/Environments/Props/StartIsland/Apartment/Prop/WaterTank/T_Bld_WaterTank_Ladder_Normal.uasset
chore(assets): 미사용 시각 리소스 정리 및 변경 이력 문서화,참조 없는 리소스 제거 및 삭제 목록·목표·검증 근거 기록, D,Content/Resources/Environments/Props/StartIsland/Apartment/Prop/WaterTank/T_Bld_WaterTank_Ladder_Roughness.uasset
chore(assets): 미사용 시각 리소스 정리 및 변경 이력 문서화,참조 없는 리소스 제거 및 삭제 목록·목표·검증 근거 기록, D,Content/Resources/Environments/Props/StartIsland/Apartment/Prop/WaterTank/T_Bld_WaterTank_Metalic.uasset
chore(assets): 미사용 시각 리소스 정리 및 변경 이력 문서화,참조 없는 리소스 제거 및 삭제 목록·목표·검증 근거 기록, D,Content/Resources/Environments/Props/StartIsland/Apartment/Prop/WaterTank/T_Bld_WaterTank_Normal.uasset
chore(assets): 미사용 시각 리소스 정리 및 변경 이력 문서화,참조 없는 리소스 제거 및 삭제 목록·목표·검증 근거 기록, D,Content/Resources/Environments/Props/StartIsland/Apartment/Prop/WaterTank/T_Bld_WaterTank_Roughness.uasset
chore(assets): 미사용 시각 리소스 정리 및 변경 이력 문서화,참조 없는 리소스 제거 및 삭제 목록·목표·검증 근거 기록, D,Content/Resources/Environments/Props/StartIsland/Apartment/Prop/Window/MI_Bld_WinModule_A.uasset
chore(assets): 미사용 시각 리소스 정리 및 변경 이력 문서화,참조 없는 리소스 제거 및 삭제 목록·목표·검증 근거 기록, D,Content/Resources/Environments/Props/StartIsland/Apartment/Prop/Window/SM_Bld_WinModule_A.uasset
chore(assets): 미사용 시각 리소스 정리 및 변경 이력 문서화,참조 없는 리소스 제거 및 삭제 목록·목표·검증 근거 기록, D,Content/Resources/Environments/Props/StartIsland/Apartment/Prop/Window/T_Bld_WinModule_A_Basecolor.uasset
chore(assets): 미사용 시각 리소스 정리 및 변경 이력 문서화,참조 없는 리소스 제거 및 삭제 목록·목표·검증 근거 기록, D,Content/Resources/Environments/Props/StartIsland/BlankBillboard/MI_Blank_billboard.uasset
chore(assets): 미사용 시각 리소스 정리 및 변경 이력 문서화,참조 없는 리소스 제거 및 삭제 목록·목표·검증 근거 기록, D,Content/Resources/Environments/Props/StartIsland/BlankBillboard/SM_Blank_billboard.uasset
chore(assets): 미사용 시각 리소스 정리 및 변경 이력 문서화,참조 없는 리소스 제거 및 삭제 목록·목표·검증 근거 기록, D,Content/Resources/Environments/Props/StartIsland/BlankBillboard/T_Blank_billboard_Basecolor.uasset
chore(assets): 미사용 시각 리소스 정리 및 변경 이력 문서화,참조 없는 리소스 제거 및 삭제 목록·목표·검증 근거 기록, D,Content/Resources/Environments/Props/StartIsland/BlankBillboard/T_Blank_billboard_Metalic.uasset
chore(assets): 미사용 시각 리소스 정리 및 변경 이력 문서화,참조 없는 리소스 제거 및 삭제 목록·목표·검증 근거 기록, D,Content/Resources/Environments/Props/StartIsland/BlankBillboard/T_Blank_billboard_Normal.uasset
chore(assets): 미사용 시각 리소스 정리 및 변경 이력 문서화,참조 없는 리소스 제거 및 삭제 목록·목표·검증 근거 기록, D,Content/Resources/Environments/Props/StartIsland/BlankBillboard/T_Blank_billboard_Roughness.uasset
chore(assets): 미사용 시각 리소스 정리 및 변경 이력 문서화,참조 없는 리소스 제거 및 삭제 목록·목표·검증 근거 기록, D,Content/Resources/Environments/Props/StartIsland/BusStop/MI_Bus_Stop.uasset
chore(assets): 미사용 시각 리소스 정리 및 변경 이력 문서화,참조 없는 리소스 제거 및 삭제 목록·목표·검증 근거 기록, D,Content/Resources/Environments/Props/StartIsland/BusStop/SM_Bus_Stop.uasset
chore(assets): 미사용 시각 리소스 정리 및 변경 이력 문서화,참조 없는 리소스 제거 및 삭제 목록·목표·검증 근거 기록, D,Content/Resources/Environments/Props/StartIsland/BusStop/T_Bus_Stop_Basecolor.uasset
chore(assets): 미사용 시각 리소스 정리 및 변경 이력 문서화,참조 없는 리소스 제거 및 삭제 목록·목표·검증 근거 기록, D,Content/Resources/Environments/Props/StartIsland/BusStop/T_Bus_Stop_Metalic.uasset
chore(assets): 미사용 시각 리소스 정리 및 변경 이력 문서화,참조 없는 리소스 제거 및 삭제 목록·목표·검증 근거 기록, D,Content/Resources/Environments/Props/StartIsland/BusStop/T_Bus_Stop_Normal.uasset
chore(assets): 미사용 시각 리소스 정리 및 변경 이력 문서화,참조 없는 리소스 제거 및 삭제 목록·목표·검증 근거 기록, D,Content/Resources/Environments/Props/StartIsland/BusStop/T_Bus_Stop_Roughness.uasset
chore(assets): 미사용 시각 리소스 정리 및 변경 이력 문서화,참조 없는 리소스 제거 및 삭제 목록·목표·검증 근거 기록, D,Content/Resources/Environments/Props/StartIsland/Bush/T__Bush_A_Metalic.uasset
chore(assets): 미사용 시각 리소스 정리 및 변경 이력 문서화,참조 없는 리소스 제거 및 삭제 목록·목표·검증 근거 기록, D,Content/Resources/Environments/Props/StartIsland/CoinLocker/T_Coin_Locker_Metalic.uasset
chore(assets): 미사용 시각 리소스 정리 및 변경 이력 문서화,참조 없는 리소스 제거 및 삭제 목록·목표·검증 근거 기록, D,Content/Resources/Environments/Props/StartIsland/ConcreateBarrier/MI_Concrete_Barrier.uasset
chore(assets): 미사용 시각 리소스 정리 및 변경 이력 문서화,참조 없는 리소스 제거 및 삭제 목록·목표·검증 근거 기록, D,Content/Resources/Environments/Props/StartIsland/ConcreateBarrier/SM_Concrete_Barrier.uasset
chore(assets): 미사용 시각 리소스 정리 및 변경 이력 문서화,참조 없는 리소스 제거 및 삭제 목록·목표·검증 근거 기록, D,Content/Resources/Environments/Props/StartIsland/ConcreateBarrier/T_Concrete_Barrier_Basecolor.uasset
chore(assets): 미사용 시각 리소스 정리 및 변경 이력 문서화,참조 없는 리소스 제거 및 삭제 목록·목표·검증 근거 기록, D,Content/Resources/Environments/Props/StartIsland/ConcreateBarrier/T_Concrete_Barrier_Metalic.uasset
chore(assets): 미사용 시각 리소스 정리 및 변경 이력 문서화,참조 없는 리소스 제거 및 삭제 목록·목표·검증 근거 기록, D,Content/Resources/Environments/Props/StartIsland/ConcreateBarrier/T_Concrete_Barrier_Normal.uasset
chore(assets): 미사용 시각 리소스 정리 및 변경 이력 문서화,참조 없는 리소스 제거 및 삭제 목록·목표·검증 근거 기록, D,Content/Resources/Environments/Props/StartIsland/ConcreateBarrier/T_Concrete_Barrier_Roughness.uasset
chore(assets): 미사용 시각 리소스 정리 및 변경 이력 문서화,참조 없는 리소스 제거 및 삭제 목록·목표·검증 근거 기록, D,Content/Resources/Environments/Props/StartIsland/Container/MI_Container_A.uasset
chore(assets): 미사용 시각 리소스 정리 및 변경 이력 문서화,참조 없는 리소스 제거 및 삭제 목록·목표·검증 근거 기록, D,Content/Resources/Environments/Props/StartIsland/Container/MI_Container_Opened.uasset
chore(assets): 미사용 시각 리소스 정리 및 변경 이력 문서화,참조 없는 리소스 제거 및 삭제 목록·목표·검증 근거 기록, D,Content/Resources/Environments/Props/StartIsland/Container/SM_Container_A.uasset
chore(assets): 미사용 시각 리소스 정리 및 변경 이력 문서화,참조 없는 리소스 제거 및 삭제 목록·목표·검증 근거 기록, D,Content/Resources/Environments/Props/StartIsland/Container/SM_Container_Opened.uasset
chore(assets): 미사용 시각 리소스 정리 및 변경 이력 문서화,참조 없는 리소스 제거 및 삭제 목록·목표·검증 근거 기록, D,Content/Resources/Environments/Props/StartIsland/Container/T_Container_A_Basecolor.uasset
chore(assets): 미사용 시각 리소스 정리 및 변경 이력 문서화,참조 없는 리소스 제거 및 삭제 목록·목표·검증 근거 기록, D,Content/Resources/Environments/Props/StartIsland/Container/T_Container_A_Metalic.uasset
chore(assets): 미사용 시각 리소스 정리 및 변경 이력 문서화,참조 없는 리소스 제거 및 삭제 목록·목표·검증 근거 기록, D,Content/Resources/Environments/Props/StartIsland/Container/T_Container_A_Normal.uasset
chore(assets): 미사용 시각 리소스 정리 및 변경 이력 문서화,참조 없는 리소스 제거 및 삭제 목록·목표·검증 근거 기록, D,Content/Resources/Environments/Props/StartIsland/Container/T_Container_A_Roughness.uasset
chore(assets): 미사용 시각 리소스 정리 및 변경 이력 문서화,참조 없는 리소스 제거 및 삭제 목록·목표·검증 근거 기록, D,Content/Resources/Environments/Props/StartIsland/Container/T_Container_Opened_Basecolor.uasset
chore(assets): 미사용 시각 리소스 정리 및 변경 이력 문서화,참조 없는 리소스 제거 및 삭제 목록·목표·검증 근거 기록, D,Content/Resources/Environments/Props/StartIsland/Container/T_Container_Opened_Metalic.uasset
chore(assets): 미사용 시각 리소스 정리 및 변경 이력 문서화,참조 없는 리소스 제거 및 삭제 목록·목표·검증 근거 기록, D,Content/Resources/Environments/Props/StartIsland/Container/T_Container_Opened_Normal.uasset
chore(assets): 미사용 시각 리소스 정리 및 변경 이력 문서화,참조 없는 리소스 제거 및 삭제 목록·목표·검증 근거 기록, D,Content/Resources/Environments/Props/StartIsland/Container/T_Container_Opened_Roughness.uasset
chore(assets): 미사용 시각 리소스 정리 및 변경 이력 문서화,참조 없는 리소스 제거 및 삭제 목록·목표·검증 근거 기록, D,Content/Resources/Environments/Props/StartIsland/Costco/T_Costco_Metalic.uasset
chore(assets): 미사용 시각 리소스 정리 및 변경 이력 문서화,참조 없는 리소스 제거 및 삭제 목록·목표·검증 근거 기록, D,Content/Resources/Environments/Props/StartIsland/Dumpster/MI_Dumpster.uasset
chore(assets): 미사용 시각 리소스 정리 및 변경 이력 문서화,참조 없는 리소스 제거 및 삭제 목록·목표·검증 근거 기록, D,Content/Resources/Environments/Props/StartIsland/Dumpster/SM_Dumpster.uasset
chore(assets): 미사용 시각 리소스 정리 및 변경 이력 문서화,참조 없는 리소스 제거 및 삭제 목록·목표·검증 근거 기록, D,Content/Resources/Environments/Props/StartIsland/Dumpster/T_Dumpster_Basecolor.uasset
chore(assets): 미사용 시각 리소스 정리 및 변경 이력 문서화,참조 없는 리소스 제거 및 삭제 목록·목표·검증 근거 기록, D,Content/Resources/Environments/Props/StartIsland/Dumpster/T_Dumpster_Metalic.uasset
chore(assets): 미사용 시각 리소스 정리 및 변경 이력 문서화,참조 없는 리소스 제거 및 삭제 목록·목표·검증 근거 기록, D,Content/Resources/Environments/Props/StartIsland/Dumpster/T_Dumpster_Normal.uasset
chore(assets): 미사용 시각 리소스 정리 및 변경 이력 문서화,참조 없는 리소스 제거 및 삭제 목록·목표·검증 근거 기록, D,Content/Resources/Environments/Props/StartIsland/Dumpster/T_Dumpster_Roughness.uasset
chore(assets): 미사용 시각 리소스 정리 및 변경 이력 문서화,참조 없는 리소스 제거 및 삭제 목록·목표·검증 근거 기록, D,Content/Resources/Environments/Props/StartIsland/ElectricPole/MI_Electric_Pole.uasset
chore(assets): 미사용 시각 리소스 정리 및 변경 이력 문서화,참조 없는 리소스 제거 및 삭제 목록·목표·검증 근거 기록, D,Content/Resources/Environments/Props/StartIsland/ElectricPole/SM_Electric_Pole.uasset
chore(assets): 미사용 시각 리소스 정리 및 변경 이력 문서화,참조 없는 리소스 제거 및 삭제 목록·목표·검증 근거 기록, D,Content/Resources/Environments/Props/StartIsland/ElectricPole/T_Electric_Pole_Basecolor.uasset
chore(assets): 미사용 시각 리소스 정리 및 변경 이력 문서화,참조 없는 리소스 제거 및 삭제 목록·목표·검증 근거 기록, D,Content/Resources/Environments/Props/StartIsland/ElectricPole/T_Electric_Pole_Metalic.uasset
chore(assets): 미사용 시각 리소스 정리 및 변경 이력 문서화,참조 없는 리소스 제거 및 삭제 목록·목표·검증 근거 기록, D,Content/Resources/Environments/Props/StartIsland/ElectricPole/T_Electric_Pole_Normal.uasset
chore(assets): 미사용 시각 리소스 정리 및 변경 이력 문서화,참조 없는 리소스 제거 및 삭제 목록·목표·검증 근거 기록, D,Content/Resources/Environments/Props/StartIsland/ElectricPole/T_Electric_Pole_Roughness.uasset
chore(assets): 미사용 시각 리소스 정리 및 변경 이력 문서화,참조 없는 리소스 제거 및 삭제 목록·목표·검증 근거 기록, D,Content/Resources/Environments/Props/StartIsland/FlagRed/T_Flag_Red_Metalic.uasset
chore(assets): 미사용 시각 리소스 정리 및 변경 이력 문서화,참조 없는 리소스 제거 및 삭제 목록·목표·검증 근거 기록, D,Content/Resources/Environments/Props/StartIsland/Gondola/MI_Gondola_Red.uasset
chore(assets): 미사용 시각 리소스 정리 및 변경 이력 문서화,참조 없는 리소스 제거 및 삭제 목록·목표·검증 근거 기록, D,Content/Resources/Environments/Props/StartIsland/Gondola/SM_Gondola_Red.uasset
chore(assets): 미사용 시각 리소스 정리 및 변경 이력 문서화,참조 없는 리소스 제거 및 삭제 목록·목표·검증 근거 기록, D,Content/Resources/Environments/Props/StartIsland/Gondola/T_Gondola_Red_Basecolor.uasset
chore(assets): 미사용 시각 리소스 정리 및 변경 이력 문서화,참조 없는 리소스 제거 및 삭제 목록·목표·검증 근거 기록, D,Content/Resources/Environments/Props/StartIsland/Gondola/T_Gondola_Red_Metalic.uasset
chore(assets): 미사용 시각 리소스 정리 및 변경 이력 문서화,참조 없는 리소스 제거 및 삭제 목록·목표·검증 근거 기록, D,Content/Resources/Environments/Props/StartIsland/Gondola/T_Gondola_Red_Normal.uasset
chore(assets): 미사용 시각 리소스 정리 및 변경 이력 문서화,참조 없는 리소스 제거 및 삭제 목록·목표·검증 근거 기록, D,Content/Resources/Environments/Props/StartIsland/Gondola/T_Gondola_Red_Roughness.uasset
chore(assets): 미사용 시각 리소스 정리 및 변경 이력 문서화,참조 없는 리소스 제거 및 삭제 목록·목표·검증 근거 기록, D,Content/Resources/Environments/Props/StartIsland/GondolaStation/Material_001.uasset
chore(assets): 미사용 시각 리소스 정리 및 변경 이력 문서화,참조 없는 리소스 제거 및 삭제 목록·목표·검증 근거 기록, D,Content/Resources/Environments/Props/StartIsland/GondolaStation/SM_Gondola_Station.uasset
chore(assets): 미사용 시각 리소스 정리 및 변경 이력 문서화,참조 없는 리소스 제거 및 삭제 목록·목표·검증 근거 기록, D,Content/Resources/Environments/Props/StartIsland/GondolaStation/base_color.uasset
chore(assets): 미사용 시각 리소스 정리 및 변경 이력 문서화,참조 없는 리소스 제거 및 삭제 목록·목표·검증 근거 기록, D,Content/Resources/Environments/Props/StartIsland/GondolaStation/normal.uasset
chore(assets): 미사용 시각 리소스 정리 및 변경 이력 문서화,참조 없는 리소스 제거 및 삭제 목록·목표·검증 근거 기록, D,Content/Resources/Environments/Props/StartIsland/GondolaStation/texture_0_metallic.uasset
chore(assets): 미사용 시각 리소스 정리 및 변경 이력 문서화,참조 없는 리소스 제거 및 삭제 목록·목표·검증 근거 기록, D,Content/Resources/Environments/Props/StartIsland/GondolaStation/texture_0_roughness.uasset
chore(assets): 미사용 시각 리소스 정리 및 변경 이력 문서화,참조 없는 리소스 제거 및 삭제 목록·목표·검증 근거 기록, D,Content/Resources/Environments/Props/StartIsland/Guardrail/T_Guardrail_Roughness.uasset
chore(assets): 미사용 시각 리소스 정리 및 변경 이력 문서화,참조 없는 리소스 제거 및 삭제 목록·목표·검증 근거 기록, D,Content/Resources/Environments/Props/StartIsland/Guardrail/lambert1_Mixed_AO.uasset
chore(assets): 미사용 시각 리소스 정리 및 변경 이력 문서화,참조 없는 리소스 제거 및 삭제 목록·목표·검증 근거 기록, D,Content/Resources/Environments/Props/StartIsland/Lighthouse/T_Lighthouse_Metalic.uasset
chore(assets): 미사용 시각 리소스 정리 및 변경 이력 문서화,참조 없는 리소스 제거 및 삭제 목록·목표·검증 근거 기록, D,Content/Resources/Environments/Props/StartIsland/PinWheel/MI_Pinwheel.uasset
chore(assets): 미사용 시각 리소스 정리 및 변경 이력 문서화,참조 없는 리소스 제거 및 삭제 목록·목표·검증 근거 기록, D,Content/Resources/Environments/Props/StartIsland/PinWheel/SM_Pinwheel.uasset
chore(assets): 미사용 시각 리소스 정리 및 변경 이력 문서화,참조 없는 리소스 제거 및 삭제 목록·목표·검증 근거 기록, D,Content/Resources/Environments/Props/StartIsland/PinWheel/T_Pinwheel_Basecolor.uasset
chore(assets): 미사용 시각 리소스 정리 및 변경 이력 문서화,참조 없는 리소스 제거 및 삭제 목록·목표·검증 근거 기록, D,Content/Resources/Environments/Props/StartIsland/PinWheel/T_Pinwheel_Metalic.uasset
chore(assets): 미사용 시각 리소스 정리 및 변경 이력 문서화,참조 없는 리소스 제거 및 삭제 목록·목표·검증 근거 기록, D,Content/Resources/Environments/Props/StartIsland/PinWheel/T_Pinwheel_Normal.uasset
chore(assets): 미사용 시각 리소스 정리 및 변경 이력 문서화,참조 없는 리소스 제거 및 삭제 목록·목표·검증 근거 기록, D,Content/Resources/Environments/Props/StartIsland/PinWheel/T_Pinwheel_Roughness.uasset
chore(assets): 미사용 시각 리소스 정리 및 변경 이력 문서화,참조 없는 리소스 제거 및 삭제 목록·목표·검증 근거 기록, D,Content/Resources/Environments/Props/StartIsland/Playground/T_Playground_Metalic.uasset
chore(assets): 미사용 시각 리소스 정리 및 변경 이력 문서화,참조 없는 리소스 제거 및 삭제 목록·목표·검증 근거 기록, D,Content/Resources/Environments/Props/StartIsland/Road/T_Highway_Road_Metalic.uasset
chore(assets): 미사용 시각 리소스 정리 및 변경 이력 문서화,참조 없는 리소스 제거 및 삭제 목록·목표·검증 근거 기록, D,Content/Resources/Environments/Props/StartIsland/RoadBlocker/MI_Road_Blocker.uasset
chore(assets): 미사용 시각 리소스 정리 및 변경 이력 문서화,참조 없는 리소스 제거 및 삭제 목록·목표·검증 근거 기록, D,Content/Resources/Environments/Props/StartIsland/RoadBlocker/SM_Road_Blocker.uasset
chore(assets): 미사용 시각 리소스 정리 및 변경 이력 문서화,참조 없는 리소스 제거 및 삭제 목록·목표·검증 근거 기록, D,Content/Resources/Environments/Props/StartIsland/RoadBlocker/T_Road_Blocker_Basecolor.uasset
chore(assets): 미사용 시각 리소스 정리 및 변경 이력 문서화,참조 없는 리소스 제거 및 삭제 목록·목표·검증 근거 기록, D,Content/Resources/Environments/Props/StartIsland/RoadBlocker/T_Road_Blocker_Metalic.uasset
chore(assets): 미사용 시각 리소스 정리 및 변경 이력 문서화,참조 없는 리소스 제거 및 삭제 목록·목표·검증 근거 기록, D,Content/Resources/Environments/Props/StartIsland/RoadBlocker/T_Road_Blocker_Normal.uasset
chore(assets): 미사용 시각 리소스 정리 및 변경 이력 문서화,참조 없는 리소스 제거 및 삭제 목록·목표·검증 근거 기록, D,Content/Resources/Environments/Props/StartIsland/RoadBlocker/T_Road_Blocker_Roughness.uasset
chore(assets): 미사용 시각 리소스 정리 및 변경 이력 문서화,참조 없는 리소스 제거 및 삭제 목록·목표·검증 근거 기록, D,Content/Resources/Environments/Props/StartIsland/RoadSignStop/MI_Road_Sign_Stop.uasset
chore(assets): 미사용 시각 리소스 정리 및 변경 이력 문서화,참조 없는 리소스 제거 및 삭제 목록·목표·검증 근거 기록, D,Content/Resources/Environments/Props/StartIsland/RoadSignStop/SM_Road_Sign_Stop.uasset
chore(assets): 미사용 시각 리소스 정리 및 변경 이력 문서화,참조 없는 리소스 제거 및 삭제 목록·목표·검증 근거 기록, D,Content/Resources/Environments/Props/StartIsland/RoadSignStop/T_Road_Sign_Stop_Basecolor.uasset
chore(assets): 미사용 시각 리소스 정리 및 변경 이력 문서화,참조 없는 리소스 제거 및 삭제 목록·목표·검증 근거 기록, D,Content/Resources/Environments/Props/StartIsland/RoadSignStop/T_Road_Sign_Stop_Metalic.uasset
chore(assets): 미사용 시각 리소스 정리 및 변경 이력 문서화,참조 없는 리소스 제거 및 삭제 목록·목표·검증 근거 기록, D,Content/Resources/Environments/Props/StartIsland/RoadSignStop/T_Road_Sign_Stop_Normal.uasset
chore(assets): 미사용 시각 리소스 정리 및 변경 이력 문서화,참조 없는 리소스 제거 및 삭제 목록·목표·검증 근거 기록, D,Content/Resources/Environments/Props/StartIsland/RoadSignStop/T_Road_Sign_Stop_Roughness.uasset
chore(assets): 미사용 시각 리소스 정리 및 변경 이력 문서화,참조 없는 리소스 제거 및 삭제 목록·목표·검증 근거 기록, D,Content/Resources/Environments/Props/StartIsland/Streetlight/MI_Streetlight.uasset
chore(assets): 미사용 시각 리소스 정리 및 변경 이력 문서화,참조 없는 리소스 제거 및 삭제 목록·목표·검증 근거 기록, D,Content/Resources/Environments/Props/StartIsland/Streetlight/SM_Streetlight.uasset
chore(assets): 미사용 시각 리소스 정리 및 변경 이력 문서화,참조 없는 리소스 제거 및 삭제 목록·목표·검증 근거 기록, D,Content/Resources/Environments/Props/StartIsland/Streetlight/T_Streetlight_Basecolor.uasset
chore(assets): 미사용 시각 리소스 정리 및 변경 이력 문서화,참조 없는 리소스 제거 및 삭제 목록·목표·검증 근거 기록, D,Content/Resources/Environments/Props/StartIsland/Streetlight/T_Streetlight_Metalic.uasset
chore(assets): 미사용 시각 리소스 정리 및 변경 이력 문서화,참조 없는 리소스 제거 및 삭제 목록·목표·검증 근거 기록, D,Content/Resources/Environments/Props/StartIsland/Streetlight/T_Streetlight_Normal.uasset
chore(assets): 미사용 시각 리소스 정리 및 변경 이력 문서화,참조 없는 리소스 제거 및 삭제 목록·목표·검증 근거 기록, D,Content/Resources/Environments/Props/StartIsland/Streetlight/T_Streetlight_Roughness.uasset
chore(assets): 미사용 시각 리소스 정리 및 변경 이력 문서화,참조 없는 리소스 제거 및 삭제 목록·목표·검증 근거 기록, D,Content/Resources/Environments/Props/StartIsland/SubwayStation/T_Subway_Station_Metalic.uasset
chore(assets): 미사용 시각 리소스 정리 및 변경 이력 문서화,참조 없는 리소스 제거 및 삭제 목록·목표·검증 근거 기록, D,Content/Resources/Environments/Props/StartIsland/SwimmingPool/MI_Swimming_Pool_Chair.uasset
chore(assets): 미사용 시각 리소스 정리 및 변경 이력 문서화,참조 없는 리소스 제거 및 삭제 목록·목표·검증 근거 기록, D,Content/Resources/Environments/Props/StartIsland/SwimmingPool/MI_Swimming_Pool_Decowall.uasset
chore(assets): 미사용 시각 리소스 정리 및 변경 이력 문서화,참조 없는 리소스 제거 및 삭제 목록·목표·검증 근거 기록, D,Content/Resources/Environments/Props/StartIsland/SwimmingPool/MI_Swimming_Pool_Filter.uasset
chore(assets): 미사용 시각 리소스 정리 및 변경 이력 문서화,참조 없는 리소스 제거 및 삭제 목록·목표·검증 근거 기록, D,Content/Resources/Environments/Props/StartIsland/SwimmingPool/MI_Swimming_Pool_Parasol.uasset
chore(assets): 미사용 시각 리소스 정리 및 변경 이력 문서화,참조 없는 리소스 제거 및 삭제 목록·목표·검증 근거 기록, D,Content/Resources/Environments/Props/StartIsland/SwimmingPool/MI_Swimming_Pool_Plane.uasset
chore(assets): 미사용 시각 리소스 정리 및 변경 이력 문서화,참조 없는 리소스 제거 및 삭제 목록·목표·검증 근거 기록, D,Content/Resources/Environments/Props/StartIsland/SwimmingPool/MI_Swimming_Pool_Screw.uasset
chore(assets): 미사용 시각 리소스 정리 및 변경 이력 문서화,참조 없는 리소스 제거 및 삭제 목록·목표·검증 근거 기록, D,Content/Resources/Environments/Props/StartIsland/SwimmingPool/MI_Swimming_Pool_Tile_A.uasset
chore(assets): 미사용 시각 리소스 정리 및 변경 이력 문서화,참조 없는 리소스 제거 및 삭제 목록·목표·검증 근거 기록, D,Content/Resources/Environments/Props/StartIsland/SwimmingPool/MI_Swimming_Pool_Tile_B.uasset
chore(assets): 미사용 시각 리소스 정리 및 변경 이력 문서화,참조 없는 리소스 제거 및 삭제 목록·목표·검증 근거 기록, D,Content/Resources/Environments/Props/StartIsland/SwimmingPool/SM_Swimming_Pool.uasset
chore(assets): 미사용 시각 리소스 정리 및 변경 이력 문서화,참조 없는 리소스 제거 및 삭제 목록·목표·검증 근거 기록, D,Content/Resources/Environments/Props/StartIsland/SwimmingPool/SM_Swimming_Pool_Chair.uasset
chore(assets): 미사용 시각 리소스 정리 및 변경 이력 문서화,참조 없는 리소스 제거 및 삭제 목록·목표·검증 근거 기록, D,Content/Resources/Environments/Props/StartIsland/SwimmingPool/SM_Swimming_Pool_Decowall_L.uasset
chore(assets): 미사용 시각 리소스 정리 및 변경 이력 문서화,참조 없는 리소스 제거 및 삭제 목록·목표·검증 근거 기록, D,Content/Resources/Environments/Props/StartIsland/SwimmingPool/SM_Swimming_Pool_Decowall_S.uasset
chore(assets): 미사용 시각 리소스 정리 및 변경 이력 문서화,참조 없는 리소스 제거 및 삭제 목록·목표·검증 근거 기록, D,Content/Resources/Environments/Props/StartIsland/SwimmingPool/SM_Swimming_Pool_Parasol.uasset
chore(assets): 미사용 시각 리소스 정리 및 변경 이력 문서화,참조 없는 리소스 제거 및 삭제 목록·목표·검증 근거 기록, D,Content/Resources/Environments/Props/StartIsland/SwimmingPool/SM_Swimming_Pool_Plane.uasset
chore(assets): 미사용 시각 리소스 정리 및 변경 이력 문서화,참조 없는 리소스 제거 및 삭제 목록·목표·검증 근거 기록, D,Content/Resources/Environments/Props/StartIsland/SwimmingPool/SM_Swimming_Pool_Tile.uasset
chore(assets): 미사용 시각 리소스 정리 및 변경 이력 문서화,참조 없는 리소스 제거 및 삭제 목록·목표·검증 근거 기록, D,Content/Resources/Environments/Props/StartIsland/SwimmingPool/T_Swimming_Pool_Chair.uasset
chore(assets): 미사용 시각 리소스 정리 및 변경 이력 문서화,참조 없는 리소스 제거 및 삭제 목록·목표·검증 근거 기록, D,Content/Resources/Environments/Props/StartIsland/SwimmingPool/T_Swimming_Pool_Decowall.uasset
chore(assets): 미사용 시각 리소스 정리 및 변경 이력 문서화,참조 없는 리소스 제거 및 삭제 목록·목표·검증 근거 기록, D,Content/Resources/Environments/Props/StartIsland/SwimmingPool/T_Swimming_Pool_Metalic.uasset
chore(assets): 미사용 시각 리소스 정리 및 변경 이력 문서화,참조 없는 리소스 제거 및 삭제 목록·목표·검증 근거 기록, D,Content/Resources/Environments/Props/StartIsland/SwimmingPool/T_Swimming_Pool_Parasol_Basecolor.uasset
chore(assets): 미사용 시각 리소스 정리 및 변경 이력 문서화,참조 없는 리소스 제거 및 삭제 목록·목표·검증 근거 기록, D,Content/Resources/Environments/Props/StartIsland/SwimmingPool/T_Swimming_Pool_Parasol_Normal.uasset
chore(assets): 미사용 시각 리소스 정리 및 변경 이력 문서화,참조 없는 리소스 제거 및 삭제 목록·목표·검증 근거 기록, D,Content/Resources/Environments/Props/StartIsland/SwimmingPool/T_Swimming_Pool_Parasol_Roughness.uasset
chore(assets): 미사용 시각 리소스 정리 및 변경 이력 문서화,참조 없는 리소스 제거 및 삭제 목록·목표·검증 근거 기록, D,Content/Resources/Environments/Props/StartIsland/SwimmingPool/T_Swimming_Pool_Tile_Plain_A.uasset
chore(assets): 미사용 시각 리소스 정리 및 변경 이력 문서화,참조 없는 리소스 제거 및 삭제 목록·목표·검증 근거 기록, D,Content/Resources/Environments/Props/StartIsland/SwimmingPool/T_Swimming_Pool_Tile_Small.uasset
chore(assets): 미사용 시각 리소스 정리 및 변경 이력 문서화,참조 없는 리소스 제거 및 삭제 목록·목표·검증 근거 기록, D,Content/Resources/Environments/Props/StartIsland/SwimmingPool/T_Swimming_Pool_Wood.uasset
chore(assets): 미사용 시각 리소스 정리 및 변경 이력 문서화,참조 없는 리소스 제거 및 삭제 목록·목표·검증 근거 기록, D,Content/Resources/Environments/Props/StartIsland/TalkingTree/T_Talking_Tree_Metalic.uasset
chore(assets): 미사용 시각 리소스 정리 및 변경 이력 문서화,참조 없는 리소스 제거 및 삭제 목록·목표·검증 근거 기록, D,Content/Resources/Environments/Props/StartIsland/TowerCrane/MI_Tower_Crane.uasset
chore(assets): 미사용 시각 리소스 정리 및 변경 이력 문서화,참조 없는 리소스 제거 및 삭제 목록·목표·검증 근거 기록, D,Content/Resources/Environments/Props/StartIsland/TowerCrane/SM_Tower_Crane.uasset
chore(assets): 미사용 시각 리소스 정리 및 변경 이력 문서화,참조 없는 리소스 제거 및 삭제 목록·목표·검증 근거 기록, D,Content/Resources/Environments/Props/StartIsland/TowerCrane/T_Tower_Crane_Basecolor.uasset
chore(assets): 미사용 시각 리소스 정리 및 변경 이력 문서화,참조 없는 리소스 제거 및 삭제 목록·목표·검증 근거 기록, D,Content/Resources/Environments/Props/StartIsland/TowerCrane/T_Tower_Crane_Metalic.uasset
chore(assets): 미사용 시각 리소스 정리 및 변경 이력 문서화,참조 없는 리소스 제거 및 삭제 목록·목표·검증 근거 기록, D,Content/Resources/Environments/Props/StartIsland/TowerCrane/T_Tower_Crane_Normal.uasset
chore(assets): 미사용 시각 리소스 정리 및 변경 이력 문서화,참조 없는 리소스 제거 및 삭제 목록·목표·검증 근거 기록, D,Content/Resources/Environments/Props/StartIsland/TowerCrane/T_Tower_Crane_Roughness.uasset
chore(assets): 미사용 시각 리소스 정리 및 변경 이력 문서화,참조 없는 리소스 제거 및 삭제 목록·목표·검증 근거 기록, D,Content/Resources/Environments/Props/StartIsland/TrafficBarrier/MI_Traffic_Barrier.uasset
chore(assets): 미사용 시각 리소스 정리 및 변경 이력 문서화,참조 없는 리소스 제거 및 삭제 목록·목표·검증 근거 기록, D,Content/Resources/Environments/Props/StartIsland/TrafficBarrier/SM_Traffic_Barrier.uasset
chore(assets): 미사용 시각 리소스 정리 및 변경 이력 문서화,참조 없는 리소스 제거 및 삭제 목록·목표·검증 근거 기록, D,Content/Resources/Environments/Props/StartIsland/TrafficBarrier/T_Traffic_Barrier_Basecolor.uasset
chore(assets): 미사용 시각 리소스 정리 및 변경 이력 문서화,참조 없는 리소스 제거 및 삭제 목록·목표·검증 근거 기록, D,Content/Resources/Environments/Props/StartIsland/TrafficBarrier/T_Traffic_Barrier_Metalic.uasset
chore(assets): 미사용 시각 리소스 정리 및 변경 이력 문서화,참조 없는 리소스 제거 및 삭제 목록·목표·검증 근거 기록, D,Content/Resources/Environments/Props/StartIsland/TrafficBarrier/T_Traffic_Barrier_Normal.uasset
chore(assets): 미사용 시각 리소스 정리 및 변경 이력 문서화,참조 없는 리소스 제거 및 삭제 목록·목표·검증 근거 기록, D,Content/Resources/Environments/Props/StartIsland/TrafficBarrier/T_Traffic_Barrier_Roughness.uasset
chore(assets): 미사용 시각 리소스 정리 및 변경 이력 문서화,참조 없는 리소스 제거 및 삭제 목록·목표·검증 근거 기록, D,Content/Resources/Environments/Props/StartIsland/TrafficCone/MI_Traffic_Cone.uasset
chore(assets): 미사용 시각 리소스 정리 및 변경 이력 문서화,참조 없는 리소스 제거 및 삭제 목록·목표·검증 근거 기록, D,Content/Resources/Environments/Props/StartIsland/TrafficCone/SM_Traffic_Cone.uasset
chore(assets): 미사용 시각 리소스 정리 및 변경 이력 문서화,참조 없는 리소스 제거 및 삭제 목록·목표·검증 근거 기록, D,Content/Resources/Environments/Props/StartIsland/TrafficCone/T_Traffic_Cone_Basecolor.uasset
chore(assets): 미사용 시각 리소스 정리 및 변경 이력 문서화,참조 없는 리소스 제거 및 삭제 목록·목표·검증 근거 기록, D,Content/Resources/Environments/Props/StartIsland/TrafficCone/T_Traffic_Cone_Metalic.uasset
chore(assets): 미사용 시각 리소스 정리 및 변경 이력 문서화,참조 없는 리소스 제거 및 삭제 목록·목표·검증 근거 기록, D,Content/Resources/Environments/Props/StartIsland/TrafficCone/T_Traffic_Cone_Normal.uasset
chore(assets): 미사용 시각 리소스 정리 및 변경 이력 문서화,참조 없는 리소스 제거 및 삭제 목록·목표·검증 근거 기록, D,Content/Resources/Environments/Props/StartIsland/TrafficCone/T_Traffic_Cone_Roughness.uasset
chore(assets): 미사용 시각 리소스 정리 및 변경 이력 문서화,참조 없는 리소스 제거 및 삭제 목록·목표·검증 근거 기록, D,Content/Resources/Environments/Props/StartIsland/Train/MI_Bld_Train_A.uasset
chore(assets): 미사용 시각 리소스 정리 및 변경 이력 문서화,참조 없는 리소스 제거 및 삭제 목록·목표·검증 근거 기록, D,Content/Resources/Environments/Props/StartIsland/Train/SM_Bld_Train_A.uasset
chore(assets): 미사용 시각 리소스 정리 및 변경 이력 문서화,참조 없는 리소스 제거 및 삭제 목록·목표·검증 근거 기록, D,Content/Resources/Environments/Props/StartIsland/Train/T_Bld_Train_A_Basecolor.uasset
chore(assets): 미사용 시각 리소스 정리 및 변경 이력 문서화,참조 없는 리소스 제거 및 삭제 목록·목표·검증 근거 기록, D,Content/Resources/Environments/Props/StartIsland/Train/T_Bld_Train_A_Metallic.uasset
chore(assets): 미사용 시각 리소스 정리 및 변경 이력 문서화,참조 없는 리소스 제거 및 삭제 목록·목표·검증 근거 기록, D,Content/Resources/Environments/Props/StartIsland/Train/T_Bld_Train_A_Normal.uasset
chore(assets): 미사용 시각 리소스 정리 및 변경 이력 문서화,참조 없는 리소스 제거 및 삭제 목록·목표·검증 근거 기록, D,Content/Resources/Environments/Props/StartIsland/Train/T_Bld_Train_A_Roughness.uasset
chore(assets): 미사용 시각 리소스 정리 및 변경 이력 문서화,참조 없는 리소스 제거 및 삭제 목록·목표·검증 근거 기록, D,Content/Resources/Environments/Props/StartIsland/Tree/T_Tree_Normal_A_Metalic.uasset
chore(assets): 미사용 시각 리소스 정리 및 변경 이력 문서화,참조 없는 리소스 제거 및 삭제 목록·목표·검증 근거 기록, D,Content/Resources/Environments/Props/StartIsland/VoltageTransmissionTower/MI_Voltage_Transmission_Tower.uasset
chore(assets): 미사용 시각 리소스 정리 및 변경 이력 문서화,참조 없는 리소스 제거 및 삭제 목록·목표·검증 근거 기록, D,Content/Resources/Environments/Props/StartIsland/VoltageTransmissionTower/SM_Voltage_Transmission_Tower.uasset
chore(assets): 미사용 시각 리소스 정리 및 변경 이력 문서화,참조 없는 리소스 제거 및 삭제 목록·목표·검증 근거 기록, D,Content/Resources/Environments/Props/StartIsland/VoltageTransmissionTower/T_Voltage_Transmission_Tower_Basecolor.uasset
chore(assets): 미사용 시각 리소스 정리 및 변경 이력 문서화,참조 없는 리소스 제거 및 삭제 목록·목표·검증 근거 기록, D,Content/Resources/Environments/Props/StartIsland/VoltageTransmissionTower/T_Voltage_Transmission_Tower_Metalic.uasset
chore(assets): 미사용 시각 리소스 정리 및 변경 이력 문서화,참조 없는 리소스 제거 및 삭제 목록·목표·검증 근거 기록, D,Content/Resources/Environments/Props/StartIsland/VoltageTransmissionTower/T_Voltage_Transmission_Tower_Normal.uasset
chore(assets): 미사용 시각 리소스 정리 및 변경 이력 문서화,참조 없는 리소스 제거 및 삭제 목록·목표·검증 근거 기록, D,Content/Resources/Environments/Props/StartIsland/VoltageTransmissionTower/T_Voltage_Transmission_Tower_Roughness.uasset
chore(assets): 미사용 시각 리소스 정리 및 변경 이력 문서화,참조 없는 리소스 제거 및 삭제 목록·목표·검증 근거 기록, D,Content/Resources/Environments/Props/StartIsland/WindTurbine/MI_Wind_Turbine.uasset
chore(assets): 미사용 시각 리소스 정리 및 변경 이력 문서화,참조 없는 리소스 제거 및 삭제 목록·목표·검증 근거 기록, D,Content/Resources/Environments/Props/StartIsland/WindTurbine/SM_Wind_Turbine.uasset
chore(assets): 미사용 시각 리소스 정리 및 변경 이력 문서화,참조 없는 리소스 제거 및 삭제 목록·목표·검증 근거 기록, D,Content/Resources/Environments/Props/StartIsland/WindTurbine/T_Wind_Turbine_Basecolor.uasset
chore(assets): 미사용 시각 리소스 정리 및 변경 이력 문서화,참조 없는 리소스 제거 및 삭제 목록·목표·검증 근거 기록, D,Content/Resources/Environments/Props/StartIsland/WindTurbine/T_Wind_Turbine_Metalic.uasset
chore(assets): 미사용 시각 리소스 정리 및 변경 이력 문서화,참조 없는 리소스 제거 및 삭제 목록·목표·검증 근거 기록, D,Content/Resources/Environments/Props/StartIsland/WindTurbine/T_Wind_Turbine_Normal.uasset
chore(assets): 미사용 시각 리소스 정리 및 변경 이력 문서화,참조 없는 리소스 제거 및 삭제 목록·목표·검증 근거 기록, D,Content/Resources/Environments/Props/StartIsland/WindTurbine/T_Wind_Turbine_Roughness.uasset
chore(assets): 미사용 시각 리소스 정리 및 변경 이력 문서화,참조 없는 리소스 제거 및 삭제 목록·목표·검증 근거 기록, D,Content/Resources/Environments/Test/MI_Bld_Train_A.uasset
chore(assets): 미사용 시각 리소스 정리 및 변경 이력 문서화,참조 없는 리소스 제거 및 삭제 목록·목표·검증 근거 기록, D,Content/Resources/Environments/Test/MI_red_car.uasset
chore(assets): 미사용 시각 리소스 정리 및 변경 이력 문서화,참조 없는 리소스 제거 및 삭제 목록·목표·검증 근거 기록, D,Content/Resources/Environments/Test/MI_wrecked_military_vehicle.uasset
chore(assets): 미사용 시각 리소스 정리 및 변경 이력 문서화,참조 없는 리소스 제거 및 삭제 목록·목표·검증 근거 기록, D,Content/Resources/Environments/Test/SM_Bld_Train_A.uasset
chore(assets): 미사용 시각 리소스 정리 및 변경 이력 문서화,참조 없는 리소스 제거 및 삭제 목록·목표·검증 근거 기록, D,Content/Resources/Environments/Test/SM_red_car.uasset
chore(assets): 미사용 시각 리소스 정리 및 변경 이력 문서화,참조 없는 리소스 제거 및 삭제 목록·목표·검증 근거 기록, D,Content/Resources/Environments/Test/SM_wrecked_military_vehicle.uasset
chore(assets): 미사용 시각 리소스 정리 및 변경 이력 문서화,참조 없는 리소스 제거 및 삭제 목록·목표·검증 근거 기록, D,Content/Resources/Environments/Test/T_Bld_Train_A_Basecolor.uasset
chore(assets): 미사용 시각 리소스 정리 및 변경 이력 문서화,참조 없는 리소스 제거 및 삭제 목록·목표·검증 근거 기록, D,Content/Resources/Environments/Test/T_Bld_Train_A_Metallic.uasset
chore(assets): 미사용 시각 리소스 정리 및 변경 이력 문서화,참조 없는 리소스 제거 및 삭제 목록·목표·검증 근거 기록, D,Content/Resources/Environments/Test/T_Bld_Train_A_Normal.uasset
chore(assets): 미사용 시각 리소스 정리 및 변경 이력 문서화,참조 없는 리소스 제거 및 삭제 목록·목표·검증 근거 기록, D,Content/Resources/Environments/Test/T_Bld_Train_A_Roughness.uasset
chore(assets): 미사용 시각 리소스 정리 및 변경 이력 문서화,참조 없는 리소스 제거 및 삭제 목록·목표·검증 근거 기록, D,Content/Resources/Environments/Test/T_red_car_Basecolor.uasset
chore(assets): 미사용 시각 리소스 정리 및 변경 이력 문서화,참조 없는 리소스 제거 및 삭제 목록·목표·검증 근거 기록, D,Content/Resources/Environments/Test/T_red_car_Metallic.uasset
chore(assets): 미사용 시각 리소스 정리 및 변경 이력 문서화,참조 없는 리소스 제거 및 삭제 목록·목표·검증 근거 기록, D,Content/Resources/Environments/Test/T_red_car_Normal.uasset
chore(assets): 미사용 시각 리소스 정리 및 변경 이력 문서화,참조 없는 리소스 제거 및 삭제 목록·목표·검증 근거 기록, D,Content/Resources/Environments/Test/T_red_car_Roughness.uasset
chore(assets): 미사용 시각 리소스 정리 및 변경 이력 문서화,참조 없는 리소스 제거 및 삭제 목록·목표·검증 근거 기록, D,Content/Resources/Environments/Test/T_wrecked_military_vehicle_Basecolor.uasset
chore(assets): 미사용 시각 리소스 정리 및 변경 이력 문서화,참조 없는 리소스 제거 및 삭제 목록·목표·검증 근거 기록, D,Content/Resources/Environments/Test/T_wrecked_military_vehicle_Metallic.uasset
chore(assets): 미사용 시각 리소스 정리 및 변경 이력 문서화,참조 없는 리소스 제거 및 삭제 목록·목표·검증 근거 기록, D,Content/Resources/Environments/Test/T_wrecked_military_vehicle_Normal.uasset
chore(assets): 미사용 시각 리소스 정리 및 변경 이력 문서화,참조 없는 리소스 제거 및 삭제 목록·목표·검증 근거 기록, D,Content/Resources/Environments/Test/T_wrecked_military_vehicle_Roughness.uasset
chore(assets): 미사용 시각 리소스 정리 및 변경 이력 문서화,참조 없는 리소스 제거 및 삭제 목록·목표·검증 근거 기록, D,Content/Resources/UI/Choice_Stroke.uasset
chore(assets): 미사용 시각 리소스 정리 및 변경 이력 문서화,참조 없는 리소스 제거 및 삭제 목록·목표·검증 근거 기록, D,Content/Resources/UI/TextBoxRightArrow.uasset
chore(assets): 미사용 시각 리소스 정리 및 변경 이력 문서화,참조 없는 리소스 제거 및 삭제 목록·목표·검증 근거 기록, D,Content/Resources/UI/Timer_Ornament.uasset
chore(assets): 미사용 시각 리소스 정리 및 변경 이력 문서화,참조 없는 리소스 제거 및 삭제 목록·목표·검증 근거 기록,??,docs/Art/2026-09-13-change-manifest.csv
chore(assets): 미사용 시각 리소스 정리 및 변경 이력 문서화,참조 없는 리소스 제거 및 삭제 목록·목표·검증 근거 기록,??,docs/Art/2026-09-13-project-changes.md
chore(assets): 미사용 시각 리소스 정리 및 변경 이력 문서화,참조 없는 리소스 제거 및 삭제 목록·목표·검증 근거 기록,??,docs/Art/2026-09-13-removed-resources.csv
chore(assets): 미사용 시각 리소스 정리 및 변경 이력 문서화,참조 없는 리소스 제거 및 삭제 목록·목표·검증 근거 기록,??,docs/superpowers/plans/2026-09-13-resource-cleanup.md
